ID,Description,setSize,enrichmentScore,NES,pvalue,p.adjust,qvalue,rank,leading_edge,core_enrichment,log2err
GO:0006721,terpenoid metabolic process,37,-0.5522615128738546,-2.8746407828458462,1.3966123534510023e-7,1.5376702011495535e-5,1.0994858017933033e-5,364,"tags=43%, list=9%, signal=40%",SDR16C5/APOE/SDR9C7/RDH11/ACAT2/FDPS/MVD/FDFT1/AKR1C3/RETSAT/ALDH3A2/HMGCS2/LIPE/MVK/ADH1B/HMGCS1,0.6901324587967956
GO:0007601,visual perception,27,-0.4931406824571217,-2.1440028116775007,1.4612679725481423e-4,0.002594929093186298,0.0018554613937928652,283,"tags=30%, list=7%, signal=28%",RDH11/TGFBI/EFEMP1/KRT12/TACSTD2/COL1A1/COL2A1/LUM,0.5188480777437918
GO:0050953,sensory perception of light stimulus,27,-0.4931406824571217,-2.1440028116775007,1.4612679725481423e-4,0.002594929093186298,0.0018554613937928652,283,"tags=30%, list=7%, signal=28%",RDH11/TGFBI/EFEMP1/KRT12/TACSTD2/COL1A1/COL2A1/LUM,0.5188480777437918
GO:0006720,isoprenoid metabolic process,39,-0.42840935991304696,-1.9827743938789701,6.973386472585938e-5,0.0016356175539324546,0.0011695214463857066,364,"tags=41%, list=9%, signal=38%",SDR16C5/APOE/SDR9C7/RDH11/ACAT2/FDPS/MVD/FDFT1/AKR1C3/RETSAT/ALDH3A2/HMGCS2/LIPE/MVK/ADH1B/HMGCS1,0.5384340963099162
GO:0001906,cell killing,74,0.6199663135957385,1.8390950585876926,6.826526015078636e-9,2.505335047533859e-6,1.7913986441561527e-6,667,"tags=41%, list=16%, signal=35%",CORO1A/PTPRC/GBP1/DEFA1/DEFA3/DEFA1B/GBP2/HLA-A/HLA-C/LGALS9/ITGAM/HLA-DRB1/CYRIB/SERPINB9/ICAM1/H2BC12/HLA-B/HLA-E/HLA-G/CTSC/GRB2/KRT6A/RPS19/STX7/CLU/RAB27A/HLA-DRA/SERPINB4/RPL30/NCKAP1L,0.7614608014455848
GO:0048705,skeletal system morphogenesis,18,-0.4618747587487998,-1.8238307045077777,0.006673963663630939,0.042874265197707026,0.030656538581523066,496,"tags=33%, list=12%, signal=30%",FBN2/MGP/COL3A1/COL28A1/CTNNB1/COL2A1,0.40701791892395395
GO:1903039,positive regulation of leukocyte cell-cell adhesion,73,0.6039975948512124,1.7903321368700438,2.424447747489367e-7,2.224430808321494e-5,1.590542685286266e-5,814,"tags=45%, list=19%, signal=37%",PTPRC/ITGB2/HLA-A/LGALS9/PTPN6/HLA-DPB1/HLA-DRB1/CSK/CYRIB/HMGB1/AP3B1/HLA-E/HLA-G/CD47/TFRC/SMARCC2/HLA-DRB5/RELA/HSPH1/LYN/SRC/YES1/SART1/CD44/HLA-DRB3/LCK/NCK1/HLA-DRA/SMARCD2/NCKAP1L/YWHAG/SMARCE1/NCK2,0.674962860011025
GO:0042098,T cell proliferation,39,0.6354813329414539,1.7894597172569409,1.324968795867966e-5,3.838922748027975e-4,2.744958608473139e-4,863,"tags=44%, list=20%, signal=35%",PTPRC/HLA-A/LGALS9/HLA-DPB1/HLA-DRB1/MSN/HMGB1/RAC2/CTPS1/HLA-E/HLA-G/TFRC/PRKAR1A/NCK1/NCKAP1L/NCK2/CEBPB,0.5933254763964051
GO:0051216,cartilage development,23,-0.45876734729396396,-1.7847645874555427,7.546924775443815e-4,0.008655379351837125,0.006188886732255971,394,"tags=39%, list=9%, signal=36%",MGP/GPLD1/COL3A1/NFIB/TGFBI/EFEMP1/COL2A1/LUM/OGN,0.47727081536286214
GO:0002695,negative regulation of leukocyte activation,48,0.6299629264913336,1.782428750186153,2.3113507000070603e-6,1.0330763404873857e-4,7.386842560162171e-5,904,"tags=56%, list=21%, signal=45%",PTPRC/LGALS9/PTPN6/HLA-DRB1/CSK/MNDA/PSMA4/HMGB1/GRN/PSMB8/HLA-E/HLA-G/PSMA2/PSMA3/LYN/SRC/FN1/PRKAR1A/PSMB2/PSMA7/FGR/PSMB1/PSMB9/PSMB4/STAT5A/CEBPB/PSMA1,0.6272567397185284
GO:0046651,lymphocyte proliferation,50,0.6233286380676035,1.7679807772370868,2.345768257237479e-6,1.0330763404873857e-4,7.386842560162171e-5,888,"tags=42%, list=21%, signal=34%",PTPRC/HLA-A/LGALS9/HLA-DPB1/HLA-DRB1/MNDA/MSN/HMGB1/RAC2/CTPS1/CD74/HLA-E/HLA-G/TFRC/LYN/PRKAR1A/NCK1/NCKAP1L/NCK2/CEBPB/PCYT1A,0.6272567397185284
GO:0031640,killing of cells of another organism,29,0.6461219760185288,1.7604008524950525,1.3958264579613306e-4,0.002594929093186298,0.0018554613937928652,359,"tags=28%, list=8%, signal=25%",GBP1/DEFA1/DEFA3/DEFA1B/GBP2/H2BC12/KRT6A/RPS19,0.5188480777437918
GO:0141061,disruption of cell in another organism,29,0.6461219760185288,1.7604008524950525,1.3958264579613306e-4,0.002594929093186298,0.0018554613937928652,359,"tags=28%, list=8%, signal=25%",GBP1/DEFA1/DEFA3/DEFA1B/GBP2/H2BC12/KRT6A/RPS19,0.5188480777437918
GO:0034308,primary alcohol metabolic process,36,-0.37750765661181807,-1.756272192436986,0.0012150433288602817,0.012273052340139177,0.008775644336842208,364,"tags=31%, list=9%, signal=28%",SDR16C5/SDR9C7/ACP3/RDH11/AKR1C2/AKR1C3/RETSAT/ALDH3A2/LIPE/ACSS2/ADH1B,0.45505986738722953
GO:0032944,regulation of mononuclear cell proliferation,44,0.6204698414249734,1.751069875036044,9.120760666440349e-6,2.7894326371530066e-4,1.9945379557435356e-4,863,"tags=41%, list=20%, signal=33%",PTPRC/HLA-A/LGALS9/HLA-DPB1/HLA-DRB1/MNDA/HMGB1/RAC2/CD74/HLA-E/HLA-G/TFRC/LYN/PRKAR1A/NCK1/NCKAP1L/NCK2/CEBPB,0.5933254763964051
GO:0050670,regulation of lymphocyte proliferation,44,0.6204698414249734,1.751069875036044,9.120760666440349e-6,2.7894326371530066e-4,1.9945379557435356e-4,863,"tags=41%, list=20%, signal=33%",PTPRC/HLA-A/LGALS9/HLA-DPB1/HLA-DRB1/MNDA/HMGB1/RAC2/CD74/HLA-E/HLA-G/TFRC/LYN/PRKAR1A/NCK1/NCKAP1L/NCK2/CEBPB,0.5933254763964051
GO:0032943,mononuclear cell proliferation,51,0.6085643145327239,1.748292134466296,6.376559539178757e-6,2.340197350878604e-4,1.673319648622803e-4,888,"tags=41%, list=21%, signal=33%",PTPRC/HLA-A/LGALS9/HLA-DPB1/HLA-DRB1/MNDA/MSN/HMGB1/RAC2/CTPS1/CD74/HLA-E/HLA-G/TFRC/LYN/PRKAR1A/NCK1/NCKAP1L/NCK2/CEBPB/PCYT1A,0.610526878385931
GO:0002832,negative regulation of response to biotic stimulus,52,0.6059351755140127,1.7471419710267584,3.926966042241143e-6,1.5911797121830499e-4,1.137746898092268e-4,359,"tags=35%, list=8%, signal=32%",HLA-A/LGALS9/PTPN6/IFI16/SERPINB9/GRN/YTHDF3/YTHDF2/TRIM21/OAS3/HLA-B/HLA-E/HLA-G/PCBP2/GRB2/SAMHD1/PARP1/RPS19,0.610526878385931
GO:0042129,regulation of T cell proliferation,35,0.6277745727960659,1.7463152570336424,9.069649802371905e-5,0.0019971368864822934,0.0014280199026315138,863,"tags=43%, list=20%, signal=34%",PTPRC/HLA-A/LGALS9/HLA-DPB1/HLA-DRB1/HMGB1/RAC2/HLA-E/HLA-G/TFRC/PRKAR1A/NCK1/NCKAP1L/NCK2/CEBPB,0.5384340963099162
GO:0050866,negative regulation of cell activation,59,0.5954491834857634,1.7429984614924938,4.046596906550899e-6,1.5911797121830499e-4,1.137746898092268e-4,904,"tags=49%, list=21%, signal=39%",PTPRC/LGALS9/PTPN6/HLA-DRB1/CSK/MNDA/PSMA4/HMGB1/GRN/PSMB8/HLA-E/HLA-G/PRKCD/PSMA2/PSMA3/LYN/SRC/FN1/PRKAR1A/PSMB2/PSMA7/FGR/PSMB1/PSMB9/PSMB4/STAT5A/CEBPB/TMX1/PSMA1,0.610526878385931
GO:0007159,leukocyte cell-cell adhesion,124,0.5759524050538434,1.7428384625751367,6.906712664784655e-10,3.8021453219639525e-7,2.718661514497027e-7,827,"tags=45%, list=20%, signal=37%",PTPRC/ITGB2/HLA-A/LGALS9/ITGAM/PTPN6/FERMT3/HLA-DPB1/HLA-DRB1/CSK/PSMA4/CYRIB/MSN/S100A8/HMGB1/PSMB8/ICAM1/RAC2/AP3B1/HLA-E/HLA-G/CD47/TFRC/SMARCC2/PECAM1/HLA-DRB5/RELA/PSMA2/PSMA3/HSPH1/LYN/SRC/YES1/SART1/ITGAX/CD44/PRKAR1A/PSMB2/WNK1/ROCK1/HLA-DRB3/PSMA7/LCK/NCK1/HLA-DRA/STK10/PSMB1/SMARCD2/PSMB9/NCKAP1L/F11R/YWHAG/SMARCE1/NCK2/PSMB4/STAT5A,0.8012155746177786
GO:0002703,regulation of leukocyte mediated immunity,67,0.5928495345252491,1.7423512732183526,9.056107610649699e-7,5.671485603717764e-5,4.055302555581174e-5,1135,"tags=57%, list=27%, signal=42%",PTPRC/ITGB2/HLA-A/HLA-C/LGALS9/ITGAM/HLA-DRB1/VAMP8/CYRIB/SERPINB9/HMGB1/ICAM1/RAC2/HLA-B/HLA-E/HLA-G/TFRC/GRB2/STX7/LYN/BST2/HLA-DRB3/C4BPA/RIGI/FGR/HLA-DRA/SERPINB4/DDX21/NCKAP1L/YWHAG/PLCG2/AP1G1/VAMP7/LAMP1/TP53BP1/STXBP2/MAPK3/PRKAA1,0.6594443980379349
GO:0019882,antigen processing and presentation,57,0.5975865364196857,1.7408016396833763,7.327901431297817e-6,2.602586927696418e-4,1.8609370024832498e-4,309,"tags=37%, list=7%, signal=35%",CTSS/TAP2/HLA-A/HLA-C/CALR/HLA-DPB1/HLA-DRB1/TAP1/YTHDF1/AP3B1/CD74/HLA-B/HLA-E/HLA-G/PDIA3/RAB10/RAB35/RAB8B/RAB4A/RAB6A/HLA-DRB5,0.610526878385931
GO:0022409,positive regulation of cell-cell adhesion,92,0.5772844789455907,1.7355014897797354,3.8356529545292286e-8,7.0384231715611345e-6,5.032708794355961e-6,814,"tags=40%, list=19%, signal=33%",PTPRC/ITGB2/HLA-A/LGALS9/PTPN6/HLA-DPB1/HLA-DRB1/CSK/CYRIB/HMGB1/FGG/AP3B1/HLA-E/HLA-G/CD47/TFRC/SMARCC2/HLA-DRB5/RELA/HSPH1/LYN/SRC/YES1/SART1/CD44/FGB/HLA-DRB3/LCK/NCK1/HLA-DRA/FGA/SMARCD2/NCKAP1L/F11R/YWHAG/SMARCE1/NCK2,0.7195128263389107
GO:0050870,positive regulation of T cell activation,69,0.5908568002466619,1.7327659569841722,9.272183548312421e-7,5.671485603717764e-5,4.055302555581174e-5,814,"tags=43%, list=19%, signal=36%",PTPRC/HLA-A/LGALS9/PTPN6/HLA-DPB1/HLA-DRB1/CSK/CYRIB/HMGB1/AP3B1/HLA-E/HLA-G/CD47/TFRC/SMARCC2/HLA-DRB5/HSPH1/LYN/SRC/YES1/SART1/HLA-DRB3/LCK/NCK1/HLA-DRA/SMARCD2/NCKAP1L/YWHAG/SMARCE1/NCK2,0.6594443980379349
GO:0060538,skeletal muscle organ development,29,-0.35942176105750945,-1.727818293637993,0.010768481881769555,0.06111391006097052,0.04369849682583185,372,"tags=41%, list=9%, signal=38%",ACTA1/MYLK2/CAV1/IGSF8/CAV2/CTNNB1/ASS1/GPC1/DES/PLEC/COL6A1/MYH14,0.3807304007227924
GO:0034341,response to type II interferon,48,0.6091764836140974,1.7236152044353814,1.2529356252872308e-5,3.728330063354706e-4,2.6658811271708675e-4,1029,"tags=62%, list=24%, signal=48%",GBP1/GBP2/STAT1/LGALS9/PSMA4/PSMB8/TRIM21/CD74/RPL13A/CD47/IFITM3/CASP1/PSMA2/PSMA3/HCK/SYNCRIP/CDC37/BST2/PSMB2/PSMA7/PSMB1/EPRS1/PSMB9/SEC61A1/PSMB4/RAF1/PSMA1/SP100/CALM1/PSMB10,0.5933254763964051
GO:0002181,cytoplasmic translation,169,0.5589747343403757,1.7173574031941463,1e-10,1.101e-7,7.872519522518149e-8,1348,"tags=64%, list=32%, signal=46%",RPL31/RPL7A/RPL26L1/RPL26/RPS3A/RPL21/RPL34/RPL23A/PKM/YTHDF2/RPS26/RPS21/RPL6/RPL13A/RPL32/RPL17/RPL18A/RPL3/RPL10/NPM1/RPL22/RPL27A/RPS11/RPS23/RPL27/RPL19/RPS15/DDRGK1/RPS17/RPS19/RPL5/EIF3H/RPL24/RPL37A/RPL7/EIF3A/EIF2AK2/FMR1/RPS20/EIF2S2/HNRNPU/NCBP2/RPS24/PABPC1/SYNCRIP/EIF4G1/EIF2S3/EEF1D/RPL4/RPL28/RPS12/ABCE1/EIF3CL/EIF3C/EIF2B4/MCTS1/NCK1/SH3BGRL/RPL29/RPL30/EPRS1/RPS9/RPS13/EIF3J/RPS18/RPL14/CSDE1/PAIP1/YBX1/RPS16/EIF3G/EIF5/AARS1/FAU/RPL35A/RPS2/RPL18/RPL12/RPS25/ETF1/RPS8/RPS14/CDK5RAP3/NCBP1/YBX3/RPL11/EIF2B5/RPL36AL/RPL36A/DRG1/RPL15/RPL3L/RPL35/RPL8/RPL10A/RPS10/EEF2/RPS27/UFL1/ZC3H15/RPL23/RPS29/CNBP/DHX29/SKIC8/RPL13/RPS7/SKIC3/EIF3I,NA
GO:0050863,regulation of T cell activation,100,0.5683695666206106,1.7075138879953218,5.147433608016921e-8,8.096177717752329e-6,5.789038795711321e-6,904,"tags=45%, list=21%, signal=36%",PTPRC/HLA-A/LGALS9/PTPN6/HLA-DPB1/HLA-DRB1/CSK/PSMA4/CYRIB/HMGB1/PSMB8/RAC2/AP3B1/HLA-E/HLA-G/CD47/TFRC/SMARCC2/HLA-DRB5/CLPTM1/PSMA2/PSMA3/HSPH1/LYN/SRC/YES1/SART1/PRKAR1A/PSMB2/HLA-DRB3/PSMA7/LCK/NCK1/HLA-DRA/PSMB1/SMARCD2/PSMB9/NCKAP1L/YWHAG/SMARCE1/NCK2/PSMB4/STAT5A/CEBPB/PSMA1,0.7195128263389107
GO:0050868,negative regulation of T cell activation,36,0.6121674826219292,1.7036905332171541,1.3766664191929706e-4,0.002594929093186298,0.0018554613937928652,1101,"tags=58%, list=26%, signal=44%",LGALS9/HLA-DRB1/CSK/PSMA4/HMGB1/PSMB8/HLA-E/HLA-G/PSMA2/PSMA3/PRKAR1A/PSMB2/PSMA7/PSMB1/PSMB9/PSMB4/STAT5A/CEBPB/PSMA1/PSMB10/PSMA6,0.5188480777437918
GO:1903037,regulation of leukocyte cell-cell adhesion,104,0.5626285570623273,1.7027834021915993,1.0958618962771147e-7,1.3406043864456702e-5,9.585771302694826e-6,904,"tags=45%, list=21%, signal=36%",PTPRC/ITGB2/HLA-A/LGALS9/PTPN6/HLA-DPB1/HLA-DRB1/CSK/PSMA4/CYRIB/HMGB1/PSMB8/AP3B1/HLA-E/HLA-G/CD47/TFRC/SMARCC2/HLA-DRB5/RELA/PSMA2/PSMA3/HSPH1/LYN/SRC/YES1/SART1/CD44/PRKAR1A/PSMB2/WNK1/HLA-DRB3/PSMA7/LCK/NCK1/HLA-DRA/PSMB1/SMARCD2/PSMB9/NCKAP1L/YWHAG/SMARCE1/NCK2/PSMB4/STAT5A/CEBPB/PSMA1,0.7049757151672383
GO:0002768,immune response-regulating cell surface receptor signaling pathway,94,0.5647183076461553,1.6991093655173235,6.234620538740156e-7,4.576211475435275e-5,3.272144793781633e-5,715,"tags=39%, list=17%, signal=33%",PTPRC/GBP1/HLA-A/ITGAM/PTPN6/HLA-DPB1/HLA-DRB1/CSK/MNDA/HMGB1/UBE2N/BAX/AP3B1/HLA-G/CD47/GRB2/WDFY1/PRKCD/MYO1G/RELA/PAK2/HCK/LYN/SRC/YES1/PAK1/KHDRBS1/RAP1A/CLEC2B/WNK1/HLA-DRB3/FGR/LCK/EIF2B4/NCK1/NCKAP1L/MYD88,0.6594443980379349
GO:0002429,immune response-activating cell surface receptor signaling pathway,90,0.5667659910057903,1.6858520375238328,2.1619422341388322e-7,2.1639076361698676e-5,1.5472665858922236e-5,715,"tags=40%, list=17%, signal=34%",PTPRC/GBP1/HLA-A/ITGAM/PTPN6/HLA-DPB1/HLA-DRB1/CSK/MNDA/HMGB1/UBE2N/BAX/AP3B1/CD47/GRB2/WDFY1/PRKCD/MYO1G/RELA/PAK2/HCK/LYN/SRC/YES1/PAK1/KHDRBS1/RAP1A/CLEC2B/WNK1/HLA-DRB3/FGR/LCK/EIF2B4/NCK1/NCKAP1L/MYD88,0.6901324587967956
GO:0002366,leukocyte activation involved in immune response,84,0.5640349192612109,1.6847481590439393,1.180699893441074e-6,6.508237214243839e-5,4.6536080405371254e-5,1131,"tags=52%, list=27%, signal=39%",CORO1A/ITGB2/LGALS9/ITGAM/PTPN6/HLA-DRB1/VAMP8/PSMA4/HMGB1/GRN/PSMB8/ICAM1/RAC2/CD74/TFRC/DDRGK1/PSMA2/PSMA3/LYN/PSMB2/PSMA7/FGR/HLA-DRA/PSMB1/PSMB9/NCKAP1L/DYSF/DOCK2/LCP1/PLCG2/AP1G1/PSMB4/STAT5A/ANXA3/VAMP7/PCYT1A/PSMA1/LAMP1/TP53BP1/PSMB10/STXBP2/PSMA6/VAMP2/GNAI1,0.6435518361507222
GO:0001909,leukocyte mediated cytotoxicity,44,0.5967793311777589,1.6842112849023831,6.982200275642631e-5,0.0016356175539324546,0.0011695214463857066,363,"tags=36%, list=9%, signal=34%",CORO1A/PTPRC/HLA-A/HLA-C/LGALS9/ITGAM/HLA-DRB1/CYRIB/SERPINB9/ICAM1/HLA-B/HLA-E/HLA-G/CTSC/GRB2/STX7,0.5384340963099162
GO:0070661,leukocyte proliferation,60,0.5777593797822789,1.6817947136061755,1.3663330196741536e-5,3.8572632170801106e-4,2.758072659396397e-4,888,"tags=38%, list=21%, signal=31%",PTPRC/HLA-A/LGALS9/HLA-DPB1/HLA-DRB1/MNDA/MSN/HMGB1/RAC2/CTPS1/CD74/HLA-E/HLA-G/TFRC/LYN/CLU/BST2/PRKAR1A/NCK1/NCKAP1L/NCK2/CEBPB/PCYT1A,0.5933254763964051
GO:0051250,negative regulation of lymphocyte activation,43,0.5919215770388628,1.680317939041921,2.451011556981705e-4,0.003913758746905762,0.0027984688593498436,904,"tags=51%, list=21%, signal=41%",LGALS9/HLA-DRB1/CSK/MNDA/PSMA4/HMGB1/PSMB8/HLA-E/HLA-G/PSMA2/PSMA3/LYN/PRKAR1A/PSMB2/PSMA7/FGR/PSMB1/PSMB9/PSMB4/STAT5A/CEBPB/PSMA1,0.49849310876659025
GO:0006413,translational initiation,86,0.5590449792237235,1.6778672990214318,1.357741622537021e-6,6.794879665514819e-5,4.858567013617348e-5,831,"tags=49%, list=20%, signal=40%",DNAJC3/RPS3A/YTHDF3/YTHDF2/YTHDF1/RPL13A/EIF4B/PML/EIF6/RPS17/EIF3H/ABCF1/EIF2A/EIF3A/EIF2AK2/FMR1/EIF2S2/NCBP2/KHDRBS1/SYNCRIP/EIF4G1/EIF4G3/EIF2S3/EIF4G2/ABCE1/EIF3CL/EIF3C/EIF2B4/MCTS1/LARP1/NCK1/SH3BGRL/EPRS1/EIF3J/CSDE1/EIF1AX/EIF1AY/PAIP1/EIF3G/EIF5/NCK2/BZW1,0.6435518361507222
GO:0002286,T cell activation involved in immune response,36,0.6015172993932114,1.674050578696733,2.3318929548329464e-4,0.0038900214291985973,0.0027814958805068035,1101,"tags=58%, list=26%, signal=44%",LGALS9/HLA-DRB1/PSMA4/HMGB1/PSMB8/ICAM1/CD74/PSMA2/PSMA3/PSMB2/PSMA7/HLA-DRA/PSMB1/PSMB9/NCKAP1L/LCP1/PSMB4/STAT5A/PSMA1/PSMB10/PSMA6,0.5188480777437918
GO:0014902,myotube differentiation,64,0.5719302877529573,1.673230148712323,7.611422476607916e-6,2.618805045857911e-4,1.872533501288414e-4,1217,"tags=61%, list=29%, signal=44%",RPL31/RPL7A/RPL21/RPL34/RPL23A/MMP14/RPL6/RPL13A/RPL32/RPL17/RPL18A/RPL10/RPL27A/RPL27/RPL19/NACA/RPL5/RPL24/RPL37A/RPL7/EHD1/RPL4/RPL28/RPL29/RPL30/RPL14/DOCK2/RPL35A/RPL18/RPL12/RPL11/RPL36A/RPL15/RPL3L/FBXO22/RPL35/RPL8/RPL10A/RPL23,0.610526878385931
GO:1903038,negative regulation of leukocyte cell-cell adhesion,41,0.5984465083878446,1.6697792979995707,1.4083674337455482e-4,0.002594929093186298,0.0018554613937928652,1101,"tags=56%, list=26%, signal=42%",LGALS9/HLA-DRB1/CSK/PSMA4/HMGB1/PSMB8/HLA-E/HLA-G/PSMA2/PSMA3/PRKAR1A/PSMB2/WNK1/PSMA7/PSMB1/PSMB9/PSMB4/STAT5A/CEBPB/PSMA1/MIA3/PSMB10/PSMA6,0.5188480777437918
GO:0070663,regulation of leukocyte proliferation,51,0.5808053011825614,1.6685456499260423,3.987146996546833e-5,0.001020895079813503,7.29974245801501e-4,863,"tags=37%, list=20%, signal=30%",PTPRC/HLA-A/LGALS9/HLA-DPB1/HLA-DRB1/MNDA/HMGB1/RAC2/CD74/HLA-E/HLA-G/TFRC/LYN/BST2/PRKAR1A/NCK1/NCKAP1L/NCK2/CEBPB,0.557332238758646
GO:0006909,phagocytosis,99,0.5538263025024552,1.6660480065180643,4.640652333213362e-7,3.9302755529753165e-5,2.8102789300339683e-5,883,"tags=46%, list=21%, signal=38%",CORO1A/PTPRC/ITGB2/ITGAM/CALR/CSK/HMGB1/ELMO1/RAC1/CD47/RAB14/RAB39A/PECAM1/TGM2/PRKCD/MYO1G/HCK/LYN/SRC/YES1/MYO18A/PAK1/MYH9/PRKACA/TM9SF4/RAP1A/ITGAX/CDC42/RAB27A/C4BPA/FGR/VIPAS39/ARAP1/NCKAP1L/DYSF/MYD88/SNX3/DOCK2/PLCG2/ANXA11/NCF4/ELMO2/SH3BP1/ANXA3/LMAN2/VAMP7,0.674962860011025
GO:0050777,negative regulation of immune response,76,0.5651325922617205,1.6630917977385802,2.82603141640391e-6,1.1967156113310404e-4,8.556918268034384e-5,667,"tags=38%, list=16%, signal=33%",PTPRC/HLA-A/LGALS9/PTPN6/IFI16/HLA-DRB1/SERPINB9/GRN/YTHDF3/YTHDF2/TRIM21/OAS3/HLA-B/HLA-E/HLA-G/GRB2/SAMHD1/PARP1/RPS19/HCK/LYN/SRC/YES1/CLU/PRKAR1A/C4BPA/FGR/SERPINB4/NCKAP1L,0.6272567397185284
GO:0019079,viral genome replication,46,0.5821066362552317,1.6623264383569683,1.4452947001498425e-4,0.002594929093186298,0.0018554613937928652,684,"tags=46%, list=16%, signal=39%",IFI16/ADAR/PPIE/OAS3/VAPB/VAPA/IFITM3/PCBP2/PCBP3/ILF3/DEK/EIF2AK2/FMR1/RAD23A/TOP2B/PABPC1/ZC3HAV1/BST2/LARP1/STAU1/IFIT1,0.5188480777437918
GO:0019217,regulation of fatty acid metabolic process,24,0.6282163808932276,1.6598145507200224,9.323976939978471e-4,0.010009904333845986,0.007157417555562357,391,"tags=33%, list=9%, signal=30%",NME1/PLAA/CD74/FABP5/EIF6/NME2/UBR4/CPT1A,0.47727081536286214
GO:0061448,connective tissue development,41,-0.31607284047296935,-1.647430134585937,0.005568005187161019,0.03738032750648953,0.026728188742321614,394,"tags=29%, list=9%, signal=27%",MGP/ACTA2/GPLD1/COL3A1/NFIB/TGFBI/ACAT1/EFEMP1/HMGCS2/COL2A1/LUM/OGN,0.40701791892395395
GO:0032946,positive regulation of mononuclear cell proliferation,26,0.6177115686389778,1.6466644273058078,0.0010653358735917147,0.010962007446957737,0.007838203236345515,234,"tags=31%, list=6%, signal=29%",PTPRC/HLA-A/LGALS9/HLA-DPB1/HMGB1/CD74/HLA-E/TFRC,0.45505986738722953
GO:0050671,positive regulation of lymphocyte proliferation,26,0.6177115686389778,1.6466644273058078,0.0010653358735917147,0.010962007446957737,0.007838203236345515,234,"tags=31%, list=6%, signal=29%",PTPRC/HLA-A/LGALS9/HLA-DPB1/HMGB1/CD74/HLA-E/TFRC,0.45505986738722953
GO:0002709,regulation of T cell mediated immunity,30,0.6102635988273456,1.6465700551114295,8.488005383182976e-4,0.009252766264242037,0.006616038424390804,759,"tags=47%, list=18%, signal=39%",PTPRC/HLA-A/HLA-C/HLA-DRB1/CYRIB/HMGB1/HLA-B/HLA-E/HLA-G/STX7/HLA-DRB3/HLA-DRA/NCKAP1L/YWHAG,0.47727081536286214
GO:0002263,cell activation involved in immune response,88,0.5473121633639335,1.642109661248814,8.83640940093806e-6,2.7894326371530066e-4,1.9945379557435356e-4,1131,"tags=50%, list=27%, signal=37%",CORO1A/ITGB2/LGALS9/ITGAM/PTPN6/HLA-DRB1/VAMP8/PSMA4/HMGB1/GRN/PSMB8/ICAM1/RAC2/CD74/TFRC/DDRGK1/PSMA2/PSMA3/LYN/PSMB2/PSMA7/FGR/HLA-DRA/PSMB1/PSMB9/NCKAP1L/DYSF/DOCK2/LCP1/PLCG2/AP1G1/PSMB4/STAT5A/ANXA3/VAMP7/PCYT1A/PSMA1/LAMP1/TP53BP1/PSMB10/STXBP2/PSMA6/VAMP2/GNAI1,0.5933254763964051
GO:0046631,alpha-beta T cell activation,48,0.5792480029017597,1.6389350078273415,9.298709820515744e-5,0.0020074273553701634,0.0014353779332596356,904,"tags=52%, list=21%, signal=41%",HLA-A/LGALS9/HLA-DRB1/PSMA4/HMGB1/PSMB8/AP3B1/HLA-E/PSMA2/PSMA3/HSPH1/CLEC2B/CD44/PSMB2/HLA-DRB3/PSMA7/LCK/HLA-DRA/PSMB1/PSMB9/NCKAP1L/PSMB4/STAT5A/CEBPB/PSMA1,0.5384340963099162
GO:1903305,regulation of regulated secretory pathway,40,0.5850701680122784,1.6371893122996883,3.522881322800292e-4,0.005241476130274488,0.003747831349899981,1164,"tags=57%, list=27%, signal=42%",ITGB2/LGALS9/ITGAM/VAMP8/RAC2/RAB3D/RAP1B/LYN/FMR1/RAP1A/RAB27A/MICAL1/CDK5/FGR/RAB3GAP1/NCKAP1L/AP1G1/VAMP7/LAMP1/CALM3/STXBP2/GNAI2/PRKCB,0.49849310876659025
GO:0051251,positive regulation of lymphocyte activation,81,0.5534432734462018,1.6367935447425572,8.634631152983793e-6,2.7894326371530066e-4,1.9945379557435356e-4,864,"tags=42%, list=20%, signal=34%",PTPRC/HLA-A/LGALS9/PTPN6/HLA-DPB1/HLA-DRB1/CSK/CYRIB/HMGB1/AP3B1/MMP14/CD74/HLA-E/HLA-G/CD47/TFRC/SMARCC2/HLA-DRB5/DDRGK1/HSPH1/LYN/SRC/YES1/SART1/HLA-DRB3/LCK/NCK1/HLA-DRA/SMARCD2/NCKAP1L/YWHAG/SMARCE1/NCK2/PRKDC,0.5933254763964051
GO:0002698,negative regulation of immune effector process,42,0.5717352155614869,1.6343523785864766,8.218170664066054e-4,0.009139601920340128,0.006535122120428883,667,"tags=38%, list=16%, signal=32%",PTPRC/HLA-A/LGALS9/PTPN6/SERPINB9/GRN/HLA-B/HLA-E/HLA-G/GRB2/RPS19/CLU/BST2/C4BPA/SERPINB4/NCKAP1L,0.47727081536286214
GO:0002456,T cell mediated immunity,38,0.5844749233009741,1.6218089430127445,6.950107985753514e-4,0.008239469788495182,0.0058914974355246865,759,"tags=45%, list=18%, signal=37%",PTPRC/HLA-A/HLA-C/HLA-DRB1/CYRIB/HMGB1/HLA-B/HLA-E/HLA-G/CTSC/MYO1G/STX7/HLA-DRB3/C4BPA/HLA-DRA/NCKAP1L/YWHAG,0.47727081536286214
GO:0048562,embryonic organ morphogenesis,20,-0.41509915694948507,-1.6198254501008982,0.013291902168649545,0.07104070042564636,0.05079648510392954,220,"tags=20%, list=5%, signal=19%",CTNNB1/EFEMP1/DNAAF1/COL2A1,0.3807304007227924
GO:0045055,regulated exocytosis,70,0.5429049537385765,1.6193036773032654,1.0876685091566438e-4,0.0022594774124178583,0.0016156021834648846,1164,"tags=49%, list=27%, signal=36%",CORO1A/ITGB2/LGALS9/ITGAM/VAMP8/RAC2/RAB10/RAB3D/RAP1B/HCK/LYN/FMR1/MYH9/RAP1A/RAB27A/MICAL1/CDK5/FGR/RAB3GAP1/NCKAP1L/AP1G1/ANXA3/TMED10/SYNGR2/VAMP7/NAPA/LAMP1/CALM3/PLEK/STXBP2/VAMP2/GNAI1/GNAI2/PRKCB,0.5384340963099162
GO:0002274,myeloid leukocyte activation,59,0.5526725004316251,1.6177825827593295,1.2324273228739072e-4,0.002467095422698494,0.0017640560289835657,1223,"tags=51%, list=29%, signal=37%",PTPRC/ITGB2/LGALS9/ITGAM/PTPN6/VAMP8/HMGB1/GRN/RAC2/CD74/PRKCD/LYN/SRC/MYO18A/FN1/CLU/FGR/DYSF/DOCK2/PLCG2/C1QA/ANXA3/ADAM10/VAMP7/STXBP2/VAMP2/GNAI1/STK39/KARS1/THBS1,0.5188480777437918
GO:0141060,disruption of anatomical structure in another organism,33,0.5895047547095611,1.6144380370326954,8.488005383182976e-4,0.009252766264242037,0.006616038424390804,359,"tags=24%, list=8%, signal=22%",GBP1/DEFA1/DEFA3/DEFA1B/GBP2/H2BC12/KRT6A/RPS19,0.47727081536286214
GO:0006641,triglyceride metabolic process,29,-0.3347275542847019,-1.6091078903407672,0.02423871394213004,0.10937222971428351,0.0782048150451441,460,"tags=45%, list=11%, signal=40%",FABP7/FITM2/GPLD1/APOE/CAV1/AGPAT2/PLIN1/ABHD5/MGLL/APOB/LIPE/ACSL1/APOA4,0.35248785758361917
GO:0042116,macrophage activation,23,0.6167818061452195,1.6063694565699562,0.0038135049113488776,0.028562373519694654,0.020423055689668627,1223,"tags=61%, list=29%, signal=44%",PTPRC/ITGB2/ITGAM/HMGB1/GRN/CD74/MYO18A/CLU/DYSF/PLCG2/C1QA/STK39/KARS1/THBS1,0.4317076958033464
GO:1903900,regulation of viral life cycle,47,0.5679256873188203,1.605967007840294,4.4785350642877073e-4,0.006109606956735333,0.0043685740274124986,747,"tags=47%, list=18%, signal=39%",LGALS9/IFI16/ADAR/HMGB1/TRIM21/PPIE/OAS3/VAPB/IFITM3/BSG/ILF3/EIF2AK2/FMR1/RAD23A/TOP2B/PABPC1/ZC3HAV1/BST2/LARP1/STAU1/IFIT1/TRIM25,0.49849310876659025
GO:0002285,lymphocyte activation involved in immune response,54,0.5589785975105352,1.6038941129285524,3.661372907096724e-4,0.005374895427617991,0.0038432306253783984,1101,"tags=54%, list=26%, signal=40%",CORO1A/LGALS9/HLA-DRB1/PSMA4/HMGB1/PSMB8/ICAM1/CD74/TFRC/DDRGK1/PSMA2/PSMA3/PSMB2/PSMA7/HLA-DRA/PSMB1/PSMB9/NCKAP1L/LCP1/AP1G1/PSMB4/STAT5A/VAMP7/PCYT1A/PSMA1/LAMP1/TP53BP1/PSMB10/PSMA6,0.49849310876659025
GO:0007605,sensory perception of sound,19,-0.39347961550570854,-1.6029320519615797,0.020851519278007265,0.09686718449403375,0.06926328801277457,16,"tags=16%, list=0%, signal=16%",COL1A1/COL2A1/MYH14,0.35248785758361917
GO:0046634,regulation of alpha-beta T cell activation,23,0.6150484614182452,1.60185506914903,0.003994023794760629,0.029648563842338823,0.02119971822556204,827,"tags=48%, list=20%, signal=39%",HLA-A/LGALS9/HLA-DRB1/HMGB1/AP3B1/HLA-E/HSPH1/HLA-DRB3/HLA-DRA/NCKAP1L/STAT5A,0.40701791892395395
GO:0001578,microtubule bundle formation,12,-0.4724921233039702,-1.5985088458535506,0.034499702106866675,0.134695645459788,0.09631190721892495,512,"tags=58%, list=12%, signal=51%",ODAD4/DNAH1/MAP1B/MTCL1/NUMA1/TPPP3/DNAAF1,0.3217759180753611
GO:0070828,heterochromatin organization,54,0.5569303003436248,1.5980168722217218,4.2857814971514343e-4,0.0060495454209791395,0.004325628013534836,618,"tags=41%, list=15%, signal=35%",SMARCA5/LBR/H2AC8/H2AX/H2AZ1/H2AC21/H2AC19/H2AC4/H2AC18/HMGB1/H1-2/RBBP4/HP1BP3/CBX3/HNRNPU/RBM15/HDAC1/HDAC2/CBX1/CDK2/CDK1/MACROH2A1,0.49849310876659025
GO:0050806,positive regulation of synaptic transmission,25,0.6051790042903588,1.5975634256444842,0.002820653353501847,0.022503908276851694,0.016091049704130125,1128,"tags=60%, list=27%, signal=44%",YTHDF1/FMR1/FXR1/RAB3GAP1/STAU1/CAMK2D/CREB1/KIF5B/CALM1/CALM2/CALM3/SQSTM1/NPTN/LGMN/VAMP2,0.4317076958033464
GO:0051249,regulation of lymphocyte activation,124,0.527695488244926,1.5968124889671138,1.2413531471309774e-6,6.508237214243839e-5,4.6536080405371254e-5,864,"tags=40%, list=20%, signal=33%",PTPRC/HLA-A/LGALS9/PTPN6/HLA-DPB1/HLA-DRB1/CSK/MNDA/PSMA4/CYRIB/HMGB1/PSMB8/RAC2/AP3B1/MMP14/CD74/HLA-E/HLA-G/CD47/TFRC/SMARCC2/HLA-DRB5/DDRGK1/CLPTM1/PSMA2/PSMA3/HSPH1/LYN/SRC/YES1/SART1/PRKAR1A/PSMB2/HLA-DRB3/PSMA7/FGR/LCK/NCK1/HLA-DRA/PSMB1/SMARCD2/PSMB9/NCKAP1L/YWHAG/SMARCE1/NCK2/PSMB4/STAT5A/CEBPB/PRKDC,0.6435518361507222
GO:0050851,antigen receptor-mediated signaling pathway,52,0.5533679075528304,1.5955705094767962,2.4171227672931312e-4,0.003913758746905762,0.0027984688593498436,667,"tags=38%, list=16%, signal=33%",PTPRC/GBP1/HLA-A/PTPN6/HLA-DPB1/HLA-DRB1/CSK/MNDA/UBE2N/BAX/GRB2/LYN/KHDRBS1/CLEC2B/WNK1/HLA-DRB3/LCK/EIF2B4/NCK1/NCKAP1L,0.5188480777437918
GO:0002706,regulation of lymphocyte mediated immunity,47,0.564176501733485,1.5953651483175377,5.562498474151144e-4,0.007039437724184379,0.0050334342335324475,815,"tags=45%, list=19%, signal=36%",PTPRC/HLA-A/HLA-C/LGALS9/HLA-DRB1/CYRIB/SERPINB9/HMGB1/HLA-B/HLA-E/HLA-G/TFRC/GRB2/STX7/HLA-DRB3/C4BPA/HLA-DRA/SERPINB4/NCKAP1L/YWHAG/AP1G1,0.47727081536286214
GO:0035710,"CD4-positive, alpha-beta T cell activation",36,0.5731354633230907,1.59506261086008,0.0014034098176276258,0.013436123558330572,0.009607279293362712,1101,"tags=58%, list=26%, signal=44%",LGALS9/HLA-DRB1/PSMA4/HMGB1/PSMB8/AP3B1/PSMA2/PSMA3/PSMB2/HLA-DRB3/PSMA7/HLA-DRA/PSMB1/PSMB9/NCKAP1L/PSMB4/STAT5A/CEBPB/PSMA1/PSMB10/PSMA6,0.45505986738722953
GO:0002699,positive regulation of immune effector process,77,0.5361669424248328,1.5943905161786671,5.895065692677201e-5,0.0014423260728083551,0.0010313115500472942,1022,"tags=42%, list=24%, signal=32%",PTPRC/ITGB2/HLA-A/HLA-C/LGALS9/ITGAM/HLA-DRB1/VAMP8/CYRIB/CD74/HLA-B/HLA-E/HLA-G/GALNT2/TFRC/DDRGK1/RPS19/STX7/MYO18A/DDX60/HLA-DRB3/RIGI/FGR/HLA-DRA/DDX21/YWHAG/PLCG2/AP1G1/VAMP7/GPI/LAMP1/TP53BP1,0.557332238758646
GO:0048167,regulation of synaptic plasticity,36,0.572472753952125,1.593218259904435,0.0014258638994929995,0.013533415115015452,0.009676846021734908,1197,"tags=61%, list=28%, signal=44%",YTHDF1/CFL1/RAB8A/FMR1/FXR1/FXR2/CDK5/RAB3GAP1/STAU1/CAMK2D/YWHAG/YWHAH/CREB1/CALM1/CALM2/CALM3/SQSTM1/NPTN/LGMN/VAMP2/UBE3A/ACE,0.45505986738722953
GO:0034728,nucleosome organization,45,0.5604753451313926,1.59174643025499,7.959112038833853e-4,0.00896879591081887,0.006412990090953905,1805,"tags=93%, list=43%, signal=54%",SMARCA5/SET/H2AX/H1-2/H1-3/H1-4/H1-5/H1-1/NPM1/HP1BP3/SMARCC2/DNAJC9/SUPT16H/NAP1L1/NAP1L4/H1-10/MACROH2A1/SMARCD2/SSRP1/SMARCE1/HMGB2/MACROH2A2/MPO/SMARCC1/H3-3A/H3-3B/SART3/GRWD1/H4C16/H4C15/H4C9/H4C1/H4C4/H4C6/H4C12/H4C11/H4C3/H4C8/H4C2/H4C5/H4C13/H4C14,0.47727081536286214
GO:0048024,"regulation of mRNA splicing, via spliceosome",68,0.5353531357252821,1.5876519679577974,1.6273473769683354e-4,0.0028439832730827574,0.0020335434912860193,1310,"tags=59%, list=31%, signal=41%",SRSF4/SRSF5/SRSF6/SRSF3/SNRPD2/THRAP3/RBMX/ACIN1/SNRPF/H1-2/H1-3/RBM25/SRSF7/RBM8A/SRSF1/TIAL1/TRA2B/RBM14/SAP18/FMR1/HNRNPU/SNRPB/RBM15/KHDRBS1/CDK11B/PRPF8/CELF2/HNRNPK/SRSF10/SON/RNPS1/NCBP1/SRSF2/SMU1/SNRPG/QKI/SNW1/LARP7/DAZAP1/HNRNPL,0.5188480777437918
GO:0002697,regulation of immune effector process,116,0.5232416031150302,1.5869423335430473,4.968582981499012e-6,1.8863482284932454e-4,1.3488022938311174e-4,827,"tags=36%, list=20%, signal=30%",PTPRC/ITGB2/HLA-A/HLA-C/LGALS9/ITGAM/PTPN6/HLA-DRB1/VAMP8/CYRIB/SERPINB9/HMGB1/GRN/ICAM1/RAC2/CD74/HLA-B/HLA-E/HLA-G/GALNT2/TFRC/GRB2/DDRGK1/RPS19/STX7/LYN/MYO18A/DDX60/CLU/BST2/HLA-DRB3/C4BPA/RIGI/FGR/HLA-DRA/SERPINB4/DDX21/NCKAP1L/YWHAG/PLCG2/AP1G1/STAT5A,0.610526878385931
GO:0050684,regulation of mRNA processing,77,0.5327611147868453,1.5842626644666833,7.378083499090066e-5,0.001692347902603784,0.0012100855496949073,1310,"tags=58%, list=31%, signal=41%",SRSF4/SRSF5/SRSF6/SRSF3/SNRPD2/THRAP3/RBMX/ACIN1/SNRPF/H1-2/H1-3/RBM25/SRSF7/RBM8A/SRSF1/TIAL1/TRA2B/RBM14/SAP18/FMR1/HNRNPU/SNRPB/NCBP2/RBM15/KHDRBS1/CSTF3/CDK11B/PNN/CSTF1/PRPF8/CELF2/HNRNPK/SRSF10/SON/RNPS1/NCBP1/IWS1/SRSF2/SMU1/SNRPG/QKI/SNW1/LARP7/DAZAP1/HNRNPL,0.5384340963099162
GO:0045727,positive regulation of translation,72,0.5275539898316692,1.5826960298704007,2.7998052892600845e-4,0.004222720032158018,0.003019386547801313,1298,"tags=60%, list=31%, signal=42%",RPL26/DNAJC3/PKM/YTHDF3/YTHDF2/YTHDF1/NPM1/EIF6/SSB/RPL5/ABCF1/COA3/FMR1/FXR1/FXR2/EIF5A/HNRNPU/PABPC1/KHDRBS1/SYNCRIP/EIF4G1/EIF4G3/PYM1/EIF3C/EIF2B4/LARP1/NCK1/SH3BGRL/CSDE1/PAIP1/YBX1/PRMT1/NCK2/PRKDC/YBX3/EIF2B5/PLXNB2/EEF2/THBS1/CNBP/DHX29/KRT17/OTUD6B,0.49849310876659025
GO:1903312,negative regulation of mRNA metabolic process,58,0.5419892297117496,1.581769290462574,2.609232387192134e-4,0.004046147687744421,0.0028931313953460148,1272,"tags=60%, list=30%, signal=43%",SRSF4/SRSF6/SNRPD2/THRAP3/RBMX/ACIN1/SNRPF/BCLAF1/SRSF7/SRSF1/SAP18/FXR1/HNRNPU/SNRPB/PABPC1/SYNCRIP/SLIRP/LARP1/FUS/PNN/CSDE1/PAIP1/MYD88/YBX1/PRPF8/TARDBP/SRSF10/HNRNPC/RNPS1/YBX3/TAF15/SNRPG/QKI/SNW1/HNRNPA0,0.49849310876659025
GO:0019730,antimicrobial humoral response,38,0.5697472590061702,1.5809424204113929,0.0013474905187921564,0.013303510615697333,0.009512456588565367,765,"tags=37%, list=18%, signal=30%",DEFA1/DEFA3/DEFA1B/HLA-A/H2BC12/HLA-E/KRT6A/RPS19/H2BC26/FGB/FGA/RPL30/JCHAIN/FAU,0.45505986738722953
GO:0034440,lipid oxidation,45,-0.3122710427858818,-1.5799251823669824,0.004937413052061575,0.03418925641710563,0.024446465813264574,330,"tags=18%, list=8%, signal=17%",BDH2/HACL1/ECH1/ACAT1/ALOX15B/ACACB/HADH/CRAT,0.40701791892395395
GO:0050954,sensory perception of mechanical stimulus,23,-0.4059477067062981,-1.5792778094643667,0.0037262725243032008,0.028100178419574136,0.020092570680684884,60,"tags=17%, list=1%, signal=17%",ITGA2/COL1A1/COL2A1/MYH14,0.4317076958033464
GO:0006612,protein targeting to membrane,43,0.5562284488759979,1.578994037567306,0.0020095469001149614,0.017421347535642305,0.012456848191000677,1095,"tags=53%, list=26%, signal=40%",ITGB2/ITGAM/YIF1B/SRP72/CHMP4B/CHMP4A/SRP9/NACA/SEC61B/PAK1/SEC63/SRP68/STOM/SRP14/SRPRB/SRPRA/SEC61A1/SRP54/SEC62/ARL6IP1/GET4/SSR1/SSR4,0.4317076958033464
GO:0051607,defense response to virus,98,0.5244171985575843,1.5768725386844873,1.836688799133332e-5,4.932181384989753e-4,3.5266752263335546e-4,772,"tags=40%, list=18%, signal=33%",PTPRC/GBP1/SMARCA5/DEFA1/DEFA3/DEFA1B/GBP2/STAT1/DNAJC3/IFI16/VAMP8/ADAR/UBE2N/TRIM21/OAS3/VAPB/IFITM3/PCBP2/PML/SAMHD1/CASP1/ILF3/RELA/EIF2AK2/MX2/DDX60/ZMPSTE24/PQBP1/ZC3HAV1/BST2/RIGI/NCK1/STING1/DDX21/IFIT1/MYD88/TRIM25/ELMOD2/HSP90AA1,0.5756102610711286
GO:0071824,protein-DNA complex organization,56,0.549550234545342,1.5758916336788231,4.7966622870877676e-4,0.00636280141937787,0.004549616566027108,1805,"tags=88%, list=43%, signal=51%",SMARCA5/SET/H2AX/HMGB1/H1-2/H1-3/H1-4/H1-5/H1-1/NPM1/HP1BP3/SMARCC2/DNAJC9/SUPT16H/NAP1L1/NAP1L4/H1-10/MACROH2A1/DRAP1/SMARCD2/SSRP1/SMARCE1/HMGB2/MACROH2A2/CREB1/UBTF/RPL23/MPO/DR1/SMARCC1/H3-3A/H3-3B/SART3/SMARCA4/GRWD1/H4C16/H4C15/H4C9/H4C1/H4C4/H4C6/H4C12/H4C11/H4C3/H4C8/H4C2/H4C5/H4C13/H4C14,0.49849310876659025
GO:0002705,positive regulation of leukocyte mediated immunity,38,0.5679074120732891,1.5758371881925857,0.0015479393859379297,0.014202343865980507,0.010155152529559256,815,"tags=47%, list=19%, signal=39%",ITGB2/HLA-A/HLA-C/ITGAM/HLA-DRB1/CYRIB/HLA-B/HLA-E/HLA-G/TFRC/STX7/HLA-DRB3/RIGI/HLA-DRA/DDX21/YWHAG/PLCG2/AP1G1,0.45505986738722953
GO:0070665,positive regulation of leukocyte proliferation,32,0.5754472550287482,1.5729167347806263,0.0025498524704538417,0.02110817721781714,0.015093055152773685,667,"tags=38%, list=16%, signal=32%",PTPRC/HLA-A/LGALS9/HLA-DPB1/HMGB1/CD74/HLA-E/TFRC/LYN/BST2/NCK1/NCKAP1L,0.4317076958033464
GO:0009615,response to virus,135,0.5157854771865097,1.572273447595525,8.884848190517989e-7,5.671485603717764e-5,4.055302555581174e-5,992,"tags=44%, list=23%, signal=35%",PTPRC/GBP1/SMARCA5/DEFA1/DEFA3/DEFA1B/GBP2/STAT1/LGALS9/DNAJC3/IFI16/CALR/VAMP8/ADAR/UBE2N/BAX/NPC2/TRIM21/OAS3/CFL1/VAPB/IFITM3/PCBP2/PML/SAMHD1/EEF1G/TPT1/CASP1/ILF3/RELA/PSMA2/EIF2AK2/FMR1/MX2/EIF5A/DDX60/CLU/ZMPSTE24/PQBP1/ZC3HAV1/BST2/RIGI/CDK6/FGR/NCK1/STING1/DDX21/IFIT1/MYD88/TRIM25/ELMOD2/HSP90AA1/PPM1B/NT5C2/STMN1/HNRNPUL1/ATAD3A/ENO1/LGALS8/NCBP1,0.6594443980379349
GO:0000377,"RNA splicing, via transesterification reactions with bulged adenosine as nucleophile",181,0.5105944888078244,1.5722159874595292,1.4085760102028299e-8,3.1016843744666315e-6,2.2178084278545003e-6,1693,"tags=69%, list=40%, signal=43%",LSM6/SRSF4/SRSF5/SRSF6/NCL/SRSF3/SNRPD2/THRAP3/RBMX/ACIN1/BUD31/SNRPF/PPIE/H1-2/H1-3/DDX46/RBM25/SRSF7/RBM8A/RBMXL1/PHF5A/SF3A2/SRSF1/CDC5L/TIAL1/SF3B2/TRA2B/RBM14/ILF3/IK/SNRPA1/SAP18/SNU13/PRPF4/FMR1/SNRPA/HNRNPU/SNRPB/UBL5/NCBP2/PABPC1/PRPF3/SART1/SNRNP70/RBM15/KHDRBS1/PQBP1/HNRNPR/SYNCRIP/PLRG1/SNRPB2/PPIL1/PRPF40A/RALY/CDK11B/PRPF6/CWC15/PNN/HNRNPH1/HNRNPH3/SF3B1/HNRNPF/SF3B3/CTNNBL1/LUC7L2/LUC7L/PRPF8/CELF2/HNRNPK/SRSF10/HNRNPC/SON/HNRNPUL2/XAB2/RBM17/U2AF1/HNRNPUL1/RNPS1/SF3A1/NCBP1/LUC7L3/SRSF2/HSPA8/DDX23/SMU1/SF1/LSM2/MAGOHB/LSM7/SNRPG/SNRPC/QKI/SNW1/PPWD1/MFAP1/LARP7/SFPQ/DAZAP1/MTREX/HNRNPL/SF3A3/SNRNP40/RBM22/HNRNPA3/HNRNPA1/STRAP/EIF4A3/ZNF830/C1QBP/TRA2A/DHX15/ISY1/PRMT5/DDX39A/DDX39B/SNRNP200/U2AF2/DHX9/HNRNPA2B1/SART3/HTATSF1/SNRPD1/SNRPE/USP39/DDX42,0.7477396631498854
GO:0000398,"mRNA splicing, via spliceosome",181,0.5105944888078244,1.5722159874595292,1.4085760102028299e-8,3.1016843744666315e-6,2.2178084278545003e-6,1693,"tags=69%, list=40%, signal=43%",LSM6/SRSF4/SRSF5/SRSF6/NCL/SRSF3/SNRPD2/THRAP3/RBMX/ACIN1/BUD31/SNRPF/PPIE/H1-2/H1-3/DDX46/RBM25/SRSF7/RBM8A/RBMXL1/PHF5A/SF3A2/SRSF1/CDC5L/TIAL1/SF3B2/TRA2B/RBM14/ILF3/IK/SNRPA1/SAP18/SNU13/PRPF4/FMR1/SNRPA/HNRNPU/SNRPB/UBL5/NCBP2/PABPC1/PRPF3/SART1/SNRNP70/RBM15/KHDRBS1/PQBP1/HNRNPR/SYNCRIP/PLRG1/SNRPB2/PPIL1/PRPF40A/RALY/CDK11B/PRPF6/CWC15/PNN/HNRNPH1/HNRNPH3/SF3B1/HNRNPF/SF3B3/CTNNBL1/LUC7L2/LUC7L/PRPF8/CELF2/HNRNPK/SRSF10/HNRNPC/SON/HNRNPUL2/XAB2/RBM17/U2AF1/HNRNPUL1/RNPS1/SF3A1/NCBP1/LUC7L3/SRSF2/HSPA8/DDX23/SMU1/SF1/LSM2/MAGOHB/LSM7/SNRPG/SNRPC/QKI/SNW1/PPWD1/MFAP1/LARP7/SFPQ/DAZAP1/MTREX/HNRNPL/SF3A3/SNRNP40/RBM22/HNRNPA3/HNRNPA1/STRAP/EIF4A3/ZNF830/C1QBP/TRA2A/DHX15/ISY1/PRMT5/DDX39A/DDX39B/SNRNP200/U2AF2/DHX9/HNRNPA2B1/SART3/HTATSF1/SNRPD1/SNRPE/USP39/DDX42,0.7477396631498854
GO:0002444,myeloid leukocyte mediated immunity,39,0.5580158174272096,1.5713236174164538,0.002311570107892384,0.019391644158056824,0.013865676403998849,1222,"tags=49%, list=29%, signal=35%",ITGB2/LGALS9/ITGAM/VAMP8/SERPINB9/RAC2/HLA-E/LYN/RIGI/FGR/DDX21/ANXA3/VAMP7/WDR1/STXBP2/VAMP2/GNAI1/ACE/MPO,0.4317076958033464
GO:0022407,regulation of cell-cell adhesion,149,0.5106132609211427,1.5710704423703958,5.531234010167667e-7,4.349920460853287e-5,3.1103391234758075e-5,904,"tags=38%, list=21%, signal=31%",PTPRC/ITGB2/HLA-A/LGALS9/PTPN6/FERMT3/HLA-DPB1/HLA-DRB1/CSK/PSMA4/CYRIB/HMGB1/YTHDF2/PSMB8/FGG/AP3B1/HLA-E/HLA-G/CD47/TFRC/SMARCC2/HLA-DRB5/PRKCD/RELA/SWAP70/PSMA2/PSMA3/HSPH1/LYN/SRC/YES1/SART1/CD44/PRKAR1A/FGB/PSMB2/WNK1/HLA-DRB3/PSMA7/LCK/NCK1/HLA-DRA/FGA/PSMB1/SMARCD2/PSMB9/NCKAP1L/F11R/YWHAG/SMARCE1/NCK2/PSMB4/STAT5A/CEBPB/TMX1/PSMA1,0.6594443980379349
GO:0000375,"RNA splicing, via transesterification reactions",182,0.5079758444050024,1.5703272856848374,7.058322663977951e-8,9.714016566299655e-6,6.9458478710498404e-6,1693,"tags=69%, list=40%, signal=43%",LSM6/SRSF4/SRSF5/SRSF6/NCL/SRSF3/SNRPD2/THRAP3/RBMX/ACIN1/BUD31/SNRPF/PPIE/H1-2/H1-3/DDX46/RBM25/SRSF7/RBM8A/RBMXL1/PHF5A/SF3A2/SRSF1/CDC5L/TIAL1/SF3B2/TRA2B/RBM14/ILF3/IK/SNRPA1/SAP18/SNU13/PRPF4/FMR1/SNRPA/HNRNPU/SNRPB/UBL5/NCBP2/PABPC1/PRPF3/SART1/SNRNP70/RBM15/KHDRBS1/PQBP1/HNRNPR/SYNCRIP/PLRG1/SNRPB2/PPIL1/PRPF40A/RALY/CDK11B/PRPF6/CWC15/PNN/HNRNPH1/HNRNPH3/SF3B1/HNRNPF/SF3B3/CTNNBL1/LUC7L2/LUC7L/PRPF8/CELF2/HNRNPK/SRSF10/HNRNPC/SON/HNRNPUL2/XAB2/RBM17/U2AF1/HNRNPUL1/RNPS1/SF3A1/NCBP1/LUC7L3/SRSF2/HSPA8/DDX23/SMU1/SF1/LSM2/MAGOHB/LSM7/SNRPG/SNRPC/QKI/SNW1/PPWD1/MFAP1/LARP7/SFPQ/DAZAP1/MTREX/HNRNPL/SF3A3/SNRNP40/RBM22/HNRNPA3/HNRNPA1/STRAP/EIF4A3/ZNF830/C1QBP/TRA2A/DHX15/ISY1/PRMT5/DDX39A/DDX39B/SNRNP200/U2AF2/DHX9/HNRNPA2B1/SART3/HTATSF1/SNRPD1/SNRPE/USP39/DDX42,0.7049757151672383
GO:0031507,heterochromatin formation,51,0.5447731591647138,1.5650320048215887,5.391346199066094e-4,0.006902176936246243,0.004935288163349051,618,"tags=39%, list=15%, signal=34%",SMARCA5/LBR/H2AC8/H2AX/H2AZ1/H2AC21/H2AC19/H2AC4/H2AC18/HMGB1/H1-2/RBBP4/CBX3/HNRNPU/RBM15/HDAC1/HDAC2/CBX1/CDK2/MACROH2A1,0.47727081536286214
GO:0045580,regulation of T cell differentiation,45,0.5502509921660539,1.5627093325920594,0.0013461266619917596,0.013303510615697333,0.009512456588565367,1160,"tags=56%, list=27%, signal=41%",HLA-DRB1/PSMA4/HMGB1/PSMB8/AP3B1/HLA-G/SMARCC2/CLPTM1/PSMA2/PSMA3/SART1/PSMB2/PSMA7/HLA-DRA/PSMB1/SMARCD2/PSMB9/NCKAP1L/SMARCE1/PSMB4/STAT5A/PSMA1/PSMB10/PSMA6/ACTB,0.45505986738722953
GO:0002520,immune system development,25,0.5913049068929805,1.5609383107466672,0.005203313196871216,0.035363258208365486,0.025285916496385782,1337,"tags=72%, list=32%, signal=50%",PTPRC/LGALS9/HMGB1/HLA-B/HLA-E/HLA-G/TFRC/SAMHD1/LYN/CTNNBL1/HMGB2/PRKDC/PCYT1A/TP53BP1/YY1/NBN/SBDS/ADAM17,0.40701791892395395
GO:0006334,nucleosome assembly,40,0.5573428210825988,1.5596004716211043,0.001546372645668762,0.014202343865980507,0.010155152529559256,1805,"tags=92%, list=43%, signal=54%",SMARCA5/SET/H2AX/H1-2/H1-3/H1-4/H1-5/H1-1/NPM1/HP1BP3/DNAJC9/SUPT16H/NAP1L1/NAP1L4/H1-10/MACROH2A1/SSRP1/HMGB2/MACROH2A2/H3-3A/H3-3B/SART3/GRWD1/H4C16/H4C15/H4C9/H4C1/H4C4/H4C6/H4C12/H4C11/H4C3/H4C8/H4C2/H4C5/H4C13/H4C14,0.45505986738722953
GO:0002696,positive regulation of leukocyte activation,88,0.5197189637172882,1.559321331740423,9.980722732210832e-5,0.0021132261015700243,0.001511027587657124,864,"tags=39%, list=20%, signal=31%",PTPRC/HLA-A/LGALS9/PTPN6/HLA-DPB1/HLA-DRB1/CSK/CYRIB/HMGB1/AP3B1/MMP14/CD74/HLA-E/HLA-G/CD47/TFRC/SMARCC2/HLA-DRB5/DDRGK1/HSPH1/LYN/SRC/YES1/SART1/HLA-DRB3/LCK/NCK1/HLA-DRA/SMARCD2/NCKAP1L/YWHAG/SMARCE1/NCK2/PRKDC,0.5384340963099162
GO:0002822,regulation of adaptive immune response based on somatic recombination of immune receptors built from immunoglobulin superfamily domains,45,0.5467567941392621,1.552785832327394,0.0014796239247765724,0.013805643569313613,0.009871498503210585,827,"tags=40%, list=20%, signal=33%",PTPRC/HLA-A/HLA-C/LGALS9/HLA-DRB1/CYRIB/HMGB1/HLA-B/HLA-E/HLA-G/TFRC/STX7/HLA-DRB3/C4BPA/HLA-DRA/NCKAP1L/YWHAG/STAT5A,0.45505986738722953
GO:0022408,negative regulation of cell-cell adhesion,62,0.5292973049076366,1.5487030872253449,4.119620100716245e-4,0.005890521728426735,0.004211920736135951,1101,"tags=44%, list=26%, signal=33%",LGALS9/HLA-DRB1/CSK/PSMA4/HMGB1/YTHDF2/PSMB8/HLA-E/HLA-G/PRKCD/SWAP70/PSMA2/PSMA3/PRKAR1A/PSMB2/WNK1/PSMA7/PSMB1/PSMB9/PSMB4/STAT5A/CEBPB/TMX1/PSMA1/MIA3/PSMB10/PSMA6,0.49849310876659025
GO:2000241,regulation of reproductive process,15,0.6438297790716341,1.5482906885571968,0.007690439868064122,0.04801985130841882,0.03433580534913222,839,"tags=47%, list=20%, signal=38%",ARHGDIB/CALR/YTHDF2/HVCN1/MYH9/HDAC2/TIMP1,0.40701791892395395
GO:0065004,protein-DNA complex assembly,50,0.5448641225135129,1.5454276219305803,7.034606358933216e-4,0.008239469788495182,0.0058914974355246865,1805,"tags=86%, list=43%, signal=50%",SMARCA5/SET/H2AX/HMGB1/H1-2/H1-3/H1-4/H1-5/H1-1/NPM1/HP1BP3/DNAJC9/SUPT16H/NAP1L1/NAP1L4/H1-10/MACROH2A1/DRAP1/SSRP1/HMGB2/MACROH2A2/CREB1/UBTF/DR1/H3-3A/H3-3B/SART3/SMARCA4/GRWD1/H4C16/H4C15/H4C9/H4C1/H4C4/H4C6/H4C12/H4C11/H4C3/H4C8/H4C2/H4C5/H4C13/H4C14,0.47727081536286214
GO:0070372,regulation of ERK1 and ERK2 cascade,74,0.5207479562526507,1.5447694045815215,2.254207568666879e-4,0.0038182808201572827,0.002730198937252027,622,"tags=28%, list=15%, signal=25%",PTPRC/GBP1/LGALS9/PTPN6/CSK/HMGB1/NAMPT/NHERF1/FGG/ICAM1/CD74/PTPN1/LYN/SRC/EIF3A/FN1/GLIPR2/RAP1A/CD44/FGB/FGA,0.5188480777437918
GO:0043367,"CD4-positive, alpha-beta T cell differentiation",30,0.5714374937909167,1.5418122061549462,0.004840678205671447,0.03394641213021824,0.024272823997692095,1101,"tags=60%, list=26%, signal=45%",HLA-DRB1/PSMA4/HMGB1/PSMB8/AP3B1/PSMA2/PSMA3/PSMB2/PSMA7/HLA-DRA/PSMB1/PSMB9/NCKAP1L/PSMB4/STAT5A/PSMA1/PSMB10/PSMA6,0.40701791892395395
GO:0050830,defense response to Gram-positive bacterium,32,0.5635060911663261,1.5402769814273445,0.00441231637198793,0.03134167951973362,0.022410352760000925,819,"tags=38%, list=19%, signal=30%",DEFA1/DEFA3/DEFA1B/GBP2/HLA-A/H2BC12/HLA-E/KRT6A/FGR/MYD88/FAU/HMGB2,0.40701791892395395
GO:0050907,detection of chemical stimulus involved in sensory perception,2,-0.9612750885478158,-1.5359798545224657,0.018378798561800358,0.08880037381148749,0.0634952476328651,167,"tags=100%, list=4%, signal=96%",AZGP1/PIP,0.35248785758361917
GO:0002819,regulation of adaptive immune response,46,0.5378609643543741,1.5359737297590639,0.0018263748209513004,0.016348281933881152,0.011689570271036342,827,"tags=39%, list=20%, signal=32%",PTPRC/HLA-A/HLA-C/LGALS9/HLA-DRB1/CYRIB/HMGB1/HLA-B/HLA-E/HLA-G/TFRC/STX7/HLA-DRB3/C4BPA/HLA-DRA/NCKAP1L/YWHAG/STAT5A,0.45505986738722953
GO:1903707,negative regulation of hemopoiesis,31,0.56337188651576,1.5343091122503316,0.006349315102582171,0.04112115251731159,0.029403004176292626,1120,"tags=61%, list=26%, signal=45%",PSMA4/HMGB1/PSMB8/HLA-G/PSMA2/PSMA3/LYN/PSMB2/PSMA7/CDK6/PSMB1/PSMB9/PSMB4/STAT5A/PSMA1/PSMB10/PSMA6/HSPA9/C1QC,0.40701791892395395
GO:1902369,negative regulation of RNA catabolic process,41,0.5497453333364686,1.5338937798300196,0.0018801168909537607,0.01669361852371041,0.011936497523104522,1272,"tags=59%, list=30%, signal=41%",THRAP3/BCLAF1/SRSF1/FXR1/HNRNPU/DKC1/PABPC1/SYNCRIP/SLIRP/LARP1/FUS/PNN/CSDE1/PAIP1/MYD88/YBX1/NSUN2/TARDBP/HNRNPC/YBX3/TAF15/QKI/SNW1/HNRNPA0,0.45505986738722953
GO:0002824,positive regulation of adaptive immune response based on somatic recombination of immune receptors built from immunoglobulin superfamily domains,29,0.5628096926163845,1.533411181553666,0.007655096081952196,0.04801985130841882,0.03433580534913222,759,"tags=41%, list=18%, signal=34%",HLA-A/HLA-C/HLA-DRB1/CYRIB/HLA-B/HLA-E/HLA-G/TFRC/STX7/HLA-DRB3/HLA-DRA/YWHAG,0.40701791892395395
GO:0048592,eye morphogenesis,12,-0.4527810650887574,-1.531823499444333,0.049476062401785245,0.174035606084235,0.12444129941066469,2325,"tags=100%, list=55%, signal=45%",THY1/ALDH1A3/COL5A1/NF1/STAT3/COL5A2/MFAP2/MFAP5/FBN1/FBN2/EPHA2/EFEMP1,0.3217759180753611
GO:0032609,type II interferon production,39,0.5439129463113926,1.531611168834198,0.004380927942512407,0.03132079003055949,0.02239541607413909,654,"tags=38%, list=15%, signal=33%",HLA-A/LGALS9/HLA-DPB1/HLA-DRB1/PSMA4/CYRIB/HMGB1/PSMB8/CD47/PSMA2/PSMA3/PSMB2/PSMA7/PSMB1/PSMB9,0.40701791892395395
GO:0032649,regulation of type II interferon production,39,0.5439129463113926,1.531611168834198,0.004380927942512407,0.03132079003055949,0.02239541607413909,654,"tags=38%, list=15%, signal=33%",HLA-A/LGALS9/HLA-DPB1/HLA-DRB1/PSMA4/CYRIB/HMGB1/PSMB8/CD47/PSMA2/PSMA3/PSMB2/PSMA7/PSMB1/PSMB9,0.40701791892395395
GO:0031348,negative regulation of defense response,91,0.5129604396555892,1.5311183656536265,4.472744949021702e-5,0.001119202770198385,8.002675438731317e-4,409,"tags=29%, list=10%, signal=26%",PTPRC/HLA-A/LGALS9/PTPN6/IFI16/HLA-DRB1/SERPINB9/GRN/YTHDF3/YTHDF2/TRIM21/OAS3/HLA-B/HLA-E/HLA-G/PCBP2/GRB2/SAMHD1/PARP1/PRKCD/RPS19/HCK/LYN/SRC/YES1/FXR1,0.557332238758646
GO:0050792,regulation of viral process,57,0.5253672875619619,1.5304230933703207,0.001402935434777534,0.013436123558330572,0.009607279293362712,747,"tags=42%, list=18%, signal=35%",STAT1/LGALS9/IFI16/ADAR/HMGB1/TRIM21/PPIE/OAS3/VAPB/IFITM3/BSG/ILF3/EIF2AK2/FMR1/RAD23A/TOP2B/PABPC1/ZC3HAV1/STOM/BST2/LARP1/STAU1/IFIT1/TRIM25,0.45505986738722953
GO:1903311,regulation of mRNA metabolic process,148,0.49920049827741153,1.5294267879423533,2.198146241669775e-6,1.0330763404873857e-4,7.386842560162171e-5,1310,"tags=52%, list=31%, signal=37%",LSM6/SRSF4/SRSF5/SRSF6/SRSF3/SNRPD2/THRAP3/RBMX/ACIN1/YTHDF3/YTHDF2/YTHDF1/SNRPF/BCLAF1/H1-2/H1-3/RBM25/NPM1/SRSF7/RBM8A/CAPRIN1/SRSF1/TIAL1/TRA2B/PRKCD/APEX1/RBM14/SAP18/FMR1/FXR1/FXR2/HNRNPU/SNRPB/NCBP2/PABPC1/RBM15/DIS3/KHDRBS1/SYNCRIP/ZC3HAV1/ROCK1/SERBP1/SLIRP/CSTF3/LARP1/CDK11B/FUS/PNN/CSDE1/PAIP1/MYD88/YBX1/CSTF1/PRPF8/TARDBP/CELF2/HNRNPK/SRSF10/HNRNPC/SON/RNPS1/NCBP1/YBX3/IWS1/TAF15/SRSF2/SMU1/LSM2/LSM7/SNRPG/QKI/SNW1/XRN1/HNRNPA0/LARP7/DAZAP1/HNRNPL,0.6272567397185284
GO:0050764,regulation of phagocytosis,44,0.5418242006067137,1.5291186966782286,0.0017874999183863944,0.016264771984656368,0.01162985785454255,1006,"tags=48%, list=24%, signal=37%",PTPRC/CALR/CSK/HMGB1/CD47/TGM2/HCK/MYO18A/PRKACA/RAP1A/RAB27A/FGR/ARAP1/NCKAP1L/DYSF/SNX3/DOCK2/PLCG2/LMAN2/CYBA/ANO6,0.45505986738722953
GO:0071357,cellular response to type I interferon,62,0.5221135064786744,1.527683575692257,6.55134725964354e-4,0.00801448148096393,0.005730623244482171,1108,"tags=47%, list=26%, signal=35%",PSME1/STAT1/PSME2/PTPN6/PSMA4/YTHDF3/YTHDF2/OAS3/IFITM3/SAMHD1/PSMC1/PTPN1/PSMA2/PSMA3/CDC37/PSMB2/PSMA7/STING1/PSMB1/IFIT1/MYD88/PSMD3/PSMB4/PSMA1/PSMD4/SP100/UBE2K/PSMA6/PSMD12,0.47727081536286214
GO:0045814,"negative regulation of gene expression, epigenetic",59,0.5214387625407836,1.526355205578791,9.546230291133774e-4,0.010009904333845986,0.007157417555562357,618,"tags=36%, list=15%, signal=31%",SMARCA5/LBR/IFI16/H2AC8/H2AX/H2AZ1/H2AC21/H2AC19/H2AC4/H2AC18/HMGB1/H1-2/RBBP4/CBX3/HNRNPU/RBM15/HDAC1/HDAC2/CBX1/CDK2/MACROH2A1,0.47727081536286214
GO:0002443,leukocyte mediated immunity,121,0.501097860656885,1.5219537716683875,1.6257016014610313e-5,4.4747436580214883e-4,3.199591898822747e-4,1395,"tags=51%, list=33%, signal=35%",CORO1A/PTPRC/ITGB2/HLA-A/HLA-C/LGALS9/ITGAM/HLA-DRB1/VAMP8/CYRIB/SERPINB9/HMGB1/ICAM1/RAC2/CD74/HLA-B/HLA-E/HLA-G/CTSC/TFRC/GRB2/MYO1G/STX7/LYN/CLU/BST2/HLA-DRB3/C4BPA/RIGI/FGR/HLA-DRA/SERPINB4/DDX21/NCKAP1L/C1S/YWHAG/PLCG2/AP1G1/C1QA/ANXA3/RFTN1/VAMP7/PCYT1A/KIF5B/WDR1/LAMP1/TP53BP1/STXBP2/MAPK3/C1QC/VAMP2/GNAI1/PRKAA1/ACE/UFL1/MPO/NBN/PIK3C3/ADAM17/C1QB/C1R/C1RL,0.5756102610711286
GO:0050867,positive regulation of cell activation,94,0.505630341375167,1.5213270703073811,2.2232686708284044e-4,0.0038182808201572827,0.002730198937252027,864,"tags=37%, list=20%, signal=30%",PTPRC/HLA-A/LGALS9/PTPN6/HLA-DPB1/HLA-DRB1/CSK/CYRIB/HMGB1/AP3B1/MMP14/CD74/HLA-E/HLA-G/CD47/TFRC/SMARCC2/HLA-DRB5/DDRGK1/HSPH1/LYN/SRC/YES1/SART1/HLA-DRB3/LCK/NCK1/HLA-DRA/SMARCD2/FLNA/NCKAP1L/YWHAG/SMARCE1/NCK2/PRKDC,0.5188480777437918
GO:0001508,action potential,31,-0.33839596816547757,-1.5204960757582422,0.011214280051697018,0.06331755044573548,0.045274173660497755,230,"tags=32%, list=5%, signal=31%",ANK2/ANK3/DSP/GPD1L/ATP1B1/JUP/GNA11/DSG2/CACNA2D1/MYH14,0.3807304007227924
GO:0034340,response to type I interferon,65,0.5162829336099446,1.51953772858524,6.768523873756378e-4,0.008189170093412936,0.005855531465360137,1431,"tags=55%, list=34%, signal=37%",PSME1/STAT1/PSME2/PTPN6/PSMA4/YTHDF3/YTHDF2/OAS3/IFITM3/SAMHD1/PSMC1/PTPN1/PSMA2/PSMA3/CDC37/PSMB2/SHMT2/PSMA7/STING1/PSMB1/IFIT1/MYD88/PSMD3/PSMB4/PSMA1/PSMD4/SP100/UBE2K/PSMA6/PSMD12/TBK1/MX1/PSMD6/PSMD7/ADRM1/TRIM56,0.47727081536286214
GO:0043484,regulation of RNA splicing,96,0.5056189894171097,1.5179990504182066,1.114633496654103e-4,0.002272613851511421,0.001624995178307795,1372,"tags=57%, list=32%, signal=40%",SRSF4/SRSF5/SRSF6/SRSF3/SNRPD2/THRAP3/RBMX/ACIN1/SNRPF/H1-2/H1-3/RPS26/RBM25/SRSF7/RBM8A/SRSF1/TIAL1/TRA2B/RBM14/SAP18/FMR1/HNRNPU/SNRPB/SNRNP70/RBM15/KHDRBS1/PQBP1/RBM12/PTBP3/CDK11B/FUS/RPS13/HNRNPH1/HNRNPH2/HNRNPH3/HNRNPF/SF3B3/PRPF8/CELF2/HNRNPK/SRSF10/SON/RNPS1/NCBP1/SRSF2/MBNL1/SMU1/SNRPG/QKI/SNW1/LARP7/DAZAP1/HNRNPL/RBM22/HNRNPA1,0.5384340963099162
GO:0140888,interferon-mediated signaling pathway,33,0.5542694152257104,1.5179413220256808,0.004314794607536511,0.031253874098011176,0.02234756893650475,1000,"tags=45%, list=24%, signal=35%",STAT1/PTPN6/YTHDF3/YTHDF2/OAS3/IFITM3/SAMHD1/PTPN1/HCK/CDC37/STING1/MYD88/RAF1/SP100/UBE2K,0.40701791892395395
GO:0001960,negative regulation of cytokine-mediated signaling pathway,23,0.5815578331329249,1.5146308322748805,0.014462027024028962,0.07475442137772717,0.05345192022622209,273,"tags=22%, list=6%, signal=20%",PTPRC/YTHDF3/YTHDF2/OAS3/SAMHD1,0.3807304007227924
GO:0060761,negative regulation of response to cytokine stimulus,23,0.5815578331329249,1.5146308322748805,0.014462027024028962,0.07475442137772717,0.05345192022622209,273,"tags=22%, list=6%, signal=20%",PTPRC/YTHDF3/YTHDF2/OAS3/SAMHD1,0.3807304007227924
GO:0045619,regulation of lymphocyte differentiation,53,0.523069046712717,1.5087105377868015,0.0020014601922674164,0.017421347535642305,0.012456848191000677,904,"tags=47%, list=21%, signal=38%",HLA-DRB1/PSMA4/HMGB1/PSMB8/AP3B1/MMP14/HLA-G/SMARCC2/DDRGK1/CLPTM1/PSMA2/PSMA3/SART1/PSMB2/PSMA7/HLA-DRA/PSMB1/SMARCD2/PSMB9/NCKAP1L/SMARCE1/PSMB4/STAT5A/PRKDC/PSMA1,0.4317076958033464
GO:0030217,T cell differentiation,59,0.5151363426951685,1.5079067663177277,0.0013533089817966406,0.013303510615697333,0.009512456588565367,904,"tags=42%, list=21%, signal=34%",PTPRC/HLA-DRB1/PSMA4/HMGB1/PSMB8/AP3B1/CD74/HLA-G/SMARCC2/CLPTM1/PSMA2/PSMA3/SART1/PSMB2/PSMA7/LCK/HLA-DRA/PSMB1/SMARCD2/PSMB9/NCKAP1L/SMARCE1/PSMB4/STAT5A/PSMA1,0.45505986738722953
GO:1902106,negative regulation of leukocyte differentiation,30,0.5587522109773166,1.5075856737816744,0.008416598530884296,0.05119709935084867,0.03660764433568187,1232,"tags=63%, list=29%, signal=45%",PSMA4/HMGB1/PSMB8/HLA-G/PSMA2/PSMA3/LYN/PSMB2/PSMA7/CDK6/PSMB1/PSMB9/PSMB4/STAT5A/PSMA1/PSMB10/PSMA6/C1QC/QKI,0.3807304007227924
GO:0071826,protein-RNA complex organization,133,0.49308058446512726,1.5024691581087148,2.194427422681601e-5,5.752534743743912e-4,4.1132554109071643e-4,1693,"tags=65%, list=40%, signal=41%",LSM6/SRSF5/SRSF6/ADAR/SNRPD2/TRIM21/SNRPF/DDX46/RPL13A/PHF5A/SF3A2/SRSF1/EIF6/RPS15/SF3B2/RPS19/RPL5/EIF3H/SNRPA1/KLC1/SNU13/EIF3A/PRPF4/SNRPA/EIF2S2/SNRPB/PRPF3/SART1/SNRNP70/SYNCRIP/SNRPB2/EIF2S3/EIF3CL/EIF3C/MCTS1/EPRS1/PRPF6/EIF3J/SF3B1/EIF3G/EIF5/FAU/HSP90AA1/HSP90AB1/SF3B3/LUC7L2/LUC7L/PRPF8/CELF2/SRSF10/PRKDC/XAB2/RPS14/KIF5B/RUVBL2/SF3A1/NCBP1/RPL11/LUC7L3/NOP2/DDX23/PTGES3/SF1/LSM2/LSM7/SNRPG/SNRPC/DHX29/SF3A3/EIF3I/SNRNP40/FAF2/STRAP/ISY1/PRMT5/DDX39B/BOP1/SNRNP200/U2AF2/DHX9/RPS28/SART3/HTATSF1/SNRPD1/SNRPE/USP39/DDX42,0.5756102610711286
GO:0042742,defense response to bacterium,88,0.5002285450590638,1.500843908940717,4.4427067837734055e-4,0.006109606956735333,0.0043685740274124986,863,"tags=35%, list=20%, signal=29%",GBP1/DEFA1/DEFA3/DEFA1B/GBP2/HLA-A/S100A8/GRN/H2BC12/OAS3/HLA-E/RAB14/RAB1A/RNF213/PRKCD/KRT6A/CASP1/RPS19/H2BC26/FGB/LCN2/FGR/FGA/RPL30/JCHAIN/MYD88/FAU/OPTN/HMGB2/ANXA3/CEBPB,0.49849310876659025
GO:0043487,regulation of RNA stability,76,0.5082180054182899,1.4956015771300437,4.7966622870877676e-4,0.00636280141937787,0.004549616566027108,1272,"tags=51%, list=30%, signal=37%",LSM6/THRAP3/YTHDF3/YTHDF2/YTHDF1/BCLAF1/NPM1/CAPRIN1/SRSF1/PRKCD/APEX1/FMR1/FXR1/FXR2/HNRNPU/DKC1/PABPC1/DIS3/SYNCRIP/ROCK1/SERBP1/LARP1/FUS/PNN/CSDE1/PAIP1/MYD88/YBX1/NSUN2/TARDBP/HNRNPC/YBX3/TAF15/LSM2/LSM7/QKI/SNW1/XRN1/HNRNPA0,0.49849310876659025
GO:0050829,defense response to Gram-negative bacterium,23,0.5735751386890718,1.4938404062150088,0.01779263871109291,0.08806006790167432,0.06296590406087238,819,"tags=35%, list=19%, signal=28%",DEFA1/DEFA3/DEFA1B/H2BC12/RPS19/RPL30/OPTN/HMGB2,0.35248785758361917
GO:0002688,regulation of leukocyte chemotaxis,41,0.53417664088417,1.4904541741352655,0.004012385115811521,0.029648563842338823,0.02119971822556204,1223,"tags=46%, list=29%, signal=33%",LGALS9/CALR/HMGB1/RAC1/RAC2/CD74/SWAP70/LYN/WNK1/NCKAP1L/MCU/ADAM10/ANO6/MPP1/LGMN/MAPK1/MAPK3/STK39/THBS1,0.40701791892395395
GO:0022618,protein-RNA complex assembly,128,0.48735477716670866,1.4889734652482636,8.660751195843153e-5,0.001946017768698635,0.001391468017733625,1693,"tags=65%, list=40%, signal=40%",LSM6/SRSF5/SRSF6/ADAR/SNRPD2/SNRPF/DDX46/RPL13A/PHF5A/SF3A2/SRSF1/EIF6/RPS15/SF3B2/RPS19/RPL5/EIF3H/SNRPA1/SNU13/EIF3A/PRPF4/SNRPA/EIF2S2/SNRPB/PRPF3/SART1/SNRNP70/SYNCRIP/SNRPB2/EIF2S3/EIF3CL/EIF3C/MCTS1/EPRS1/PRPF6/EIF3J/SF3B1/EIF3G/EIF5/FAU/HSP90AA1/HSP90AB1/SF3B3/LUC7L2/LUC7L/PRPF8/CELF2/SRSF10/PRKDC/XAB2/RPS14/RUVBL2/SF3A1/NCBP1/RPL11/LUC7L3/NOP2/DDX23/PTGES3/SF1/LSM2/LSM7/SNRPG/SNRPC/DHX29/SF3A3/EIF3I/SNRNP40/STRAP/ISY1/PRMT5/DDX39B/BOP1/SNRNP200/U2AF2/DHX9/RPS28/SART3/HTATSF1/SNRPD1/SNRPE/USP39/DDX42,0.5384340963099162
GO:0032760,positive regulation of tumor necrosis factor production,54,0.5189250211764491,1.4889671808955878,0.0023248837682683927,0.019391644158056824,0.013865676403998849,1223,"tags=50%, list=29%, signal=36%",PTPRC/LGALS9/PSMA4/CYBB/HMGB1/PSMB8/OAS3/HLA-E/PSMA2/PSMA3/CLU/PSMB2/HDAC2/PSMA7/RIGI/PSMB1/PSMB9/PLCG2/PSMB4/ADAM10/PSMA1/CYBA/PSMB10/PSMA6/FRMD8/CD14/THBS1,0.4317076958033464
GO:1903557,positive regulation of tumor necrosis factor superfamily cytokine production,54,0.5189250211764491,1.4889671808955878,0.0023248837682683927,0.019391644158056824,0.013865676403998849,1223,"tags=50%, list=29%, signal=36%",PTPRC/LGALS9/PSMA4/CYBB/HMGB1/PSMB8/OAS3/HLA-E/PSMA2/PSMA3/CLU/PSMB2/HDAC2/PSMA7/RIGI/PSMB1/PSMB9/PLCG2/PSMB4/ADAM10/PSMA1/CYBA/PSMB10/PSMA6/FRMD8/CD14/THBS1,0.4317076958033464
GO:0050864,regulation of B cell activation,22,0.5657133626965095,1.4852752947631676,0.03089722800444463,0.1254816176470588,0.089723568087523,395,"tags=32%, list=9%, signal=29%",PTPRC/MNDA/MMP14/CD74/TFRC/DDRGK1/LYN,0.35248785758361917
GO:0043488,regulation of mRNA stability,73,0.5009560955214348,1.4849029277904646,0.0020374917496122818,0.017525612627524393,0.012531401231087771,1272,"tags=51%, list=30%, signal=36%",LSM6/THRAP3/YTHDF3/YTHDF2/YTHDF1/BCLAF1/NPM1/CAPRIN1/SRSF1/PRKCD/APEX1/FMR1/FXR1/FXR2/HNRNPU/PABPC1/DIS3/SYNCRIP/ROCK1/SERBP1/LARP1/FUS/PNN/CSDE1/PAIP1/MYD88/YBX1/TARDBP/HNRNPC/YBX3/TAF15/LSM2/LSM7/QKI/SNW1/XRN1/HNRNPA0,0.4317076958033464
GO:0002708,positive regulation of lymphocyte mediated immunity,28,0.5512051277421114,1.4848913432043571,0.02044995258992535,0.095810203410671535,0.06850751106330123,1135,"tags=57%, list=27%, signal=42%",HLA-A/HLA-C/HLA-DRB1/CYRIB/HLA-B/HLA-E/HLA-G/TFRC/STX7/HLA-DRB3/HLA-DRA/YWHAG/AP1G1/LAMP1/TP53BP1/PRKAA1,0.35248785758361917
GO:0032635,interleukin-6 production,34,0.539281295561134,1.4832784408705804,0.009994675942818434,0.05832992073701832,0.0417078510217178,785,"tags=38%, list=19%, signal=31%",LGALS9/PTPN6/CSK/HMGB1/CD74/HLA-B/CD47/BSG/RELA/RIGI/NCKAP1L/MYD88/PLCG2,0.3807304007227924
GO:0032675,regulation of interleukin-6 production,34,0.539281295561134,1.4832784408705804,0.009994675942818434,0.05832992073701832,0.0417078510217178,785,"tags=38%, list=19%, signal=31%",LGALS9/PTPN6/CSK/HMGB1/CD74/HLA-B/CD47/BSG/RELA/RIGI/NCKAP1L/MYD88/PLCG2,0.3807304007227924
GO:0002821,positive regulation of adaptive immune response,30,0.5495263846612126,1.4826932021105046,0.011774853993533499,0.06514630274814262,0.04658179293411721,759,"tags=40%, list=18%, signal=33%",HLA-A/HLA-C/HLA-DRB1/CYRIB/HLA-B/HLA-E/HLA-G/TFRC/STX7/HLA-DRB3/HLA-DRA/YWHAG,0.3807304007227924
GO:0046632,alpha-beta T cell differentiation,32,0.5413091168216269,1.479604188042433,0.010248759636300174,0.059077928584117756,0.04224270173736603,1101,"tags=56%, list=26%, signal=42%",HLA-DRB1/PSMA4/HMGB1/PSMB8/AP3B1/PSMA2/PSMA3/PSMB2/PSMA7/HLA-DRA/PSMB1/PSMB9/NCKAP1L/PSMB4/STAT5A/PSMA1/PSMB10/PSMA6,0.3807304007227924
GO:0050852,T cell receptor signaling pathway,41,0.5301654289141765,1.4792621317162586,0.004710160400006233,0.03324286282312091,0.023769762630282666,614,"tags=34%, list=14%, signal=29%",PTPRC/GBP1/HLA-A/HLA-DPB1/HLA-DRB1/CSK/UBE2N/KHDRBS1/CLEC2B/WNK1/HLA-DRB3/LCK/EIF2B4/NCK1,0.40701791892395395
GO:1902105,regulation of leukocyte differentiation,77,0.49703905362663936,1.4780365788475176,9.453505692431674e-4,0.010009904333845986,0.007157417555562357,904,"tags=42%, list=21%, signal=33%",LGALS9/HLA-DRB1/PSMA4/HMGB1/ACIN1/PSMB8/AP3B1/MMP14/CD74/HLA-B/HLA-G/SMARCC2/DDRGK1/CLPTM1/PSMA2/PSMA3/LYN/SART1/PSMB2/PSMA7/CDK6/HLA-DRA/PSMB1/SMARCD2/PSMB9/NCKAP1L/SMARCE1/PSMB4/STAT5A/CEBPB/PRKDC/PSMA1,0.47727081536286214
GO:0051146,striated muscle cell differentiation,101,0.4884533526817778,1.4766074871831312,2.684942510934981e-4,0.004105724589638074,0.0029357308797464633,1217,"tags=52%, list=29%, signal=38%",RPL31/RPL7A/RPL21/CASP3/CALR/RPL34/RPL23A/MMP14/RPL6/RPL13A/RPL32/RPL17/RPL18A/RPL10/RPL27A/RPL27/RPL19/KRT8/NACA/RPL5/RPL24/RPL37A/RPL7/EHD1/PAK1/CACYBP/MYL9/RPL4/RPL28/CDK1/RPL29/CSRP2/RPL30/FLNC/RPL14/FLII/DOCK2/RPL35A/RPL18/RPL12/WDR1/RPL11/RPL36A/RPL15/AKAP13/RPL3L/FBXO22/RPL35/TMOD3/RPL8/RPL10A/YY1/RPL23,0.49849310876659025
GO:0008380,RNA splicing,226,0.4739533035764105,1.4730953834786913,1.1909433091690076e-6,6.508237214243839e-5,4.6536080405371254e-5,1678,"tags=62%, list=40%, signal=40%",LSM6/SRSF4/SRSF5/SRSF6/NCL/SRSF3/SNRPD2/THRAP3/RBMX/TCERG1/ACIN1/BUD31/SNRPF/PPIE/H1-2/H1-3/RPS26/DDX46/RBM25/SRSF7/RBM8A/RBMXL1/PHF5A/SF3A2/SRSF1/CDC5L/TIAL1/SF3B2/TRA2B/THOC6/RBM14/ILF3/IK/SNRPA1/SAP18/SNU13/PRPF4/FMR1/SNRPA/HNRNPU/SNRPB/UBL5/NCBP2/PABPC1/PRPF3/SART1/SNRNP70/RBM15/KHDRBS1/PQBP1/HNRNPR/SYNCRIP/PLRG1/SNRPB2/RBM12/PPIL1/PRPF40A/RALY/PTBP3/CDK11B/PRPF6/FUS/CWC15/RPS13/PNN/HNRNPH1/HNRNPH2/HNRNPH3/YBX1/PRMT1/SF3B1/HNRNPF/SF3B3/CTNNBL1/LUC7L2/LUC7L/PRPF8/TARDBP/CELF2/HNRNPK/SRSF10/HNRNPC/SON/HNRNPUL2/XAB2/RBM17/U2AF1/HNRNPUL1/RNPS1/SF3A1/NCBP1/IWS1/LUC7L3/SRSF2/HSPA8/DDX23/MBNL1/SMU1/SF1/LSM2/MAGOHB/LSM7/SNRPG/SNRPC/QKI/SNW1/PPWD1/MFAP1/LARP7/SFPQ/DAZAP1/FAM98A/MTREX/HNRNPL/SF3A3/SNRNP40/RBM22/HNRNPA3/HNRNPA1/STRAP/EIF4A3/ZNF830/C1QBP/TRA2A/DHX15/ISY1/PRMT5/DDX39A/DDX39B/SNRNP200/U2AF2/DHX9/ALYREF/PIK3R1/PPIG/HNRNPA2B1/SART3/HTATSF1/SNRPD1/SNRPE/USP39,0.6435518361507222
GO:0006310,DNA recombination,72,0.4905637297327361,1.4717228613779492,0.003054422129360029,0.02419366017572224,0.01729927902402754,1728,"tags=68%, list=41%, signal=41%",H2AX/HMGB1/UBE2N/H1-2/H1-3/H1-4/KPNA1/H1-5/H1-1/TFRC/SAMHD1/PARP1/APEX1/TOP2B/H1-10/FEN1/MCM6/FUS/CHD4/MCM3/PRMT1/HMGB2/PRKDC/HDGFL2/PCYT1A/RUVBL2/PDS5B/TP53BP1/PPP4C/RECQL/ACTB/YY1/RAD50/NBN/XRCC1/SFPQ/INTS3/RAD21/MCM7/MCM2/C1QBP/MCM5/RPA1/MCM4/HTATSF1/ACTR2/EXOSC6/XRCC6/MRE11,0.4317076958033464
GO:0070371,ERK1 and ERK2 cascade,80,0.4919107814336928,1.4710034102630027,0.001394526231372274,0.013436123558330572,0.009607279293362712,622,"tags=28%, list=15%, signal=24%",PTPRC/GBP1/LGALS9/PTPN6/CSK/HMGB1/NAMPT/NHERF1/FGG/ICAM1/CD74/PTPN1/LYN/SRC/EIF3A/FN1/GLIPR2/RAP1A/CD44/FGB/CDK1/FGA,0.45505986738722953
GO:0048872,homeostasis of number of cells,80,0.49170091818712675,1.4703758380221834,0.0014384474236087345,0.013536159088830912,0.009678808055107433,1484,"tags=57%, list=35%, signal=38%",STAT1/LGALS9/CASP3/PSMA4/HMGB1/ACIN1/PSMB8/CD74/RPS17/RPS19/PSMA2/PSMA3/LYN/RPS24/OCIAD1/PSMB2/PSMA7/CDK6/PTBP3/PSMB1/GLUL/PSMB9/NCKAP1L/PRMT1/HMGB2/PSMB4/STAT5B/PRKDC/PSMA1/RPS14/CDK5RAP3/SLC25A5/HMOX1/PSMB10/PSMA6/HSPA9/WDR37/UFL1/DOCK11/ADAM17/FAS/SLC1A5/SPRR2A/PPP2CA/G6PD/PSMB3,0.45505986738722953
GO:0002460,adaptive immune response based on somatic recombination of immune receptors built from immunoglobulin superfamily domains,95,0.4899723377308861,1.4687083929792926,6.078989585641357e-4,0.007605644924762652,0.005438291385243875,1498,"tags=55%, list=35%, signal=36%",PTPRC/HLA-A/HLA-C/LGALS9/HLA-DRB1/PSMA4/CYRIB/HMGB1/PSMB8/CD74/HLA-B/HLA-E/HLA-G/CTSC/TFRC/MYO1G/STX7/PSMA2/PSMA3/CLU/PSMB2/HLA-DRB3/C4BPA/PSMA7/HLA-DRA/PSMB1/PSMB9/NCKAP1L/C1S/YWHAG/C1QA/PSMB4/STAT5A/RFTN1/PCYT1A/PSMA1/TP53BP1/PSMB10/PSMA6/MAPK3/C1QC/PRKAA1/UFL1/NBN/ADAM17/C1QB/PLA2G4A/C1R/C1RL/C1QBP/PSMB3/BTN3A3,0.47727081536286214
GO:0034976,response to endoplasmic reticulum stress,110,0.47754919354199743,1.4663676728391746,6.407196526805676e-4,0.0079262060404641,0.005667503341785186,1223,"tags=46%, list=29%, signal=34%",DNAJC3/CALR/MANF/BAX/HM13/ERO1A/PDIA3/VAPB/DNAJC10/MARCKS/HYOU1/ATP2A1/ATP2A2/PTPN1/STT3B/DDRGK1/ERP29/TMCO1/SEC61B/ATP2A3/UBXN1/CLU/EIF4G1/TBL2/PDIA4/NCK1/HSP90B1/TMEM33/DERL1/TRIM25/SYVN1/NCK2/TARDBP/CEBPB/BCAP31/TMX1/USP14/ATAD3A/CDK5RAP3/EIF2S1/GET4/EIF2B5/GORASP2/CANX/SEL1L/EEF2/ERP44/P4HB/UFL1/ERLEC1/THBS1,0.47727081536286214
GO:0044092,negative regulation of molecular function,72,0.4884867182790852,1.4654916929192714,0.003271044300754176,0.02554198422078261,0.018263375969297148,1201,"tags=44%, list=28%, signal=32%",PTPRC/IFI16/SERPINB1/ADAR/PRDX3/BAX/UBLCP1/PTPN1/LYN/FMR1/HNRNPU/SNX6/ROCK1/ABCE1/PPP1R12A/DNAJA1/TMBIM1/NES/YWHAG/SERPINB8/TIMP1/SERPINB13/GNAI3/CDK5RAP3/STK38/CALM1/CALM2/CALM3/TMED2/GNAI2/SFN/CHMP6,0.4317076958033464
GO:0099072,regulation of postsynaptic membrane neurotransmitter receptor levels,40,0.5235724022883492,1.4651014324551395,0.007043579740949222,0.044826481472746205,0.03205243873932721,989,"tags=42%, list=23%, signal=33%",AP3M1/RAB8A/RDX/TFRC/SACM1L/SNX6/RAP1A/GRIPAP1/SNX27/EPB41L3/HSP90AA1/ADAM10/AP2S1/HIP1/RALA/AP2M1/VPS35,0.40701791892395395
GO:0006605,protein targeting,79,0.4932060150847886,1.4639091420200359,7.983124425615343e-4,0.00896879591081887,0.006412990090953905,1110,"tags=47%, list=26%, signal=35%",ITGB2/M6PR/ITGAM/IGF2R/YIF1B/AP3M1/SRP72/CHMP4B/HGS/CHMP4A/PML/SRP9/NACA/SPCS1/SEC61B/PAK1/SEC63/CLU/SRP68/CDC37/STOM/SPCS3/SRP14/SRPRB/SRPRA/SEC61A1/SRP54/SPCS2/AP3D1/SEC62/ARL6IP1/GET4/RPL11/SQSTM1/SSR1/SSR4/HSPA8,0.47727081536286214
GO:0034620,cellular response to unfolded protein,36,0.5238996608927109,1.4580370861838639,0.01383756823713276,0.07324597417828446,0.052373329851444564,966,"tags=44%, list=23%, signal=35%",DNAJC3/MANF/BAX/VAPB/DNAJC10/PTPN1/DDRGK1/TBL2/NCK1/TMEM33/DERL1/OPTN/NCK2/ATAD3A/CDK5RAP3/EIF2S1,0.3807304007227924
GO:0034101,erythrocyte homeostasis,41,0.5225025095497494,1.4578811328506627,0.006697887024528254,0.042874265197707026,0.030656538581523066,960,"tags=46%, list=23%, signal=36%",STAT1/CASP3/ACIN1/RPS17/RPS19/LYN/RPS24/CDK6/PTBP3/GLUL/NCKAP1L/PRMT1/HMGB2/STAT5B/PRKDC/RPS14/CDK5RAP3/SLC25A5/HMOX1,0.40701791892395395
GO:0032640,tumor necrosis factor production,65,0.49419463074175657,1.4545268452427604,0.002759429827440939,0.022176147737317325,0.015856689917918016,1337,"tags=49%, list=32%, signal=34%",PTPRC/LGALS9/PTPN6/PSMA4/CYBB/HMGB1/PSMB8/OAS3/HLA-E/CD47/PSMA2/PSMA3/FXR1/CLU/PSMB2/HDAC2/PSMA7/RIGI/PSMB1/PSMB9/PLCG2/PSMB4/ADAM10/PSMA1/CYBA/PSMB10/PSMA6/FRMD8/CD14/THBS1/RAD21/ADAM17,0.4317076958033464
GO:0032680,regulation of tumor necrosis factor production,65,0.49419463074175657,1.4545268452427604,0.002759429827440939,0.022176147737317325,0.015856689917918016,1337,"tags=49%, list=32%, signal=34%",PTPRC/LGALS9/PTPN6/PSMA4/CYBB/HMGB1/PSMB8/OAS3/HLA-E/CD47/PSMA2/PSMA3/FXR1/CLU/PSMB2/HDAC2/PSMA7/RIGI/PSMB1/PSMB9/PLCG2/PSMB4/ADAM10/PSMA1/CYBA/PSMB10/PSMA6/FRMD8/CD14/THBS1/RAD21/ADAM17,0.4317076958033464
GO:0071706,tumor necrosis factor superfamily cytokine production,65,0.49419463074175657,1.4545268452427604,0.002759429827440939,0.022176147737317325,0.015856689917918016,1337,"tags=49%, list=32%, signal=34%",PTPRC/LGALS9/PTPN6/PSMA4/CYBB/HMGB1/PSMB8/OAS3/HLA-E/CD47/PSMA2/PSMA3/FXR1/CLU/PSMB2/HDAC2/PSMA7/RIGI/PSMB1/PSMB9/PLCG2/PSMB4/ADAM10/PSMA1/CYBA/PSMB10/PSMA6/FRMD8/CD14/THBS1/RAD21/ADAM17,0.4317076958033464
GO:1903555,regulation of tumor necrosis factor superfamily cytokine production,65,0.49419463074175657,1.4545268452427604,0.002759429827440939,0.022176147737317325,0.015856689917918016,1337,"tags=49%, list=32%, signal=34%",PTPRC/LGALS9/PTPN6/PSMA4/CYBB/HMGB1/PSMB8/OAS3/HLA-E/CD47/PSMA2/PSMA3/FXR1/CLU/PSMB2/HDAC2/PSMA7/RIGI/PSMB1/PSMB9/PLCG2/PSMB4/ADAM10/PSMA1/CYBA/PSMB10/PSMA6/FRMD8/CD14/THBS1/RAD21/ADAM17,0.4317076958033464
GO:0007162,negative regulation of cell adhesion,96,0.48386973525846666,1.4527021611574111,7.194371653679127e-4,0.00833789809547444,0.005961876978509485,1029,"tags=36%, list=24%, signal=28%",PTPRC/GBP1/LGALS9/HLA-DRB1/CSK/PSMA4/HMGB1/YTHDF2/PSMB8/LAMB1/MMP14/CFL1/HLA-E/HLA-G/PRKCD/PTPN1/SWAP70/PSMA2/PSMA3/SRC/PRKAR1A/PSMB2/WNK1/PSMA7/PSMB1/PSMB9/PSMB4/STAT5A/ADAM10/CEBPB/TMX1/PSMA1/MIA3/PLXNB2/PSMB10,0.47727081536286214
GO:0000082,G1/S transition of mitotic cell cycle,70,0.48697632556791176,1.4524873079928942,0.004919634331006501,0.03418925641710563,0.024446465813264574,1548,"tags=56%, list=37%, signal=36%",PSME1/PSME2/PTPN6/PSMA4/RDX/SMARCC2/GSPT1/PSMA2/PSMA3/KHDRBS1/EIF4G1/PSMB2/PSMA7/CDK2/CDK6/CDK1/BCL7C/CUL1/PSMB1/SMARCD2/SMARCE1/RCC1/PSMB4/PRKDC/PSME3/PSMA1/DPF2/PSMA6/ACTB/EIF4E/SMARCA2/ADAM17/RRM1/CUL4B/CUL4A/PPP2CA/PSMB3/SMARCC1/CRLF3,0.40701791892395395
GO:0000724,double-strand break repair via homologous recombination,43,0.5114277776798795,1.4518160896564565,0.014703716680603681,0.0756485610530124,0.054091260103564597,1728,"tags=72%, list=41%, signal=43%",UBE2N/SAMHD1/PARP1/FEN1/MCM6/FUS/CHD4/MCM3/PRMT1/HDGFL2/RUVBL2/PDS5B/TP53BP1/PPP4C/RECQL/ACTB/YY1/RAD50/NBN/SFPQ/INTS3/RAD21/MCM7/MCM2/C1QBP/MCM5/RPA1/MCM4/HTATSF1/ACTR2/MRE11,0.3807304007227924
GO:0070936,protein K48-linked ubiquitination,22,0.552242898835636,1.4499087142634794,0.029473684210526315,0.12153755174452986,0.08690342859472035,1184,"tags=45%, list=28%, signal=33%",TRIM21/UBR4/MYCBP2/CUL1/TRIM25/SYVN1/NT5C2/UBE2D3/UBE2K/UBE3A,0.27128855468895297
GO:1903131,mononuclear cell differentiation,110,0.47067582754381476,1.4452622415252367,9.527156903938701e-4,0.010009904333845986,0.007157417555562357,904,"tags=38%, list=21%, signal=31%",PTPRC/LGALS9/IFI16/HLA-DRB1/PSMA4/HMGB1/ACIN1/PSMB8/AP3B1/MMP14/CD74/HLA-B/HLA-G/NPM1/SMARCC2/PARP1/DDRGK1/CLPTM1/PSMA2/PSMA3/LYN/TOP2B/SART1/MYH9/CDC42/PSMB2/PSMA7/CDK6/LCK/HLA-DRA/PSMB1/SMARCD2/PSMB9/NCKAP1L/SMARCE1/SYVN1/PLCG2/PSMB4/STAT5A/CEBPB/PRKDC/PSMA1,0.47727081536286214
GO:0061013,regulation of mRNA catabolic process,83,0.48185001365345514,1.436831471558026,0.0034409012901304463,0.026387641621813455,0.018868049393364113,717,"tags=36%, list=17%, signal=31%",LSM6/THRAP3/YTHDF3/YTHDF2/YTHDF1/BCLAF1/NPM1/RBM8A/CAPRIN1/SRSF1/PRKCD/APEX1/FMR1/FXR1/FXR2/HNRNPU/PABPC1/DIS3/SYNCRIP/ZC3HAV1/ROCK1/SERBP1/SLIRP/LARP1/FUS/PNN/CSDE1/PAIP1/MYD88/YBX1,0.4317076958033464
GO:0010717,regulation of epithelial to mesenchymal transition,24,-0.3440287010044286,-1.4342668513313725,0.029028994749486316,0.12060725743088466,0.0862382369375124,220,"tags=21%, list=5%, signal=20%",CTNNB1/VASN/SFRP1/DSG2/COL1A1,0.35248785758361917
GO:0006986,response to unfolded protein,57,0.492277190501773,1.4340298654291808,0.007852179553107174,0.04856881847174718,0.03472833529559217,1258,"tags=54%, list=30%, signal=39%",DNAJC3/MANF/BAX/VAPB/DNAJC10/PTPN1/STT3B/DDRGK1/HSPH1/TBL2/NCK1/DNAJA1/TMEM33/DERL1/HSP90AA1/HSP90AB1/OPTN/NCK2/ATAD3A/CDK5RAP3/EIF2S1/SERPINH1/HSPA2/HSPA8/HSPA4/ERP44/UFL1/ERLEC1/THBS1/DNAJB4/DNAJB1,0.3807304007227924
GO:0002687,positive regulation of leukocyte migration,47,0.5063461499846187,1.4318338289314831,0.012977667699100132,0.07038626668329678,0.050328543013753196,1437,"tags=53%, list=34%, signal=36%",LGALS9/CALR/HMGB1/ICAM1/RAC1/RAC2/MMP14/CD74/CD47/SWAP70/WNK1/NCKAP1L/MCU/ADAM10/MIA3/ANO6/LGMN/MAPK1/MAPK3/STK39/P4HB/THBS1/ADAM17/RHOA/C1QBP,0.3807304007227924
GO:0034502,protein localization to chromosome,43,0.5035900009434457,1.4295665935013766,0.020603559077916566,0.0961208412914667,0.06872962757383652,1843,"tags=77%, list=43%, signal=44%",H2AC8/H2AX/H2AC4/PML/PARP1/IK/PRKACA/CDK2/CDK1/MACROH2A1/VCPIP1/VRK1/TP53BP1/NBN/RAD21/RPA1/HTATSF1/RCC2/H4C16/H4C15/H4C9/H4C1/H4C4/H4C6/H4C12/H4C11/H4C3/H4C8/H4C2/H4C5/H4C13/H4C14/TERF2,0.35248785758361917
GO:0000018,regulation of DNA recombination,32,0.5229868200898863,1.4295223657778864,0.028659160696008188,0.11952172699357962,0.08546204624178382,1263,"tags=56%, list=30%, signal=40%",H1-2/H1-3/H1-4/KPNA1/H1-5/H1-1/TFRC/PARP1/H1-10/FUS/PRMT1/HDGFL2/RUVBL2/TP53BP1/PPP4C/ACTB/RAD50/NBN,0.27128855468895297
GO:0000725,recombinational repair,45,0.5030884184018988,1.4287679218184373,0.010304980356508993,0.059092621731856254,0.04225320783113702,1728,"tags=71%, list=41%, signal=43%",UBE2N/SAMHD1/PARP1/FEN1/MCM6/FUS/CHD4/MCM3/PRMT1/HDGFL2/RUVBL2/PDS5B/TP53BP1/PPP4C/RECQL/ACTB/YY1/RAD50/NBN/SFPQ/INTS3/RAD21/MCM7/MCM2/C1QBP/MCM5/RPA1/MCM4/HTATSF1/ACTR2/XRCC6/MRE11,0.3807304007227924
GO:0010565,regulation of ketone metabolic process,31,0.5245984733520448,1.4287120766970303,0.028063997528135418,0.11838490911293904,0.084649183302738365,391,"tags=26%, list=9%, signal=24%",NME1/PLAA/CD74/FABP5/EIF6/NME2/UBR4/CPT1A,0.35248785758361917
GO:0002449,lymphocyte mediated immunity,87,0.4781683258531486,1.4283753664493681,0.0011109339154334904,0.011325354082335861,0.008098008275442296,1135,"tags=43%, list=27%, signal=32%",CORO1A/PTPRC/HLA-A/HLA-C/LGALS9/HLA-DRB1/CYRIB/SERPINB9/HMGB1/CD74/HLA-B/HLA-E/HLA-G/CTSC/TFRC/GRB2/MYO1G/STX7/CLU/HLA-DRB3/C4BPA/HLA-DRA/SERPINB4/NCKAP1L/C1S/YWHAG/AP1G1/C1QA/RFTN1/VAMP7/PCYT1A/KIF5B/LAMP1/TP53BP1/MAPK3/C1QC/PRKAA1,0.45505986738722953
GO:0097529,myeloid leukocyte migration,59,0.487210005413707,1.4261608100435739,0.006196779004021639,0.040370731854602514,0.028866428216503506,1117,"tags=39%, list=26%, signal=29%",ITGB2/S100A8/HMGB1/RAC1/RAC2/MMP14/CD74/CD47/PECAM1/BSG/SWAP70/RPS19/LYN/PPIB/NCKAP1L/SRP54/MCU/WDR1/ANO6/MPP1/LGMN/MAPK1/MAPK3,0.40701791892395395
GO:0006941,striated muscle contraction,90,0.478188058500384,1.4223759462204608,0.001815405602807449,0.016348281933881152,0.011689570271036342,1429,"tags=63%, list=34%, signal=43%",RPL31/RPL7A/RPL21/RPL34/RPL23A/RPL6/RPL13A/RPL32/RPL17/RPL18A/RPL10/RPL27A/RPL27/RPL19/ATP2A1/ATP2A2/RPL5/RPL24/RPL37A/RPL7/FKBP1A/EHD3/PRKACA/RPL4/GSTO1/RPL28/CLIC2/RPL29/RPL30/FLNA/DSC2/RPL14/CAMK2D/HSP90AA1/RPL35A/RPL18/RPL12/RPL11/CALM1/CALM2/CALM3/RPL36A/RPL15/RPL3L/RPL35/RPL8/RPL10A/EEF2/RPL23/ATP1A1/RPL13/ATP1A2/MYH3/MYH6/MYH7/MYH7B/TNNC2,0.45505986738722953
GO:0043086,negative regulation of catalytic activity,52,0.4931964332634234,1.4220732238960399,0.008134150618546228,0.049804093689714314,0.03561159853529509,1266,"tags=48%, list=30%, signal=34%",PTPRC/SERPINB1/ADAR/PRDX3/PTPN1/LYN/HNRNPU/SNX6/ABCE1/PPP1R12A/DNAJA1/TMBIM1/NES/YWHAG/SERPINB8/TIMP1/SERPINB13/GNAI3/CDK5RAP3/STK38/TMED2/GNAI2/SFN/CHMP6/XRCC1,0.3807304007227924
GO:0006638,neutral lipid metabolic process,33,-0.30682914853727605,-1.4209397995466986,0.02788523357970644,0.11838490911293904,0.084649183302738365,460,"tags=39%, list=11%, signal=35%",FABP7/FITM2/GPLD1/APOE/CAV1/AGPAT2/PLIN1/ABHD5/MGLL/APOB/LIPE/ACSL1/APOA4,0.35248785758361917
GO:0006639,acylglycerol metabolic process,33,-0.30682914853727605,-1.4209397995466986,0.02788523357970644,0.11838490911293904,0.084649183302738365,460,"tags=39%, list=11%, signal=35%",FABP7/FITM2/GPLD1/APOE/CAV1/AGPAT2/PLIN1/ABHD5/MGLL/APOB/LIPE/ACSL1/APOA4,0.35248785758361917
GO:0043409,negative regulation of MAPK cascade,40,0.5057414592514652,1.4152054866963764,0.015414790922987533,0.07785176516609758,0.055666624989337124,945,"tags=32%, list=22%, signal=25%",PTPRC/GBP1/CSK/NHERF1/PRKCD/PTPN1/LYN/EIF3A/DNAJA1/PRMT1/TAOK3/CDK5RAP3/STK38,0.3807304007227924
GO:0002262,myeloid cell homeostasis,46,0.4951284344589535,1.413942112528212,0.013981415854046126,0.07365329595839609,0.05266457859493917,960,"tags=43%, list=23%, signal=34%",STAT1/CASP3/HMGB1/ACIN1/RPS17/RPS19/LYN/RPS24/CDK6/PTBP3/GLUL/NCKAP1L/PRMT1/HMGB2/STAT5B/PRKDC/RPS14/CDK5RAP3/SLC25A5/HMOX1,0.3807304007227924
GO:2000045,regulation of G1/S transition of mitotic cell cycle,55,0.48877685189842895,1.4134241311802358,0.015306345157700183,0.07785176516609758,0.055666624989337124,1548,"tags=55%, list=37%, signal=35%",PSME1/PSME2/PTPN6/PSMA4/RDX/SMARCC2/PSMA2/PSMA3/EIF4G1/PSMB2/PSMA7/CDK2/BCL7C/PSMB1/SMARCD2/SMARCE1/PSMB4/PRKDC/PSME3/PSMA1/DPF2/PSMA6/ACTB/SMARCA2/ADAM17/RRM1/PPP2CA/PSMB3/SMARCC1/CRLF3,0.3807304007227924
GO:0044703,multi-organism reproductive process,39,0.50156840316357,1.4123726479197558,0.039634146341463415,0.14742295649307846,0.10541236176740271,326,"tags=21%, list=8%, signal=19%",APOL2/ARHGDIB/LGALS9/CALR/YTHDF3/IGFBP7/PARP1/BSG,0.22798720285044224
GO:0044706,multi-multicellular organism process,39,0.50156840316357,1.4123726479197558,0.039634146341463415,0.14742295649307846,0.10541236176740271,326,"tags=21%, list=8%, signal=19%",APOL2/ARHGDIB/LGALS9/CALR/YTHDF3/IGFBP7/PARP1/BSG,0.22798720285044224
GO:1901606,alpha-amino acid catabolic process,40,-0.2857447702131648,-1.4105991492267982,0.03335059828767397,0.13208276516089582,0.09444361011056608,510,"tags=40%, list=12%, signal=36%",DDAH1/HIBADH/HIBCH/GLUD1/HMGCL/MCCC2/GPT/ARG1/MCCC1/ALDH7A1/SHMT1/ASS1/ACAT1/BLMH/ACAD8/ALDH6A1,0.3217759180753611
GO:0061844,antimicrobial humoral immune response mediated by antimicrobial peptide,29,0.517686482176738,1.4104700944624116,0.03483606557377049,0.1355282975149163,0.09690728138418041,765,"tags=31%, list=18%, signal=26%",DEFA1/DEFA3/DEFA1B/H2BC12/KRT6A/RPS19/H2BC26/RPL30/FAU,0.24504178543099617
GO:0017157,regulation of exocytosis,66,0.48031534464589604,1.4084370339208108,0.003451244680782141,0.026387641621813455,0.018868049393364113,1164,"tags=45%, list=27%, signal=33%",ITGB2/LGALS9/ITGAM/VAMP8/FGG/RAC2/RAB3D/HGS/RAP1B/LYN/FMR1/RAP1A/RAB27A/FGB/MICAL1/CDK5/FGR/FGA/RAB3GAP1/NCKAP1L/AP1G1/VAMP7/NSF/RALA/LAMP1/CALM3/STXBP2/VAMP2/GNAI2/PRKCB,0.4317076958033464
GO:0045088,regulation of innate immune response,174,0.4530192703469326,1.4059459277383424,2.452764337297889e-4,0.003913758746905762,0.0027984688593498436,1152,"tags=39%, list=27%, signal=30%",CTSS/GBP2/HLA-A/HLA-C/LGALS9/PTPN6/IFI16/MNDA/SERPINB9/S100A8/HMGB1/GRN/YTHDF3/YTHDF2/TRIM21/AP3B1/OAS3/HLA-B/HLA-E/HLA-G/PCBP2/RALB/GRB2/SAMHD1/WDFY1/PARP1/PTPN1/MATR3/RBM14/CASP1/RELA/RPS19/PAK2/CPT1A/HCK/LYN/SRC/EIF2AK2/PAK1/DDX60/PQBP1/ZC3HAV1/CDC37/RIGI/FGR/SERPINB4/STING1/HSP90B1/ERAP1/MYD88/TRIM25/HSP90AA1/PLCG2/AP1G1/HMGB2/PRKDC/RFTN1/CYBA/UBE2K/LAMP1/RPS6KA3/SQSTM1/USP15/CFP/HSPA8/SFN/YWHAE/YWHAZ,0.49849310876659025
GO:0000086,G2/M transition of mitotic cell cycle,31,0.5162331034578673,1.4059294999245877,0.037879199260811416,0.14480902217414363,0.10354331099933782,1728,"tags=68%, list=41%, signal=40%",KHDRBS1/CDK2/CDK6/CDK1/NES/TAOK3/TAOK1/CDK5RAP3/DNM2/RAD50/NBN/INTS3/RAD21/ZNF830/RRM1/BRCC3/VPS4A/VPS4B/RCC2/GTPBP4/MRE11,0.3217759180753611
GO:0035967,cellular response to topologically incorrect protein,43,0.49506416795141794,1.4053638769971948,0.028643820098856087,0.11952172699357962,0.08546204624178382,966,"tags=40%, list=23%, signal=31%",DNAJC3/MANF/BAX/VAPB/DNAJC10/PTPN1/DDRGK1/UBR4/TBL2/NCK1/TMEM33/DERL1/OPTN/NCK2/ATAD3A/CDK5RAP3/EIF2S1,0.35248785758361917
GO:0006887,exocytosis,135,0.4608597064598358,1.4048427332347142,4.494806207952425e-4,0.006109606956735333,0.0043685740274124986,1167,"tags=40%, list=28%, signal=30%",CORO1A/ITGB2/LGALS9/ITGAM/VAMP8/SCAMP2/FGG/RAC2/RAB8A/RAB10/RAB12/RAB8B/RAB3D/HGS/RALB/SACM1L/RAB13/RAP1B/HCK/LYN/FMR1/PAK1/MYH9/RAP1A/RAB27A/FGB/MICAL1/CDK5/FGR/FGA/RAB3GAP1/NCKAP1L/VTI1B/VPS11/AP1G1/ANXA3/TMED10/SYNGR2/VAMP7/NSF/NAPA/RALA/MIA3/LAMP1/CALM3/PLEK/STXBP2/SCAMP3/VAMP2/VAMP3/GNAI1/GNAI2/PRKCB/YKT6,0.49849310876659025
GO:0045785,positive regulation of cell adhesion,162,0.45778064390095713,1.4015191458245975,2.5961992583849804e-4,0.004046147687744421,0.0028931313953460148,667,"tags=27%, list=16%, signal=24%",PTPRC/ITGB2/HLA-A/LGALS9/PTPN6/CALR/HLA-DPB1/HLA-DRB1/CSK/CYRIB/HMGB1/FGG/RAC1/AP3B1/LAMB1/CFL1/HLA-E/HLA-G/CD47/TFRC/SMARCC2/TGM2/CD63/HLA-DRB5/RELA/HSPH1/LYN/SRC/YES1/FN1/SART1/CD44/CDC42/FGB/ROCK1/HLA-DRB3/CDK6/LCK/NCK1/HLA-DRA/FGA/SMARCD2/FLNA/NCKAP1L,0.49849310876659025
GO:0002526,acute inflammatory response,30,0.5193408763737579,1.4012487998227934,0.0449438202247191,0.16297697368421052,0.1165340060899068,1006,"tags=30%, list=24%, signal=23%",APOL2/HLA-E/TFRC/CD163/FN1/LCN2/SAA4/CEBPB/ANO6,0.21392785549235627
GO:0030162,regulation of proteolysis,53,0.4847305383236495,1.3981291298959575,0.013120854678169184,0.07046859024714279,0.05038740712488316,987,"tags=34%, list=23%, signal=26%",CTSZ/SERPINB1/GRN/MMP14/CFL1/PTPN1/MYH9/HDAC2/ROCK1/CDK5/SERPINB4/CST3/SERPINB8/TIMP1/SERPINB13/SNX12/ENO1/IST1,0.3807304007227924
GO:0042326,negative regulation of phosphorylation,33,0.5100763655268428,1.3969127131190746,0.03268641470888662,0.130864518525397,0.09357252287884882,945,"tags=42%, list=22%, signal=33%",PTPRC/DNAJC3/ADAR/PRDX3/PTPN1/LYN/HNRNPU/SNX6/DNAJA1/YWHAG/TARDBP/PRKDC/CDK5RAP3/STK38,0.2529611230696109
GO:0042254,ribosome biogenesis,140,0.4557780846750423,1.3957780761491885,6.964330571131685e-4,0.008239469788495182,0.0058914974355246865,1778,"tags=64%, list=42%, signal=38%",LSM6/RPL7A/RPL26/RPS3A/YTHDF2/RPS21/NPM1/RPS11/RPS23/RPL27/EIF6/RPS15/RPS17/RPS19/NOP58/RPL5/RPL7/EIF2A/SNU13/DKC1/RPS24/SART1/DIS3/PA2G4/RPS12/NMD3/DDX21/RPS9/GLUL/RPS13/RPL14/EIF1AX/RRP1/XRN2/RPS16/EIF5/FBL/FAU/RPL35A/PRKDC/RPS25/RPS8/RPS14/FTSJ3/NOP56/RPL11/PIN4/NOP2/MYBBP1A/RPL35/EXOSC9/RPS27/EIF5B/NUP88/DHX29/EXOSC1/SBDS/MTREX/WDR12/RPS7/EXOSC7/IMP3/TBL3/EIF4A3/C1QBP/CUL4B/CUL4A/RPS15A/PRMT5/EXOSC2/TCOF1/BOP1/EFL1/RPS28/GAR1/UTP6/LAS1L/NOC2L/RPS5/EXOSC6/DDX18/DCAF13/GTPBP4/DDX3X/GRWD1/UTP18/ZNF622/RPLP0/ERI1,0.47727081536286214
GO:1902107,positive regulation of leukocyte differentiation,45,0.49128285724268334,1.3952402028998951,0.025303643724696356,0.11128691741253655,0.07957388101099536,864,"tags=36%, list=20%, signal=29%",LGALS9/HLA-DRB1/HMGB1/ACIN1/AP3B1/MMP14/CD74/HLA-G/SMARCC2/DDRGK1/SART1/HLA-DRA/SMARCD2/NCKAP1L/SMARCE1/PRKDC,0.2878571172551493
GO:1903708,positive regulation of hemopoiesis,45,0.49128285724268334,1.3952402028998951,0.025303643724696356,0.11128691741253655,0.07957388101099536,864,"tags=36%, list=20%, signal=29%",LGALS9/HLA-DRB1/HMGB1/ACIN1/AP3B1/MMP14/CD74/HLA-G/SMARCC2/DDRGK1/SART1/HLA-DRA/SMARCD2/NCKAP1L/SMARCE1/PRKDC,0.2878571172551493
GO:0070374,positive regulation of ERK1 and ERK2 cascade,50,0.4915939197699859,1.3943344606376065,0.008142358641370188,0.049804093689714314,0.03561159853529509,622,"tags=26%, list=15%, signal=22%",PTPRC/LGALS9/HMGB1/NAMPT/FGG/ICAM1/CD74/SRC/GLIPR2/RAP1A/CD44/FGB/FGA,0.3807304007227924
GO:0007565,female pregnancy,38,0.5023110121029903,1.3938194080277233,0.025370586985056016,0.11128691741253655,0.07957388101099536,326,"tags=21%, list=8%, signal=20%",APOL2/ARHGDIB/LGALS9/CALR/YTHDF3/IGFBP7/PARP1/BSG,0.35248785758361917
GO:0044839,cell cycle G2/M phase transition,35,0.5005644341387907,1.3924477771879267,0.02836611378089557,0.11920263844567183,0.08523388722063797,1728,"tags=66%, list=41%, signal=39%",NPM1/KHDRBS1/CDK2/CDK6/CDK1/MACROH2A1/NES/TAOK3/TAOK1/CDK5RAP3/DNM2/RAD50/NBN/INTS3/RAD21/ZNF830/RRM1/BRCC3/VPS4A/VPS4B/RCC2/GTPBP4/MRE11,0.35248785758361917
GO:0050900,leukocyte migration,112,0.45998908699293933,1.3914618334017272,0.002009424672745018,0.017421347535642305,0.012456848191000677,1223,"tags=42%, list=29%, signal=31%",ITGB2/DEFA1/DEFA1B/LGALS9/CALR/MSN/S100A8/HMGB1/ICAM1/RAC1/RAC2/MMP14/CD74/CD47/PECAM1/BSG/MYO1G/SWAP70/RPS19/HCK/LYN/SRC/YES1/MYH9/PPIB/WNK1/ROCK1/LCK/STK10/NCKAP1L/SRP54/F11R/MCU/ANKRD22/ADAM10/HMOX1/WDR1/MIA3/ANO6/MPP1/LGMN/MAPK1/MAPK3/GNAI1/STK39/P4HB/THBS1,0.4317076958033464
GO:0044843,cell cycle G1/S phase transition,77,0.46746428861812017,1.3900906032255567,0.005866638348607313,0.03896961309469704,0.027864581278199935,1548,"tags=53%, list=37%, signal=34%",PSME1/PSME2/PTPN6/PSMA4/RDX/SMARCC2/GSPT1/DDRGK1/PSMA2/PSMA3/KHDRBS1/EIF4G1/PSMB2/PSMA7/CDK2/CDK6/CDK1/BCL7C/CUL1/PSMB1/SMARCD2/SMARCE1/PLCG2/RCC1/PSMB4/PRKDC/PSME3/PSMA1/DPF2/PSMA6/ACTB/EIF4E/SMARCA2/ADAM17/RRM1/CUL4B/CUL4A/PPP2CA/PSMB3/SMARCC1/CRLF3,0.40701791892395395
GO:1902749,regulation of cell cycle G2/M phase transition,25,0.5257449906554391,1.3878719557890509,0.046875,0.16865808823529413,0.12059619366602557,1728,"tags=72%, list=41%, signal=43%",NPM1/CDK1/MACROH2A1/TAOK3/TAOK1/CDK5RAP3/RAD50/NBN/INTS3/RAD21/ZNF830/RRM1/BRCC3/VPS4A/VPS4B/RCC2/GTPBP4/MRE11,0.21140018938492272
GO:0010212,response to ionizing radiation,33,0.5065986607169211,1.387388550876354,0.03677221654749745,0.1415601762894919,0.10122027715260092,592,"tags=30%, list=14%, signal=26%",PTPRC/RPL26/TOP1/CASP3/IFI16/H2AX/GRB2/PARP1/EEF1D/LCN2,0.2377938344236881
GO:0006302,double-strand break repair,85,0.47013982839455953,1.3864986116538252,0.0030977465446688996,0.02436156389771756,0.017419335820513606,1728,"tags=65%, list=41%, signal=39%",H2AX/HMGB1/UBE2N/UBE2V2/SMARCC2/PML/SAMHD1/PARP1/DEK/TOP2B/FEN1/OTUB1/MCM6/BCL7C/SMARCD2/FUS/CHD4/MCM3/PRMT1/SMARCE1/HMGB2/PRKDC/HDGFL2/DPF2/RUVBL2/PDS5B/TP53BP1/PPP4C/RECQL/ACTB/YY1/RAD50/PPP5C/NBN/XRCC1/SMARCA2/SFPQ/INTS3/RAD21/MCM7/PAXX/MCM2/C1QBP/MCM5/SMARCC1/BRCC3/RPA1/PARP9/PPP4R3A/MCM4/HTATSF1/ACTR2/XRCC6/SMARCA4/MRE11,0.4317076958033464
GO:0042274,ribosomal small subunit biogenesis,56,0.48301711732558894,1.3851010995324302,0.016119590021634374,0.08103958271150433,0.057946021525253584,974,"tags=41%, list=23%, signal=32%",LSM6/RPS3A/RPS21/NPM1/RPS11/RPS23/RPS15/RPS17/RPS19/NOP58/SNU13/RPS24/RPS12/RPS9/RPS13/RPS16/FBL/FAU/PRKDC/RPS25/RPS8/RPS14/NOP56,0.35248785758361917
GO:0030595,leukocyte chemotaxis,67,0.4710332509886804,1.3843401011447598,0.007415650182559886,0.04692316581033583,0.03355163841055631,1264,"tags=42%, list=30%, signal=30%",ITGB2/DEFA1/DEFA1B/LGALS9/CALR/S100A8/HMGB1/RAC1/RAC2/CD74/BSG/SWAP70/RPS19/LYN/PPIB/WNK1/NCKAP1L/SRP54/MCU/ADAM10/ANO6/MPP1/LGMN/MAPK1/MAPK3/STK39/THBS1/SBDS,0.40701791892395395
GO:0071248,cellular response to metal ion,44,0.49035741413101963,1.3838708000914648,0.01926352074415444,0.09261631589220104,0.06622377429292102,1312,"tags=52%, list=31%, signal=36%",MT1H/MT2A/MT1E/CALR/CYBB/HVCN1/PPIF/CLIC4/PARP1/CACYBP/FBP1/HSP90B1/CAMK2D/PLCG2/ALOX5AP/EIF2S1/SLC25A24/LGMN/PRKAA1/STK39/CPNE2/PPP5C/IQGAP1,0.35248785758361917
GO:0035966,response to topologically incorrect protein,66,0.47165090984972274,1.3830301611632494,0.005946316984476932,0.03896961309469704,0.027864581278199935,1258,"tags=50%, list=30%, signal=36%",DNAJC3/MANF/BAX/VAPB/DNAJC10/PTPN1/STT3B/DDRGK1/HSPH1/UBR4/CLU/TBL2/NCK1/DNAJA1/TMEM33/DERL1/HSP90AA1/HSP90AB1/OPTN/NCK2/ATAD3A/CDK5RAP3/EIF2S1/SERPINH1/HSPA2/HSPA8/HSPA4/ERP44/UFL1/ERLEC1/THBS1/DNAJB4/DNAJB1,0.40701791892395395
GO:1903313,positive regulation of mRNA metabolic process,59,0.4721669051444858,1.3821266567480108,0.013055184734835005,0.07045959996594775,0.05038097877209289,717,"tags=34%, list=17%, signal=29%",LSM6/THRAP3/RBMX/YTHDF3/YTHDF2/YTHDF1/CAPRIN1/TRA2B/FXR1/FXR2/HNRNPU/NCBP2/PABPC1/DIS3/SYNCRIP/ZC3HAV1/ROCK1/CSDE1/PAIP1/YBX1,0.3807304007227924
GO:0050729,positive regulation of inflammatory response,43,0.4867304488792322,1.3817065240654396,0.026262626262626262,0.1138391791935099,0.08139883384453665,1187,"tags=42%, list=28%, signal=30%",GBP1/GBP2/CASP3/VAMP8/S100A8/GRN/HLA-E/CD47/CASP1/RPS19/MGST2/PLCG2/CEBPB/VAMP7/TRADD/MAPK1/MAPK3/KARS1,0.2820133500117251
GO:2000779,regulation of double-strand break repair,44,0.4895251376647103,1.3815219764250177,0.019933539645735313,0.0941923912015218,0.06735072103602607,1728,"tags=66%, list=41%, signal=39%",UBE2N/UBE2V2/SMARCC2/PML/PARP1/DEK/TOP2B/OTUB1/BCL7C/SMARCD2/FUS/PRMT1/SMARCE1/PRKDC/HDGFL2/DPF2/RUVBL2/TP53BP1/PPP4C/ACTB/RAD50/NBN/SMARCA2/C1QBP/SMARCC1/PPP4R3A/ACTR2/SMARCA4/MRE11,0.35248785758361917
GO:0045739,positive regulation of DNA repair,45,0.4864320536188639,1.3814639513320899,0.032388663967611336,0.13014568988445285,0.09305853627492715,1728,"tags=67%, list=41%, signal=40%",H2AX/HMGB1/PCNA/UBE2N/UBE2V2/SMARCC2/PARP1/PRKCD/TOP2B/BCL7C/SMARCD2/FUS/PRMT1/SMARCE1/PRKDC/HDGFL2/DPF2/RUVBL2/ACTB/YY1/RAD50/NBN/SMARCA2/RPS3/SMARCC1/BRCC3/DHX9/ACTR2/SMARCA4/MRE11,0.2529611230696109
GO:0045471,response to ethanol,32,0.505215059373429,1.380945368332593,0.048106448311156604,0.17140841291450945,0.12256276811928497,1180,"tags=47%, list=28%, signal=34%",SOD2/CASP3/S100A8/CYBB/EEF1B2/PARP1/CPT1A/HDAC2/CDK1/TBXAS1/MYD88/CREB1/PRKAA1/RPL10A/EEF2,0.2065879226968911
GO:0008360,regulation of cell shape,55,0.476721120948709,1.378561880692785,0.024166619841791515,0.10937222971428351,0.0782048150451441,742,"tags=31%, list=18%, signal=26%",ITGB2/MSN/NHERF1/RAC1/RAC2/CFL1/RDX/FMNL1/HCK/FN1/MYH9/RHOG/EPB41L3/FGR/ARAP1/PALM2AKAP2/F11R,0.35248785758361917
GO:0022604,regulation of cell morphogenesis,74,0.4634221602622973,1.3747156680744583,0.015398096960380482,0.07785176516609758,0.055666624989337124,774,"tags=31%, list=18%, signal=26%",ITGB2/MSN/NHERF1/RAC1/RAC2/PLAA/CFL1/RDX/FMNL1/CAPRIN1/HCK/SRC/FN1/MYH9/CD44/RHOG/ARPIN/EPB41L3/FGR/ARAP1/PALM2AKAP2/F11R/CORO1B,0.3807304007227924
GO:0072594,establishment of protein localization to organelle,158,0.446842320335623,1.3726115094390487,3.816354633680138e-4,0.005528692699581357,0.003953200836644669,1367,"tags=44%, list=32%, signal=31%",M6PR/IGF2R/ADAR/AP3M1/SRP72/CHMP4B/KPNA1/H1-5/CFL1/NPM1/RAB10/RAB8B/HGS/CHMP4A/PARP1/PRKCD/SRP9/SPCS1/RANBP2/RGPD2/SEC61B/SEC13/SEC63/CLU/SRP68/SPCS3/SRP14/SRPRB/SRPRA/CDK1/MACROH2A1/RAB3GAP1/TIMM44/FLNA/SEC61A1/SRP54/SPCS2/AP3D1/NDUFA13/YWHAB/HSP90AA1/TARDBP/SEC62/MACROH2A2/RUVBL2/GET4/LAMP1/USP9X/STK3/STK4/SQSTM1/SSR1/SSR4/HSPA8/HSPA4/YWHAE/NUP85/IPO7/NUP88/NUP93/RPL23/ZFYVE16/MVB12A/PIK3C3/RAB7A/NUP50/NUP153/SSR3/RBM22/AGK,0.49849310876659025
GO:2001242,regulation of intrinsic apoptotic signaling pathway,67,0.46648914228758576,1.3709852225121315,0.00887054543057117,0.05366192592889482,0.038370078064591036,1022,"tags=39%, list=24%, signal=30%",SOD2/RPL26/S100A8/BAX/NHERF1/BCLAF1/PPIF/CD74/HYOU1/PARP1/PTPN1/TPT1/ERP29/SRC/EIF5A/CLU/CD44/LCK/NCK1/DNAJA1/SYVN1/NCK2/BCAP31/ENO1/YBX3/TP53BP1,0.3807304007227924
GO:0008154,actin polymerization or depolymerization,84,0.4581861029776539,1.3685822759027277,0.015076606528891758,0.07720625017818523,0.05520506010791857,1211,"tags=45%, list=29%, signal=33%",COTL1/LIMA1/CYRIB/ARPC5L/RAC1/ARPC3/CORO7/VASP/CYRIA/CFL1/ARPC5/RDX/ENAH/PRKCD/SWAP70/HCK/TWF1/CFL2/DSTN/MICAL1/CAPZA1/NCK1/DIAPH1/CAPZB/NCKAP1/NCKAP1L/FLII/ARPC2/SH3BP1/NCK2/WASHC5/WDR1/PDXP/PLEK/TMOD3/TWF2/PFN1/CAPG,0.3807304007227924
GO:0006282,regulation of DNA repair,64,0.4674079794891079,1.3674413469211177,0.011404918876321751,0.06374018113111801,0.045576368785065345,1728,"tags=62%, list=41%, signal=38%",UBE2V1/H2AX/HMGB1/PCNA/UBE2N/UBE2V2/SMARCC2/PML/PARP1/PRKCD/DEK/TOP2B/OTUB1/BCL7C/SMARCD2/FUS/PRMT1/SF3B3/SMARCE1/PRKDC/HDGFL2/DPF2/RUVBL2/TP53BP1/PPP4C/ACTB/YY1/RAD50/NBN/XRCC1/SMARCA2/C1QBP/RPS3/SMARCC1/BRCC3/DHX9/PPP4R3A/ACTR2/SMARCA4/MRE11,0.3807304007227924
GO:0002685,regulation of leukocyte migration,65,0.46362018346150535,1.3645393148626022,0.01426290138608492,0.0744239546259692,0.053215625407442985,1223,"tags=42%, list=29%, signal=30%",LGALS9/CALR/MSN/HMGB1/ICAM1/RAC1/RAC2/MMP14/CD74/CD47/SWAP70/LYN/WNK1/STK10/NCKAP1L/MCU/ADAM10/HMOX1/MIA3/ANO6/MPP1/LGMN/MAPK1/MAPK3/STK39/P4HB/THBS1,0.3807304007227924
GO:0030098,lymphocyte differentiation,85,0.4624111282421678,1.3637057500752339,0.005934424350507978,0.03896961309469704,0.027864581278199935,1337,"tags=47%, list=32%, signal=33%",PTPRC/HLA-DRB1/PSMA4/HMGB1/PSMB8/AP3B1/MMP14/CD74/HLA-G/SMARCC2/DDRGK1/CLPTM1/PSMA2/PSMA3/TOP2B/SART1/PSMB2/PSMA7/LCK/HLA-DRA/PSMB1/SMARCD2/PSMB9/NCKAP1L/SMARCE1/SYVN1/PLCG2/PSMB4/STAT5A/PRKDC/PSMA1/SLC25A5/PSMB10/PSMA6/ACTB/YY1/DOCK11/SMARCA2/TBK1/ADAM17,0.40701791892395395
GO:0042692,muscle cell differentiation,123,0.44837645443970053,1.3628599021173495,0.004090120068262493,0.030021481301046697,0.021466366724559826,1292,"tags=49%, list=30%, signal=35%",RPL31/RPL7A/RPL21/CASP3/CALR/RPL34/RPL23A/LAMB1/MMP14/RPL6/RPL13A/RPL32/RPL17/RPL18A/RPL10/RPL27A/RPL27/RPL19/KRT8/NACA/RPL5/RPL24/RPL37A/RPL7/EHD1/PAK1/CACYBP/MYL9/RPL4/RPL28/CDK1/RPL29/CSRP2/RPL30/FLNC/RPL14/FLII/ENG/DOCK2/RPL35A/RPL18/HDGFL2/RPL12/WDR1/RPL11/RPL36A/MECP2/RPL15/AKAP13/RPL3L/FBXO22/RPL35/TMOD3/RPL8/RPL10A/YY1/RPL23/QKI/FHL2/RPL13,0.40701791892395395
GO:0006417,regulation of translation,177,0.44030597046870407,1.361588689490017,5.229796955594046e-4,0.0067741252330694645,0.004843726897849424,1270,"tags=44%, list=30%, signal=32%",RPL26/DNAJC3/CALR/NCL/PKM/YTHDF3/YTHDF2/YTHDF1/RPL13A/RPL10/NPM1/RBM8A/EIF4B/CAPRIN1/PML/EIF6/SSB/SRP9/GSPT1/ILF3/RPL5/EIF3H/ABCF1/EIF2A/COA3/EIF2AK2/FMR1/FXR1/FXR2/EIF2S2/EIF5A/HNRNPU/NCBP2/PABPC1/KHDRBS1/SYNCRIP/EIF4G1/EIF4G3/EIF2S3/PA2G4/EIF4G2/SHMT2/SERBP1/PYM1/ABCE1/EIF3C/EIF2B4/LARP1/NCK1/SH3BGRL/EPRS1/CSDE1/PAIP1/YBX1/PRMT1/EIF5/AARS1/NCK2/BZW1/PRKDC/ETF1/EIF2S1/NCBP1/YBX3/EIF2B5/PLXNB2/RPS6KA3/EEF2/EIF5B/THBS1/ELP1/QKI/EIF4E/XRN1/METAP2/CNBP/DHX29/KRT17,0.47727081536286214
GO:0030218,erythrocyte differentiation,38,0.4903390881442253,1.3605995510803357,0.03850050658561297,0.14667494031404804,0.10487750509414419,957,"tags=42%, list=23%, signal=33%",STAT1/CASP3/ACIN1/RPS19/LYN/CDK6/PTBP3/GLUL/NCKAP1L/PRMT1/HMGB2/STAT5B/PRKDC/RPS14/CDK5RAP3/SLC25A5,0.2311267096738343
GO:0001818,negative regulation of cytokine production,77,0.4575371096576419,1.360570320017843,0.009368013195735353,0.05605533982882948,0.040081449331866414,521,"tags=23%, list=12%, signal=21%",PTPRC/GBP1/LGALS9/PTPN6/CASP3/HLA-DRB1/CSK/SERPINB1/HMGB1/RAC1/OAS3/CTPS1/PML/RELA/FXR1/FN1/PRKACA/BST2,0.3807304007227924
GO:0015833,peptide transport,57,0.46704129157385127,1.3605163380063383,0.02349996518544192,0.10735876211274503,0.0767651181331487,622,"tags=28%, list=15%, signal=24%",TAP2/HLA-DRB1/TAP1/NHERF1/FGG/RAC1/CD74/EIPR1/RAB8B/RAB1A/ACSL4/CPT1A/PRKACA/PRKACB/FGB/FGA,0.35248785758361917
GO:1902806,regulation of cell cycle G1/S phase transition,62,0.4649597254642602,1.3604538613466106,0.01664265275202863,0.08291203927594354,0.059284890813047865,954,"tags=37%, list=23%, signal=29%",PSME1/PSME2/PTPN6/PSMA4/RDX/SMARCC2/DDRGK1/PSMA2/PSMA3/EIF4G1/PSMB2/PSMA7/CDK2/BCL7C/PSMB1/SMARCD2/SMARCE1/PLCG2/PSMB4/PRKDC/PSME3/PSMA1/DPF2,0.35248785758361917
GO:0060326,cell chemotaxis,88,0.45301159788772954,1.3591781278475865,0.00900334512801591,0.05416766658986621,0.03873169961107864,835,"tags=31%, list=20%, signal=25%",ITGB2/DEFA1/DEFA1B/LGALS9/CALR/S100A8/HMGB1/RAC1/RAC2/CD74/RAB13/PRKCD/BSG/SWAP70/RPS19/LYN/PPIB/RHOG/WNK1/NCKAP1L/SRP54/ENG/CORO1B/MCU/ELMO2/HMGB2/ADAM10,0.3807304007227924
GO:0030518,nuclear receptor-mediated steroid hormone signaling pathway,43,0.4771270739447713,1.354444934348698,0.03535353535353535,0.13657628920786816,0.09765663061780443,1246,"tags=42%, list=29%, signal=30%",DEFA1/DEFA3/DEFA1B/CALR/SAFB/PARP1/DDRGK1/SRC/PAK1/HDAC1/HDAC2/YWHAH/VPS11/SAFB2/CARM1/UBE3A/UFL1/PPP5C,0.24133997681509095
GO:0043401,steroid hormone receptor signaling pathway,43,0.4771270739447713,1.354444934348698,0.03535353535353535,0.13657628920786816,0.09765663061780443,1246,"tags=42%, list=29%, signal=30%",DEFA1/DEFA3/DEFA1B/CALR/SAFB/PARP1/DDRGK1/SRC/PAK1/HDAC1/HDAC2/YWHAH/VPS11/SAFB2/CARM1/UBE3A/UFL1/PPP5C,0.24133997681509095
GO:0050779,RNA destabilization,44,0.47983987720161336,1.3541885482766691,0.03434343434343434,0.13456270893993313,0.09621685314555413,833,"tags=36%, list=20%, signal=30%",LSM6/YTHDF3/YTHDF2/YTHDF1/CAPRIN1/FXR1/FXR2/HNRNPU/PABPC1/DIS3/SYNCRIP/ROCK1/CSDE1/PAIP1/YBX1/TARDBP,0.24504178543099617
GO:0061157,mRNA destabilization,44,0.47983987720161336,1.3541885482766691,0.03434343434343434,0.13456270893993313,0.09621685314555413,833,"tags=36%, list=20%, signal=30%",LSM6/YTHDF3/YTHDF2/YTHDF1/CAPRIN1/FXR1/FXR2/HNRNPU/PABPC1/DIS3/SYNCRIP/ROCK1/CSDE1/PAIP1/YBX1/TARDBP,0.24504178543099617
GO:0006457,protein folding,125,0.44083341009802973,1.3501253689117005,0.005416692509309102,0.03658759786962774,0.02616136044602069,1559,"tags=54%, list=37%, signal=35%",DNAJC3/CALR/TBCB/SDF2L1/GRN/DNAJB11/PFDN2/PPIF/PPIE/TXNDC5/ERO1A/CD74/PDIA3/ERO1B/DNAJC10/ERP29/RP2/NUDC/RANBP2/HSPH1/FKBP1A/COA3/SNRNP70/CLU/TBCA/CDC37/PPIB/PPIL1/PDIA4/FKBP5/HSP90B1/PDIA5/DNAJA1/VBP1/P3H1/HSP90AA1/HSP90AB1/AHSA1/CRTAP/DNAJA2/DNAJC7/DNAJB6/CCT7/RUVBL2/LMAN1/CANX/HSPA2/HSPA8/HSPA9/HSPA4/PTGES3/ERP44/P4HB/TBCC/MPDU1/DNAJB4/DNAJB1/CCT4/CHORDC1/FKBP4/FKBP10/NUDCD2/PPIC/PDIA6/GFER/DNAJB12/CCT8/HSPA5,0.40701791892395395
GO:0000956,nuclear-transcribed mRNA catabolic process,67,0.4591417120251605,1.3493915402587224,0.025100401606425703,0.11128691741253655,0.07957388101099536,1675,"tags=61%, list=40%, signal=38%",LSM6/THRAP3/SNRPF/RBM8A/CAPRIN1/SSB/GSPT1/GSPT2/HNRNPU/SNRPB/NCBP2/PABPC1/DIS3/SYNCRIP/PYM1/CSDE1/PAIP1/YBX1/XRN2/ETF1/RNPS1/NCBP1/EXOSC9/LSM2/MAGOHB/LSM7/SNRPG/XRN1/SKIC8/CPSF2/EXOSC7/SKIC3/PELO/EIF4A3/EXOSC2/CNOT9/DHX9/PDE12/ALYREF/SNRPE/EXOSC6,0.2878571172551493
GO:0097530,granulocyte migration,38,0.4857725582142339,1.3479282819056586,0.047619047619047616,0.1707771056305258,0.12211136222302076,1223,"tags=42%, list=29%, signal=30%",ITGB2/S100A8/RAC1/RAC2/CD74/PECAM1/BSG/PPIB/NCKAP1L/SRP54/MCU/WDR1/MPP1/MAPK1/MAPK3/THBS1,0.2065879226968911
GO:0070555,response to interleukin-1,35,0.4827006812972908,1.3427551877030648,0.043522267206477734,0.15919606709080394,0.11383053097915195,1206,"tags=46%, list=28%, signal=33%",GBP1/GBP2/LGALS9/RBMX/CFL1/CD47/RELA/SRC/FGB/LCN2/MYD88/CEBPB/CYBA/MAPK3/CHI3L1/YY1,0.2165428367353482
GO:0051052,regulation of DNA metabolic process,144,0.4376327480860328,1.3417424133346103,0.0021192282350858353,0.0180873665645698,0.012933074149910791,1609,"tags=55%, list=38%, signal=35%",SMARCA5/CASP3/UBE2V1/H2AX/HMGB1/PCNA/UBE2N/BAX/H1-2/H1-3/H1-4/KPNA1/SUB1/H1-5/H1-1/UBE2V2/TFRC/SMARCC2/PML/PARP1/PRKCD/S100A11/DEK/SRC/HNRNPU/TOP2B/DKC1/CACYBP/H1-10/SSBP1/OTUB1/MCM6/CDK2/CDK1/BCL7C/SMARCD2/FUS/MCM3/PRMT1/HSP90AA1/SF3B3/SMARCE1/PRKDC/HDGFL2/YLPM1/HNRNPC/CCT7/DPF2/RUVBL2/TP53BP1/PPP4C/MAPK1/MAPK3/PTGES3/ACTB/SMC3/YY1/RAD50/XRN1/NBN/XRCC1/SMARCA2/CCT4/MCM7/MCM2/HNRNPA1/RFC2/C1QBP/RPS3/CUL4B/CUL4A/MCM5/SMARCC1/BRCC3/PDS5A/CCT8/DHX9/PPP4R3A/MCM4,0.4317076958033464
GO:0010563,negative regulation of phosphorus metabolic process,44,0.4752548377725902,1.341248798616031,0.03939393939393939,0.14742295649307846,0.10541236176740271,1201,"tags=45%, list=28%, signal=33%",PTPRC/DNAJC3/ADAR/PRDX3/PARP1/PTPN1/LYN/HNRNPU/PRKACA/SNX6/FBP1/DNAJA1/YWHAG/TARDBP/PRKDC/CDK5RAP3/STK38/PLEK/SFN/CHMP6,0.22798720285044224
GO:0045936,negative regulation of phosphate metabolic process,44,0.4752548377725902,1.341248798616031,0.03939393939393939,0.14742295649307846,0.10541236176740271,1201,"tags=45%, list=28%, signal=33%",PTPRC/DNAJC3/ADAR/PRDX3/PARP1/PTPN1/LYN/HNRNPU/PRKACA/SNX6/FBP1/DNAJA1/YWHAG/TARDBP/PRKDC/CDK5RAP3/STK38/PLEK/SFN/CHMP6,0.22798720285044224
GO:0006402,mRNA catabolic process,124,0.44222384019533034,1.3381743196090148,0.0051607911959701824,0.03532741079422319,0.025260284392147184,1334,"tags=48%, list=31%, signal=34%",LSM6/THRAP3/YTHDF3/YTHDF2/YTHDF1/SNRPF/BCLAF1/NPM1/RBM8A/CAPRIN1/SRSF1/SSB/PRKCD/APEX1/GSPT1/GSPT2/FMR1/FXR1/FXR2/HNRNPU/SNRPB/NCBP2/PABPC1/DIS3/SYNCRIP/ZC3HAV1/ROCK1/SERBP1/SLIRP/PYM1/LARP1/FUS/PNN/CSDE1/SND1/PAIP1/MYD88/YBX1/XRN2/TARDBP/HNRNPC/ETF1/RNPS1/NCBP1/YBX3/TAF15/EXOSC9/LSM2/MAGOHB/LSM7/SNRPG/QKI/SNW1/XRN1/HNRNPA0/SKIC8/CPSF2/EXOSC7/SKIC3,0.40701791892395395
GO:0017148,negative regulation of translation,60,0.45969842343647854,1.338132110775774,0.02710843373493976,0.11704464918497519,0.08369085247184425,717,"tags=30%, list=17%, signal=25%",DNAJC3/CALR/NCL/RPL13A/CAPRIN1/PML/EIF6/SRP9/ILF3/EIF2AK2/FMR1/FXR1/SYNCRIP/EIF4G1/SERBP1/LARP1/EPRS1/YBX1,0.2765005992544716
GO:0007015,actin filament organization,200,0.43251678194471344,1.3345681062921586,4.947108060074963e-4,0.006484245207312541,0.004636452950350837,814,"tags=34%, list=19%, signal=28%",CORO1A/COTL1/ARPC1B/CNN2/EFHD2/LIMA1/CYRIB/ARPC5L/CAP2/CAP1/ELMO1/RAC1/RAC2/ARPC3/CORO7/VASP/CYRIA/CFL1/ARPC5/MYO1B/CD47/RDX/MARCKS/ENAH/CALD1/PRKCD/CNN3/MYO1G/SWAP70/PAK2/HCK/SRC/TWF1/PAK1/CFL2/DSTN/MYL9/MYO1F/MYO1E/SHTN1/RHOG/CDC42/ROCK1/ARPIN/MICAL1/CAPZA1/NCK1/MYO5A/DIAPH1/HSP90B1/MARCKSL1/FLNA/ARAP1/CAPZB/NCKAP1/NCKAP1L/WASHC4/FLII/TPM4/F11R/ARPC2/ZYX/CORO1B/LCP1/ELMO2/SH3BP1/NCK2,0.47727081536286214
GO:0019058,viral life cycle,133,0.4368765772391545,1.331209550491543,0.005165951987166153,0.03532741079422319,0.025260284392147184,784,"tags=32%, list=19%, signal=27%",LGALS9/CTSB/IFI16/VAMP8/ADAR/HMGB1/TRIM21/ICAM1/CHMP4B/PPIE/OAS3/VAPB/VAPA/RAB43/RAB1A/RAB1B/IFITM3/TFRC/PCBP2/PCBP3/CHMP4A/SLC3A2/BSG/ILF3/SPCS1/DEK/SRC/EIF2AK2/FMR1/RAD23A/TOP2B/PABPC1/MYH9/ZC3HAV1/BST2/CDK1/LARP1/STAU1/IFIT1/F11R/TRIM25/HSP90AB1/SIGLEC1,0.40701791892395395
GO:0043549,regulation of kinase activity,58,0.45601678078071134,1.3308628663306736,0.03413654618473896,0.13456270893993313,0.09621685314555413,1948,"tags=67%, list=46%, signal=37%",PTPRC/ADAR/PRDX3/NHERF1/HGS/PTPN1/LYN/HNRNPU/SNX6/RAP1A/CDC37/PRKAR1A/RAP2B/FGR/DNAJA1/EEF1A2/MYD88/YWHAG/TAOK3/CDK5RAP3/STK38/SFN/CHMP6/SNX9/MAP2K1/MAP2K2/RHOA/CORO1C/VPS25/MTOR/BCCIP/ZNF622/RIPK1/PDCD10/PYCARD/FGF2/TLR3/THY1/NEK7,0.24504178543099617
GO:0006364,rRNA processing,101,0.4398108636481121,1.3295599480312648,0.009508191295564876,0.05658658711576718,0.040461308971984654,1701,"tags=56%, list=40%, signal=35%",LSM6/RPL7A/RPL26/YTHDF2/RPS21/RPL27/EIF6/RPS15/RPS17/RPS19/NOP58/RPL5/RPL7/SNU13/DKC1/RPS24/SART1/DIS3/PA2G4/DDX21/RPS13/RPL14/RRP1/XRN2/RPS16/FBL/RPL35A/PRKDC/RPS25/RPS14/FTSJ3/NOP56/RPL11/PIN4/NOP2/RPL35/EXOSC9/RPS27/EXOSC1/SBDS/MTREX/WDR12/RPS7/EXOSC7/IMP3/TBL3/EIF4A3/PRMT5/EXOSC2/BOP1/RPS28/GAR1/UTP6/LAS1L/EXOSC6/DDX18/DCAF13,0.3807304007227924
GO:0040029,epigenetic regulation of gene expression,81,0.449321891539545,1.3288573678092281,0.013365330693837671,0.07108806325562934,0.05083035111697976,618,"tags=28%, list=15%, signal=25%",SMARCA5/LBR/IFI16/H2AC8/H2AX/H2AZ1/H2AC21/H2AC19/H2AC4/H2AC18/HMGB1/H1-2/RBBP4/CBX3/APEX1/RBM14/HNRNPU/RBM15/HDAC1/HDAC2/CBX1/CDK2/MACROH2A1,0.3807304007227924
GO:1903706,regulation of hemopoiesis,115,0.43582532462242585,1.327799984752438,0.010013038164665271,0.05832992073701832,0.0417078510217178,1846,"tags=64%, list=44%, signal=37%",STAT1/LGALS9/HLA-DRB1/PSMA4/HMGB1/ACIN1/PSMB8/AP3B1/MMP14/CD74/HLA-B/HLA-G/SMARCC2/EIF6/DDRGK1/CLPTM1/PSMA2/PSMA3/LYN/SART1/RBM15/PSMB2/PSMA7/CDK6/HLA-DRA/PSMB1/SMARCD2/GLUL/PSMB9/NCKAP1L/PRMT1/SMARCE1/HMGB2/PSMB4/STAT5A/STAT5B/CEBPB/PRKDC/PSMA1/PSMB10/PSMA6/HSPA9/C1QC/ACTB/QKI/SMARCA2/SKIC8/RHOA/PSMB3/SMARCC1/CORO1C/BTK/PRKCA/MTOR/XRCC6/SMARCA4/H4C16/H4C15/H4C9/H4C1/H4C4/H4C6/H4C12/H4C11/H4C3/H4C8/H4C2/H4C5/H4C13/H4C14/IL18/LGALS1/RIPK1/ISG15,0.3807304007227924
GO:0016032,viral process,166,0.42927835535382414,1.3268623759678717,0.003657307407487435,0.027770313487197697,0.01985670618296212,852,"tags=33%, list=20%, signal=28%",STAT1/LGALS9/CTSB/IFI16/VAMP8/ADAR/HMGB1/TRIM21/ICAM1/CHMP4B/PPIE/OAS3/VAPB/VAPA/RAB43/RAB1A/RAB1B/IFITM3/TFRC/PCBP2/PCBP3/CHMP4A/SLC3A2/SSB/BSG/ILF3/SPCS1/DEK/SRC/EIF3A/EIF2AK2/FMR1/RAD23A/TOP2B/PABPC1/MYH9/ZC3HAV1/STOM/SPCS3/BST2/CDK1/MCTS1/LARP1/STAU1/IFIT1/CSDE1/PRMT1/EIF3G/F11R/TRIM25/HSP90AB1/SIGLEC1/RCC1/MAN2A1/PCBP1,0.4317076958033464
GO:0061014,positive regulation of mRNA catabolic process,47,0.4677605082694182,1.3227222515638422,0.04032258064516129,0.14897705130980732,0.10652359172058545,717,"tags=34%, list=17%, signal=29%",LSM6/YTHDF3/YTHDF2/YTHDF1/CAPRIN1/FXR1/FXR2/HNRNPU/PABPC1/DIS3/SYNCRIP/ZC3HAV1/ROCK1/CSDE1/PAIP1/YBX1,0.22496609354031377
GO:0051168,nuclear export,83,0.44271550317014546,1.320136037931086,0.025974025974025976,0.11303321184744111,0.08082254014186283,1692,"tags=54%, list=40%, signal=33%",CALR/ADAR/SRSF3/NPM1/RBM8A/EIF6/RPS15/SSB/THOC6/RANBP2/RGPD2/FMR1/NCBP2/KHDRBS1/WNK1/PABPN1/NMD3/WASHC4/NSUN2/SP100/CPSF6/RANBP1/NCBP1/ANP32B/IWS1/SFN/YWHAE/RANBP3/NUP85/NUP88/NUP93/MAGOHB/EIF4E/NUP153/RBM22/HNRNPA1/EIF4A3/CHTOP/DDX39A/DDX39B/DHX9/ALYREF/HNRNPA2B1/NCBP3/DDX19A,0.2820133500117251
GO:0098771,inorganic ion homeostasis,99,0.4386149705884544,1.3194635106277464,0.012537280067556326,0.06833438294247285,0.048861377272829125,1322,"tags=41%, list=31%, signal=29%",MT1H/MT2A/MT1E/CALR/BAX/VAPB/TFRC/ATP13A1/PML/TGM2/ATP2A1/ATP2A2/TPT1/TMCO1/ATP2A3/SLC30A7/PRKACA/WNK1/LCN2/CUL1/GLUL/ATP6V1G1/TBXAS1/CAMK2D/MCU/GLRX3/HMOX1/TMEM165/NPTN/PICALM/CUTC/YWHAE/STK39/LETM1/ATP1A1/FTL/ATP2C1/ATP1A2/ATP4A/BOLA2/BOLA2B,0.3807304007227924
GO:0009895,negative regulation of catabolic process,128,0.43118561138132816,1.3173646058752622,0.01050737825605489,0.059941054196458204,0.04285986551879525,1233,"tags=43%, list=29%, signal=31%",THRAP3/BCLAF1/PML/SRSF1/TPT1/DDRGK1/RPL5/EIF3H/FXR1/HNRNPU/DKC1/PABPC1/UBXN1/SNRNP70/PRKACA/SYNCRIP/EIF4G1/WNK1/EIF4G2/ROCK1/SLIRP/FBP1/LARP1/VPS13C/FUS/FLNA/PNN/CSDE1/PAIP1/MYD88/YBX1/CST3/SNX3/HSP90AB1/NSUN2/SF3B3/TARDBP/TIMP1/HNRNPC/USP14/CTSA/SNX12/CDK5RAP3/STK38L/VPS35/YBX3/RPL11/USP9X/TAF15/PRKAA1/RRAGA/SEC22B/RPL23/QKI/SNW1,0.3807304007227924
GO:0051170,import into nucleus,64,0.4491997821233037,1.3141717344551178,0.03714859437751004,0.14251080978968136,0.1019000120108208,1372,"tags=41%, list=32%, signal=28%",ADAR/KPNA1/CFL1/NPM1/PRKCD/RANBP2/RGPD2/SEC13/CDK1/FLNA/YWHAB/HSP90AA1/TARDBP/STK3/STK4/SQSTM1/YWHAE/NUP85/IPO7/NUP88/NUP93/RPL23/NUP50/NUP153/RBM22/HNRNPA1,0.23439264729468612
GO:0032984,protein-containing complex disassembly,113,0.4334164986984388,1.3129831429892331,0.009834920882793365,0.058216386515889756,0.04162667024312484,1570,"tags=56%, list=37%, signal=36%",LIMA1/VAMP8/SET/TRIM21/CHMP4B/CFL1/RDX/SMARCC2/CHMP4A/ATP2A2/GSPT1/SWAP70/KLC1/GSPT2/SUPT16H/TWF1/CFL2/DSTN/VPS16/WNK1/MICAL1/CAPZA1/PYM1/ABCE1/SMARCD2/CAPZB/SSRP1/FLII/NES/SMARCE1/SH3BP1/ETF1/CHMP5/STMN1/NSF/NAPA/TAOK1/CKAP5/KIF5B/WDR1/IST1/CALM1/CHMP1B/PDXP/PLEK/HSPA8/TMOD3/TWF2/CHMP6/CAPG/RPL23/MPO/PIK3C3/CHMP2A/FAF2/VTA1/KIF2A/TRIOBP/ACTN2/SMARCC1/GABARAPL2/VPS33A/CHMP3,0.3807304007227924
GO:0007163,establishment or maintenance of cell polarity,70,0.43995928338486184,1.3122512155081008,0.028056112224448898,0.11838490911293904,0.084649183302738365,1005,"tags=36%, list=24%, signal=28%",CYRIB/MSN/CAP2/CAP1/NHERF1/RAC1/RAC2/CFL1/RAB10/CLIC4/RAP1B/MYO18A/PAK1/SHTN1/RHOG/CDC42/ROCK1/SNX27/NCKAP1L/SH3BP1/CYTH1/MAP4/CKAP5/WDR1/MAPRE1,0.27128855468895297
GO:0071675,regulation of mononuclear cell migration,47,0.46333705138214837,1.3102137033854757,0.04838709677419355,0.1718522372528616,0.12288011741703667,1437,"tags=45%, list=34%, signal=30%",LGALS9/CALR/MSN/HMGB1/MMP14/CD47/LYN/WNK1/STK10/ADAM10/MIA3/ANO6/LGMN/MAPK1/MAPK3/STK39/P4HB/THBS1/ADAM17/RHOA/C1QBP,0.2042947565168861
GO:0008064,regulation of actin polymerization or depolymerization,69,0.4465767842556501,1.3096456681460147,0.031,0.1254816176470588,0.089723568087523,1524,"tags=54%, list=36%, signal=35%",COTL1/LIMA1/CYRIB/ARPC5L/ARPC3/VASP/CYRIA/CFL1/ARPC5/RDX/PRKCD/SWAP70/HCK/TWF1/CFL2/CAPZA1/NCK1/CAPZB/NCKAP1/NCKAP1L/FLII/SH3BP1/NCK2/WDR1/PDXP/PLEK/TMOD3/TWF2/PFN1/CAPG/ARHGAP18/SNX9/EVL/HIP1R/TRIOBP/ACTN2/BIN1,0.25720646646883816
GO:0030832,regulation of actin filament length,69,0.4465767842556501,1.3096456681460147,0.031,0.1254816176470588,0.089723568087523,1524,"tags=54%, list=36%, signal=35%",COTL1/LIMA1/CYRIB/ARPC5L/ARPC3/VASP/CYRIA/CFL1/ARPC5/RDX/PRKCD/SWAP70/HCK/TWF1/CFL2/CAPZA1/NCK1/CAPZB/NCKAP1/NCKAP1L/FLII/SH3BP1/NCK2/WDR1/PDXP/PLEK/TMOD3/TWF2/PFN1/CAPG/ARHGAP18/SNX9/EVL/HIP1R/TRIOBP/ACTN2/BIN1,0.25720646646883816
GO:0141188,nucleic acid catabolic process,161,0.4251989378938877,1.3094010282171236,0.003397620087174789,0.026343519126615794,0.018836500328438973,1334,"tags=45%, list=31%, signal=32%",LSM6/NME1/CASP3/THRAP3/BAX/YTHDF3/YTHDF2/YTHDF1/SNRPF/BCLAF1/NPM1/RBM8A/CAPRIN1/SRSF1/SSB/PRKCD/APEX1/GSPT1/GSPT2/FMR1/FXR1/FXR2/HNRNPU/SNRPB/DKC1/NCBP2/PABPC1/PABPC4/DIS3/SYNCRIP/ZC3HAV1/FEN1/ROCK1/SERBP1/SLIRP/PYM1/PABPN1/LARP1/SLFN5/FUS/PNN/CSDE1/SND1/PAIP1/MYD88/YBX1/XRN2/NSUN2/TARDBP/HNRNPC/ETF1/RNPS1/NCBP1/YBX3/TAF15/WDR82/EXOSC9/RNASE6/LSM2/MAGOHB/LSM7/SNRPG/QKI/SNW1/XRN1/EXOSC1/HNRNPA0/SKIC8/CPSF2/MTREX/INTS3/EXOSC7/SKIC3,0.4317076958033464
GO:0007346,regulation of mitotic cell cycle,130,0.4258980922072548,1.3089882704827898,0.01151606599367562,0.06403630635877201,0.04578810826152458,1749,"tags=53%, list=41%, signal=32%",PSME1/PSME2/PTPN6/PSMA4/NHERF1/RDX/SMARCC2/PML/IK/PSMA2/PSMA3/HNRNPU/EIF4G1/PSMB2/PSMA7/CDK2/CDK1/BCL7C/CUL1/PSMB1/SMARCD2/SMARCE1/DYNLRB1/RCC1/PSMB4/PRKDC/PSME3/PSMA1/TAOK3/TAOK1/NEK9/CDK5RAP3/DPF2/PDXP/LGMN/PSMA6/YWHAE/ACTB/RAD50/EIF4E/NBN/SMARCA2/IQGAP1/INTS3/RAD21/DYNLT1/ADAM17/PAFAH1B1/ZNF830/RRM1/XPC/PPP2CA/PSMB3/SMARCC1/BRCC3/GBF1/PRMT5/CRLF3/YTHDC2/DAPK3/VPS4A/VPS4B/RCC2/PRKCA/SMARCA4/GTPBP4/DDX3X/MRE11/DYNLT3,0.3807304007227924
GO:0010038,response to metal ion,109,0.4300709269832439,1.307710907238489,0.01938316166230467,0.09278635213129321,0.06634535591070385,1483,"tags=46%, list=35%, signal=31%",SOD2/MT1H/MT2A/CASP3/MT1E/CALR/S100A8/CYBB/PKLR/PCNA/FGG/HVCN1/PPIF/TFRC/CLIC4/PARP1/BSG/CACYBP/FGB/FBP1/LCN2/CDK1/FGA/HSP90B1/SEC31A/CAMK2D/PLCG2/ANXA11/ALOX5AP/GPI/EIF2S1/GSTK1/CALM1/CALM2/CALM3/SLC25A24/LGMN/PRKAA1/STK39/CPNE2/THBS1/PPP5C/CPOX/IQGAP1/ANXA7/CALML3/GDI1/PPP2CA/PPP2CB/G6PD,0.35248785758361917
GO:0006606,protein import into nucleus,63,0.4459776870583229,1.307400033746753,0.04216867469879518,0.1547590361445783,0.11065790493499406,1366,"tags=40%, list=32%, signal=27%",ADAR/KPNA1/CFL1/NPM1/PRKCD/RANBP2/RGPD2/SEC13/CDK1/FLNA/YWHAB/HSP90AA1/TARDBP/STK3/STK4/SQSTM1/YWHAE/NUP85/IPO7/NUP88/NUP93/RPL23/NUP50/NUP153/RBM22,0.21925034670375515
GO:0051338,regulation of transferase activity,69,0.4457661060181856,1.3072682466601995,0.031,0.1254816176470588,0.089723568087523,1948,"tags=67%, list=46%, signal=37%",PTPRC/ADAR/PRDX3/NHERF1/HGS/PTPN1/LYN/HNRNPU/SNX6/RAP1A/CDC37/PRKAR1A/RAP2B/PABPN1/FGR/DNAJA1/EEF1A2/MYD88/YWHAG/RPS2/TAOK3/CDK5RAP3/STK38/SFN/CHMP6/XRCC1/SNX9/MAP2K1/MAP2K2/RFC2/RHOA/CORO1C/VPS25/EIF4A2/MTOR/BCCIP/ZNF622/HPF1/RIPK1/RFC4/PDCD10/PYCARD/FGF2/TLR3/THY1/NEK7,0.25720646646883816
GO:2001233,regulation of apoptotic signaling pathway,107,0.43359429892625134,1.307014724029279,0.024975024975024976,0.11128691741253655,0.07957388101099536,1022,"tags=36%, list=24%, signal=28%",SOD2/RPL26/S100A8/BAX/NHERF1/BCLAF1/FGG/ICAM1/PPIF/CD74/PML/HYOU1/PARP1/PTPN1/TPT1/ERP29/RELA/PAK2/GHITM/SRC/EIF5A/CLU/CD44/FGB/LCK/NCK1/FGA/DNAJA1/TMBIM1/SYVN1/NCK2/BCAP31/PSME3/SP100/ENO1/SLC25A5/HMOX1/YBX3/TP53BP1,0.2878571172551493
GO:0051054,positive regulation of DNA metabolic process,87,0.4367704996072826,1.3047125639652357,0.03303303303303303,0.13129736234429373,0.09388202073665683,1658,"tags=56%, list=39%, signal=35%",SMARCA5/CASP3/H2AX/HMGB1/PCNA/UBE2N/BAX/UBE2V2/TFRC/SMARCC2/PML/PARP1/PRKCD/TOP2B/DKC1/CACYBP/SSBP1/CDK2/CDK1/BCL7C/SMARCD2/FUS/PRMT1/HSP90AA1/SMARCE1/PRKDC/HDGFL2/CCT7/DPF2/RUVBL2/TP53BP1/MAPK1/MAPK3/PTGES3/ACTB/YY1/RAD50/NBN/SMARCA2/CCT4/HNRNPA1/RFC2/RPS3/SMARCC1/BRCC3/CCT8/DHX9/HNRNPA2B1/ACTR2,0.24891111443470246
GO:0030041,actin filament polymerization,70,0.43739083879046226,1.304590405364409,0.03006012024048096,0.12349325516705052,0.08830182218001094,814,"tags=33%, list=19%, signal=27%",COTL1/CYRIB/ARPC5L/RAC1/ARPC3/CORO7/VASP/CYRIA/CFL1/ARPC5/RDX/PRKCD/HCK/TWF1/CAPZA1/NCK1/DIAPH1/CAPZB/NCKAP1/NCKAP1L/FLII/ARPC2/NCK2,0.26166352171157314
GO:1901987,regulation of cell cycle phase transition,130,0.42373471940153157,1.3023391925010197,0.012020410480213324,0.06617235969357435,0.04731545808708058,1749,"tags=54%, list=41%, signal=33%",PSME1/PSME2/PTPN6/PSMA4/H2AX/RDX/NPM1/SMARCC2/CDC5L/DDRGK1/IK/PSMA2/PSMA3/LYN/EIF4G1/PSMB2/PSMA7/CDK2/CDK5/CDK1/MACROH2A1/BCL7C/CUL1/PSMB1/SMARCD2/NSUN2/SMARCE1/PLCG2/DYNLRB1/PSMB4/PRKDC/PSME3/PSMA1/TAOK3/TAOK1/CDK5RAP3/STK38/DPF2/TP53BP1/PSMA6/ACTB/UFL1/RAD50/NBN/SMARCA2/INTS3/RAD21/DYNLT1/ADAM17/RFC2/ZNF830/RRM1/XPC/CUL4B/CUL4A/PPP2CA/PSMB3/SMARCC1/BRCC3/FBXO6/CRLF3/PARP9/VPS4A/VPS4B/RCC2/SMARCA4/GTPBP4/DDX3X/MRE11/DYNLT3,0.3807304007227924
GO:1901990,regulation of mitotic cell cycle phase transition,98,0.4330052899554968,1.302005641145962,0.01807590857927193,0.08806006790167432,0.06296590406087238,1782,"tags=54%, list=42%, signal=32%",PSME1/PSME2/PTPN6/PSMA4/RDX/SMARCC2/IK/PSMA2/PSMA3/EIF4G1/PSMB2/PSMA7/CDK2/CDK1/BCL7C/PSMB1/SMARCD2/SMARCE1/DYNLRB1/PSMB4/PRKDC/PSME3/PSMA1/TAOK3/TAOK1/CDK5RAP3/DPF2/PSMA6/ACTB/RAD50/NBN/SMARCA2/INTS3/RAD21/DYNLT1/ADAM17/ZNF830/RRM1/XPC/PPP2CA/PSMB3/SMARCC1/BRCC3/CRLF3/VPS4A/VPS4B/RCC2/SMARCA4/GTPBP4/DDX3X/MRE11/DYNLT3/PPP1R9B,0.35248785758361917
GO:0071375,cellular response to peptide hormone stimulus,107,0.4319210657191499,1.3019709758899884,0.027972027972027972,0.11838490911293904,0.084649183302738365,1230,"tags=37%, list=29%, signal=27%",TOP1/CSK/SRSF5/PKLR/PKM/CFL1/RAB8A/RAB10/GRB2/RAB13/PARP1/PRKCD/PTPN1/RELA/LYN/SRC/PAK1/PRKACA/PRKAR1A/ROCK1/FBP1/OSBPL8/NCK1/MYO5A/EPRS1/YWHAG/STAT5A/STAT5B/PRKDC/RAF1/CREB1/CYBA/LEPROT/MAPK1/MAPK3/VAMP2/PRKAA1/PRKCB/ACE/NFKB1,0.27128855468895297
GO:0016072,rRNA metabolic process,121,0.4284740701686849,1.3013779909187393,0.011347951249566897,0.06374018113111801,0.045576368785065345,1707,"tags=56%, list=40%, signal=35%",LSM6/RPL7A/RPL26/TOP1/NCL/YTHDF2/RPS21/RPL27/EIF6/RPS15/RPS17/RPS19/NOP58/RPL5/RPL7/SNU13/DKC1/RPS24/SART1/DIS3/PA2G4/MACROH2A1/DDX21/SLFN5/RPS13/RPL14/RRP1/XRN2/RPS16/FBL/RPL35A/PRKDC/RPS25/MACROH2A2/RPS14/FTSJ3/NOP56/RPL11/PIN4/NOP2/RPL35/EXOSC9/RPS27/XRN1/EXOSC1/SBDS/MTREX/WDR12/RPS7/EXOSC7/IMP3/TBL3/EIF4A3/POLR2E/PRMT5/EXOSC2/TCOF1/BOP1/TRIR/RPS28/GAR1/UTP6/LAS1L/EXOSC6/MTOR/DDX18/DCAF13/SMARCA4,0.3807304007227924
GO:0006873,intracellular monoatomic ion homeostasis,114,0.4280362274868216,1.3007625037333848,0.019714489759518443,0.09355885010874916,0.06689771789150563,1322,"tags=40%, list=31%, signal=29%",MT1H/MT2A/MT1E/CALR/BAX/GRN/HVCN1/VAPB/RAB39A/TFRC/ATP13A1/PML/TGM2/ATP2A1/ATP2A2/TPT1/TMCO1/ATP2A3/SLC30A7/PRKACA/TM9SF4/LCN2/CUL1/ATP6V1D/ATP6V1G1/TBXAS1/CAMK2D/MCU/GLRX3/HMOX1/TMEM165/LAMP1/NPTN/PICALM/YWHAE/STK39/LETM1/UBE3A/ATP1A1/FTL/ATP2C1/RAB7A/ATP1A2/ATP4A/BOLA2/BOLA2B,0.35248785758361917
GO:0090150,establishment of protein localization to membrane,114,0.4280043293256245,1.3006655681719563,0.019714489759518443,0.09355885010874916,0.06689771789150563,1128,"tags=39%, list=27%, signal=30%",ITGB2/ITGAM/CSK/YIF1B/SRP72/CHMP4B/RAB8A/RDX/RAB10/RAB8B/ATP13A1/CHMP4A/SACM1L/ACSL3/SRP9/TMCO1/NACA/SEC61B/PAK1/SEC63/SRP68/STOM/WNK1/GRIPAP1/SRP14/SRPRB/SRPRA/EMC3/RAB3GAP1/SEC61A1/SRP54/NDUFA13/ANXA13/OPTN/SEC62/RFTN1/ARL6IP1/NSF/GET4/VPS35/GORASP2/EMC2/SSR1/SSR4/VAMP2,0.35248785758361917
GO:0050920,regulation of chemotaxis,65,0.4416718015161639,1.2999402505198272,0.04613841524573721,0.16655211536248088,0.11909035238036562,1223,"tags=37%, list=29%, signal=27%",LGALS9/CALR/CYRIB/HMGB1/YTHDF1/RAC1/RAC2/CD74/SWAP70/LYN/MYCBP2/WNK1/NCKAP1L/CORO1B/MCU/ADAM10/USP14/ANO6/MPP1/LGMN/MAPK1/MAPK3/STK39/THBS1,0.2089550275493539
GO:0006892,post-Golgi vesicle-mediated transport,66,0.4424055988428203,1.2972736273572765,0.04208416833667335,0.1547590361445783,0.11065790493499406,1128,"tags=41%, list=27%, signal=30%",CSK/SCAMP2/AP3M1/CORO7/MYO1B/RAB10/RAB14/AP1M1/ACSL3/RAB13/RP2/EHD3/TM9SF4/MYO5A/VPS13C/VTI1B/AP3D1/ANXA13/OPTN/AP1G1/AP1G2/NSF/CCDC93/AP2M1/LAMP1/SCAMP3/VAMP2,0.21925034670375515
GO:0043434,response to peptide hormone,142,0.4220413950966825,1.2931703368511,0.007719812608165423,0.04801985130841882,0.03433580534913222,1197,"tags=36%, list=28%, signal=27%",STAT1/TOP1/CSK/SRSF4/SRSF5/SRSF6/CYBB/PKLR/PKM/CFL1/RAB8A/RAB10/GRB2/EIF6/RAB13/PARP1/PRKCD/PTPN1/BSG/RELA/NUDC/LYN/SRC/PAK1/CACYBP/PRKACA/PRKAR1A/ROCK1/FBP1/OSBPL8/EIF2B4/NCK1/MYO5A/EPRS1/YWHAG/STAT5A/STAT5B/TIMP1/PRKDC/RAF1/CREB1/CYBA/EIF2B5/LEPROT/MAPK1/MAPK3/VAMP2/GNAI1/PRKAA1/PRKCB/ACE,0.40701791892395395
GO:0048193,Golgi vesicle transport,177,0.416863905972706,1.2890971676465377,0.004306526568863345,0.031253874098011176,0.02234756893650475,1226,"tags=40%, list=29%, signal=30%",CSK/YIF1B/SCAMP2/AP3M1/CORO7/MYO1B/VAPB/VAPA/RAB8A/RAB10/RAB43/RAB14/RAB4B/RAB1A/RAB6A/RAB1B/AP1M1/HYOU1/ACSL3/RAB13/ARCN1/TMED7/RP2/SEC13/EHD3/MYO18A/YIPF6/TM9SF4/RABGGTA/TFG/STX5/MYO5A/ACBD3/VPS13C/VTI1B/SEC31A/AP3D1/SNX3/COPG1/ANXA13/OPTN/SEC23B/AP1G1/PITPNB/AP1G2/TMED10/LMAN2/COPG2/BCAP31/VAMP7/SCYL1/TMED5/NSF/NAPA/GLTP/SNX12/CCDC93/COPA/AP2M1/LMAN1/MIA3/LAMP1/SCAMP3/TMED2/VAMP2/SURF4/COPB2/YKT6/SEC22B/DNM2/TMED3,0.40701791892395395
GO:0006401,RNA catabolic process,155,0.415674858157173,1.2889910280436556,0.005928495854653325,0.03896961309469704,0.027864581278199935,1334,"tags=45%, list=31%, signal=32%",LSM6/THRAP3/YTHDF3/YTHDF2/YTHDF1/SNRPF/BCLAF1/NPM1/RBM8A/CAPRIN1/SRSF1/SSB/PRKCD/APEX1/GSPT1/GSPT2/FMR1/FXR1/FXR2/HNRNPU/SNRPB/DKC1/NCBP2/PABPC1/PABPC4/DIS3/SYNCRIP/ZC3HAV1/FEN1/ROCK1/SERBP1/SLIRP/PYM1/PABPN1/LARP1/SLFN5/FUS/PNN/CSDE1/SND1/PAIP1/MYD88/YBX1/XRN2/NSUN2/TARDBP/HNRNPC/ETF1/RNPS1/NCBP1/YBX3/TAF15/WDR82/EXOSC9/RNASE6/LSM2/MAGOHB/LSM7/SNRPG/QKI/SNW1/XRN1/EXOSC1/HNRNPA0/SKIC8/CPSF2/MTREX/INTS3/EXOSC7/SKIC3,0.40701791892395395
GO:0006913,nucleocytoplasmic transport,138,0.4165048159110219,1.286109889792434,0.01805785072854339,0.08806006790167432,0.06296590406087238,1692,"tags=49%, list=40%, signal=30%",CALR/ADAR/SRSF3/KPNA1/CFL1/NPM1/RBM8A/EIF6/RPS15/SSB/PRKCD/THOC6/RANBP2/RGPD2/SEC13/FMR1/MX2/NCBP2/KHDRBS1/WNK1/PABPN1/NMD3/CDK1/FLNA/NUP37/WASHC4/YWHAB/HSP90AA1/NSUN2/TARDBP/SP100/CPSF6/RANBP1/NCBP1/ANP32B/IWS1/STK3/STK4/ANP32A/SQSTM1/NUP43/SFN/YWHAE/RANBP3/NUP85/IPO7/NUP88/NUP93/MAGOHB/RPL23/EIF4E/NUP50/NUP153/RBM22/HNRNPA1/EIF4A3/CHTOP/NUP210/DDX39A/DDX39B/DHX9/ALYREF/PIK3R1/HNRNPA2B1/KPNA6/NCBP3/DDX19A,0.35248785758361917
GO:0051169,nuclear transport,138,0.4165048159110219,1.286109889792434,0.01805785072854339,0.08806006790167432,0.06296590406087238,1692,"tags=49%, list=40%, signal=30%",CALR/ADAR/SRSF3/KPNA1/CFL1/NPM1/RBM8A/EIF6/RPS15/SSB/PRKCD/THOC6/RANBP2/RGPD2/SEC13/FMR1/MX2/NCBP2/KHDRBS1/WNK1/PABPN1/NMD3/CDK1/FLNA/NUP37/WASHC4/YWHAB/HSP90AA1/NSUN2/TARDBP/SP100/CPSF6/RANBP1/NCBP1/ANP32B/IWS1/STK3/STK4/ANP32A/SQSTM1/NUP43/SFN/YWHAE/RANBP3/NUP85/IPO7/NUP88/NUP93/MAGOHB/RPL23/EIF4E/NUP50/NUP153/RBM22/HNRNPA1/EIF4A3/CHTOP/NUP210/DDX39A/DDX39B/DHX9/ALYREF/PIK3R1/HNRNPA2B1/KPNA6/NCBP3/DDX19A,0.35248785758361917
GO:0050801,monoatomic ion homeostasis,123,0.4220729869070954,1.2829093587025993,0.02236511876685616,0.10346216706852368,0.07397892189727402,1322,"tags=39%, list=31%, signal=28%",MT1H/MT2A/MT1E/CALR/BAX/GRN/HVCN1/VAPB/RAB39A/TFRC/ATP13A1/PML/TGM2/ATP2A1/ATP2A2/TPT1/TMCO1/ATP2A3/SLC30A7/PRKACA/TM9SF4/WNK1/LCN2/CUL1/ATP6V1D/ATP6V1G1/TBXAS1/CAMK2D/MCU/GLRX3/HMOX1/TMEM165/LAMP1/NPTN/PICALM/CUTC/YWHAE/STK39/LETM1/UBE3A/ATP1A1/FTL/ATP2C1/RAB7A/ATP1A2/ATP4A/BOLA2/BOLA2B,0.35248785758361917
GO:0006935,chemotaxis,122,0.42015487121285416,1.2825651342343856,0.023359106253261448,0.1071598999368369,0.07662292500307355,1117,"tags=34%, list=26%, signal=25%",CORO1A/ITGB2/DEFA1/DEFA1B/LGALS9/CALR/CYRIB/S100A8/HMGB1/YTHDF1/RAC1/RAC2/CD74/TYMP/RAB13/PRKCD/BSG/SWAP70/RPS19/LYN/MYCBP2/PPIB/S100A4/RHOG/WNK1/NCKAP1L/SRP54/ENG/CORO1B/MCU/ELMO2/HMGB2/ADAM10/USP14/RALA/CREB1/ANO6/MPP1/LGMN/MAPK1/MAPK3,0.35248785758361917
GO:0042330,taxis,122,0.42015487121285416,1.2825651342343856,0.023359106253261448,0.1071598999368369,0.07662292500307355,1117,"tags=34%, list=26%, signal=25%",CORO1A/ITGB2/DEFA1/DEFA1B/LGALS9/CALR/CYRIB/S100A8/HMGB1/YTHDF1/RAC1/RAC2/CD74/TYMP/RAB13/PRKCD/BSG/SWAP70/RPS19/LYN/MYCBP2/PPIB/S100A4/RHOG/WNK1/NCKAP1L/SRP54/ENG/CORO1B/MCU/ELMO2/HMGB2/ADAM10/USP14/RALA/CREB1/ANO6/MPP1/LGMN/MAPK1/MAPK3,0.35248785758361917
GO:0050680,negative regulation of epithelial cell proliferation,26,-0.29466998765168384,-1.2814320087310331,0.04871204870192174,0.17245005022770363,0.12330757375811374,455,"tags=38%, list=11%, signal=35%",ATP5F1A/MMRN2/APOE/CAV1/NFIB/CAV2/DSC1/SFRP1/KRT4/EPPK1,0.3217759180753611
GO:0001932,regulation of protein phosphorylation,95,0.42747821501905564,1.2813801797911517,0.029352366604222396,0.12149231440319119,0.08687108237738743,1914,"tags=61%, list=45%, signal=34%",PTPRC/ITGB2/DNAJC3/MYDGF/ADAR/NHERF1/RAC1/HGS/PTPN1/DDRGK1/LYN/FN1/SNX6/RAP1A/CDC37/PRKAR1A/RAP2B/FGR/DNAJA1/MYD88/YWHAG/TARDBP/PRKDC/ARAF/RAF1/TAOK3/CDK5RAP3/STK38/UBE2K/PLXNB2/STK4/NDUFS4/NPTN/MAPK1/SFN/CHMP6/ARRB1/SNX9/MAP2K1/MAP2K2/RHOA/MOB1B/CORO1C/VPS25/CNOT9/PARP9/STAT2/MTOR/FKBP8/BCCIP/IL18/RIPK1/PDCD10/PYCARD/PDCL3/FGF2/TLR3/THY1,0.35248785758361917
GO:0090066,regulation of anatomical structure size,142,0.4181287947335443,1.2811818002090865,0.010171149442788097,0.05893913440268261,0.04214345923936783,1524,"tags=49%, list=36%, signal=32%",SOD2/COTL1/LIMA1/CYRIB/MSN/ARPC5L/NHERF1/FGG/ARPC3/VASP/CYRIA/CFL1/ARPC5/RDX/HP1BP3/PECAM1/PRKCD/SWAP70/HCK/SRC/TWF1/PAK1/CFL2/SHTN1/FGB/WNK1/ROCK1/PEX11B/CAPZA1/NCK1/FGA/CAPZB/NCKAP1/NCKAP1L/TBXAS1/FLII/HSP90AA1/SH3BP1/NCK2/AP2M1/WDR1/GCLM/ANO6/PDXP/PLEK/PICALM/TMOD3/STK39/TWF2/ACE/PFN1/CAPG/DNM1/DNM2/ARHGAP18/SNX9/EZR/MAP2K1/PAFAH1B1/RHOA/EVL/HIP1R/GDI1/RAB22A/TRIOBP/SCPEP1/ACTN2/RAB5A/BIN1,0.3807304007227924
GO:0045089,positive regulation of innate immune response,135,0.41946980313175686,1.2786735235930236,0.014205906775151515,0.0744239546259692,0.053215625407442985,1592,"tags=50%, list=38%, signal=32%",CTSS/GBP2/HLA-C/IFI16/MNDA/S100A8/HMGB1/AP3B1/OAS3/HLA-E/HLA-G/PCBP2/RALB/WDFY1/PARP1/MATR3/RBM14/CASP1/RELA/RPS19/PAK2/CPT1A/HCK/LYN/SRC/EIF2AK2/PAK1/DDX60/PQBP1/ZC3HAV1/RIGI/STING1/HSP90B1/MYD88/TRIM25/HSP90AA1/PLCG2/AP1G1/HMGB2/PRKDC/RFTN1/CYBA/UBE2K/LAMP1/RPS6KA3/SQSTM1/USP15/CFP/HSPA8/YWHAE/CD14/SFPQ/PIK3C3/GBP5/TBK1/TRIM56/C1QBP/GDI1/PPP2CA/PLD3/BRCC3/NPLOC4/BTK/MASP1/PARP9/PYHIN1/DHX9,0.3807304007227924
GO:0044772,mitotic cell cycle phase transition,123,0.42053882997780667,1.2782462214174448,0.025974025974025976,0.11303321184744111,0.08082254014186283,1749,"tags=53%, list=41%, signal=32%",PSME1/PSME2/PTPN6/PSMA4/CHMP4B/RDX/SMARCC2/GSPT1/IK/PSMA2/PSMA3/KHDRBS1/EIF4G1/PSMB2/PSMA7/CDK2/CDK6/CDK1/BCL7C/CUL1/PSMB1/SMARCD2/NES/SMARCE1/DYNLRB1/RCC1/PSMB4/PRKDC/PSME3/PSMA1/TAOK3/TAOK1/CDK5RAP3/DPF2/PSMA6/ACTB/DNM2/RAD50/EIF4E/NBN/SMARCA2/INTS3/RAD21/DYNLT1/ADAM17/CHMP2A/ZNF830/RRM1/XPC/CUL4B/CUL4A/PPP2CA/PSMB3/SMARCC1/BRCC3/CRLF3/VPS4A/VPS4B/RCC2/SMARCA4/GTPBP4/PPP2R2D/DDX3X/MRE11/DYNLT3,0.2820133500117251
GO:0042176,regulation of protein catabolic process,168,0.41259452827799903,1.278162610027336,0.01218852538795318,0.06676401219968384,0.04773850948625348,1397,"tags=43%, list=33%, signal=30%",PSME1/PSME2/PSMA4/MSN/SUMO2/CTSC/RDX/HGS/PML/PSMC1/DDRGK1/PSMA2/RPL5/EIF3H/PSMA3/FMR1/RAD23A/RAD23B/UBXN1/SNRNP70/CLU/PRKACA/PSMB2/ROCK1/C4BPA/PSMA7/CDK2/CDK1/STX5/PSMB1/FLNA/EEF1A1/EEF1A2/NDUFA13/PSMD3/CST3/SNX3/HSP90AA1/HSP90AB1/SF3B3/VPS11/PSMB4/TIMP1/BCAP31/ARAF/TMX1/PSME3/USP14/NSF/PSMA1/PSMD4/CTSA/SNX12/CDK5RAP3/VPS35/RPL11/USP9X/PSMA6/PSMD12/FBXO22/UBE3A/SEC22B/CHMP6/UFL1/RPL23/RAB7A/RPS7/SNX9/PSMD6/EZR/PSMD7/ADRM1/GPX1,0.3807304007227924
GO:0030003,intracellular monoatomic cation homeostasis,112,0.42110565038196596,1.2738398733909773,0.02435309445000216,0.1094398244467444,0.07825314754749811,1322,"tags=39%, list=31%, signal=28%",MT1H/MT2A/MT1E/CALR/BAX/GRN/HVCN1/VAPB/RAB39A/TFRC/ATP13A1/PML/TGM2/ATP2A1/ATP2A2/TPT1/TMCO1/ATP2A3/SLC30A7/PRKACA/TM9SF4/LCN2/CUL1/ATP6V1D/ATP6V1G1/CAMK2D/MCU/GLRX3/HMOX1/TMEM165/LAMP1/NPTN/PICALM/YWHAE/LETM1/UBE3A/ATP1A1/FTL/ATP2C1/RAB7A/ATP1A2/ATP4A/BOLA2/BOLA2B,0.35248785758361917
GO:0030100,regulation of endocytosis,121,0.418038811358595,1.2696836199159725,0.020045817987813488,0.09431814360932757,0.06744063822816544,1236,"tags=39%, list=29%, signal=28%",PTPRC/CALR/CSK/HMGB1/RAC1/ARPC3/H1-1/CD47/RAB4B/RAB4A/TGM2/LRPAP1/CD63/PTPN1/HCK/SRC/FMR1/MYO18A/CLU/PRKACA/RAP1A/CDC42/RAB27A/TBC1D5/ROCK1/FGR/ARAP1/NCKAP1L/DYSF/SNX3/DOCK2/PLCG2/LMAN2/AP2S1/HIP1/RALA/SNX12/AP2M1/CYBA/ANO6/CALM3/PICALM/CFP/ACTB/CD14/ZFYVE16/ARRB1,0.35248785758361917
GO:0097193,intrinsic apoptotic signaling pathway,113,0.41897387839278705,1.2692309622142492,0.024975024975024976,0.11128691741253655,0.07957388101099536,878,"tags=31%, list=21%, signal=25%",SOD2/RPL26/CASP3/IFI16/S100A8/BAX/NHERF1/BCLAF1/PPIF/ERO1A/CD74/DNAJC10/PML/HYOU1/ATP2A1/PARP1/PRKCD/PTPN1/TPT1/ERP29/STK24/SRC/ATP2A3/EIF5A/CLU/CD44/LCK/NCK1/CUL1/DNAJA1/SYVN1/NCK2/CEBPB/PRKDC/BCAP31,0.2878571172551493
GO:0002833,positive regulation of response to biotic stimulus,149,0.4118875409934815,1.2673081385863578,0.01622329157436482,0.08119020010625304,0.05805371801758693,1151,"tags=37%, list=27%, signal=28%",CTSS/GBP2/HLA-C/IFI16/HLA-DRB1/MNDA/S100A8/HMGB1/GRN/AP3B1/OAS3/HLA-E/HLA-G/PCBP2/RALB/WDFY1/PARP1/MATR3/RBM14/CASP1/RELA/RPS19/PAK2/CPT1A/HCK/LYN/SRC/EIF2AK2/PAK1/DDX60/PQBP1/ZC3HAV1/HLA-DRB3/RIGI/STING1/HSP90B1/MYD88/TRIM25/YWHAG/HSP90AA1/PLCG2/AP1G1/HMGB2/PRKDC/RFTN1/CYBA/UBE2K/LAMP1/RPS6KA3/SQSTM1/USP15/CFP/HSPA8/PRKAA1/YWHAE,0.35248785758361917
GO:0007034,vacuolar transport,89,0.4224302950555979,1.2653189357678711,0.044,0.16041059602649005,0.11469895993072798,1738,"tags=56%, list=41%, signal=34%",M6PR/IGF2R/AP3M1/GRN/NPC2/CHMP4B/RAB12/AP1M1/HGS/CHMP4A/EHD3/CLU/VPS16/SNX27/VIPAS39/VTI1B/AP3D1/VPS11/AP1G1/AP1G2/VAMP7/CHMP5/AP2M1/MFSD1/VPS35/LAMP1/CHMP1B/SQSTM1/LEPROT/HSPA8/CHMP6/ZFYVE16/MVB12A/PIK3C3/RAB7A/UBXN6/CHMP2A/VTA1/BIN1/VPS33A/CHMP3/VPS25/NPC1/VPS4A/VPS4B/STBD1/VPS18/SCARB2/VPS39/PIK3R4,0.21392785549235627
GO:0055080,monoatomic cation homeostasis,120,0.41662184637197724,1.262994257526468,0.032,0.12905494505494505,0.09227861711376585,1322,"tags=38%, list=31%, signal=27%",MT1H/MT2A/MT1E/CALR/BAX/GRN/HVCN1/VAPB/RAB39A/TFRC/ATP13A1/PML/TGM2/ATP2A1/ATP2A2/TPT1/TMCO1/ATP2A3/SLC30A7/PRKACA/TM9SF4/WNK1/LCN2/CUL1/ATP6V1D/ATP6V1G1/CAMK2D/MCU/GLRX3/HMOX1/TMEM165/LAMP1/NPTN/PICALM/CUTC/YWHAE/LETM1/UBE3A/ATP1A1/FTL/ATP2C1/RAB7A/ATP1A2/ATP4A/BOLA2/BOLA2B,0.2529611230696109
GO:0042325,regulation of phosphorylation,106,0.4197638252752362,1.2606495236185677,0.03296703296703297,0.13129736234429373,0.09388202073665683,1914,"tags=60%, list=45%, signal=34%",PTPRC/ITGB2/DNAJC3/MYDGF/ADAR/PRDX3/NHERF1/RAC1/HGS/PTPN1/DDRGK1/LYN/HNRNPU/FN1/SNX6/RAP1A/CDC37/PRKAR1A/RAP2B/FGR/DNAJA1/EEF1A2/MYD88/YWHAG/TARDBP/PRKDC/ARAF/RAF1/TAOK3/CDK5RAP3/STK38/UBE2K/PLXNB2/STK4/NDUFS4/NPTN/MAPK1/SFN/CHMP6/THBS1/ARRB1/MCM7/SNX9/MAP2K1/MAP2K2/RHOA/MOB1B/CORO1C/VPS25/CNOT9/PARP9/STAT2/MTOR/FKBP8/BCCIP/ZNF622/IL18/RIPK1/PDCD10/PYCARD/PDCL3/FGF2/TLR3/THY1,0.24891111443470246
GO:0016197,endosomal transport,156,0.41032638473424055,1.260292039369236,0.01838917822799196,0.08880037381148749,0.0634952476328651,1639,"tags=49%, list=39%, signal=31%",MSN/CHMP4B/EIPR1/RAB8A/RDX/RAB10/RAB35/RAB12/RAB14/RAB8B/RAB4B/RAB6A/HGS/CHMP4A/RAB13/DNAJC13/SRC/EHD1/EHD3/VPS16/SNX6/ACAP2/TBC1D5/GRIPAP1/SNX27/STX5/WASHC4/VTI1B/AP3D1/SNX3/VPS11/SPAG9/WASHC5/UBE2O/CHMP5/SNX12/CCDC93/VPS35/CHMP1B/SQSTM1/VPS26C/PICALM/SNX2/LEPROT/DENND10/MAPK1/MAPK3/CDC50A/VAMP3/YKT6/CHMP6/ZFYVE16/MVB12A/STX12/PIK3C3/RAB7A/UBXN6/SNX9/EZR/MAP2K1/MAP2K2/CHMP2A/VTA1/SNX17/ACTN2/CORO1C/RAB5A/RAB5B/RAB5C/GBF1/SNX1/CHMP3/RAB9A/VPS25/ARFIP1/VPS4A/VPS4B,0.35248785758361917
GO:0006936,muscle contraction,134,0.4110644039819929,1.2576309101410301,0.01805785072854339,0.08806006790167432,0.06296590406087238,1429,"tags=52%, list=34%, signal=36%",RPL31/RPL7A/RPL21/RPL34/RPL23A/RPL6/RPL13A/RPL32/RPL17/RPL18A/RPL10/RPL27A/RPL27/RPL19/ATP2A1/ATP2A2/CALD1/RPL5/RPL24/RPL37A/RPL7/FKBP1A/EHD3/PRKACA/MYL9/RPL4/GSTO1/RPL28/ROCK1/CLIC2/PABPN1/RPL29/RPL30/FLNA/DSC2/RPL14/TPM4/CAMK2D/HSP90AA1/RPL35A/RPL18/RPL12/ENO1/RPL11/CALM1/CALM2/CALM3/RPL36A/RPL15/RPL3L/RPL35/TMOD3/RPL8/RPL10A/EEF2/RPL23/ATP1A1/RPL13/ATP1A2/GNAO1/MAP2K1/MYH1/MYH2/MYH3/MYH4/MYH6/MYH7/MYH7B/MYH13/TNNC2,0.35248785758361917
GO:0032102,negative regulation of response to external stimulus,133,0.41254082159072225,1.2570559061319662,0.024045786742582557,0.10937222971428351,0.0782048150451441,631,"tags=24%, list=15%, signal=21%",PTPRC/HLA-A/LGALS9/PTPN6/IFI16/HLA-DRB1/SERPINB9/GRN/YTHDF3/YTHDF2/TRIM21/FGG/OAS3/HLA-B/HLA-E/HLA-G/PCBP2/GRB2/SAMHD1/PARP1/PRKCD/RPS19/HCK/LYN/SRC/YES1/FXR1/PRKAR1A/FGB/FGR/FGA/SERPINB4,0.35248785758361917
GO:0043410,positive regulation of MAPK cascade,92,0.4179164067991442,1.2563901733995313,0.03996003996003996,0.14813469358923906,0.1059212776787946,1236,"tags=36%, list=29%, signal=26%",PTPRC/LGALS9/MYDGF/HMGB1/NAMPT/FGG/ICAM1/CD74/PECAM1/PTPN1/ERP29/LYN/SRC/EIF2AK2/GLIPR2/RAP1A/CD44/FGB/ROCK1/FGA/DSC2/PRMT1/PLCG2/RAF1/TAOK3/TAOK1/AKAP13/MAPK3/GNAI2/CHI3L1/STK39/THBS1/ARRB1,0.22496609354031377
GO:0110053,regulation of actin filament organization,115,0.41202358927582833,1.2552848231847304,0.039,0.1470513698630137,0.10514666485555062,814,"tags=31%, list=19%, signal=26%",CORO1A/COTL1/LIMA1/CYRIB/ARPC5L/RAC1/ARPC3/VASP/CYRIA/CFL1/ARPC5/CD47/RDX/PRKCD/SWAP70/PAK2/HCK/TWF1/PAK1/CFL2/CDC42/ROCK1/ARPIN/CAPZA1/NCK1/FLNA/ARAP1/CAPZB/NCKAP1/NCKAP1L/WASHC4/FLII/F11R/CORO1B/SH3BP1/NCK2,0.22798720285044224
GO:0010720,positive regulation of cell development,98,0.41723802252181724,1.2545949706060762,0.039,0.1470513698630137,0.10514666485555062,1550,"tags=46%, list=37%, signal=30%",LGALS9/HLA-DRB1/HMGB1/ACIN1/AP3B1/MMP14/CD74/HLA-G/SMARCC2/SRRT/CAPRIN1/TGM2/DDRGK1/LYN/FMR1/FXR1/FXR2/PAK1/NAP1L1/SART1/SHTN1/HDAC2/HLA-DRA/SMARCD2/NCKAP1L/F11R/SMARCE1/PRKDC/PLXNB2/NPTN/ACTB/TWF2/QKI/SNW1/SMARCA2/SLC7A5/PAFAH1B1/RHOA/GDI1/SMARCC1/CORO1C/NUMB/BIN1/PRMT5/BTK,0.22798720285044224
GO:0015931,nucleobase-containing compound transport,101,0.41292890896406836,1.248295083456905,0.049,0.17291346153846154,0.12363892839852221,1781,"tags=53%, list=42%, signal=32%",SRSF3/CD47/SRSF7/RBM8A/SRSF1/SLC25A4/SLC25A6/SSB/THOC6/RANBP2/SEC13/FMR1/FXR1/FXR2/MX2/NCBP2/KHDRBS1/WNK1/PABPN1/NUP37/YBX1/NSUN2/RFTN1/CKAP5/SLC25A5/CPSF6/NCBP1/IWS1/SLC25A24/MVP/NUP43/NUP85/NUP88/NUP93/MAGOHB/QKI/EIF4E/NUP50/NUP153/HNRNPA1/EIF4A3/CHTOP/NUP210/DDX39A/DDX39B/DHX9/G3BP2/ALYREF/HNRNPA2B1/NCBP3/DDX19A/ZC3H11A/NXF1/SLC33A1,0.20207170902115992
GO:0032535,regulation of cellular component size,115,0.40902822572774866,1.2461590485939267,0.045,0.16297697368421052,0.1165340060899068,1524,"tags=50%, list=36%, signal=33%",COTL1/LIMA1/CYRIB/MSN/ARPC5L/NHERF1/ARPC3/VASP/CYRIA/CFL1/ARPC5/RDX/HP1BP3/PRKCD/SWAP70/HCK/TWF1/PAK1/CFL2/SHTN1/WNK1/PEX11B/CAPZA1/NCK1/CAPZB/NCKAP1/NCKAP1L/FLII/HSP90AA1/SH3BP1/NCK2/AP2M1/WDR1/ANO6/PDXP/PLEK/PICALM/TMOD3/STK39/TWF2/PFN1/CAPG/DNM1/DNM2/ARHGAP18/SNX9/EZR/PAFAH1B1/RHOA/EVL/HIP1R/GDI1/RAB22A/TRIOBP/ACTN2/RAB5A/BIN1,0.21140018938492272
GO:0007249,canonical NF-kappaB signal transduction,109,0.40511374171941716,1.2318239282873416,0.04795204795204795,0.17140841291450945,0.12256276811928497,1585,"tags=49%, list=37%, signal=31%",STAT1/LGALS9/UBE2V1/PRDX3/NAMPT/UBE2N/CD74/VAPA/NPM1/TFRC/PARP1/DDRGK1/CASP1/RELA/PRDX4/FKBP1A/EIF2AK2/MYO18A/ZC3HAV1/S100A4/BST2/TFG/CUL1/DDX21/FLNA/MTDH/MYD88/TRIM25/PLCG2/OPTN/PPM1B/HMOX1/SQSTM1/TRADD/PSMA6/AKAP13/HACD3/PRKCB/LIMS1/UFL1/NFKB1/ARRB1/PPP5C/ATP2C1/TBK1/RHOA/PPP2CB/RHOC/DHX15/IFIT5/BTK/PPM1A/CC2D1A,0.2042947565168861
GO:0003012,muscle system process,163,0.3957882242620096,1.2280663100111109,0.027972027972027972,0.11838490911293904,0.084649183302738365,1429,"tags=50%, list=34%, signal=35%",RPL31/RPL7A/RPL21/RPL34/RPL23A/RPL6/RPL13A/RPL32/RPL17/RPL18A/RPL10/RPL27A/RPL27/RPL19/ATP2A1/ATP2A2/CALD1/PARP1/PAK2/RPL5/RPL24/RPL37A/RPL7/FKBP1A/EHD3/TWF1/PAK1/PRKACA/MYL9/RPL4/GSTO1/RPL28/HDAC2/ROCK1/CLIC2/PABPN1/RPL29/RPL30/FLNA/DSC2/RPL14/TPM4/CAMK2D/HSP90AA1/RPL35A/RPL18/GLRX3/RPL12/ENO1/HMOX1/CYBA/RPL11/CALM1/CALM2/CALM3/RPL36A/LMCD1/RPL15/RPL3L/GNAI1/RPL35/TMOD3/RPL8/RPL10A/EEF2/YY1/RPL23/ATP1A1/ARRB1/RPL13/ATP1A2/GNAO1/MAP2K1/MYH1/MYH2/MYH3/MYH4/MYH6/MYH7/MYH7B/MYH13/TNNC2,0.27128855468895297
GO:0022411,cellular component disassembly,201,0.3878852564259779,1.2044770553531725,0.03896103896103896,0.1470513698630137,0.10514666485555062,1570,"tags=48%, list=37%, signal=32%",CTSS/NME1/ITGAM/CASP3/LIMA1/VAMP8/SET/BAX/ACIN1/TRIM21/CHMP4B/MMP14/CFL1/RDX/SMARCC2/CHMP4A/ATP2A2/GSPT1/DDRGK1/SWAP70/KLC1/GSPT2/SUPT16H/TWF1/CFL2/DSTN/VPS16/WNK1/SH3PXD2B/MICAL1/CAPZA1/PYM1/ABCE1/CDK1/STX5/MCTS1/SMARCD2/CAPZB/SSRP1/FLII/NES/ENG/CST3/SMARCE1/SH3BP1/C1QA/ADAM10/ETF1/CHMP5/STMN1/NSF/NAPA/TAOK1/MAP4/CKAP5/CDK5RAP3/KIF5B/WDR1/IST1/VRK1/CALM1/CHMP1B/PDXP/PLEK/HSPA8/C1QC/PRKAA1/FAP/TMOD3/PRKCB/TWF2/CHMP6/UFL1/CAPG/RPL23/MPO/SKIC8/PIK3C3/SKIC3/C1QB/PELO/CHMP2A/FAF2/VTA1/KIF2A/TRIOBP/PLG/UFSP2/ACTN2/SMARCC1/GBF1/NPLOC4/GABARAPL2/VPS33A/DPP4/CHMP3,0.22798720285044224
NA,NA,NA,NA,NA,NA,NA,NA,NA,NA,,NA
NA,NA,NA,NA,NA,NA,NA,NA,NA,NA,,NA
NA,NA,NA,NA,NA,NA,NA,NA,NA,NA,,NA
NA,NA,NA,NA,NA,NA,NA,NA,NA,NA,,NA
NA,NA,NA,NA,NA,NA,NA,NA,NA,NA,,NA
NA,NA,NA,NA,NA,NA,NA,NA,NA,NA,,NA
NA,NA,NA,NA,NA,NA,NA,NA,NA,NA,,NA
NA,NA,NA,NA,NA,NA,NA,NA,NA,NA,,NA
NA,NA,NA,NA,NA,NA,NA,NA,NA,NA,,NA
NA,NA,NA,NA,NA,NA,NA,NA,NA,NA,,NA
NA,NA,NA,NA,NA,NA,NA,NA,NA,NA,,NA
NA,NA,NA,NA,NA,NA,NA,NA,NA,NA,,NA
NA,NA,NA,NA,NA,NA,NA,NA,NA,NA,,NA
NA,NA,NA,NA,NA,NA,NA,NA,NA,NA,,NA
NA,NA,NA,NA,NA,NA,NA,NA,NA,NA,,NA
NA,NA,NA,NA,NA,NA,NA,NA,NA,NA,,NA
NA,NA,NA,NA,NA,NA,NA,NA,NA,NA,,NA
NA,NA,NA,NA,NA,NA,NA,NA,NA,NA,,NA
NA,NA,NA,NA,NA,NA,NA,NA,NA,NA,,NA
NA,NA,NA,NA,NA,NA,NA,NA,NA,NA,,NA
NA,NA,NA,NA,NA,NA,NA,NA,NA,NA,,NA
NA,NA,NA,NA,NA,NA,NA,NA,NA,NA,,NA
NA,NA,NA,NA,NA,NA,NA,NA,NA,NA,,NA
NA,NA,NA,NA,NA,NA,NA,NA,NA,NA,,NA
NA,NA,NA,NA,NA,NA,NA,NA,NA,NA,,NA
NA,NA,NA,NA,NA,NA,NA,NA,NA,NA,,NA
NA,NA,NA,NA,NA,NA,NA,NA,NA,NA,,NA
NA,NA,NA,NA,NA,NA,NA,NA,NA,NA,,NA
NA,NA,NA,NA,NA,NA,NA,NA,NA,NA,,NA
NA,NA,NA,NA,NA,NA,NA,NA,NA,NA,,NA
NA,NA,NA,NA,NA,NA,NA,NA,NA,NA,,NA
NA,NA,NA,NA,NA,NA,NA,NA,NA,NA,,NA
NA,NA,NA,NA,NA,NA,NA,NA,NA,NA,,NA
NA,NA,NA,NA,NA,NA,NA,NA,NA,NA,,NA
NA,NA,NA,NA,NA,NA,NA,NA,NA,NA,,NA
NA,NA,NA,NA,NA,NA,NA,NA,NA,NA,,NA
NA,NA,NA,NA,NA,NA,NA,NA,NA,NA,,NA
NA,NA,NA,NA,NA,NA,NA,NA,NA,NA,,NA
NA,NA,NA,NA,NA,NA,NA,NA,NA,NA,,NA
NA,NA,NA,NA,NA,NA,NA,NA,NA,NA,,NA
NA,NA,NA,NA,NA,NA,NA,NA,NA,NA,,NA
NA,NA,NA,NA,NA,NA,NA,NA,NA,NA,,NA
NA,NA,NA,NA,NA,NA,NA,NA,NA,NA,,NA
