ID,Description,setSize,enrichmentScore,NES,pvalue,p.adjust,qvalue,rank,leading_edge,core_enrichment,log2err
GO:0019217,regulation of fatty acid metabolic process,24,0.6869705498682426,1.813516975509082,8.340738906612224e-5,0.0017389653758125485,0.0017389653758125487,312,"tags=33%, list=7%, signal=31%",NME1/CD74/PLAA/EIF6/CPT1A/FABP5/UBR4/NME2,0.5384340963099162
GO:0007601,visual perception,27,-0.38958985986401884,-1.8079463313557729,0.0017389275542067496,0.01746831770362235,0.01746831770362235,332,"tags=30%, list=8%, signal=27%",TGFBI/RDH11/EFEMP1/KRT12/TACSTD2/LUM/COL1A1/COL2A1,0.45505986738722953
GO:0050953,sensory perception of light stimulus,27,-0.38958985986401884,-1.8079463313557729,0.0017389275542067496,0.01746831770362235,0.01746831770362235,332,"tags=30%, list=8%, signal=27%",TGFBI/RDH11/EFEMP1/KRT12/TACSTD2/LUM/COL1A1/COL2A1,0.45505986738722953
GO:0002695,negative regulation of leukocyte activation,48,0.6317962197864277,1.8008744199363136,1.7812468894198515e-6,9.053700530743908e-5,9.053700530743908e-5,941,"tags=56%, list=22%, signal=44%",PTPRC/LGALS9/PTPN6/HLA-DRB1/MNDA/PSMA4/CSK/HMGB1/PSMB8/HLA-E/HLA-G/GRN/PSMA2/PSMA3/LYN/SRC/PSMB2/PRKAR1A/FN1/PSMB1/FGR/PSMA7/STAT5A/PSMB9/PSMB4/PSMB10/PSMA1,0.6435518361507222
GO:0034341,response to type II interferon,48,0.6251003374648472,1.7817884507358102,3.0686894099902115e-6,1.30419299924584e-4,1.30419299924584e-4,964,"tags=62%, list=23%, signal=49%",GBP1/GBP2/STAT1/LGALS9/PSMA4/TRIM21/PSMB8/CD74/IFITM3/RPL13A/PSMA2/CD47/CASP1/PSMA3/HCK/PSMB2/SYNCRIP/EPRS1/CDC37/PSMB1/PSMA7/BST2/PSMB9/PSMB4/RAF1/PSMB10/SEC61A1/SP100/PSMA1/CALM1,0.6272567397185284
GO:0042116,macrophage activation,23,0.6778655775092807,1.7532075268437253,1.3524266993666717e-4,0.002410373391613181,0.002410373391613181,1100,"tags=65%, list=26%, signal=49%",PTPRC/ITGB2/ITGAM/HMGB1/CD74/GRN/MYO18A/CLU/DYSF/STK39/KARS1/PLCG2/C1QA/THBS1/PLA2G4A,0.5188480777437918
GO:0002709,regulation of T cell mediated immunity,30,0.6397295350666173,1.7356132650657576,1.9018249320650705e-4,0.00323310238451062,0.00323310238451062,758,"tags=47%, list=18%, signal=39%",PTPRC/HLA-A/HLA-C/HLA-DRB1/HMGB1/CYRIB/HLA-B/HLA-E/HLA-G/STX7/NCKAP1L/HLA-DRB3/YWHAG/HLA-DRA,0.5188480777437918
GO:1903039,positive regulation of leukocyte cell-cell adhesion,73,0.5961125302277794,1.7332626262108521,3.612913990402754e-7,2.8028290011172168e-5,2.8028290011172168e-5,653,"tags=41%, list=15%, signal=35%",PTPRC/ITGB2/HLA-A/LGALS9/PTPN6/HLA-DPB1/HLA-DRB1/CSK/HMGB1/CYRIB/SMARCC2/HLA-E/HLA-G/AP3B1/CD47/SMARCD2/HSPH1/SART1/HLA-DRB5/TFRC/RELA/LYN/SRC/YES1/CD44/SMARCE1/NCKAP1L/LCK/HLA-DRB3/YWHAG,0.674962860011025
GO:0001906,cell killing,74,0.5942501477307285,1.7328615502374787,9.310740135188349e-8,1.1431519832647916e-5,1.1431519832647918e-5,594,"tags=36%, list=14%, signal=32%",CORO1A/GBP1/PTPRC/GBP2/HLA-A/HLA-C/LGALS9/HLA-DRB1/DEFA1/DEFA3/DEFA1B/ITGAM/SERPINB9/CYRIB/HLA-B/HLA-E/HLA-G/ICAM1/H2BC12/CTSC/GRB2/KRT6A/CLU/STX7/RPS19/RAB27A/NCKAP1L,0.7049757151672383
GO:1903038,negative regulation of leukocyte cell-cell adhesion,41,0.617038609668155,1.727742596434913,2.8030086824259256e-5,8.016296791409707e-4,8.016296791409706e-4,1028,"tags=54%, list=24%, signal=41%",LGALS9/HLA-DRB1/PSMA4/CSK/HMGB1/PSMB8/HLA-E/HLA-G/PSMA2/PSMA3/WNK1/PSMB2/PRKAR1A/PSMB1/PSMA7/STAT5A/PSMB9/PSMB4/PSMB10/PSMA1/MIA3/CEBPB,0.5756102610711286
GO:0051216,cartilage development,23,-0.37912830826603794,-1.7220652161035945,0.0048297994002200395,0.03585003893626204,0.03585003893626204,381,"tags=35%, list=9%, signal=32%",COL3A1/NFIB/TGFBI/EFEMP1/MGP/LUM/COL2A1/OGN,0.40701791892395395
GO:0002286,T cell activation involved in immune response,36,0.6218187262713029,1.71874489758032,9.19850011435478e-5,0.0018480622957021875,0.0018480622957021875,941,"tags=56%, list=22%, signal=44%",LGALS9/HLA-DRB1/PSMA4/HMGB1/PSMB8/CD74/ICAM1/PSMA2/PSMA3/PSMB2/LCP1/PSMB1/NCKAP1L/PSMA7/STAT5A/HLA-DRA/PSMB9/PSMB4/PSMB10/PSMA1,0.5384340963099162
GO:0002456,T cell mediated immunity,38,0.6196828168830221,1.7186266990709989,7.177227092416664e-5,0.0015550658700236105,0.0015550658700236105,911,"tags=50%, list=21%, signal=40%",PTPRC/HLA-A/HLA-C/HLA-DRB1/HMGB1/CYRIB/HLA-B/HLA-E/HLA-G/CTSC/MYO1G/STX7/NCKAP1L/C4BPA/HLA-DRB3/YWHAG/HLA-DRA/RFTN1/MAPK3,0.5384340963099162
GO:0050868,negative regulation of T cell activation,36,0.6208693970514393,1.7161208936965053,9.934365007434855e-5,0.0019387368806196553,0.001938736880619655,1028,"tags=56%, list=24%, signal=42%",LGALS9/HLA-DRB1/PSMA4/CSK/HMGB1/PSMB8/HLA-E/HLA-G/PSMA2/PSMA3/PSMB2/PRKAR1A/PSMB1/PSMA7/STAT5A/PSMB9/PSMB4/PSMB10/PSMA1/CEBPB,0.5384340963099162
GO:0042098,T cell proliferation,39,0.6127571743234865,1.7112929787946438,5.598462627968506e-5,0.001316234298703234,0.001316234298703234,594,"tags=36%, list=14%, signal=31%",PTPRC/HLA-A/LGALS9/HLA-DPB1/HLA-DRB1/HMGB1/MSN/CTPS1/HLA-E/HLA-G/RAC2/TFRC/PRKAR1A/NCKAP1L,0.557332238758646
GO:0001909,leukocyte mediated cytotoxicity,44,0.6070261419050267,1.7088817188469216,2.50453131974309e-5,7.704699619909228e-4,7.704699619909228e-4,240,"tags=34%, list=6%, signal=32%",CORO1A/PTPRC/HLA-A/HLA-C/LGALS9/HLA-DRB1/ITGAM/SERPINB9/CYRIB/HLA-B/HLA-E/HLA-G/ICAM1/CTSC/GRB2,0.5756102610711286
GO:0032944,regulation of mononuclear cell proliferation,44,0.6065874966597588,1.707646857958814,2.5798541713723208e-5,7.704699619909228e-4,7.704699619909228e-4,594,"tags=34%, list=14%, signal=30%",PTPRC/HLA-A/LGALS9/HLA-DPB1/HLA-DRB1/MNDA/HMGB1/CD74/HLA-E/HLA-G/RAC2/TFRC/LYN/PRKAR1A/NCKAP1L,0.5756102610711286
GO:0050670,regulation of lymphocyte proliferation,44,0.6065874966597588,1.707646857958814,2.5798541713723208e-5,7.704699619909228e-4,7.704699619909228e-4,594,"tags=34%, list=14%, signal=30%",PTPRC/HLA-A/LGALS9/HLA-DPB1/HLA-DRB1/MNDA/HMGB1/CD74/HLA-E/HLA-G/RAC2/TFRC/LYN/PRKAR1A/NCKAP1L,0.5756102610711286
GO:0019882,antigen processing and presentation,57,0.5946206796905364,1.7065180153737953,3.993550303426005e-6,1.6343974389947168e-4,1.6343974389947168e-4,340,"tags=37%, list=8%, signal=34%",TAP2/CTSS/HLA-A/HLA-C/HLA-DPB1/HLA-DRB1/CALR/TAP1/YTHDF1/CD74/HLA-B/HLA-E/HLA-G/AP3B1/PDIA3/RAB10/RAB35/RAB8B/RAB4A/RAB6A/HLA-DRB5,0.610526878385931
GO:0050866,negative regulation of cell activation,59,0.5936089341362892,1.7060824053727326,7.692934310330287e-6,2.820711234647558e-4,2.820711234647558e-4,1028,"tags=51%, list=24%, signal=39%",PTPRC/LGALS9/PTPN6/HLA-DRB1/MNDA/PSMA4/CSK/HMGB1/PSMB8/HLA-E/HLA-G/GRN/PSMA2/PSMA3/PRKCD/LYN/SRC/PSMB2/PRKAR1A/FN1/PSMB1/FGR/PSMA7/STAT5A/PSMB9/PSMB4/PSMB10/PSMA1/TMX1/CEBPB,0.5933254763964051
GO:0046651,lymphocyte proliferation,50,0.5989371316157599,1.706029241015111,8.168575521151298e-6,2.820711234647558e-4,2.820711234647558e-4,475,"tags=32%, list=11%, signal=29%",PTPRC/HLA-A/LGALS9/HLA-DPB1/HLA-DRB1/MNDA/HMGB1/MSN/CD74/CTPS1/HLA-E/HLA-G/RAC2/TFRC/LYN/PRKAR1A,0.5933254763964051
GO:1902369,negative regulation of RNA catabolic process,41,0.6084538186513904,1.7037047017412033,5.5243118963325904e-5,0.001316234298703234,0.001316234298703234,934,"tags=56%, list=22%, signal=44%",THRAP3/BCLAF1/SRSF1/FXR1/HNRNPU/SLIRP/DKC1/PABPC1/SYNCRIP/FUS/CSDE1/NSUN2/PNN/MYD88/YBX1/LARP1/YBX3/PAIP1/HNRNPC/SNW1/TARDBP/TAF15/HNRNPA0,0.557332238758646
GO:2000241,regulation of reproductive process,15,0.6974218130255698,1.6946511205952883,8.303698726893185e-4,0.009798784440431928,0.009798784440431928,498,"tags=47%, list=12%, signal=41%",ARHGDIB/CALR/YTHDF2/HVCN1/MYH9/HDAC2/TIMP1,0.47727081536286214
GO:0002429,immune response-activating cell surface receptor signaling pathway,90,0.5761071940677066,1.6934781367006095,7.141852140575858e-8,9.864683269170403e-6,9.864683269170403e-6,972,"tags=48%, list=23%, signal=38%",GBP1/PTPRC/HLA-A/PTPN6/HLA-DPB1/HLA-DRB1/MNDA/CSK/ITGAM/HMGB1/UBE2N/BAX/AP3B1/GRB2/WDFY1/PAK2/MYO1G/CD47/PAK1/CLEC2B/WNK1/RELA/PRKCD/HCK/LYN/SRC/YES1/KHDRBS1/RAP1A/NCKAP1L/EIF2B4/FGR/LCK/MYD88/HLA-DRB3/NFKB1/RFTN1/EIF2B5/PLCG2/CYBA/TBK1/SQSTM1/NCK1,0.7049757151672383
GO:0002703,regulation of leukocyte mediated immunity,67,0.5845097137062419,1.6886846498025772,9.262920627684736e-7,5.387119628206123e-5,5.387119628206123e-5,936,"tags=49%, list=22%, signal=39%",PTPRC/ITGB2/HLA-A/HLA-C/LGALS9/HLA-DRB1/VAMP8/ITGAM/HMGB1/SERPINB9/CYRIB/HLA-B/HLA-E/HLA-G/RAC2/ICAM1/GRB2/TFRC/LYN/STX7/DDX21/RIGI/NCKAP1L/FGR/C4BPA/HLA-DRB3/YWHAG/BST2/HLA-DRA/VAMP7/MAPK3/PLCG2/AP1G1,0.6594443980379349
GO:0007159,leukocyte cell-cell adhesion,124,0.5687649164243243,1.6878425491411746,3.6145179119876843e-10,7.988084585492783e-8,7.988084585492783e-8,1028,"tags=48%, list=24%, signal=38%",PTPRC/ITGB2/HLA-A/LGALS9/PTPN6/HLA-DPB1/HLA-DRB1/PSMA4/CSK/FERMT3/ITGAM/S100A8/HMGB1/CYRIB/MSN/PSMB8/SMARCC2/HLA-E/HLA-G/RAC2/ICAM1/AP3B1/PSMA2/CD47/SMARCD2/HSPH1/PECAM1/SART1/HLA-DRB5/PSMA3/TFRC/WNK1/RELA/LYN/SRC/YES1/PSMB2/STK10/ROCK1/PRKAR1A/CD44/SMARCE1/ITGAX/PSMB1/NCKAP1L/LCK/PSMA7/HLA-DRB3/YWHAG/STAT5A/HLA-DRA/PSMB9/PSMB4/PSMB10/F11R/PSMA1/NCK1/MIA3/NCK2/CEBPB,0.8140358378479079
GO:0046634,regulation of alpha-beta T cell activation,23,0.651961896447354,1.6862111633794552,5.253167281507712e-4,0.006829117465960026,0.006829117465960026,758,"tags=48%, list=18%, signal=39%",HLA-A/LGALS9/HLA-DRB1/HMGB1/HLA-E/AP3B1/HSPH1/NCKAP1L/HLA-DRB3/STAT5A/HLA-DRA,0.47727081536286214
GO:0050870,positive regulation of T cell activation,69,0.5787827566033525,1.6825735364207768,1.802546712003312e-6,9.053700530743908e-5,9.053700530743908e-5,653,"tags=39%, list=15%, signal=34%",PTPRC/HLA-A/LGALS9/PTPN6/HLA-DPB1/HLA-DRB1/CSK/HMGB1/CYRIB/SMARCC2/HLA-E/HLA-G/AP3B1/CD47/SMARCD2/HSPH1/SART1/HLA-DRB5/TFRC/LYN/SRC/YES1/SMARCE1/NCKAP1L/LCK/HLA-DRB3/YWHAG,0.6435518361507222
GO:0050954,sensory perception of mechanical stimulus,23,-0.3704110327375174,-1.6824698689887532,0.0064345453266511305,0.04396222766901241,0.043962227669012414,32,"tags=17%, list=1%, signal=17%",ITGA2/COL1A1/COL2A1/MYH14,0.40701791892395395
GO:0051250,negative regulation of lymphocyte activation,43,0.5990898131213457,1.6790799082783863,6.791688091241431e-5,0.0015261094888190324,0.0015261094888190324,1028,"tags=53%, list=24%, signal=41%",LGALS9/HLA-DRB1/MNDA/PSMA4/CSK/HMGB1/PSMB8/HLA-E/HLA-G/PSMA2/PSMA3/LYN/PSMB2/PRKAR1A/PSMB1/FGR/PSMA7/STAT5A/PSMB9/PSMB4/PSMB10/PSMA1/CEBPB,0.5384340963099162
GO:0000377,"RNA splicing, via transesterification reactions with bulged adenosine as nucleophile",181,0.5474872428405648,1.6761016104069615,1e-10,3.683333333333333e-8,3.683333333333333e-8,1367,"tags=66%, list=32%, signal=47%",LSM6/SRSF4/SRSF5/SRSF6/NCL/RBMX/RBMXL1/SNRPD2/ACIN1/THRAP3/SNRPF/SRSF3/BUD31/DDX46/RBM25/RBM8A/H1-2/H1-3/SRSF7/CDC5L/TIAL1/SRSF1/PPIE/FMR1/RBM14/TRA2B/SF3B2/PHF5A/ILF3/SF3A2/SAP18/RBM15/PRPF4/SART1/PQBP1/IK/SNRPA1/PRPF3/SNU13/UBL5/PPIL1/HNRNPU/KHDRBS1/PLRG1/RALY/SNRPA/PRPF40A/SNRPB2/PABPC1/HNRNPR/SYNCRIP/CDK11B/SNRPB/SNRNP70/PNN/HNRNPH1/HNRNPH3/SF3B1/NCBP2/HNRNPK/PRPF6/HNRNPF/SRSF10/CELF2/CWC15/ISY1/LUC7L2/LUC7L/PRPF8/SF3A3/HNRNPC/SNW1/XAB2/U2AF1/LUC7L3/HNRNPUL2/HNRNPL/CTNNBL1/DDX23/SF3A1/HNRNPUL1/SON/SF3B3/HSPA8/SF1/SFPQ/LSM2/MAGOHB/NCBP1/SNRNP40/EIF4A3/HNRNPA3/HNRNPA1/RBM17/SMU1/STRAP/LARP7/MTREX/SRSF2/ZNF830/DAZAP1/HTATSF1/SNRPC/RNPS1/C1QBP/TRA2A/RBM22/LSM7/PPWD1/PRMT5/DHX15/SNRNP200/SNRPG/DHX9/HNRNPA2B1/CRNKL1/DDX39A/DDX39B/DDX42,NA
GO:0000398,"mRNA splicing, via spliceosome",181,0.5474872428405648,1.6761016104069615,1e-10,3.683333333333333e-8,3.683333333333333e-8,1367,"tags=66%, list=32%, signal=47%",LSM6/SRSF4/SRSF5/SRSF6/NCL/RBMX/RBMXL1/SNRPD2/ACIN1/THRAP3/SNRPF/SRSF3/BUD31/DDX46/RBM25/RBM8A/H1-2/H1-3/SRSF7/CDC5L/TIAL1/SRSF1/PPIE/FMR1/RBM14/TRA2B/SF3B2/PHF5A/ILF3/SF3A2/SAP18/RBM15/PRPF4/SART1/PQBP1/IK/SNRPA1/PRPF3/SNU13/UBL5/PPIL1/HNRNPU/KHDRBS1/PLRG1/RALY/SNRPA/PRPF40A/SNRPB2/PABPC1/HNRNPR/SYNCRIP/CDK11B/SNRPB/SNRNP70/PNN/HNRNPH1/HNRNPH3/SF3B1/NCBP2/HNRNPK/PRPF6/HNRNPF/SRSF10/CELF2/CWC15/ISY1/LUC7L2/LUC7L/PRPF8/SF3A3/HNRNPC/SNW1/XAB2/U2AF1/LUC7L3/HNRNPUL2/HNRNPL/CTNNBL1/DDX23/SF3A1/HNRNPUL1/SON/SF3B3/HSPA8/SF1/SFPQ/LSM2/MAGOHB/NCBP1/SNRNP40/EIF4A3/HNRNPA3/HNRNPA1/RBM17/SMU1/STRAP/LARP7/MTREX/SRSF2/ZNF830/DAZAP1/HTATSF1/SNRPC/RNPS1/C1QBP/TRA2A/RBM22/LSM7/PPWD1/PRMT5/DHX15/SNRNP200/SNRPG/DHX9/HNRNPA2B1/CRNKL1/DDX39A/DDX39B/DDX42,NA
GO:0002698,negative regulation of immune effector process,42,0.6025951708395128,1.670111544003114,5.981214915928583e-5,0.0013769255171043925,0.0013769255171043925,681,"tags=40%, list=16%, signal=34%",PTPRC/HLA-A/LGALS9/PTPN6/SERPINB9/HLA-B/HLA-E/HLA-G/GRB2/GRN/CLU/RPS19/NCKAP1L/C4BPA/A2M/BST2/STAT5A,0.557332238758646
GO:0006413,translational initiation,86,0.5686900753243871,1.6695340922450475,3.4210829969950343e-7,2.8028290011172168e-5,2.8028290011172168e-5,1118,"tags=59%, list=26%, signal=45%",DNAJC3/RPS3A/YTHDF3/YTHDF2/YTHDF1/RPL13A/EIF6/PML/FMR1/EIF4B/EIF2AK2/EIF2A/EIF3A/EIF4G1/EIF4G3/EIF3H/RPS17/ABCF1/KHDRBS1/EIF3J/SYNCRIP/ABCE1/EIF2S3/EPRS1/EIF4G2/EIF2S2/CSDE1/EIF2B4/EIF3CL/EIF3C/NCBP2/LARP1/EIF3G/MCTS1/BZW1/PAIP1/SH3BGRL/EIF5/EIF5B/EIF2B5/EIF1AX/EIF1AY/METAP2/NCK1/NCK2/NCBP1/EIF4A1/EIF4A2/EIF2S1/EIF3I/EIF4E,0.674962860011025
GO:0032943,mononuclear cell proliferation,51,0.5877979921254072,1.6686870182881848,3.2512326898039545e-5,8.354911912170627e-4,8.354911912170627e-4,475,"tags=31%, list=11%, signal=28%",PTPRC/HLA-A/LGALS9/HLA-DPB1/HLA-DRB1/MNDA/HMGB1/MSN/CD74/CTPS1/HLA-E/HLA-G/RAC2/TFRC/LYN/PRKAR1A,0.557332238758646
GO:0046631,alpha-beta T cell activation,48,0.5847663718933882,1.666820357262908,8.978771547839121e-5,0.0018373226963633758,0.0018373226963633758,941,"tags=54%, list=22%, signal=43%",HLA-A/LGALS9/HLA-DRB1/PSMA4/HMGB1/PSMB8/HLA-E/AP3B1/PSMA2/HSPH1/PSMA3/CLEC2B/PSMB2/CD44/PSMB1/NCKAP1L/LCK/PSMA7/HLA-DRB3/STAT5A/HLA-DRA/PSMB9/PSMB4/PSMB10/TBK1/PSMA1,0.5384340963099162
GO:0050777,negative regulation of immune response,76,0.5715338614269535,1.663982195233125,2.9645524912360186e-6,1.30419299924584e-4,1.30419299924584e-4,681,"tags=39%, list=16%, signal=34%",PTPRC/HLA-A/LGALS9/PTPN6/HLA-DRB1/IFI16/SERPINB9/OAS3/TRIM21/YTHDF3/YTHDF2/HLA-B/HLA-E/HLA-G/SAMHD1/GRB2/GRN/PARP1/HCK/LYN/SRC/YES1/CLU/RPS19/PRKAR1A/NCKAP1L/FGR/C4BPA/A2M/STAT5A,0.6272567397185284
GO:0002768,immune response-regulating cell surface receptor signaling pathway,94,0.5681866978299694,1.6636056698506698,1.474875576082451e-7,1.4815795559737348e-5,1.4815795559737348e-5,972,"tags=47%, list=23%, signal=37%",GBP1/PTPRC/HLA-A/PTPN6/HLA-DPB1/HLA-DRB1/MNDA/CSK/ITGAM/HMGB1/UBE2N/BAX/HLA-G/AP3B1/GRB2/WDFY1/PAK2/MYO1G/CD47/PAK1/CLEC2B/WNK1/RELA/PRKCD/HCK/LYN/SRC/YES1/KHDRBS1/RAP1A/NCKAP1L/EIF2B4/FGR/LCK/MYD88/HLA-DRB3/NFKB1/RFTN1/EIF2B5/PLCG2/CYBA/TBK1/SQSTM1/NCK1,0.6901324587967956
GO:0022409,positive regulation of cell-cell adhesion,92,0.5573252819889614,1.6621940432920863,5.211513170881001e-7,3.199290029901948e-5,3.199290029901948e-5,758,"tags=37%, list=18%, signal=31%",PTPRC/ITGB2/HLA-A/LGALS9/PTPN6/HLA-DPB1/HLA-DRB1/CSK/HMGB1/CYRIB/FGG/SMARCC2/HLA-E/HLA-G/AP3B1/CD47/SMARCD2/HSPH1/SART1/HLA-DRB5/TFRC/RELA/LYN/SRC/YES1/CD44/SMARCE1/NCKAP1L/LCK/HLA-DRB3/YWHAG/FGB/FGA/HLA-DRA,0.6594443980379349
GO:0031640,killing of cells of another organism,29,0.6191021381473779,1.659783509398372,8.601647879836172e-4,0.009798784440431928,0.009798784440431928,459,"tags=28%, list=11%, signal=25%",GBP1/GBP2/DEFA1/DEFA3/DEFA1B/H2BC12/KRT6A/RPS19,0.47727081536286214
GO:0141061,disruption of cell in another organism,29,0.6191021381473779,1.659783509398372,8.601647879836172e-4,0.009798784440431928,0.009798784440431928,459,"tags=28%, list=11%, signal=25%",GBP1/GBP2/DEFA1/DEFA3/DEFA1B/H2BC12/KRT6A/RPS19,0.47727081536286214
GO:0000375,"RNA splicing, via transesterification reactions",182,0.5446299881444898,1.6594751276941606,1e-10,3.683333333333333e-8,3.683333333333333e-8,1367,"tags=65%, list=32%, signal=46%",LSM6/SRSF4/SRSF5/SRSF6/NCL/RBMX/RBMXL1/SNRPD2/ACIN1/THRAP3/SNRPF/SRSF3/BUD31/DDX46/RBM25/RBM8A/H1-2/H1-3/SRSF7/CDC5L/TIAL1/SRSF1/PPIE/FMR1/RBM14/TRA2B/SF3B2/PHF5A/ILF3/SF3A2/SAP18/RBM15/PRPF4/SART1/PQBP1/IK/SNRPA1/PRPF3/SNU13/UBL5/PPIL1/HNRNPU/KHDRBS1/PLRG1/RALY/SNRPA/PRPF40A/SNRPB2/PABPC1/HNRNPR/SYNCRIP/CDK11B/SNRPB/SNRNP70/PNN/HNRNPH1/HNRNPH3/SF3B1/NCBP2/HNRNPK/PRPF6/HNRNPF/SRSF10/CELF2/CWC15/ISY1/LUC7L2/LUC7L/PRPF8/SF3A3/HNRNPC/SNW1/XAB2/U2AF1/LUC7L3/HNRNPUL2/HNRNPL/CTNNBL1/DDX23/SF3A1/HNRNPUL1/SON/SF3B3/HSPA8/SF1/SFPQ/LSM2/MAGOHB/NCBP1/SNRNP40/EIF4A3/HNRNPA3/HNRNPA1/RBM17/SMU1/STRAP/LARP7/MTREX/SRSF2/ZNF830/DAZAP1/HTATSF1/SNRPC/RNPS1/C1QBP/TRA2A/RBM22/LSM7/PPWD1/PRMT5/DHX15/SNRNP200/SNRPG/DHX9/HNRNPA2B1/CRNKL1/DDX39A/DDX39B/DDX42,NA
GO:1903037,regulation of leukocyte cell-cell adhesion,104,0.5595427182772585,1.6584240334919635,1.3252404542912238e-7,1.4643907019918023e-5,1.4643907019918023e-5,1028,"tags=47%, list=24%, signal=37%",PTPRC/ITGB2/HLA-A/LGALS9/PTPN6/HLA-DPB1/HLA-DRB1/PSMA4/CSK/HMGB1/CYRIB/PSMB8/SMARCC2/HLA-E/HLA-G/AP3B1/PSMA2/CD47/SMARCD2/HSPH1/SART1/HLA-DRB5/PSMA3/TFRC/WNK1/RELA/LYN/SRC/YES1/PSMB2/PRKAR1A/CD44/SMARCE1/PSMB1/NCKAP1L/LCK/PSMA7/HLA-DRB3/YWHAG/STAT5A/HLA-DRA/PSMB9/PSMB4/PSMB10/PSMA1/NCK1/MIA3/NCK2/CEBPB,0.6901324587967956
GO:1903312,negative regulation of mRNA metabolic process,58,0.5738621369704862,1.649874885616568,1.779590184626726e-5,5.958930769734946e-4,5.958930769734946e-4,934,"tags=55%, list=22%, signal=44%",SRSF4/SRSF6/RBMX/SNRPD2/ACIN1/THRAP3/SNRPF/BCLAF1/SRSF7/SRSF1/FXR1/SAP18/HNRNPU/SLIRP/PABPC1/SYNCRIP/FUS/SNRPB/CSDE1/PNN/MYD88/YBX1/LARP1/SRSF10/YBX3/PAIP1/PRPF8/HNRNPC/SNW1/TARDBP/TAF15/HNRNPA0,0.5756102610711286
GO:0050863,regulation of T cell activation,100,0.5514251968597634,1.6445092139829756,4.827848494071649e-7,3.138101521146572e-5,3.138101521146572e-5,1028,"tags=46%, list=24%, signal=36%",PTPRC/HLA-A/LGALS9/PTPN6/HLA-DPB1/HLA-DRB1/PSMA4/CSK/HMGB1/CYRIB/PSMB8/SMARCC2/HLA-E/HLA-G/RAC2/AP3B1/PSMA2/CD47/SMARCD2/HSPH1/SART1/HLA-DRB5/PSMA3/TFRC/LYN/SRC/YES1/PSMB2/CLPTM1/PRKAR1A/SMARCE1/PSMB1/NCKAP1L/LCK/PSMA7/HLA-DRB3/YWHAG/STAT5A/HLA-DRA/PSMB9/PSMB4/PSMB10/PSMA1/NCK1/NCK2/CEBPB,0.6594443980379349
GO:0048592,eye morphogenesis,12,-0.4485937130701962,-1.6378654675424167,0.02815615667291742,0.12596175353673583,0.12596175353673583,2346,"tags=100%, list=55%, signal=45%",ALDH1A3/STAT3/THY1/COL5A1/NF1/COL5A2/MFAP5/FBN1/FBN2/MFAP2/EFEMP1/EPHA2,0.35248785758361917
GO:0070661,leukocyte proliferation,60,0.5719943176650581,1.634175509564235,3.728643821422289e-5,9.363980506071885e-4,9.363980506071884e-4,1028,"tags=42%, list=24%, signal=32%",PTPRC/HLA-A/LGALS9/HLA-DPB1/HLA-DRB1/MNDA/HMGB1/MSN/CD74/CTPS1/HLA-E/HLA-G/RAC2/TFRC/LYN/CLU/PRKAR1A/NCKAP1L/BST2/PCYT1A/MAPK1/MAPK3/NCK1/NCK2/CEBPB,0.557332238758646
GO:0070663,regulation of leukocyte proliferation,51,0.5756347697548547,1.6341571091319742,1.0000724180571977e-4,0.0019387368806196553,0.001938736880619655,1028,"tags=41%, list=24%, signal=32%",PTPRC/HLA-A/LGALS9/HLA-DPB1/HLA-DRB1/MNDA/HMGB1/CD74/HLA-E/HLA-G/RAC2/TFRC/LYN/PRKAR1A/NCKAP1L/BST2/MAPK1/MAPK3/NCK1/NCK2/CEBPB,0.5384340963099162
GO:0042129,regulation of T cell proliferation,35,0.5982659895802853,1.628550327998325,3.0999491593502164e-4,0.004692388796002724,0.004692388796002725,594,"tags=34%, list=14%, signal=30%",PTPRC/HLA-A/LGALS9/HLA-DPB1/HLA-DRB1/HMGB1/HLA-E/HLA-G/RAC2/TFRC/PRKAR1A/NCKAP1L,0.49849310876659025
GO:0043367,"CD4-positive, alpha-beta T cell differentiation",30,0.5982435185641295,1.6230599490007789,0.001322538543532367,0.013864342660027203,0.013864342660027205,941,"tags=60%, list=22%, signal=47%",HLA-DRB1/PSMA4/HMGB1/PSMB8/AP3B1/PSMA2/PSMA3/PSMB2/PSMB1/NCKAP1L/PSMA7/STAT5A/HLA-DRA/PSMB9/PSMB4/PSMB10/TBK1/PSMA1,0.45505986738722953
GO:0050684,regulation of mRNA processing,77,0.5525504403938895,1.6223892596475118,7.766353758975575e-6,2.820711234647558e-4,2.820711234647558e-4,1315,"tags=64%, list=31%, signal=45%",SRSF4/SRSF5/SRSF6/RBMX/SNRPD2/ACIN1/THRAP3/SNRPF/SRSF3/RBM25/RBM8A/H1-2/H1-3/SRSF7/TIAL1/SRSF1/FMR1/RBM14/TRA2B/SAP18/RBM15/HNRNPU/KHDRBS1/CSTF3/CDK11B/SNRPB/PNN/NCBP2/HNRNPK/SRSF10/CELF2/CSTF1/PRPF8/SNW1/HNRNPL/SON/NCBP1/HNRNPA1/IWS1/SMU1/LARP7/SRSF2/DAZAP1/RNPS1/C1QBP/PRMT5/SNRNP200/SNRPG/DHX9,0.5933254763964051
GO:1903900,regulation of viral life cycle,47,0.5636357721603463,1.6137621470900545,4.329518352630779e-4,0.005983523928722711,0.005983523928722712,680,"tags=47%, list=16%, signal=40%",LGALS9/IFI16/ADAR/HMGB1/OAS3/TRIM21/IFITM3/VAPB/PPIE/FMR1/EIF2AK2/ILF3/ZC3HAV1/TOP2B/PABPC1/STAU1/BSG/RAD23A/IFIT1/TRIM25/LARP1/BST2,0.49849310876659025
GO:0002832,negative regulation of response to biotic stimulus,52,0.5638108224369085,1.6102709967271847,2.747869633868512e-4,0.004276614007640431,0.004276614007640431,336,"tags=33%, list=8%, signal=30%",HLA-A/LGALS9/PTPN6/IFI16/SERPINB9/OAS3/TRIM21/YTHDF3/YTHDF2/HLA-B/HLA-E/HLA-G/PCBP2/SAMHD1/GRB2/GRN/PARP1,0.49849310876659025
GO:0002706,regulation of lymphocyte mediated immunity,47,0.5620350104766889,1.6091789592599115,4.7256780261999246e-4,0.0062914147216276105,0.006291414721627611,1260,"tags=55%, list=30%, signal=39%",PTPRC/HLA-A/HLA-C/LGALS9/HLA-DRB1/HMGB1/SERPINB9/CYRIB/HLA-B/HLA-E/HLA-G/GRB2/TFRC/STX7/NCKAP1L/C4BPA/HLA-DRB3/YWHAG/HLA-DRA/MAPK3/AP1G1/SERPINB4/PRKAA1/UFL1/TP53BP1/LAMP1,0.49849310876659025
GO:0050851,antigen receptor-mediated signaling pathway,52,0.5619895745964275,1.605069424748302,3.260752486042277e-4,0.004869096617671238,0.004869096617671238,972,"tags=46%, list=23%, signal=36%",GBP1/PTPRC/HLA-A/PTPN6/HLA-DPB1/HLA-DRB1/MNDA/CSK/UBE2N/BAX/GRB2/CLEC2B/WNK1/LYN/KHDRBS1/NCKAP1L/EIF2B4/LCK/HLA-DRB3/NFKB1/RFTN1/EIF2B5/PLCG2/NCK1,0.49849310876659025
GO:0035710,"CD4-positive, alpha-beta T cell activation",36,0.580672100274908,1.6050131129040675,7.379707153998297e-4,0.009060640450186798,0.009060640450186798,1220,"tags=64%, list=29%, signal=46%",LGALS9/HLA-DRB1/PSMA4/HMGB1/PSMB8/AP3B1/PSMA2/PSMA3/PSMB2/PSMB1/NCKAP1L/PSMA7/HLA-DRB3/STAT5A/HLA-DRA/PSMB9/PSMB4/PSMB10/TBK1/PSMA1/CEBPB/PIK3R1/PSMA6,0.47727081536286214
GO:0048024,"regulation of mRNA splicing, via spliceosome",68,0.549396092488426,1.6018848692777765,2.9417013788279556e-5,8.126450059012227e-4,8.126450059012227e-4,1313,"tags=63%, list=31%, signal=44%",SRSF4/SRSF5/SRSF6/RBMX/SNRPD2/ACIN1/THRAP3/SNRPF/SRSF3/RBM25/RBM8A/H1-2/H1-3/SRSF7/TIAL1/SRSF1/FMR1/RBM14/TRA2B/SAP18/RBM15/HNRNPU/KHDRBS1/CDK11B/SNRPB/HNRNPK/SRSF10/CELF2/PRPF8/SNW1/HNRNPL/SON/NCBP1/HNRNPA1/SMU1/LARP7/SRSF2/DAZAP1/RNPS1/C1QBP/PRMT5/SNRNP200/SNRPG,0.5756102610711286
GO:0070828,heterochromatin organization,54,0.5638821102247066,1.6007609182383444,2.198975290763272e-4,0.003521547385932486,0.003521547385932486,741,"tags=44%, list=17%, signal=37%",SMARCA5/LBR/HMGB1/H2AC8/H2AX/H2AZ1/H2AC21/H2AC19/H2AC4/H2AC18/RBBP4/CBX3/H1-2/RBM15/HP1BP3/HNRNPU/CBX1/HDAC1/HDAC2/CDK2/CDK1/HNRNPK/MACROH2A1/ZNF512,0.5188480777437918
GO:0001960,negative regulation of cytokine-mediated signaling pathway,23,0.6182433172201385,1.5990026240214859,0.0021531946520982996,0.020511035263522596,0.020511035263522596,202,"tags=22%, list=5%, signal=21%",PTPRC/OAS3/YTHDF3/YTHDF2/SAMHD1,0.4317076958033464
GO:0060761,negative regulation of response to cytokine stimulus,23,0.6182433172201385,1.5990026240214859,0.0021531946520982996,0.020511035263522596,0.020511035263522596,202,"tags=22%, list=5%, signal=21%",PTPRC/OAS3/YTHDF3/YTHDF2/SAMHD1,0.4317076958033464
GO:0002822,regulation of adaptive immune response based on somatic recombination of immune receptors built from immunoglobulin superfamily domains,45,0.5753402101967973,1.5975755132475542,2.1148591947253622e-4,0.0034366461914287134,0.0034366461914287134,758,"tags=40%, list=18%, signal=33%",PTPRC/HLA-A/HLA-C/LGALS9/HLA-DRB1/HMGB1/CYRIB/HLA-B/HLA-E/HLA-G/TFRC/STX7/NCKAP1L/C4BPA/HLA-DRB3/YWHAG/STAT5A/HLA-DRA,0.5188480777437918
GO:0002819,regulation of adaptive immune response,46,0.5675520748538289,1.5953831524208035,3.5336670746497476e-4,0.00513776594406312,0.005137765944063119,758,"tags=39%, list=18%, signal=32%",PTPRC/HLA-A/HLA-C/LGALS9/HLA-DRB1/HMGB1/CYRIB/HLA-B/HLA-E/HLA-G/TFRC/STX7/NCKAP1L/C4BPA/HLA-DRB3/YWHAG/STAT5A/HLA-DRA,0.49849310876659025
GO:0043484,regulation of RNA splicing,96,0.5369845048890962,1.5934622285472007,2.198146241669775e-6,1.0560659117587397e-4,1.0560659117587397e-4,1313,"tags=60%, list=31%, signal=43%",SRSF4/SRSF5/SRSF6/RBMX/SNRPD2/ACIN1/THRAP3/SNRPF/SRSF3/RPS26/RBM25/RBM8A/H1-2/H1-3/SRSF7/TIAL1/SRSF1/FMR1/RBM14/TRA2B/SAP18/RBM15/PQBP1/HNRNPU/KHDRBS1/RBM12/CDK11B/FUS/SNRPB/SNRNP70/PTBP3/HNRNPH1/HNRNPH2/HNRNPH3/HNRNPK/HNRNPF/SRSF10/CELF2/PRPF8/SNW1/RPS13/HNRNPL/SON/SF3B3/NCBP1/HNRNPA1/SMU1/LARP7/PIK3R1/SRSF2/DAZAP1/RNPS1/C1QBP/RBM22/PRMT5/MBNL1/SNRNP200/SNRPG,0.6272567397185284
GO:0006909,phagocytosis,99,0.5312111672067937,1.5904047094734681,8.152254690939208e-6,2.820711234647558e-4,2.820711234647558e-4,921,"tags=45%, list=22%, signal=36%",CORO1A/PTPRC/ITGB2/CSK/ITGAM/HMGB1/CALR/ELMO1/RAC1/MYO1G/CD47/PECAM1/RAB14/RAB39A/TGM2/PAK1/PRKCD/MYO18A/VIPAS39/HCK/LYN/SRC/YES1/PRKACA/MYH9/TM9SF4/RAB27A/ITGAX/RAP1A/CDC42/NCKAP1L/FGR/MYD88/C4BPA/DOCK2/DYSF/ARAP1/SH3BP1/VAMP7/CFP/SNX3/ELMO2/NCF4/PLCG2/CYBA,0.5933254763964051
GO:1903311,regulation of mRNA metabolic process,148,0.523839074993844,1.5893973536315613,5.638323745347863e-8,8.900496769441985e-6,8.900496769441985e-6,1315,"tags=57%, list=31%, signal=41%",LSM6/SRSF4/SRSF5/SRSF6/RBMX/SNRPD2/ACIN1/THRAP3/SNRPF/SRSF3/BCLAF1/YTHDF3/YTHDF2/YTHDF1/RBM25/RBM8A/NPM1/H1-2/H1-3/CAPRIN1/SRSF7/TIAL1/SRSF1/FMR1/FXR1/FXR2/RBM14/TRA2B/SAP18/RBM15/APEX1/ZC3HAV1/PRKCD/DIS3/HNRNPU/KHDRBS1/CSTF3/ROCK1/SLIRP/PABPC1/SYNCRIP/SERBP1/CDK11B/FUS/SNRPB/CSDE1/PNN/MYD88/NCBP2/YBX1/LARP1/HNRNPK/SRSF10/YBX3/CELF2/CSTF1/PAIP1/PRPF8/HNRNPC/SNW1/TARDBP/HNRNPL/TAF15/SON/HNRNPA0/LSM2/NCBP1/EIF4A3/HNRNPA1/IWS1/SMU1/PDE12/LARP7/ALYREF/SRSF2/DAZAP1/RNPS1/C1QBP/LSM7/XRN1/PRMT5/SNRNP200/SNRPG/DHX9,0.7195128263389107
GO:0002181,cytoplasmic translation,169,0.5281792306509034,1.5882669754422487,2.4018291857558964e-9,4.423368750433776e-7,4.423368750433776e-7,1127,"tags=56%, list=27%, signal=43%",RPL31/RPL7A/RPL26L1/RPL26/RPL21/RPS3A/RPL34/YTHDF2/RPS21/PKM/RPL23A/RPS26/NPM1/RPL18A/RPL17/RPL32/RPL27/RPS15/RPL3/RPL13A/RPL6/FMR1/RPL10/RPL22/RPS11/EIF2AK2/RPL5/RPL27A/EIF3A/EIF4G1/EIF3H/RPS24/RPS17/RPS20/RPL37A/HNRNPU/RPS23/RPS19/EIF3J/RPL19/RPL7/PABPC1/EEF1D/SYNCRIP/ABCE1/EIF2S3/DDRGK1/RPL24/EPRS1/EIF2S2/CSDE1/EIF2B4/EIF3CL/EIF3C/NCBP2/YBX1/RPS12/EIF3G/MCTS1/RPL35A/YBX3/RPL30/RPS9/RPL4/RPL29/RPS2/PAIP1/SH3BGRL/EIF5/RPL28/RPS13/ETF1/AARS1/RPS27/EIF2B5/FAU/RPL3L/RPL12/NCK1/RPS16/CNBP/RPL14/DRG1/RPL18/NCBP1/EIF4A1/EIF4A2/RPS8/RPS18/EEF2/EIF3I/CDK5RAP3/RPS25/RPL11,0.7749390301364363
GO:1903305,regulation of regulated secretory pathway,40,0.5621815089529747,1.5879271868145628,0.0010839489104759164,0.011742779863489095,0.011742779863489093,1269,"tags=57%, list=30%, signal=41%",ITGB2/LGALS9/VAMP8/ITGAM/RAC2/FMR1/RAB3D/RAP1B/LYN/RAB27A/MICAL1/RAP1A/NCKAP1L/CDK5/FGR/RAB3GAP1/VAMP7/AP1G1/CALM3/STXBP2/PRKCB/LAMP1/GNAI2,0.45505986738722953
GO:0031507,heterochromatin formation,51,0.5568385023529818,1.5807967917678976,3.657704196768972e-4,0.0052490430356230055,0.0052490430356230055,741,"tags=43%, list=17%, signal=36%",SMARCA5/LBR/HMGB1/H2AC8/H2AX/H2AZ1/H2AC21/H2AC19/H2AC4/H2AC18/RBBP4/CBX3/H1-2/RBM15/HNRNPU/CBX1/HDAC1/HDAC2/CDK2/HNRNPK/MACROH2A1/ZNF512,0.49849310876659025
GO:0051251,positive regulation of lymphocyte activation,81,0.5419267494117863,1.58027531473946,2.004869433878688e-5,6.515825660105736e-4,6.515825660105736e-4,653,"tags=37%, list=15%, signal=32%",PTPRC/HLA-A/LGALS9/PTPN6/HLA-DPB1/HLA-DRB1/CSK/HMGB1/CYRIB/CD74/MMP14/SMARCC2/HLA-E/HLA-G/AP3B1/CD47/SMARCD2/HSPH1/SART1/HLA-DRB5/TFRC/LYN/SRC/YES1/DDRGK1/SMARCE1/NCKAP1L/LCK/HLA-DRB3/YWHAG,0.5756102610711286
GO:0022408,negative regulation of cell-cell adhesion,63,0.5498690751912628,1.5790444508433608,7.511317610294405e-5,0.001596154992187561,0.001596154992187561,1028,"tags=41%, list=24%, signal=32%",LGALS9/HLA-DRB1/PSMA4/CSK/HMGB1/PSMB8/YTHDF2/HLA-E/HLA-G/PSMA2/PSMA3/WNK1/PRKCD/PSMB2/PRKAR1A/SWAP70/PSMB1/PSMA7/STAT5A/PSMB9/PSMB4/PSMB10/PSMA1/MIA3/TMX1/CEBPB,0.5384340963099162
GO:0008380,RNA splicing,226,0.5143121270217383,1.57537195294428,1.3685139443129633e-10,3.780519771164561e-8,3.780519771164561e-8,1367,"tags=59%, list=32%, signal=42%",LSM6/SRSF4/SRSF5/SRSF6/NCL/RBMX/RBMXL1/SNRPD2/ACIN1/THRAP3/SNRPF/SRSF3/TCERG1/BUD31/DDX46/RPS26/RBM25/RBM8A/H1-2/H1-3/SRSF7/CDC5L/TIAL1/SRSF1/PPIE/FMR1/RBM14/TRA2B/SF3B2/PHF5A/THOC6/ILF3/SF3A2/SAP18/RBM15/PRPF4/SART1/PQBP1/IK/SNRPA1/PRPF3/SNU13/UBL5/PPIL1/HNRNPU/KHDRBS1/PLRG1/RBM12/RALY/SNRPA/PRPF40A/SNRPB2/PABPC1/HNRNPR/SYNCRIP/CDK11B/FUS/SNRPB/SNRNP70/PTBP3/PNN/HNRNPH1/HNRNPH2/HNRNPH3/SF3B1/NCBP2/YBX1/PRMT1/HNRNPK/PRPF6/HNRNPF/SRSF10/CELF2/CWC15/ISY1/LUC7L2/LUC7L/PRPF8/SF3A3/HNRNPC/SNW1/XAB2/RPS13/U2AF1/TARDBP/LUC7L3/HNRNPUL2/HNRNPL/CTNNBL1/DDX23/SF3A1/HNRNPUL1/SON/SF3B3/HSPA8/SF1/SFPQ/LSM2/MAGOHB/NCBP1/SNRNP40/EIF4A3/HNRNPA3/HNRNPA1/RBM17/IWS1/SMU1/STRAP/LARP7/PIK3R1/MTREX/ALYREF/SRSF2/ZNF830/DAZAP1/HTATSF1/SNRPC/RNPS1/C1QBP/TRA2A/RBM22/LSM7/PPWD1/PRMT5/DHX15/MBNL1/SNRNP200/SNRPG/DHX9/HNRNPA2B1/CRNKL1/DDX39A/DDX39B/DDX42,0.826657301178302
GO:0010565,regulation of ketone metabolic process,31,0.5833808745899737,1.5713223686117919,0.0024801232480412697,0.0226490594139306,0.0226490594139306,312,"tags=26%, list=7%, signal=24%",NME1/CD74/PLAA/EIF6/CPT1A/FABP5/UBR4/NME2,0.4317076958033464
GO:0019079,viral genome replication,46,0.5580248770115532,1.5686022954725474,7.63289266879764e-4,0.009268512526397134,0.009268512526397134,680,"tags=46%, list=16%, signal=39%",IFI16/ADAR/OAS3/IFITM3/VAPB/VAPA/PCBP2/PCBP3/PPIE/FMR1/EIF2AK2/ILF3/ZC3HAV1/TOP2B/DEK/PABPC1/STAU1/RAD23A/IFIT1/LARP1/BST2,0.47727081536286214
GO:0071826,protein-RNA complex organization,133,0.5205510357748571,1.5664815080911252,3.485026629128015e-7,2.8028290011172168e-5,2.8028290011172168e-5,1444,"tags=63%, list=34%, signal=43%",LSM6/SRSF5/SRSF6/ADAR/SNRPD2/SNRPF/TRIM21/DDX46/RPS15/RPL13A/SRSF1/EIF6/SF3B2/PHF5A/KLC1/RPL5/SF3A2/PRPF4/SART1/EIF3A/SNRPA1/PRPF3/SNU13/EIF3H/RPS19/EIF3J/SNRPA/SNRPB2/SYNCRIP/HSP90AA1/HSP90AB1/EIF2S3/EPRS1/SNRPB/SNRNP70/EIF2S2/SF3B1/EIF3CL/EIF3C/EIF3G/MCTS1/PRPF6/SRSF10/CELF2/ISY1/LUC7L2/LUC7L/EIF5/PRPF8/SF3A3/NOP2/XAB2/LUC7L3/PRKDC/DDX23/SF3A1/RUVBL2/SF3B3/FAU/SF1/KIF5B/BOP1/LSM2/NCBP1/SNRNP40/EIF3I/STRAP/RPL11/PTGES3/HTATSF1/SNRPC/RPS14/LSM7/PRMT5/SNRNP200/SNRPG/DHX9/CRNKL1/DDX39B/DHX29/DDX42/FAF2/SART3/GAPDH,0.674962860011025
GO:0022618,protein-RNA complex assembly,128,0.5198210911354915,1.558324725055627,1.0145090528788367e-6,5.605162517155573e-5,5.605162517155573e-5,1367,"tags=61%, list=32%, signal=43%",LSM6/SRSF5/SRSF6/ADAR/SNRPD2/SNRPF/DDX46/RPS15/RPL13A/SRSF1/EIF6/SF3B2/PHF5A/RPL5/SF3A2/PRPF4/SART1/EIF3A/SNRPA1/PRPF3/SNU13/EIF3H/RPS19/EIF3J/SNRPA/SNRPB2/SYNCRIP/HSP90AA1/HSP90AB1/EIF2S3/EPRS1/SNRPB/SNRNP70/EIF2S2/SF3B1/EIF3CL/EIF3C/EIF3G/MCTS1/PRPF6/SRSF10/CELF2/ISY1/LUC7L2/LUC7L/EIF5/PRPF8/SF3A3/NOP2/XAB2/LUC7L3/PRKDC/DDX23/SF3A1/RUVBL2/SF3B3/FAU/SF1/BOP1/LSM2/NCBP1/SNRNP40/EIF3I/STRAP/RPL11/PTGES3/HTATSF1/SNRPC/RPS14/LSM7/PRMT5/SNRNP200/SNRPG/DHX9/CRNKL1/DDX39B/DHX29/DDX42,0.6435518361507222
GO:0002366,leukocyte activation involved in immune response,84,0.5306082757834036,1.5579097012303813,3.204015297257457e-5,8.354911912170627e-4,8.354911912170627e-4,941,"tags=45%, list=22%, signal=36%",CORO1A/ITGB2/LGALS9/PTPN6/HLA-DRB1/PSMA4/VAMP8/ITGAM/HMGB1/PSMB8/CD74/RAC2/ICAM1/GRN/PSMA2/PSMA3/TFRC/LYN/PSMB2/DDRGK1/LCP1/PSMB1/NCKAP1L/FGR/PSMA7/DOCK2/DYSF/STAT5A/PCYT1A/HLA-DRA/PSMB9/VAMP7/PSMB4/PSMB10/KARS1/PLCG2/AP1G1/PSMA1,0.557332238758646
GO:0009615,response to virus,135,0.5168312303605054,1.5576795287106937,4.5720722850642115e-7,3.138101521146572e-5,3.138101521146572e-5,1206,"tags=52%, list=28%, signal=38%",GBP1/PTPRC/SMARCA5/GBP2/STAT1/LGALS9/DNAJC3/DEFA1/DEFA3/DEFA1B/IFI16/ADAR/VAMP8/CALR/OAS3/TRIM21/UBE2N/BAX/CFL1/NPC2/IFITM3/VAPB/PCBP2/SAMHD1/PML/FMR1/EIF2AK2/ILF3/PSMA2/DDX60/MX2/PQBP1/CASP1/EEF1G/TPT1/ZC3HAV1/EIF5A/RELA/CLU/DDX21/RIGI/STING1/ZMPSTE24/HSP90AA1/CDK6/FGR/MYD88/IFIT1/TRIM25/BST2/STMN1/NT5C2/PPM1B/NFKB1/ENO1/HNRNPUL1/TBK1/TRIM26/NCK1/UAP1/NCBP1/GBF1/PDE12/ATAD3A/MX1/LGALS8/GBP5/ELMOD2/RNASE6/C1QBP,0.674962860011025
GO:0045727,positive regulation of translation,72,0.538182515418223,1.5556422694167276,1.0407419657423999e-4,0.0019827928830092275,0.0019827928830092275,1093,"tags=57%, list=26%, signal=43%",RPL26/DNAJC3/YTHDF3/YTHDF2/YTHDF1/PKM/NPM1/SSB/EIF6/FMR1/FXR1/FXR2/RPL5/EIF4G1/EIF4G3/EIF5A/ABCF1/HNRNPU/KHDRBS1/PABPC1/SYNCRIP/CSDE1/EIF2B4/EIF3C/YBX1/LARP1/PRMT1/YBX3/PYM1/PAIP1/SH3BGRL/COA3/PRKDC/EIF2B5/NCK1/CNBP/NCK2/EIF4A3/THBS1/OTUD6B/EEF2,0.5384340963099162
GO:0045580,regulation of T cell differentiation,45,0.559834223361644,1.5545192754989245,4.8485637094888487e-4,0.0063781701178394976,0.0063781701178394976,941,"tags=51%, list=22%, signal=40%",HLA-DRB1/PSMA4/HMGB1/PSMB8/SMARCC2/HLA-G/AP3B1/PSMA2/SMARCD2/SART1/PSMA3/PSMB2/CLPTM1/SMARCE1/PSMB1/NCKAP1L/PSMA7/STAT5A/HLA-DRA/PSMB9/PSMB4/PSMB10/PSMA1,0.49849310876659025
GO:0002824,positive regulation of adaptive immune response based on somatic recombination of immune receptors built from immunoglobulin superfamily domains,29,0.5793501577343461,1.5532103327123452,0.004777241898540671,0.03585003893626204,0.03585003893626204,758,"tags=41%, list=18%, signal=34%",HLA-A/HLA-C/HLA-DRB1/CYRIB/HLA-B/HLA-E/HLA-G/TFRC/STX7/HLA-DRB3/YWHAG/HLA-DRA,0.40701791892395395
GO:0002705,positive regulation of leukocyte mediated immunity,38,0.5584130612205477,1.5487013194118715,0.00241907187929379,0.022462810307728055,0.02246281030772805,936,"tags=47%, list=22%, signal=37%",ITGB2/HLA-A/HLA-C/HLA-DRB1/ITGAM/CYRIB/HLA-B/HLA-E/HLA-G/TFRC/STX7/DDX21/RIGI/HLA-DRB3/YWHAG/HLA-DRA/PLCG2/AP1G1,0.4317076958033464
GO:0051607,defense response to virus,98,0.5165548712954597,1.545229744050448,2.8292812204975435e-5,8.016296791409707e-4,8.016296791409706e-4,1362,"tags=57%, list=32%, signal=40%",GBP1/PTPRC/SMARCA5/GBP2/STAT1/DNAJC3/DEFA1/DEFA3/DEFA1B/IFI16/ADAR/VAMP8/OAS3/TRIM21/UBE2N/IFITM3/VAPB/PCBP2/SAMHD1/PML/EIF2AK2/ILF3/DDX60/MX2/PQBP1/CASP1/ZC3HAV1/RELA/DDX21/RIGI/STING1/ZMPSTE24/HSP90AA1/MYD88/IFIT1/TRIM25/BST2/NT5C2/PPM1B/TBK1/TRIM26/NCK1/UAP1/NCBP1/PDE12/ATAD3A/MX1/GBP5/ELMOD2/RNASE6/C1QBP/DHX15/IFIT5/DHX9/PARP9/TRIM56,0.5756102610711286
GO:0032946,positive regulation of mononuclear cell proliferation,26,0.5763745325215301,1.5451845832029998,0.00702829311054533,0.046784722211762594,0.04678472221176259,378,"tags=31%, list=9%, signal=28%",PTPRC/HLA-A/LGALS9/HLA-DPB1/HMGB1/CD74/HLA-E/TFRC,0.40701791892395395
GO:0050671,positive regulation of lymphocyte proliferation,26,0.5763745325215301,1.5451845832029998,0.00702829311054533,0.046784722211762594,0.04678472221176259,378,"tags=31%, list=9%, signal=28%",PTPRC/HLA-A/LGALS9/HLA-DPB1/HMGB1/CD74/HLA-E/TFRC,0.40701791892395395
GO:0002285,lymphocyte activation involved in immune response,54,0.5427976099509977,1.54090577581276,9.546230291133774e-4,0.01054858447170282,0.01054858447170282,1260,"tags=57%, list=30%, signal=41%",CORO1A/LGALS9/HLA-DRB1/PSMA4/HMGB1/PSMB8/CD74/ICAM1/PSMA2/PSMA3/TFRC/PSMB2/DDRGK1/LCP1/PSMB1/NCKAP1L/PSMA7/STAT5A/PCYT1A/HLA-DRA/PSMB9/VAMP7/PSMB4/PSMB10/AP1G1/PSMA1/NBN/DOCK11/PSMA6/TP53BP1/LAMP1,0.47727081536286214
GO:0002821,positive regulation of adaptive immune response,30,0.5674547691720467,1.5395287706972487,0.004532727637307125,0.034305918076879265,0.034305918076879265,758,"tags=40%, list=18%, signal=33%",HLA-A/HLA-C/HLA-DRB1/CYRIB/HLA-B/HLA-E/HLA-G/TFRC/STX7/HLA-DRB3/YWHAG/HLA-DRA,0.40701791892395395
GO:0043487,regulation of RNA stability,76,0.5286854458864874,1.539231930436437,1.2457650802976503e-4,0.0022566728093916452,0.0022566728093916452,975,"tags=47%, list=23%, signal=37%",LSM6/THRAP3/BCLAF1/YTHDF3/YTHDF2/YTHDF1/NPM1/CAPRIN1/SRSF1/FMR1/FXR1/FXR2/APEX1/PRKCD/DIS3/HNRNPU/ROCK1/DKC1/PABPC1/SYNCRIP/SERBP1/FUS/CSDE1/NSUN2/PNN/MYD88/YBX1/LARP1/YBX3/PAIP1/HNRNPC/SNW1/TARDBP/TAF15/HNRNPA0/LSM2,0.5188480777437918
GO:0070665,positive regulation of leukocyte proliferation,32,0.5676882145721729,1.5380703995159748,0.0040918036557870685,0.032066971912373836,0.03206697191237383,1018,"tags=47%, list=24%, signal=36%",PTPRC/HLA-A/LGALS9/HLA-DPB1/HMGB1/CD74/HLA-E/TFRC/LYN/NCKAP1L/BST2/MAPK1/MAPK3/NCK1/NCK2,0.40701791892395395
GO:0046632,alpha-beta T cell differentiation,32,0.5672819157322021,1.5369695906510459,0.004179328042131852,0.03252223582081477,0.03252223582081477,941,"tags=56%, list=22%, signal=44%",HLA-DRB1/PSMA4/HMGB1/PSMB8/AP3B1/PSMA2/PSMA3/PSMB2/PSMB1/NCKAP1L/PSMA7/STAT5A/HLA-DRA/PSMB9/PSMB4/PSMB10/TBK1/PSMA1,0.40701791892395395
GO:0002263,cell activation involved in immune response,88,0.5230458001555474,1.5355589644601049,4.029177591325125e-5,9.893869418698363e-4,9.893869418698363e-4,1268,"tags=52%, list=30%, signal=37%",CORO1A/ITGB2/LGALS9/PTPN6/HLA-DRB1/PSMA4/VAMP8/ITGAM/HMGB1/PSMB8/CD74/RAC2/ICAM1/GRN/PSMA2/PSMA3/TFRC/LYN/PSMB2/DDRGK1/LCP1/PSMB1/NCKAP1L/FGR/PSMA7/DOCK2/DYSF/STAT5A/PCYT1A/HLA-DRA/PSMB9/VAMP7/PSMB4/PSMB10/KARS1/PLCG2/AP1G1/PSMA1/NBN/GBF1/STXBP2/DOCK11/PSMA6/TP53BP1/LAMP1/GNAI1,0.557332238758646
GO:0022407,regulation of cell-cell adhesion,150,0.5057865947214585,1.5313781171071597,3.804745250385362e-7,2.8028290011172168e-5,2.8028290011172168e-5,1028,"tags=39%, list=24%, signal=30%",PTPRC/ITGB2/HLA-A/LGALS9/PTPN6/HLA-DPB1/HLA-DRB1/PSMA4/CSK/FERMT3/HMGB1/CYRIB/PSMB8/YTHDF2/FGG/SMARCC2/HLA-E/HLA-G/AP3B1/PSMA2/CD47/SMARCD2/HSPH1/SART1/HLA-DRB5/PSMA3/TFRC/WNK1/RELA/PRKCD/LYN/SRC/YES1/PSMB2/PRKAR1A/CD44/SMARCE1/SWAP70/PSMB1/NCKAP1L/LCK/PSMA7/HLA-DRB3/YWHAG/FGB/STAT5A/FGA/HLA-DRA/PSMB9/PSMB4/PSMB10/F11R/PSMA1/NCK1/MIA3/TMX1/NCK2/CEBPB,0.674962860011025
GO:0002697,regulation of immune effector process,116,0.5131605869434024,1.5290094370678764,6.2227529625145075e-6,2.455765008420904e-4,2.4557650084209036e-4,936,"tags=39%, list=22%, signal=31%",PTPRC/ITGB2/HLA-A/HLA-C/LGALS9/PTPN6/HLA-DRB1/VAMP8/ITGAM/HMGB1/SERPINB9/CYRIB/CD74/HLA-B/HLA-E/HLA-G/RAC2/ICAM1/GALNT2/GRB2/GRN/DDX60/TFRC/MYO18A/LYN/CLU/STX7/RPS19/DDX21/RIGI/DDRGK1/NCKAP1L/FGR/C4BPA/HLA-DRB3/YWHAG/A2M/BST2/STAT5A/HLA-DRA/VAMP7/CFP/MAPK3/PLCG2/AP1G1,0.610526878385931
GO:0002699,positive regulation of immune effector process,77,0.520725652687202,1.5289458561292997,1.1280755874473127e-4,0.0021043457948491436,0.0021043457948491436,977,"tags=40%, list=23%, signal=32%",PTPRC/ITGB2/HLA-A/HLA-C/LGALS9/HLA-DRB1/VAMP8/ITGAM/CYRIB/CD74/HLA-B/HLA-E/HLA-G/GALNT2/DDX60/TFRC/MYO18A/STX7/RPS19/DDX21/RIGI/DDRGK1/FGR/HLA-DRB3/YWHAG/HLA-DRA/VAMP7/CFP/PLCG2/AP1G1/GPI,0.5384340963099162
GO:0030217,T cell differentiation,59,0.5311178226220596,1.5264776526212616,7.879361417202251e-4,0.009463798223922269,0.009463798223922269,941,"tags=46%, list=22%, signal=36%",PTPRC/HLA-DRB1/PSMA4/HMGB1/PSMB8/CD74/SMARCC2/HLA-G/AP3B1/PSMA2/SMARCD2/SART1/PSMA3/PSMB2/CLPTM1/SMARCE1/PSMB1/NCKAP1L/LCK/PSMA7/STAT5A/HLA-DRA/PSMB9/PSMB4/PSMB10/TBK1/PSMA1,0.47727081536286214
GO:0048167,regulation of synaptic plasticity,36,0.5509976976804297,1.5229912536496213,0.0032165610146624012,0.027552712567457,0.027552712567457,1194,"tags=56%, list=28%, signal=40%",YTHDF1/CFL1/FMR1/FXR1/FXR2/RAB8A/STAU1/CDK5/CAMK2D/YWHAG/YWHAH/RAB3GAP1/SQSTM1/LGMN/CALM1/CALM2/CALM3/CREB1/NPTN/UBE3A,0.4317076958033464
GO:0002274,myeloid leukocyte activation,59,0.5295991748950644,1.5221129302965282,8.43817231730244e-4,0.009798784440431928,0.009798784440431928,1100,"tags=46%, list=26%, signal=34%",PTPRC/ITGB2/LGALS9/PTPN6/VAMP8/ITGAM/HMGB1/CD74/RAC2/GRN/PRKCD/MYO18A/LYN/SRC/CLU/FN1/FGR/DOCK2/DYSF/STK39/VAMP7/KARS1/PLCG2/C1QA/STXBP2/THBS1/PLA2G4A,0.47727081536286214
GO:0032609,type II interferon production,39,0.5448515860373997,1.521647942678669,0.0037588904390885173,0.030996820411886658,0.030996820411886655,941,"tags=46%, list=22%, signal=36%",HLA-A/LGALS9/HLA-DPB1/HLA-DRB1/PSMA4/HMGB1/CYRIB/PSMB8/PSMA2/CD47/PSMA3/PSMB2/PSMB1/PSMA7/PSMB9/PSMB4/PSMB10/PSMA1,0.4317076958033464
GO:0032649,regulation of type II interferon production,39,0.5448515860373997,1.521647942678669,0.0037588904390885173,0.030996820411886658,0.030996820411886655,941,"tags=46%, list=22%, signal=36%",HLA-A/LGALS9/HLA-DPB1/HLA-DRB1/PSMA4/HMGB1/CYRIB/PSMB8/PSMA2/CD47/PSMA3/PSMB2/PSMB1/PSMA7/PSMB9/PSMB4/PSMB10/PSMA1,0.4317076958033464
GO:0140888,interferon-mediated signaling pathway,33,0.5576166373966838,1.5185852918499834,0.005952281194090249,0.041628295692846366,0.04162829569284636,1045,"tags=48%, list=25%, signal=37%",STAT1/PTPN6/OAS3/YTHDF3/YTHDF2/IFITM3/SAMHD1/PTPN1/HCK/STING1/CDC37/MYD88/RAF1/SP100/TBK1/UBE2K,0.40701791892395395
GO:0045814,"negative regulation of gene expression, epigenetic",59,0.5281183333022681,1.5178568660068459,9.108746105803644e-4,0.010270575966237781,0.010270575966237781,741,"tags=39%, list=17%, signal=33%",SMARCA5/LBR/IFI16/HMGB1/H2AC8/H2AX/H2AZ1/H2AC21/H2AC19/H2AC4/H2AC18/RBBP4/CBX3/H1-2/RBM15/HNRNPU/CBX1/HDAC1/HDAC2/CDK2/HNRNPK/MACROH2A1/ZNF512,0.47727081536286214
GO:0043488,regulation of mRNA stability,73,0.5202287827865719,1.5126222995825709,3.3640547644162537e-4,0.00495637401957328,0.004956374019573281,975,"tags=47%, list=23%, signal=37%",LSM6/THRAP3/BCLAF1/YTHDF3/YTHDF2/YTHDF1/NPM1/CAPRIN1/SRSF1/FMR1/FXR1/FXR2/APEX1/PRKCD/DIS3/HNRNPU/ROCK1/PABPC1/SYNCRIP/SERBP1/FUS/CSDE1/PNN/MYD88/YBX1/LARP1/YBX3/PAIP1/HNRNPC/SNW1/TARDBP/TAF15/HNRNPA0/LSM2,0.49849310876659025
GO:0045619,regulation of lymphocyte differentiation,53,0.5305797442421949,1.5115094139115461,0.00148533634690243,0.015197191327103565,0.015197191327103567,941,"tags=49%, list=22%, signal=39%",HLA-DRB1/PSMA4/HMGB1/PSMB8/MMP14/SMARCC2/HLA-G/AP3B1/PSMA2/SMARCD2/SART1/PSMA3/PSMB2/CLPTM1/DDRGK1/SMARCE1/PSMB1/NCKAP1L/PSMA7/STAT5A/HLA-DRA/PSMB9/PRKDC/PSMB4/PSMB10/PSMA1,0.45505986738722953
GO:1903707,negative regulation of hemopoiesis,31,0.5596899981899143,1.5075115622572046,0.006445141070027159,0.04396222766901241,0.043962227669012414,941,"tags=55%, list=22%, signal=43%",PSMA4/HMGB1/PSMB8/HLA-G/PSMA2/PSMA3/LYN/PSMB2/PSMB1/CDK6/PSMA7/STAT5A/PSMB9/PSMB4/PSMB10/HSPA9/PSMA1,0.40701791892395395
GO:0014902,myotube differentiation,64,0.5225211359381601,1.5063165984071767,4.4993010141603776e-4,0.006063082464203924,0.006063082464203924,1020,"tags=48%, list=24%, signal=37%",RPL31/RPL7A/RPL21/RPL34/RPL23A/MMP14/RPL18A/RPL17/RPL32/RPL27/RPL13A/RPL6/RPL10/RPL5/RPL27A/EHD1/NACA/RPL37A/RPL19/RPL7/RPL24/DOCK2/RPL35A/RPL30/RPL4/RPL29/RPL28/RPL3L/RPL12/RPL14/RPL18,0.49849310876659025
GO:0019730,antimicrobial humoral response,38,0.542770879688969,1.5053193341777042,0.00588434450056488,0.041628295692846366,0.04162829569284636,742,"tags=34%, list=17%, signal=28%",HLA-A/DEFA1/DEFA3/DEFA1B/HLA-E/H2BC12/KRT6A/RPS19/H2BC26/FGB/FGA/RPL30/JCHAIN,0.40701791892395395
GO:0051249,regulation of lymphocyte activation,124,0.5062596934154837,1.5023547106839024,2.8636893357864156e-6,1.30419299924584e-4,1.30419299924584e-4,834,"tags=38%, list=20%, signal=31%",PTPRC/HLA-A/LGALS9/PTPN6/HLA-DPB1/HLA-DRB1/MNDA/PSMA4/CSK/HMGB1/CYRIB/PSMB8/CD74/MMP14/SMARCC2/HLA-E/HLA-G/RAC2/AP3B1/PSMA2/CD47/SMARCD2/HSPH1/SART1/HLA-DRB5/PSMA3/TFRC/LYN/SRC/YES1/PSMB2/CLPTM1/PRKAR1A/DDRGK1/SMARCE1/PSMB1/NCKAP1L/FGR/LCK/PSMA7/HLA-DRB3/YWHAG/STAT5A/HLA-DRA/PSMB9/PRKDC/PSMB4,0.6272567397185284
GO:0002520,immune system development,25,0.5656248863284676,1.5015650421990452,0.008792413064723273,0.05257521845419551,0.05257521845419551,1427,"tags=72%, list=34%, signal=48%",PTPRC/LGALS9/HMGB1/HLA-B/HLA-E/HLA-G/SAMHD1/TFRC/LYN/PCYT1A/PRKDC/CTNNBL1/SBDS/NBN/TP53BP1/HMGB2/ADAM17/EXOSC6,0.3807304007227924
GO:0050806,positive regulation of synaptic transmission,25,0.5651292204326707,1.5002491973702043,0.008879899043645558,0.05257521845419551,0.05257521845419551,1116,"tags=56%, list=26%, signal=42%",YTHDF1/FMR1/FXR1/STAU1/CAMK2D/RAB3GAP1/SQSTM1/LGMN/KIF5B/CALM1/CALM2/CALM3/CREB1/NPTN,0.3807304007227924
GO:1902106,negative regulation of leukocyte differentiation,30,0.5521344706266824,1.4979641532728976,0.008417832404254543,0.051390634291167234,0.05139063429116724,941,"tags=53%, list=22%, signal=42%",PSMA4/HMGB1/PSMB8/HLA-G/PSMA2/PSMA3/LYN/PSMB2/PSMB1/CDK6/PSMA7/STAT5A/PSMB9/PSMB4/PSMB10/PSMA1,0.3807304007227924
GO:0006612,protein targeting to membrane,43,0.5339673229311463,1.4965599213573735,0.003893160028587399,0.0313957079174507,0.0313957079174507,1343,"tags=58%, list=32%, signal=40%",ITGB2/ITGAM/YIF1B/SRP72/CHMP4B/CHMP4A/NACA/PAK1/SRP9/SRPRA/SEC63/SEC61B/SRP68/SRP14/STOM/SRPRB/SRP54/ARL6IP1/GET4/SEC61A1/SSR1/GDI1/GOLGA7/SSR4/SEC62,0.4317076958033464
GO:0007605,sensory perception of sound,19,-0.32824506054045965,-1.4931688372489345,0.036743088735884805,0.14817924471953542,0.14817924471953545,30,"tags=16%, list=1%, signal=16%",COL1A1/COL2A1/MYH14,0.3217759180753611
GO:0050852,T cell receptor signaling pathway,41,0.5331667795969554,1.4928967842208365,0.004496356703406967,0.03426533901561861,0.03426533901561861,972,"tags=41%, list=23%, signal=32%",GBP1/PTPRC/HLA-A/HLA-DPB1/HLA-DRB1/CSK/UBE2N/CLEC2B/WNK1/KHDRBS1/EIF2B4/LCK/HLA-DRB3/RFTN1/EIF2B5/PLCG2/NCK1,0.40701791892395395
GO:0141060,disruption of anatomical structure in another organism,33,0.5480351718965671,1.4924916073954175,0.008179000685638892,0.05081529759468451,0.05081529759468451,459,"tags=24%, list=11%, signal=22%",GBP1/GBP2/DEFA1/DEFA3/DEFA1B/H2BC12/KRT6A/RPS19,0.3807304007227924
GO:0031348,negative regulation of defense response,91,0.5021767586399833,1.4909441678872286,2.108520955380531e-4,0.0034366461914287134,0.0034366461914287134,475,"tags=30%, list=11%, signal=27%",PTPRC/HLA-A/LGALS9/PTPN6/HLA-DRB1/IFI16/SERPINB9/OAS3/TRIM21/YTHDF3/YTHDF2/HLA-B/HLA-E/HLA-G/PCBP2/SAMHD1/GRB2/FXR1/GRN/PARP1/PRKCD/HCK/LYN/SRC/YES1/RPS19/PRKAR1A,0.5188480777437918
GO:0050830,defense response to Gram-positive bacterium,32,0.550010065645192,1.4901739717148166,0.009094288008096878,0.053060984000711194,0.0530609840007112,620,"tags=31%, list=15%, signal=27%",GBP2/HLA-A/DEFA1/DEFA3/DEFA1B/HLA-E/H2BC12/KRT6A/FGR/MYD88,0.3807304007227924
GO:0050792,regulation of viral process,57,0.5184507770561301,1.4879159459965046,0.0012860081057559682,0.013663836123657161,0.013663836123657161,680,"tags=42%, list=16%, signal=36%",STAT1/LGALS9/IFI16/ADAR/HMGB1/OAS3/TRIM21/IFITM3/VAPB/PPIE/FMR1/EIF2AK2/ILF3/ZC3HAV1/TOP2B/PABPC1/STAU1/BSG/RAD23A/IFIT1/TRIM25/STOM/LARP1/BST2,0.45505986738722953
GO:0002696,positive regulation of leukocyte activation,88,0.5062580020193426,1.4862733112459319,1.852189315168701e-4,0.0031979206144709606,0.0031979206144709606,653,"tags=34%, list=15%, signal=29%",PTPRC/HLA-A/LGALS9/PTPN6/HLA-DPB1/HLA-DRB1/CSK/HMGB1/CYRIB/CD74/MMP14/SMARCC2/HLA-E/HLA-G/AP3B1/CD47/SMARCD2/HSPH1/SART1/HLA-DRB5/TFRC/LYN/SRC/YES1/DDRGK1/SMARCE1/NCKAP1L/LCK/HLA-DRB3/YWHAG,0.5188480777437918
GO:0006310,DNA recombination,72,0.513996778673312,1.4857322420199233,6.964330571131685e-4,0.008646725034944394,0.008646725034944394,1296,"tags=60%, list=31%, signal=42%",KPNA1/HMGB1/H2AX/UBE2N/H1-2/H1-3/H1-4/SAMHD1/H1-5/H1-1/MCM6/PARP1/APEX1/TFRC/TOP2B/MCM3/FEN1/FUS/MCM2/H1-10/CHD4/PRMT1/HDGFL2/PCYT1A/PRKDC/PPP4C/RUVBL2/MCM4/PDS5B/RECQL/SFPQ/NBN/INTS3/MCM5/XRCC1/MCM7/HTATSF1/C1QBP/RPA1/TP53BP1/ACTB/HMGB2/RAD21,0.47727081536286214
GO:0002688,regulation of leukocyte chemotaxis,41,0.5286538887004405,1.480260437462624,0.005952281194090249,0.041628295692846366,0.04162829569284636,1391,"tags=51%, list=33%, signal=35%",LGALS9/HMGB1/CALR/CD74/RAC1/RAC2/WNK1/LYN/SWAP70/NCKAP1L/MCU/STK39/MAPK1/MAPK3/LGMN/THBS1/ANO6/C1QBP/MPP1/ADAM10/ADAM17,0.40701791892395395
GO:0034308,primary alcohol metabolic process,36,-0.27892038130691066,-1.4777269465946854,0.011716976895326815,0.06346695818302026,0.06346695818302024,423,"tags=33%, list=10%, signal=30%",ALDH1A1/ALDH1B1/SDR9C7/AKR1C2/RDH11/ACP3/AKR1C3/ACSS2/ADH1B/ALDH3A2/RETSAT/LIPE,0.3807304007227924
GO:0002460,adaptive immune response based on somatic recombination of immune receptors built from immunoglobulin superfamily domains,95,0.49885980545177844,1.4776254988051694,6.407196526805676e-4,0.00804540018422758,0.008045400184227582,1247,"tags=49%, list=29%, signal=36%",PTPRC/HLA-A/HLA-C/LGALS9/HLA-DRB1/PSMA4/HMGB1/CYRIB/PSMB8/CD74/HLA-B/HLA-E/HLA-G/CTSC/MYO1G/PSMA2/PSMA3/TFRC/CLU/STX7/PSMB2/C1S/PSMB1/NCKAP1L/PSMA7/C4BPA/HLA-DRB3/YWHAG/STAT5A/PCYT1A/HLA-DRA/PSMB9/PSMB4/RFTN1/C1R/PSMB10/MAPK3/PSMA1/NBN/C1QA/PLA2G4A/C1QBP/PRKAA1/PSMA6/C1RL/UFL1/TP53BP1,0.47727081536286214
GO:0043409,negative regulation of MAPK cascade,40,0.5229623247187387,1.4771494257206066,0.008211947314785473,0.05081529759468451,0.05081529759468451,670,"tags=28%, list=16%, signal=23%",GBP1/PTPRC/CSK/NHERF1/EIF3A/PTPN1/PRKCD/LYN/DNAJA1/STK38/PRMT1,0.3807304007227924
GO:0071357,cellular response to type I interferon,62,0.5080698788501206,1.4707983933594144,0.0019235034473698456,0.01880948061366088,0.01880948061366088,941,"tags=44%, list=22%, signal=34%",STAT1/PSME1/PSME2/PTPN6/PSMA4/OAS3/YTHDF3/YTHDF2/IFITM3/SAMHD1/PSMC1/PSMA2/PSMA3/PTPN1/PSMB2/STING1/CDC37/PSMB1/PSMA7/MYD88/IFIT1/PSMD4/PSMD3/PSMB4/SP100/TBK1/PSMA1,0.45505986738722953
GO:0006334,nucleosome assembly,40,0.5204585729884055,1.4700773762520376,0.00889734466147924,0.05257521845419551,0.05257521845419551,1955,"tags=92%, list=46%, signal=50%",SMARCA5/SET/H2AX/NPM1/H1-2/H1-3/H1-4/H1-5/H1-1/DNAJC9/SUPT16H/HP1BP3/NAP1L1/NAP1L4/H1-10/MACROH2A1/SSRP1/HMGB2/MACROH2A2/SART3/GRWD1/H4C16/H4C15/H4C9/H4C1/H4C4/H4C6/H4C12/H4C11/H4C3/H4C8/H4C2/H4C5/H4C13/H4C14/H3-3A/H3-3B,0.3807304007227924
GO:0061013,regulation of mRNA catabolic process,83,0.5014556808860741,1.468258668165859,2.4814513143727704e-4,0.003917148146259874,0.003917148146259873,1077,"tags=47%, list=25%, signal=36%",LSM6/THRAP3/BCLAF1/YTHDF3/YTHDF2/YTHDF1/RBM8A/NPM1/CAPRIN1/SRSF1/FMR1/FXR1/FXR2/APEX1/ZC3HAV1/PRKCD/DIS3/HNRNPU/ROCK1/SLIRP/PABPC1/SYNCRIP/SERBP1/FUS/CSDE1/PNN/MYD88/YBX1/LARP1/YBX3/PAIP1/HNRNPC/SNW1/TARDBP/TAF15/HNRNPA0/LSM2/EIF4A3/PDE12,0.49849310876659025
GO:0000724,double-strand break repair via homologous recombination,43,0.5238595649272783,1.4682307242815464,0.0056153421883605,0.040555249138159166,0.040555249138159166,1364,"tags=65%, list=32%, signal=45%",UBE2N/SAMHD1/MCM6/PARP1/MCM3/FEN1/FUS/MCM2/CHD4/PRMT1/HDGFL2/PPP4C/RUVBL2/MCM4/PDS5B/RECQL/SFPQ/NBN/INTS3/MCM5/MCM7/HTATSF1/C1QBP/RPA1/TP53BP1/ACTB/RAD21/RAD50,0.40701791892395395
GO:0010212,response to ionizing radiation,34,0.5287406482526396,1.4672590441881006,0.015167703849308021,0.0758385192465401,0.0758385192465401,1219,"tags=47%, list=29%, signal=34%",PTPRC/RPL26/CASP3/TOP1/IFI16/H2AX/GRB2/PARP1/EEF1D/KARS1/CYBA/INTS3/IKBIP/LCN2/PRKAA1/BRCC3,0.3807304007227924
GO:0007162,negative regulation of cell adhesion,97,0.4982347767507299,1.4619695844253748,4.386112563136105e-4,0.005983523928722711,0.005983523928722712,1338,"tags=42%, list=32%, signal=30%",GBP1/PTPRC/LGALS9/HLA-DRB1/PSMA4/CSK/HMGB1/PSMB8/YTHDF2/MMP14/HLA-E/HLA-G/CFL1/LAMB1/PSMA2/PSMA3/WNK1/PTPN1/PRKCD/SRC/PSMB2/PRKAR1A/SWAP70/PSMB1/PSMA7/STAT5A/PSMB9/PSMB4/PSMB10/PSMA1/MIA3/TMX1/CEBPB/THBS1/PLXNB2/PSMA6/RCC2/UFL1/PLG/MAP2K1/ADAM10,0.49849310876659025
GO:0006302,double-strand break repair,85,0.4982689277179377,1.459474169073319,6.295769855098712e-4,0.00804540018422758,0.008045400184227582,1394,"tags=59%, list=33%, signal=40%",HMGB1/H2AX/UBE2N/UBE2V2/SMARCC2/SAMHD1/PML/MCM6/SMARCD2/PARP1/TOP2B/DEK/MCM3/FEN1/SMARCE1/FUS/MCM2/OTUB1/BCL7C/CHD4/PRMT1/HDGFL2/PRKDC/PPP4C/DPF2/RUVBL2/MCM4/PDS5B/RECQL/SFPQ/NBN/INTS3/MCM5/PPP5C/XRCC1/PAXX/MCM7/SMARCC1/HTATSF1/C1QBP/BRCC3/PPP4R3A/RPA1/TP53BP1/ACTB/HMGB2/RAD21/PARP9/RAD50/SMARCA2,0.47727081536286214
GO:0043086,negative regulation of catalytic activity,52,0.5106491406595972,1.458438660602023,0.004834077648419044,0.03585003893626204,0.03585003893626204,1351,"tags=52%, list=32%, signal=36%",PTPRC/ADAR/SERPINB1/PRDX3/PTPN1/LYN/HNRNPU/SNX6/NES/TIMP1/ABCE1/DNAJA1/PPP1R12A/STK38/YWHAG/SERPINB8/GNAI3/TMBIM1/EIF4A2/XRCC1/CDK5RAP3/SFN/RCC2/TMED2/GNAI2/SERPINB13/PARP9,0.40701791892395395
GO:0034728,nucleosome organization,45,0.5242193251654278,1.4556256326478234,0.00401559223902265,0.03169449588657163,0.03169449588657163,1955,"tags=93%, list=46%, signal=51%",SMARCA5/SET/H2AX/NPM1/SMARCC2/H1-2/H1-3/H1-4/H1-5/H1-1/DNAJC9/SUPT16H/SMARCD2/HP1BP3/NAP1L1/NAP1L4/SMARCE1/H1-10/MACROH2A1/SSRP1/SMARCC1/MPO/HMGB2/MACROH2A2/SART3/GRWD1/H4C16/H4C15/H4C9/H4C1/H4C4/H4C6/H4C12/H4C11/H4C3/H4C8/H4C2/H4C5/H4C13/H4C14/H3-3A/H3-3B,0.40701791892395395
GO:0050764,regulation of phagocytosis,44,0.5169230010873386,1.4552260695682657,0.0081014833469858,0.05081529759468451,0.05081529759468451,921,"tags=45%, list=22%, signal=36%",PTPRC/CSK/HMGB1/CALR/CD47/TGM2/MYO18A/HCK/PRKACA/RAB27A/RAP1A/NCKAP1L/FGR/DOCK2/DYSF/ARAP1/CFP/SNX3/PLCG2/CYBA,0.3807304007227924
GO:0034340,response to type I interferon,65,0.5060159386383585,1.4549239716052795,0.0013299731420478584,0.013864342660027203,0.013864342660027205,1578,"tags=62%, list=37%, signal=39%",STAT1/PSME1/PSME2/PTPN6/PSMA4/OAS3/YTHDF3/YTHDF2/IFITM3/SAMHD1/PSMC1/PSMA2/PSMA3/PTPN1/PSMB2/STING1/SHMT2/CDC37/PSMB1/PSMA7/MYD88/IFIT1/PSMD4/PSMD3/PSMB4/SP100/TBK1/PSMA1/UBE2K/MX1/PSMD12/PSMA6/PSMD1/PSMD6/TRIM56/ADRM1/STAT2/PSMD2/ISG15/SIN3A,0.45505986738722953
GO:0042326,negative regulation of phosphorylation,33,0.5342199072482696,1.4548678058606097,0.013925321908794185,0.07058477389549346,0.07058477389549346,822,"tags=39%, list=19%, signal=32%",PTPRC/DNAJC3/ADAR/PRDX3/PTPN1/LYN/HNRNPU/SNX6/DNAJA1/STK38/YWHAG/TARDBP/PRKDC,0.3807304007227924
GO:0002220,innate immune response activating cell surface receptor signaling pathway,27,0.5383927422153818,1.451425716522747,0.024264164220567666,0.11218368813275008,0.11218368813275009,951,"tags=48%, list=22%, signal=38%",HMGB1/AP3B1/WDFY1/PAK2/PAK1/RELA/LYN/SRC/MYD88/PLCG2/CYBA/TBK1/SQSTM1,0.35248785758361917
GO:0034101,erythrocyte homeostasis,41,0.5176635074559854,1.4494867556709508,0.010211956461615731,0.05816604067054321,0.058166040670543206,1320,"tags=54%, list=31%, signal=37%",STAT1/CASP3/ACIN1/RPS24/LYN/RPS17/RPS19/PTBP3/NCKAP1L/CDK6/PRMT1/STAT5B/GLUL/HMOX1/PRKDC/HSPA9/SLC25A5/CDK5RAP3/UFL1/RPS14/HMGB2/SLC1A5,0.3807304007227924
GO:0032635,interleukin-6 production,34,0.5223233609325255,1.449451026418504,0.0188713256745668,0.08988282271722549,0.08988282271722549,620,"tags=35%, list=15%, signal=30%",LGALS9/PTPN6/CSK/HMGB1/CD74/HLA-B/CD47/RELA/RIGI/BSG/NCKAP1L/MYD88,0.35248785758361917
GO:0032675,regulation of interleukin-6 production,34,0.5223233609325255,1.449451026418504,0.0188713256745668,0.08988282271722549,0.08988282271722549,620,"tags=35%, list=15%, signal=30%",LGALS9/PTPN6/CSK/HMGB1/CD74/HLA-B/CD47/RELA/RIGI/BSG/NCKAP1L/MYD88,0.35248785758361917
GO:0071824,protein-DNA complex organization,56,0.5094226159782432,1.4482016730620004,0.002406964412430458,0.022462810307728055,0.02246281030772805,1955,"tags=88%, list=46%, signal=48%",SMARCA5/SET/HMGB1/H2AX/NPM1/SMARCC2/H1-2/H1-3/H1-4/H1-5/H1-1/DNAJC9/SUPT16H/SMARCD2/HP1BP3/NAP1L1/NAP1L4/SMARCE1/DRAP1/H1-10/MACROH2A1/SSRP1/CREB1/UBTF/SMARCC1/MPO/HMGB2/MACROH2A2/SART3/GRWD1/DR1/RPL23/SMARCA4/H4C16/H4C15/H4C9/H4C1/H4C4/H4C6/H4C12/H4C11/H4C3/H4C8/H4C2/H4C5/H4C13/H4C14/H3-3A/H3-3B,0.4317076958033464
GO:0002708,positive regulation of lymphocyte mediated immunity,28,0.5439512027844389,1.4477779829824196,0.009434251672876917,0.054296083846505167,0.05429608384650517,1260,"tags=57%, list=30%, signal=40%",HLA-A/HLA-C/HLA-DRB1/CYRIB/HLA-B/HLA-E/HLA-G/TFRC/STX7/HLA-DRB3/YWHAG/HLA-DRA/AP1G1/PRKAA1/TP53BP1/LAMP1,0.3807304007227924
GO:0097529,myeloid leukocyte migration,59,0.5033963744999168,1.4468038603771203,0.003972180856134051,0.03157740896423113,0.03157740896423113,1102,"tags=41%, list=26%, signal=31%",ITGB2/S100A8/HMGB1/CD74/MMP14/RAC1/RAC2/CD47/PECAM1/LYN/RPS19/BSG/SWAP70/NCKAP1L/PPIB/MCU/SRP54/MAPK1/MAPK3/LGMN/GBF1/WDR1/THBS1/ANO6,0.40701791892395395
GO:0050864,regulation of B cell activation,22,0.5599215009104361,1.4437324170157497,0.030395136778115502,0.1332802624595938,0.1332802624595938,594,"tags=36%, list=14%, signal=31%",PTPRC/MNDA/CD74/MMP14/TFRC/LYN/DDRGK1/NCKAP1L,0.26166352171157314
GO:0002443,leukocyte mediated immunity,121,0.4826592916286212,1.4403540017204137,6.90547280008612e-5,0.0015261094888190324,0.0015261094888190324,1268,"tags=47%, list=30%, signal=34%",CORO1A/PTPRC/ITGB2/HLA-A/HLA-C/LGALS9/HLA-DRB1/VAMP8/ITGAM/HMGB1/SERPINB9/CYRIB/CD74/HLA-B/HLA-E/HLA-G/RAC2/ICAM1/CTSC/GRB2/MYO1G/TFRC/LYN/CLU/STX7/DDX21/RIGI/C1S/NCKAP1L/FGR/C4BPA/HLA-DRB3/YWHAG/BST2/PCYT1A/HLA-DRA/VAMP7/RFTN1/C1R/MAPK3/PLCG2/AP1G1/KIF5B/NBN/C1QA/WDR1/STXBP2/PIK3R1/SERPINB4/C1QBP/PRKAA1/C1RL/UFL1/TP53BP1/LAMP1/MPO/GNAI1,0.5384340963099162
GO:0002449,lymphocyte mediated immunity,87,0.48653496219651327,1.4398348706116681,6.407196526805676e-4,0.00804540018422758,0.008045400184227582,1260,"tags=48%, list=30%, signal=35%",CORO1A/PTPRC/HLA-A/HLA-C/LGALS9/HLA-DRB1/HMGB1/SERPINB9/CYRIB/CD74/HLA-B/HLA-E/HLA-G/CTSC/GRB2/MYO1G/TFRC/CLU/STX7/C1S/NCKAP1L/C4BPA/HLA-DRB3/YWHAG/PCYT1A/HLA-DRA/VAMP7/RFTN1/C1R/MAPK3/AP1G1/KIF5B/NBN/C1QA/PIK3R1/SERPINB4/C1QBP/PRKAA1/C1RL/UFL1/TP53BP1/LAMP1,0.47727081536286214
GO:0003014,renal system process,24,0.5442098350093395,1.4366464096862999,0.031408308004052685,0.13663850529322133,0.13663850529322133,952,"tags=38%, list=22%, signal=29%",NHERF1/MYO1E/PRKACA/PRKACB/PRKAR1A/JCHAIN/STK39/CYBA/LGMN,0.25720646646883816
GO:0065004,protein-DNA complex assembly,50,0.5035079628675876,1.4342061334863683,0.004487354988285032,0.03426533901561861,0.03426533901561861,1955,"tags=86%, list=46%, signal=47%",SMARCA5/SET/HMGB1/H2AX/NPM1/H1-2/H1-3/H1-4/H1-5/H1-1/DNAJC9/SUPT16H/HP1BP3/NAP1L1/NAP1L4/DRAP1/H1-10/MACROH2A1/SSRP1/CREB1/UBTF/HMGB2/MACROH2A2/SART3/GRWD1/DR1/SMARCA4/H4C16/H4C15/H4C9/H4C1/H4C4/H4C6/H4C12/H4C11/H4C3/H4C8/H4C2/H4C5/H4C13/H4C14/H3-3A/H3-3B,0.40701791892395395
GO:0051209,release of sequestered calcium ion into cytosol,38,0.5167940973955094,1.4332753942955985,0.01718403738697102,0.083282286458785,0.083282286458785,1115,"tags=47%, list=26%, signal=35%",PTPRC/ERO1A/LYN/PRKACA/FKBP1A/GSTO1/DIAPH1/CLIC2/LCK/CAMK2D/GHITM/FLNA/PLCG2/CALM1/CALM2/CALM3/ATP1A2/LETM1,0.35248785758361917
GO:0070372,regulation of ERK1 and ERK2 cascade,74,0.49106959925047877,1.431982188445789,0.0013519556728148437,0.013961785219256097,0.013961785219256097,703,"tags=28%, list=17%, signal=24%",GBP1/PTPRC/LGALS9/PTPN6/NAMPT/CSK/HMGB1/NHERF1/CD74/FGG/ICAM1/EIF3A/PTPN1/LYN/SRC/CD44/FN1/RAP1A/FGB/GLIPR2/FGA,0.45505986738722953
GO:0006986,response to unfolded protein,57,0.4984267603183375,1.430448477288599,0.003834262842970204,0.031153385599132905,0.031153385599132905,1420,"tags=58%, list=33%, signal=39%",DNAJC3/MANF/DNAJC10/BAX/VAPB/HSPH1/PTPN1/HSP90AA1/HSP90AB1/DDRGK1/STT3B/DNAJA1/TBL2/OPTN/HSPA2/HSPA8/NCK1/NCK2/EIF2S1/HSPA4/THBS1/CDK5RAP3/ATAD3A/TMEM33/PIK3R1/UFL1/DERL1/DNAJB4/DNAJB1/SERPINH1/FBXO6/FAF2/ERP44,0.4317076958033464
GO:0071621,granulocyte chemotaxis,34,0.5139151526826939,1.4261181889664314,0.025551289382469568,0.1166701436678879,0.1166701436678879,1330,"tags=47%, list=31%, signal=33%",ITGB2/S100A8/CD74/RAC1/RAC2/BSG/NCKAP1L/PPIB/MCU/SRP54/MAPK1/MAPK3/GBF1/THBS1/C1QBP/MPP1,0.35248785758361917
GO:0044703,multi-organism reproductive process,39,0.509680426133447,1.4234228030609264,0.015950800053461268,0.07868586633515491,0.07868586633515492,753,"tags=28%, list=18%, signal=23%",APOL2/ARHGDIB/LGALS9/CALR/YTHDF3/IGFBP7/PARP1/TIMP1/BSG/PZP/RPL29,0.35248785758361917
GO:0044706,multi-multicellular organism process,39,0.509680426133447,1.4234228030609264,0.015950800053461268,0.07868586633515491,0.07868586633515492,753,"tags=28%, list=18%, signal=23%",APOL2/ARHGDIB/LGALS9/CALR/YTHDF3/IGFBP7/PARP1/TIMP1/BSG/PZP/RPL29,0.35248785758361917
GO:0002687,positive regulation of leukocyte migration,47,0.49673227513597623,1.4222087781616435,0.01287384635750733,0.06872270640118647,0.06872270640118647,1391,"tags=51%, list=33%, signal=35%",LGALS9/HMGB1/CALR/CD74/MMP14/RAC1/RAC2/ICAM1/CD47/WNK1/SWAP70/NCKAP1L/MCU/STK39/MAPK1/MAPK3/LGMN/MIA3/THBS1/ANO6/C1QBP/ADAM10/P4HB/ADAM17,0.3807304007227924
GO:0045088,regulation of innate immune response,174,0.46492566829656023,1.4210051161388553,3.091595012668484e-5,8.332225582923597e-4,8.332225582923596e-4,1362,"tags=47%, list=32%, signal=33%",GBP2/CTSS/HLA-A/HLA-C/LGALS9/PTPN6/MNDA/IFI16/S100A8/HMGB1/SERPINB9/OAS3/TRIM21/YTHDF3/YTHDF2/HLA-B/HLA-E/HLA-G/AP3B1/PCBP2/SAMHD1/MATR3/GRB2/RBM14/WDFY1/PAK2/CPT1A/GRN/EIF2AK2/DDX60/PARP1/PQBP1/RALB/CASP1/PAK1/ZC3HAV1/RELA/PTPN1/HCK/LYN/SRC/RPS19/RIGI/STING1/HSP90AA1/CDC37/FGR/MYD88/TRIM25/A2M/RPS6KA3/ERAP1/PRKDC/CFP/RFTN1/HSP90B1/USP15/PLCG2/CYBA/HSPA8/TBK1/AP1G1/SQSTM1/SFPQ/UBE2K/SFN/YWHAE/YWHAZ/PIK3R1/GBP5/SERPINB4/C1QBP/BRCC3/GDI1/LAMP1/HMGB2/MASP1/PYHIN1/DHX9/PARP9/DDX39A/TRIM56,0.557332238758646
GO:0003341,cilium movement,31,0.5271837369960098,1.4199567287707293,0.021674268715277584,0.10148333445077004,0.10148333445077004,941,"tags=39%, list=22%, signal=30%",PSMA4/YIF1B/NHERF1/PSMA2/PSMA3/PSMB2/PSMB1/PSMA7/CFAP20/PSMB4/PSME3/PSMA1,0.35248785758361917
GO:0048872,homeostasis of number of cells,80,0.48187588503625767,1.4190495822152058,0.0024045574480180275,0.022462810307728055,0.02246281030772805,1320,"tags=51%, list=31%, signal=36%",STAT1/LGALS9/CASP3/PSMA4/HMGB1/ACIN1/PSMB8/CD74/PSMA2/PSMA3/RPS24/OCIAD1/LYN/RPS17/PSMB2/RPS19/PTBP3/PSMB1/NCKAP1L/CDK6/PSMA7/PRMT1/STAT5B/GLUL/PSMB9/HMOX1/PRKDC/PSMB4/PSMB10/HSPA9/PSMA1/SLC25A5/DOCK11/CDK5RAP3/FAS/PSMA6/UFL1/RPS14/WDR37/HMGB2/SLC1A5,0.4317076958033464
GO:1902105,regulation of leukocyte differentiation,77,0.48329558708089315,1.4190443304255322,0.0020972675182775644,0.020328777260497446,0.020328777260497446,941,"tags=42%, list=22%, signal=33%",LGALS9/HLA-DRB1/PSMA4/HMGB1/ACIN1/PSMB8/CD74/MMP14/SMARCC2/HLA-B/HLA-G/AP3B1/PSMA2/SMARCD2/SART1/PSMA3/LYN/PSMB2/CLPTM1/DDRGK1/SMARCE1/PSMB1/NCKAP1L/CDK6/PSMA7/STAT5A/HLA-DRA/PSMB9/PRKDC/PSMB4/PSMB10/PSMA1,0.4317076958033464
GO:0097530,granulocyte migration,38,0.5110787283720282,1.417424404835853,0.02118797102682598,0.10005430762667823,0.10005430762667825,1206,"tags=45%, list=28%, signal=32%",ITGB2/S100A8/CD74/RAC1/RAC2/PECAM1/BSG/NCKAP1L/PPIB/MCU/SRP54/MAPK1/MAPK3/GBF1/WDR1/THBS1/C1QBP,0.35248785758361917
GO:0051052,regulation of DNA metabolic process,144,0.465769379835834,1.4160399917719564,1.1426312008230644e-4,0.0021043457948491436,0.0021043457948491436,1394,"tags=53%, list=33%, signal=37%",SMARCA5/CASP3/PCNA/KPNA1/HMGB1/UBE2V1/H2AX/UBE2N/UBE2V2/BAX/SMARCC2/SUB1/H1-2/H1-3/H1-4/H1-5/H1-1/PML/MCM6/SMARCD2/PARP1/TFRC/TOP2B/PRKCD/DEK/SRC/HNRNPU/MCM3/CACYBP/DKC1/S100A11/HSP90AA1/SMARCE1/SSBP1/FUS/MCM2/OTUB1/CDK2/CDK1/H1-10/BCL7C/PRMT1/HDGFL2/YLPM1/HNRNPC/PRKDC/PPP4C/DPF2/RUVBL2/SF3B3/MAPK1/MAPK3/MCM4/CCT7/NBN/MCM5/HNRNPA1/CCT4/XRCC1/RFC2/MCM7/CUL4B/SMARCC1/PTGES3/C1QBP/BRCC3/PPP4R3A/SMC3/TP53BP1/ACTB/XRN1/DHX9/HNRNPA2B1/CCT8/RAD50/PDS5A/SMARCA2,0.5384340963099162
GO:0007565,female pregnancy,38,0.5105385127362774,1.4159261722085117,0.021521633020099573,0.1011974659030214,0.1011974659030214,753,"tags=29%, list=18%, signal=24%",APOL2/ARHGDIB/LGALS9/CALR/YTHDF3/IGFBP7/PARP1/TIMP1/BSG/PZP/RPL29,0.35248785758361917
GO:2000045,regulation of G1/S transition of mitotic cell cycle,55,0.4964786425944946,1.4158798774430894,0.003920911939011943,0.0313957079174507,0.0313957079174507,941,"tags=40%, list=22%, signal=32%",PSME1/PSME2/PTPN6/PSMA4/SMARCC2/RDX/PSMA2/SMARCD2/EIF4G1/PSMA3/PSMB2/SMARCE1/PSMB1/CDK2/PSMA7/BCL7C/PRKDC/PSMB4/PSME3/DPF2/RRM1/PSMA1,0.40701791892395395
GO:2000779,regulation of double-strand break repair,44,0.5026829407512374,1.4151378804381052,0.013601384843527081,0.07009363407322584,0.07009363407322584,1394,"tags=59%, list=33%, signal=40%",UBE2N/UBE2V2/SMARCC2/PML/SMARCD2/PARP1/TOP2B/DEK/SMARCE1/FUS/OTUB1/BCL7C/PRMT1/HDGFL2/PRKDC/PPP4C/DPF2/RUVBL2/NBN/SMARCC1/C1QBP/PPP4R3A/TP53BP1/ACTB/RAD50/SMARCA2,0.3807304007227924
GO:0044092,negative regulation of molecular function,72,0.48918905283467484,1.414024325435722,0.0031379330368183685,0.02708918754440857,0.02708918754440857,1351,"tags=49%, list=32%, signal=34%",PTPRC/IFI16/ADAR/SERPINB1/PRDX3/UBLCP1/BAX/FMR1/PTPN1/LYN/HNRNPU/SNX6/NES/ROCK1/TIMP1/ABCE1/DNAJA1/PPP1R12A/STK38/YWHAG/SERPINB8/GNAI3/TMBIM1/CALM1/CALM2/CALM3/EIF4A2/XRCC1/CDK5RAP3/SFN/RCC2/TMED2/GNAI2/SERPINB13/PARP9,0.4317076958033464
GO:0050867,positive regulation of cell activation,94,0.48245812955600864,1.412599208781741,0.0011541132334276498,0.012381506047937408,0.012381506047937408,690,"tags=33%, list=16%, signal=28%",PTPRC/HLA-A/LGALS9/PTPN6/HLA-DPB1/HLA-DRB1/CSK/HMGB1/CYRIB/CD74/MMP14/SMARCC2/HLA-E/HLA-G/AP3B1/CD47/SMARCD2/HSPH1/SART1/HLA-DRB5/TFRC/LYN/SRC/YES1/DDRGK1/SMARCE1/NCKAP1L/LCK/HLA-DRB3/YWHAG/FLNA,0.45505986738722953
GO:0032760,positive regulation of tumor necrosis factor production,54,0.4966882198048633,1.4100094264316405,0.008675456923521585,0.05238458962017132,0.05238458962017132,1469,"tags=56%, list=35%, signal=37%",PTPRC/LGALS9/PSMA4/HMGB1/OAS3/CYBB/PSMB8/HLA-E/PSMA2/PSMA3/CLU/PSMB2/RIGI/HDAC2/PSMB1/PSMA7/PSMB9/PSMB4/PSMB10/PLCG2/CYBA/PSMA1/THBS1/FRMD8/PSMA6/DHX9/ADAM10/ADAM17/CD14/AKAP12,0.3807304007227924
GO:1903557,positive regulation of tumor necrosis factor superfamily cytokine production,54,0.4966882198048633,1.4100094264316405,0.008675456923521585,0.05238458962017132,0.05238458962017132,1469,"tags=56%, list=35%, signal=37%",PTPRC/LGALS9/PSMA4/HMGB1/OAS3/CYBB/PSMB8/HLA-E/PSMA2/PSMA3/CLU/PSMB2/RIGI/HDAC2/PSMB1/PSMA7/PSMB9/PSMB4/PSMB10/PLCG2/CYBA/PSMA1/THBS1/FRMD8/PSMA6/DHX9/ADAM10/ADAM17/CD14/AKAP12,0.3807304007227924
GO:0006941,striated muscle contraction,91,0.4746329717304815,1.4091676863043936,0.001789817738772801,0.017817554967062568,0.017817554967062568,1024,"tags=47%, list=24%, signal=37%",RPL31/RPL7A/RPL21/RPL34/RPL23A/RPL18A/RPL17/RPL32/RPL27/RPL13A/RPL6/RPL10/RPL5/RPL27A/ATP2A1/ATP2A2/EHD3/RPL37A/PRKACA/FKBP1A/RPL19/RPL7/GSTO1/HSP90AA1/RPL24/CLIC2/CAMK2D/RPL35A/FLNA/RPL30/RPL4/RPL29/RPL28/ATP1A1/RPL3L/DSC2/CALM1/CALM2/CALM3/RPL12/RPL14/RPL18/ATP1A2,0.45505986738722953
GO:0050729,positive regulation of inflammatory response,43,0.5019554511350524,1.4068396664273872,0.014277221568199465,0.07203803576648588,0.07203803576648589,1166,"tags=44%, list=27%, signal=32%",GBP1/GBP2/CASP3/VAMP8/S100A8/HLA-E/GRN/CD47/CASP1/RPS19/VAMP7/MAPK1/MAPK3/KARS1/PLCG2/TRADD/CEBPB/GBP5/MGST2,0.3807304007227924
GO:0045055,regulated exocytosis,70,0.4853444026859386,1.4048443270458404,0.0027078272193617734,0.024130234495119033,0.024130234495119026,1269,"tags=46%, list=30%, signal=33%",CORO1A/ITGB2/LGALS9/VAMP8/ITGAM/RAC2/FMR1/RAB10/RAB3D/RAP1B/HCK/LYN/MYH9/RAB27A/MICAL1/RAP1A/NCKAP1L/CDK5/FGR/RAB3GAP1/NAPA/VAMP7/AP1G1/CALM3/SYNGR2/PLEK/STXBP2/PRKCB/TMED10/LAMP1/GNAI1/GNAI2,0.4317076958033464
GO:0050900,leukocyte migration,112,0.4698215963522248,1.4043342519903446,3.985967359152649e-4,0.005646787092132919,0.00564678709213292,1102,"tags=40%, list=26%, signal=31%",ITGB2/LGALS9/DEFA1/DEFA1B/S100A8/HMGB1/CALR/MSN/CD74/MMP14/RAC1/RAC2/ICAM1/MYO1G/CD47/PECAM1/WNK1/HCK/LYN/SRC/YES1/STK10/MYH9/RPS19/ROCK1/BSG/SWAP70/NCKAP1L/LCK/PPIB/MCU/STK39/HMOX1/SRP54/MAPK1/MAPK3/F11R/SBDS/LGMN/MIA3/GBF1/WDR1/THBS1/ANKRD22/ANO6,0.49849310876659025
GO:1902806,regulation of cell cycle G1/S phase transition,62,0.484980642040664,1.4039579570003407,0.007983691152045475,0.05041130698862999,0.05041130698862999,941,"tags=39%, list=22%, signal=31%",PSME1/PSME2/PTPN6/PSMA4/SMARCC2/RDX/PSMA2/SMARCD2/EIF4G1/PSMA3/PSMB2/DDRGK1/SMARCE1/PSMB1/CDK2/PSMA7/BCL7C/PRKDC/PSMB4/PSME3/DPF2/RRM1/PLCG2/PSMA1,0.3807304007227924
GO:0042254,ribosome biogenesis,140,0.46508300049718604,1.402446283777329,1.9650864488974116e-4,0.0032900311000479392,0.0032900311000479392,1780,"tags=66%, list=42%, signal=40%",LSM6/RPL7A/RPL26/RPS3A/YTHDF2/RPS21/NPM1/RPL27/RPS15/EIF6/RPS11/RPL5/EIF2A/SART1/SNU13/RPS24/NOP58/RPS17/DIS3/NMD3/RPS23/PA2G4/RPS19/DDX21/RPL7/DKC1/RRP1/XRN2/RPS12/GLUL/RPL35A/RPS9/EIF5/FBL/FTSJ3/NOP2/RPS13/PRKDC/EIF5B/RPS27/IMP3/MYBBP1A/NOP56/EIF1AX/NUP88/FAU/EXOSC1/SBDS/BOP1/RPS16/RPL14/EIF4A3/RPS8/RPS25/RPL11/MTREX/WDR12/EXOSC7/CUL4B/EXOSC9/PIN4/C1QBP/RPS14/PRMT5/UTP6/RPS7/RPL35/DHX29/TBL3/NOC2L/EXOSC2/DCAF13/EXOSC6/DDX3X/GRWD1/TCOF1/UTP18/GTPBP4/LAS1L/GAR1/DDX18/CUL4A/HEATR1/RPS5/EMG1/ZNF622/ERI1/EFL1/EXOSC8/NOP16/PNO1/MAK16/RPS15A,0.5188480777437918
GO:0008154,actin polymerization or depolymerization,85,0.4786931949039376,1.402135100162148,0.002705122097264509,0.024130234495119033,0.024130234495119026,1018,"tags=41%, list=24%, signal=32%",COTL1/LIMA1/ARPC5L/CYRIB/CORO7/ARPC3/VASP/RAC1/CFL1/CYRIA/RDX/ARPC5/ENAH/PRKCD/HCK/TWF1/CFL2/DSTN/CAPZA1/DIAPH1/SWAP70/MICAL1/NCKAP1/NCKAP1L/CAPZB/FLII/ARPC2/SH3BP1/PDXP/TMOD3/WASHC5/NCK1/PLEK/TWF2/NCK2,0.4317076958033464
GO:0045785,positive regulation of cell adhesion,162,0.46227793223961333,1.4021197523298086,1.764278464021706e-4,0.003094488417053945,0.0030944884170539446,703,"tags=27%, list=17%, signal=24%",PTPRC/ITGB2/HLA-A/LGALS9/PTPN6/HLA-DPB1/HLA-DRB1/CSK/HMGB1/CALR/CYRIB/FGG/SMARCC2/HLA-E/HLA-G/RAC1/CFL1/AP3B1/LAMB1/CD47/SMARCD2/HSPH1/SART1/HLA-DRB5/CD63/TGM2/TFRC/RELA/LYN/SRC/YES1/ROCK1/CD44/FN1/SMARCE1/CDC42/NCKAP1L/CDK6/LCK/HLA-DRB3/YWHAG/FGB/FLNA/FGA,0.5188480777437918
GO:0007163,establishment or maintenance of cell polarity,70,0.4843283658936315,1.4019033772463922,0.0027944758706562,0.02470316669660081,0.02470316669660081,848,"tags=36%, list=20%, signal=29%",CYRIB/MSN/NHERF1/CAP2/CAP1/RAC1/RAC2/CFL1/CLIC4/RAB10/RAP1B/PAK1/MYO18A/SHTN1/ROCK1/MAP4/RHOG/CDC42/NCKAP1L/SH3BP1/MAPRE1/PDLIM1/SNX27/CYTH1/CKAP5,0.4317076958033464
GO:0030595,leukocyte chemotaxis,67,0.4846919364446343,1.4003049286679452,0.0036140261711577974,0.030253779690373985,0.030253779690373985,1102,"tags=40%, list=26%, signal=30%",ITGB2/LGALS9/DEFA1/DEFA1B/S100A8/HMGB1/CALR/CD74/RAC1/RAC2/WNK1/LYN/RPS19/BSG/SWAP70/NCKAP1L/PPIB/MCU/STK39/SRP54/MAPK1/MAPK3/SBDS/LGMN/GBF1/THBS1/ANO6,0.4317076958033464
GO:0000082,G1/S transition of mitotic cell cycle,70,0.4833756036661389,1.3991455776242905,0.0030110977243548824,0.026198921144977523,0.02619892114497752,1394,"tags=51%, list=33%, signal=35%",PSME1/PSME2/PTPN6/PSMA4/SMARCC2/RDX/GSPT1/PSMA2/SMARCD2/EIF4G1/PSMA3/KHDRBS1/PSMB2/SMARCE1/CUL1/PSMB1/RCC1/CDK2/CDK6/CDK1/PSMA7/BCL7C/PRKDC/PSMB4/PSME3/DPF2/RRM1/PSMA1/EIF4E/CUL4B/SMARCC1/PSMA6/ACTB/CRLF3/ADAM17/SMARCA2,0.4317076958033464
GO:0000086,G2/M transition of mitotic cell cycle,31,0.5184725648260405,1.3964933958372974,0.03175515406324489,0.13691734621967178,0.1369173462196718,1707,"tags=68%, list=40%, signal=41%",KHDRBS1/NES/CDK2/CDK6/CDK1/RRM1/TAOK3/TAOK1/NBN/INTS3/CDK5RAP3/ZNF830/BRCC3/RCC2/RAD21/RAD50/DNM2/GTPBP4/MRE11/VPS4A/VPS4B,0.3217759180753611
GO:1902749,regulation of cell cycle G2/M phase transition,25,0.523441757604594,1.3895814414181415,0.03483606557377049,0.1450348758718968,0.1450348758718968,1707,"tags=72%, list=40%, signal=43%",NPM1/CDK1/MACROH2A1/RRM1/TAOK3/TAOK1/NBN/INTS3/CDK5RAP3/ZNF830/BRCC3/RCC2/RAD21/RAD50/GTPBP4/MRE11/VPS4A/VPS4B,0.24504178543099617
GO:0051053,negative regulation of DNA metabolic process,40,0.49190528400670014,1.389426299820395,0.025176233635448138,0.11543459820402568,0.1154345982040257,1651,"tags=68%, list=39%, signal=42%",SUB1/H1-2/H1-3/H1-4/H1-5/H1-1/PML/PARP1/SRC/HNRNPU/S100A11/OTUB1/H1-10/HNRNPC/NBN/HNRNPA1/XRCC1/C1QBP/TP53BP1/XRN1/RAD50/PDS5A/RPS3/GTPBP4/MSH2/MRE11/CUL2,0.2878571172551493
GO:0034620,cellular response to unfolded protein,36,0.5016627384723752,1.3866264163928854,0.027303773989994874,0.12264500105261926,0.12264500105261926,1281,"tags=50%, list=30%, signal=35%",DNAJC3/MANF/DNAJC10/BAX/VAPB/PTPN1/DDRGK1/TBL2/OPTN/NCK1/NCK2/EIF2S1/CDK5RAP3/ATAD3A/TMEM33/PIK3R1/UFL1/DERL1,0.35248785758361917
GO:0000725,recombinational repair,45,0.4988104192160212,1.3850714713989563,0.015428954870120724,0.07679727536704234,0.07679727536704234,1364,"tags=62%, list=32%, signal=43%",UBE2N/SAMHD1/MCM6/PARP1/MCM3/FEN1/FUS/MCM2/CHD4/PRMT1/HDGFL2/PPP4C/RUVBL2/MCM4/PDS5B/RECQL/SFPQ/NBN/INTS3/MCM5/MCM7/HTATSF1/C1QBP/RPA1/TP53BP1/ACTB/RAD21/RAD50,0.3807304007227924
GO:0042742,defense response to bacterium,88,0.4706030827064816,1.3815975238451281,0.0033143687616283488,0.027957080012208587,0.02795708001220859,921,"tags=34%, list=22%, signal=27%",GBP1/GBP2/HLA-A/DEFA1/DEFA3/DEFA1B/S100A8/OAS3/HLA-E/RNF213/H2BC12/KRT6A/GRN/RAB14/RAB1A/CASP1/PRKCD/RPS19/H2BC26/FGR/MYD88/FGB/FGA/RPL30/OPTN/JCHAIN/NFKB1/CFP/FAU/CYBA,0.4317076958033464
GO:0044843,cell cycle G1/S phase transition,77,0.47049580248857437,1.3814618193455006,0.004393089195555563,0.03394659832929299,0.03394659832929299,941,"tags=39%, list=22%, signal=31%",PSME1/PSME2/PTPN6/PSMA4/SMARCC2/RDX/GSPT1/PSMA2/SMARCD2/EIF4G1/PSMA3/KHDRBS1/PSMB2/DDRGK1/SMARCE1/CUL1/PSMB1/RCC1/CDK2/CDK6/CDK1/PSMA7/BCL7C/PRKDC/PSMB4/PSME3/DPF2/RRM1/PLCG2/PSMA1,0.40701791892395395
GO:0099072,regulation of postsynaptic membrane neurotransmitter receptor levels,40,0.48903340014496227,1.3813144313423285,0.027190332326283987,0.12263394783895432,0.1226339478389543,1463,"tags=52%, list=34%, signal=35%",AP3M1/RDX/SACM1L/RAB8A/GRIPAP1/TFRC/SNX6/HSP90AA1/RAP1A/EPB41L3/HIP1/SNX27/RALA/VPS35/AP2S1/AP2M1/MAP2K1/AP2A1/ADAM10/AP2B1/GIT1,0.2765005992544716
GO:1903131,mononuclear cell differentiation,110,0.4621659755841694,1.3794064953416048,0.0010307149499154537,0.011276633857985904,0.011276633857985902,986,"tags=40%, list=23%, signal=32%",PTPRC/LGALS9/HLA-DRB1/PSMA4/IFI16/HMGB1/ACIN1/PSMB8/CD74/MMP14/NPM1/SMARCC2/HLA-B/HLA-G/AP3B1/PSMA2/SMARCD2/SART1/PARP1/PSMA3/TOP2B/LYN/PSMB2/CLPTM1/MYH9/DDRGK1/SMARCE1/PSMB1/CDC42/NCKAP1L/CDK6/LCK/PSMA7/STAT5A/HLA-DRA/PSMB9/PRKDC/PSMB4/PSMB10/PLCG2/TBK1/PSMA1/SLC25A5/SYVN1,0.45505986738722953
GO:1903313,positive regulation of mRNA metabolic process,59,0.47983870532393996,1.379097121846972,0.0107075834097577,0.060060302882143445,0.060060302882143445,1315,"tags=51%, list=31%, signal=36%",LSM6/RBMX/THRAP3/YTHDF3/YTHDF2/YTHDF1/CAPRIN1/FXR1/FXR2/TRA2B/ZC3HAV1/DIS3/HNRNPU/ROCK1/PABPC1/SYNCRIP/CSDE1/NCBP2/YBX1/PAIP1/SNW1/TARDBP/LSM2/NCBP1/PDE12/DAZAP1/LSM7/XRN1/PRMT5/DHX9,0.3807304007227924
GO:0050829,defense response to Gram-negative bacterium,23,0.5330049745293909,1.37854519272633,0.046153846153846156,0.17352213004386918,0.17352213004386918,724,"tags=30%, list=17%, signal=25%",DEFA1/DEFA3/DEFA1B/H2BC12/RPS19/RPL30/OPTN,0.21140018938492272
GO:0006417,regulation of translation,177,0.4496360981750419,1.3740899150940984,2.88306933109515e-4,0.004424710570639084,0.004424710570639085,1508,"tags=53%, list=36%, signal=35%",RPL26/DNAJC3/NCL/CALR/YTHDF3/YTHDF2/YTHDF1/PKM/RBM8A/NPM1/CAPRIN1/SSB/GSPT1/RPL13A/EIF6/PML/FMR1/FXR1/FXR2/EIF4B/RPL10/EIF2AK2/ILF3/RPL5/EIF2A/EIF4G1/EIF4G3/EIF5A/EIF3H/ABCF1/HNRNPU/KHDRBS1/SRP9/PA2G4/PABPC1/SYNCRIP/ABCE1/SERBP1/EIF2S3/SHMT2/EPRS1/EIF4G2/EIF2S2/CSDE1/EIF2B4/EIF3C/NCBP2/YBX1/LARP1/PRMT1/BZW1/YBX3/RPS6KA3/PYM1/PAIP1/SH3BGRL/EIF5/ETF1/COA3/AARS1/PRKDC/EIF5B/EIF2B5/METAP2/NCK1/CNBP/NCK2/NCBP1/EIF4A2/EIF4A3/EIF2S1/THBS1/OTUD6B/EEF2/EIF4E/BZW2/PLXNB2/C1QBP/XRN1/KRT17/DHX9/EIF4H/DHX29/QKI/PRKCH/ELP1/RPS6KA1/GAPDH/RPS3/DDX3X/PELO/PRKCA/TCOF1,0.49849310876659025
GO:0007229,integrin-mediated signaling pathway,59,0.4775974608017344,1.3726555950680053,0.012393784541873062,0.06648122290664919,0.06648122290664919,694,"tags=29%, list=16%, signal=24%",ITGB2/FERMT3/ITGAM/LAMB1/CD47/NME2/CD63/HCK/SRC/MYH9/TIMP1/FN1/ITGAX/CDC42/FGR/FLNA/ZYX,0.3807304007227924
GO:0001539,cilium or flagellum-dependent cell motility,29,0.5119886348714824,1.372617280408709,0.036290322580645164,0.146889400921659,0.146889400921659,941,"tags=38%, list=22%, signal=30%",PSMA4/YIF1B/PSMA2/PSMA3/PSMB2/PSMB1/PSMA7/CFAP20/PSMB4/PSME3/PSMA1,0.2377938344236881
GO:0030317,flagellated sperm motility,29,0.5119886348714824,1.372617280408709,0.036290322580645164,0.146889400921659,0.146889400921659,941,"tags=38%, list=22%, signal=30%",PSMA4/YIF1B/PSMA2/PSMA3/PSMB2/PSMB1/PSMA7/CFAP20/PSMB4/PSME3/PSMA1,0.2377938344236881
GO:0060285,cilium-dependent cell motility,29,0.5119886348714824,1.372617280408709,0.036290322580645164,0.146889400921659,0.146889400921659,941,"tags=38%, list=22%, signal=30%",PSMA4/YIF1B/PSMA2/PSMA3/PSMB2/PSMB1/PSMA7/CFAP20/PSMB4/PSME3/PSMA1,0.2377938344236881
GO:0060294,cilium movement involved in cell motility,29,0.5119886348714824,1.372617280408709,0.036290322580645164,0.146889400921659,0.146889400921659,941,"tags=38%, list=22%, signal=30%",PSMA4/YIF1B/PSMA2/PSMA3/PSMB2/PSMB1/PSMA7/CFAP20/PSMB4/PSME3/PSMA1,0.2377938344236881
GO:0097722,sperm motility,29,0.5119886348714824,1.372617280408709,0.036290322580645164,0.146889400921659,0.146889400921659,941,"tags=38%, list=22%, signal=30%",PSMA4/YIF1B/PSMA2/PSMA3/PSMB2/PSMB1/PSMA7/CFAP20/PSMB4/PSME3/PSMA1,0.2377938344236881
GO:0030010,establishment of cell polarity,44,0.4874722380516061,1.3723171681494368,0.02847126696573045,0.1268578628916619,0.12685786289166187,806,"tags=36%, list=19%, signal=30%",CYRIB/MSN/NHERF1/CFL1/RAB10/RAP1B/PAK1/MYO18A/SHTN1/ROCK1/MAP4/CDC42/SH3BP1/MAPRE1/SNX27/CYTH1,0.35248785758361917
GO:0030218,erythrocyte differentiation,38,0.4943642915906616,1.3710686297041803,0.025150905432595575,0.11543459820402568,0.1154345982040257,1320,"tags=50%, list=31%, signal=35%",STAT1/CASP3/ACIN1/LYN/RPS19/PTBP3/NCKAP1L/CDK6/PRMT1/STAT5B/GLUL/PRKDC/HSPA9/SLC25A5/CDK5RAP3/UFL1/RPS14/HMGB2/SLC1A5,0.2878571172551493
GO:0032640,tumor necrosis factor production,65,0.47607421778296316,1.3688339414357713,0.007300601398668183,0.046902119450746176,0.046902119450746176,1469,"tags=52%, list=35%, signal=35%",PTPRC/LGALS9/PTPN6/PSMA4/HMGB1/OAS3/CYBB/PSMB8/HLA-E/FXR1/PSMA2/CD47/PSMA3/CLU/PSMB2/RIGI/HDAC2/PSMB1/PSMA7/PSMB9/PSMB4/PSMB10/PLCG2/CYBA/PSMA1/THBS1/FRMD8/PSMA6/RAD21/DHX9/ADAM10/ADAM17/CD14/AKAP12,0.40701791892395395
GO:0032680,regulation of tumor necrosis factor production,65,0.47607421778296316,1.3688339414357713,0.007300601398668183,0.046902119450746176,0.046902119450746176,1469,"tags=52%, list=35%, signal=35%",PTPRC/LGALS9/PTPN6/PSMA4/HMGB1/OAS3/CYBB/PSMB8/HLA-E/FXR1/PSMA2/CD47/PSMA3/CLU/PSMB2/RIGI/HDAC2/PSMB1/PSMA7/PSMB9/PSMB4/PSMB10/PLCG2/CYBA/PSMA1/THBS1/FRMD8/PSMA6/RAD21/DHX9/ADAM10/ADAM17/CD14/AKAP12,0.40701791892395395
GO:0071706,tumor necrosis factor superfamily cytokine production,65,0.47607421778296316,1.3688339414357713,0.007300601398668183,0.046902119450746176,0.046902119450746176,1469,"tags=52%, list=35%, signal=35%",PTPRC/LGALS9/PTPN6/PSMA4/HMGB1/OAS3/CYBB/PSMB8/HLA-E/FXR1/PSMA2/CD47/PSMA3/CLU/PSMB2/RIGI/HDAC2/PSMB1/PSMA7/PSMB9/PSMB4/PSMB10/PLCG2/CYBA/PSMA1/THBS1/FRMD8/PSMA6/RAD21/DHX9/ADAM10/ADAM17/CD14/AKAP12,0.40701791892395395
GO:1903555,regulation of tumor necrosis factor superfamily cytokine production,65,0.47607421778296316,1.3688339414357713,0.007300601398668183,0.046902119450746176,0.046902119450746176,1469,"tags=52%, list=35%, signal=35%",PTPRC/LGALS9/PTPN6/PSMA4/HMGB1/OAS3/CYBB/PSMB8/HLA-E/FXR1/PSMA2/CD47/PSMA3/CLU/PSMB2/RIGI/HDAC2/PSMB1/PSMA7/PSMB9/PSMB4/PSMB10/PLCG2/CYBA/PSMA1/THBS1/FRMD8/PSMA6/RAD21/DHX9/ADAM10/ADAM17/CD14/AKAP12,0.40701791892395395
GO:0044839,cell cycle G2/M phase transition,35,0.5023894175173005,1.367563032046454,0.035175879396984924,0.1450348758718968,0.1450348758718968,1707,"tags=66%, list=40%, signal=40%",NPM1/KHDRBS1/NES/CDK2/CDK6/CDK1/MACROH2A1/RRM1/TAOK3/TAOK1/NBN/INTS3/CDK5RAP3/ZNF830/BRCC3/RCC2/RAD21/RAD50/DNM2/GTPBP4/MRE11/VPS4A/VPS4B,0.24133997681509095
GO:0002444,myeloid leukocyte mediated immunity,39,0.4888241132063835,1.3651758116404955,0.03510531594784353,0.1450348758718968,0.1450348758718968,616,"tags=28%, list=15%, signal=24%",ITGB2/LGALS9/VAMP8/ITGAM/SERPINB9/HLA-E/RAC2/LYN/DDX21/RIGI/FGR,0.24133997681509095
GO:0002793,positive regulation of peptide secretion,30,0.5025075281222108,1.3633241609104263,0.046511627906976744,0.17352213004386918,0.17352213004386918,810,"tags=37%, list=19%, signal=30%",HLA-DRB1/FGG/RAC1/ACSL4/RAB8B/PRKACA/PRKACB/FGB/MCU/FGA/TARDBP,0.2089550275493539
GO:0090277,positive regulation of peptide hormone secretion,30,0.5025075281222108,1.3633241609104263,0.046511627906976744,0.17352213004386918,0.17352213004386918,810,"tags=37%, list=19%, signal=30%",HLA-DRB1/FGG/RAC1/ACSL4/RAB8B/PRKACA/PRKACB/FGB/MCU/FGA/TARDBP,0.2089550275493539
GO:0030098,lymphocyte differentiation,85,0.46543876450625715,1.3633116903224212,0.005928495854653325,0.041628295692846366,0.04162829569284636,986,"tags=40%, list=23%, signal=31%",PTPRC/HLA-DRB1/PSMA4/HMGB1/PSMB8/CD74/MMP14/SMARCC2/HLA-G/AP3B1/PSMA2/SMARCD2/SART1/PSMA3/TOP2B/PSMB2/CLPTM1/DDRGK1/SMARCE1/PSMB1/NCKAP1L/LCK/PSMA7/STAT5A/HLA-DRA/PSMB9/PRKDC/PSMB4/PSMB10/PLCG2/TBK1/PSMA1/SLC25A5/SYVN1,0.40701791892395395
GO:0001818,negative regulation of cytokine production,77,0.4642368844669417,1.363084490086524,0.006013796492158659,0.041793994489530306,0.041793994489530306,836,"tags=30%, list=20%, signal=24%",GBP1/PTPRC/LGALS9/CASP3/PTPN6/HLA-DRB1/CSK/SERPINB1/HMGB1/OAS3/CTPS1/RAC1/PML/FXR1/RELA/PRKACA/FN1/NCKAP1L/BST2/PPM1B/HMOX1/SIGLEC1/NFKB1,0.40701791892395395
GO:0006605,protein targeting,79,0.46683578502016465,1.3630726756213742,0.004995180668996367,0.036554136683715134,0.036554136683715134,1432,"tags=53%, list=34%, signal=36%",ITGB2/M6PR/ITGAM/YIF1B/IGF2R/AP3M1/SRP72/CHMP4B/HGS/CHMP4A/PML/NACA/PAK1/CLU/SRP9/SRPRA/SEC63/SEC61B/SRP68/CDC37/SPCS1/SRP14/STOM/SRPRB/SRP54/AP3D1/SPCS3/ARL6IP1/GET4/HSPA8/SEC61A1/SQSTM1/RPL11/SSR1/GBP5/GDI1/GOLGA7/SSR4/SEC62/PIK3C3/ZFYVE16/SPCS2,0.40701791892395395
GO:0006364,rRNA processing,101,0.4596068084163531,1.3625155604160988,0.002834965251557229,0.024862195261672528,0.024862195261672524,1427,"tags=52%, list=34%, signal=36%",LSM6/RPL7A/RPL26/YTHDF2/RPS21/RPL27/RPS15/EIF6/RPL5/SART1/SNU13/RPS24/NOP58/RPS17/DIS3/PA2G4/RPS19/DDX21/RPL7/DKC1/RRP1/XRN2/RPL35A/FBL/FTSJ3/NOP2/RPS13/PRKDC/RPS27/IMP3/NOP56/EXOSC1/SBDS/BOP1/RPS16/RPL14/EIF4A3/RPS25/RPL11/MTREX/WDR12/EXOSC7/EXOSC9/PIN4/RPS14/PRMT5/UTP6/RPS7/RPL35/TBL3/EXOSC2/DCAF13/EXOSC6,0.4317076958033464
GO:0042770,signal transduction in response to DNA damage,47,0.4755310132945865,1.3615068221820892,0.027,0.12227459016393442,0.12227459016393442,1395,"tags=55%, list=33%, signal=38%",RPL26/H2AX/CD74/CDC5L/GRB2/PML/LYN/CD44/CUL1/CDK2/CDK1/STK38/PRKDC/MAPK3/SP100/TAOK3/TAOK1/NBN/CDK5RAP3/BRCC3/UFL1/TP53BP1/COPS3/PYHIN1/PARP9/FBXO6,0.2765005992544716
GO:0141188,nucleic acid catabolic process,161,0.4486866096119082,1.3613043250675407,4.3817308323038014e-4,0.005983523928722711,0.005983523928722712,1206,"tags=44%, list=28%, signal=33%",LSM6/NME1/CASP3/THRAP3/SNRPF/BCLAF1/YTHDF3/YTHDF2/YTHDF1/RBM8A/BAX/NPM1/CAPRIN1/SSB/GSPT1/SRSF1/FMR1/FXR1/FXR2/APEX1/GSPT2/ZC3HAV1/PRKCD/DIS3/HNRNPU/ROCK1/SLIRP/FEN1/DKC1/PABPC1/PABPC4/SYNCRIP/SERBP1/SLFN5/FUS/SNRPB/CSDE1/NSUN2/PNN/XRN2/MYD88/NCBP2/YBX1/LARP1/PABPN1/YBX3/PYM1/PAIP1/HNRNPC/SNW1/ETF1/TARDBP/WDR82/TAF15/EXOSC1/HNRNPA0/SND1/LSM2/MAGOHB/INTS3/NCBP1/EIF4A3/PDE12/CPSF2/MTREX/ALYREF/EXOSC7/EXOSC9/RNASE6/RNPS1/C1QBP,0.49849310876659025
GO:0008360,regulation of cell shape,55,0.47694376003091465,1.360169430392545,0.008835063248848885,0.05257521845419551,0.05257521845419551,675,"tags=29%, list=16%, signal=25%",ITGB2/MSN/NHERF1/RAC1/RAC2/CFL1/FMNL1/RDX/HCK/MYH9/FN1/PALM2AKAP2/EPB41L3/RHOG/FGR/ARAP1,0.3807304007227924
GO:0051146,striated muscle cell differentiation,102,0.45713987235478803,1.3601317626528284,0.002445436209607126,0.02251839176346562,0.022518391763465616,1076,"tags=43%, list=25%, signal=33%",RPL31/RPL7A/RPL21/CASP3/RPL34/CALR/RPL23A/MMP14/RPL18A/RPL17/RPL32/RPL27/RPL13A/RPL6/RPL10/KRT8/RPL5/RPL27A/EHD1/NACA/PAK1/RPL37A/RPL19/CACYBP/RPL7/RPL24/MYL9/CDK1/DOCK2/RPL35A/FLII/FLNC/RPL30/RPL4/RPL29/RPL28/CSRP2/TMOD3/RPL3L/RPL12/RPL14/RPL18/AKAP13/WDR1,0.4317076958033464
GO:0035966,response to topologically incorrect protein,66,0.47176798708404477,1.359459800282723,0.009162464634131333,0.053060984000711194,0.0530609840007112,1478,"tags=55%, list=35%, signal=36%",DNAJC3/MANF/DNAJC10/BAX/VAPB/UBR4/HSPH1/PTPN1/CLU/HSP90AA1/HSP90AB1/DDRGK1/STT3B/DNAJA1/TBL2/OPTN/HSPA2/HSPA8/NCK1/NCK2/EIF2S1/HSPA4/THBS1/CDK5RAP3/ATAD3A/TMEM33/PIK3R1/UFL1/DERL1/DNAJB4/DNAJB1/SERPINH1/FBXO6/FAF2/ERP44/DNAJB12,0.3807304007227924
GO:0032637,interleukin-8 production,27,0.5042703188374426,1.359436804122057,0.04742684157416751,0.17410850478224285,0.17410850478224285,620,"tags=30%, list=15%, signal=25%",PTPRC/LGALS9/HMGB1/CD74/RAB1A/RELA/RIGI/MYD88,0.2065879226968911
GO:0032677,regulation of interleukin-8 production,27,0.5042703188374426,1.359436804122057,0.04742684157416751,0.17410850478224285,0.17410850478224285,620,"tags=30%, list=15%, signal=25%",PTPRC/LGALS9/HMGB1/CD74/RAB1A/RELA/RIGI/MYD88,0.2065879226968911
GO:0006282,regulation of DNA repair,64,0.4710564250679945,1.3579548520889735,0.010854450906336272,0.06027220226885216,0.06027220226885217,1394,"tags=55%, list=33%, signal=37%",PCNA/HMGB1/UBE2V1/H2AX/UBE2N/UBE2V2/SMARCC2/PML/SMARCD2/PARP1/TOP2B/PRKCD/DEK/SMARCE1/FUS/OTUB1/BCL7C/PRMT1/HDGFL2/PRKDC/PPP4C/DPF2/RUVBL2/SF3B3/NBN/XRCC1/SMARCC1/C1QBP/BRCC3/PPP4R3A/TP53BP1/ACTB/DHX9/RAD50/SMARCA2,0.3807304007227924
GO:0001933,negative regulation of protein phosphorylation,30,0.500392732610818,1.3575866313119334,0.04853387259858443,0.17597142597142595,0.17597142597142598,822,"tags=37%, list=19%, signal=30%",PTPRC/DNAJC3/ADAR/PTPN1/LYN/SNX6/DNAJA1/STK38/YWHAG/TARDBP/PRKDC,0.2042947565168861
GO:0015833,peptide transport,57,0.4727284471268798,1.3566961912955113,0.013883545943067803,0.07058477389549346,0.07058477389549346,872,"tags=33%, list=21%, signal=27%",TAP2/HLA-DRB1/NHERF1/TAP1/CD74/FGG/RAC1/EIPR1/CPT1A/ACSL4/RAB8B/RAB1A/PRKACA/PRKACB/FGB/MCU/FGA/TARDBP/SLC16A1,0.3807304007227924
GO:0071248,cellular response to metal ion,44,0.4816061905464764,1.355803247823132,0.029116465863453816,0.12869477911646587,0.12869477911646587,1350,"tags=50%, list=32%, signal=34%",MT1H/MT2A/MT1E/CALR/CYBB/HVCN1/PPIF/CLIC4/PARP1/CACYBP/CAMK2D/STK39/HSP90B1/PLCG2/LGMN/ALOX5AP/EIF2S1/PPP5C/PRKAA1/FBP1/SLC25A24/IQGAP1,0.2663506570885256
GO:0002702,positive regulation of production of molecular mediator of immune response,31,0.503094606315453,1.355073234080617,0.0486322188449848,0.17597142597142595,0.17597142597142598,472,"tags=29%, list=11%, signal=26%",PTPRC/HLA-A/CD74/HLA-E/HLA-G/GALNT2/TFRC/DDX21/RIGI,0.2042947565168861
GO:0070371,ERK1 and ERK2 cascade,80,0.4595883700754491,1.353416314861786,0.009171627098765464,0.053060984000711194,0.0530609840007112,703,"tags=28%, list=17%, signal=23%",GBP1/PTPRC/LGALS9/PTPN6/NAMPT/CSK/HMGB1/NHERF1/CD74/FGG/ICAM1/EIF3A/PTPN1/LYN/SRC/CD44/FN1/RAP1A/CDK1/FGB/GLIPR2/FGA,0.3807304007227924
GO:0051054,positive regulation of DNA metabolic process,87,0.4561927002877378,1.3500410219800019,0.005075490820370595,0.036897482608615174,0.03689748260861518,1394,"tags=53%, list=33%, signal=36%",SMARCA5/CASP3/PCNA/HMGB1/H2AX/UBE2N/UBE2V2/BAX/SMARCC2/PML/SMARCD2/PARP1/TFRC/TOP2B/PRKCD/CACYBP/DKC1/HSP90AA1/SMARCE1/SSBP1/FUS/CDK2/CDK1/BCL7C/PRMT1/HDGFL2/PRKDC/DPF2/RUVBL2/MAPK1/MAPK3/CCT7/NBN/HNRNPA1/CCT4/RFC2/SMARCC1/PTGES3/BRCC3/TP53BP1/ACTB/DHX9/HNRNPA2B1/CCT8/RAD50/SMARCA2,0.40701791892395395
GO:0002262,myeloid cell homeostasis,46,0.4802195776846494,1.3498923845852175,0.030969030969030968,0.13525999692007598,0.13525999692007598,1391,"tags=52%, list=33%, signal=35%",STAT1/CASP3/HMGB1/ACIN1/RPS24/LYN/RPS17/RPS19/PTBP3/NCKAP1L/CDK6/PRMT1/STAT5B/GLUL/HMOX1/PRKDC/HSPA9/SLC25A5/CDK5RAP3/UFL1/RPS14/HMGB2/SLC1A5/ADAM17,0.25720646646883816
GO:0002791,regulation of peptide secretion,43,0.47950401629464,1.3439146219233806,0.03815261044176707,0.15274867586287177,0.15274867586287177,872,"tags=35%, list=21%, signal=28%",HLA-DRB1/CD74/FGG/RAC1/EIPR1/CPT1A/ACSL4/RAB8B/PRKACA/PRKACB/FGB/MCU/FGA/TARDBP/SLC16A1,0.2311267096738343
GO:0090087,regulation of peptide transport,43,0.47950401629464,1.3439146219233806,0.03815261044176707,0.15274867586287177,0.15274867586287177,872,"tags=35%, list=21%, signal=28%",HLA-DRB1/CD74/FGG/RAC1/EIPR1/CPT1A/ACSL4/RAB8B/PRKACA/PRKACB/FGB/MCU/FGA/TARDBP/SLC16A1,0.2311267096738343
GO:0017157,regulation of exocytosis,66,0.4656843045928514,1.3419288909991562,0.013701561049607947,0.07009363407322584,0.07009363407322584,1998,"tags=70%, list=47%, signal=37%",ITGB2/LGALS9/VAMP8/ITGAM/FGG/RAC2/HGS/FMR1/RAB3D/RAP1B/LYN/RAB27A/MICAL1/RAP1A/NCKAP1L/CDK5/FGR/RAB3GAP1/FGB/FGA/VAMP7/AP1G1/CALM3/RALA/STXBP2/PRKCB/NSF/RAB9A/LAMP1/GNAI2/GIT1/STXBP5/PRKCA/RAB7A/VPS4A/VPS4B/CLASP2/VAMP2/HLA-F/VPS18/RAB21/PPP3CA/CLASP1/RAB5A/ANXA1/CHMP2A,0.3807304007227924
GO:0006402,mRNA catabolic process,124,0.4521507097562827,1.341783194626028,9.527156903938701e-4,0.01054858447170282,0.01054858447170282,1315,"tags=48%, list=31%, signal=34%",LSM6/THRAP3/SNRPF/BCLAF1/YTHDF3/YTHDF2/YTHDF1/RBM8A/NPM1/CAPRIN1/SSB/GSPT1/SRSF1/FMR1/FXR1/FXR2/APEX1/GSPT2/ZC3HAV1/PRKCD/DIS3/HNRNPU/ROCK1/SLIRP/PABPC1/SYNCRIP/SERBP1/FUS/SNRPB/CSDE1/PNN/XRN2/MYD88/NCBP2/YBX1/LARP1/YBX3/PYM1/PAIP1/HNRNPC/SNW1/ETF1/TARDBP/TAF15/HNRNPA0/SND1/LSM2/MAGOHB/NCBP1/EIF4A3/PDE12/CPSF2/ALYREF/EXOSC7/EXOSC9/RNPS1/LSM7/XRN1/SNRPG/DHX9,0.47727081536286214
GO:0046887,positive regulation of hormone secretion,36,0.48531073069023556,1.3414284692206033,0.043434343434343436,0.16664913019079686,0.16664913019079686,810,"tags=36%, list=19%, signal=29%",HLA-DRB1/VAMP8/FGG/RAC1/ACSL4/RAB8B/PRKACA/PRKACB/FGB/MCU/FGA/VAMP7/TARDBP,0.2165428367353482
GO:1902107,positive regulation of leukocyte differentiation,45,0.483008693390185,1.341194040621482,0.033066132264529056,0.13945830592482675,0.13945830592482675,822,"tags=36%, list=19%, signal=29%",LGALS9/HLA-DRB1/HMGB1/ACIN1/CD74/MMP14/SMARCC2/HLA-G/AP3B1/SMARCD2/SART1/DDRGK1/SMARCE1/NCKAP1L/HLA-DRA/PRKDC,0.24891111443470246
GO:1903708,positive regulation of hemopoiesis,45,0.483008693390185,1.341194040621482,0.033066132264529056,0.13945830592482675,0.13945830592482675,822,"tags=36%, list=19%, signal=29%",LGALS9/HLA-DRB1/HMGB1/ACIN1/CD74/MMP14/SMARCC2/HLA-G/AP3B1/SMARCD2/SART1/DDRGK1/SMARCE1/NCKAP1L/HLA-DRA/PRKDC,0.24891111443470246
GO:0022604,regulation of cell morphogenesis,74,0.4589543023411736,1.3383324629873907,0.010854450906336272,0.06027220226885216,0.06027220226885217,675,"tags=28%, list=16%, signal=24%",ITGB2/MSN/NHERF1/PLAA/RAC1/RAC2/CFL1/FMNL1/RDX/CAPRIN1/HCK/SRC/MYH9/CD44/FN1/PALM2AKAP2/EPB41L3/RHOG/FGR/ARPIN/ARAP1,0.3807304007227924
GO:2001242,regulation of intrinsic apoptotic signaling pathway,67,0.46313926941825667,1.3380379429937919,0.013197215557263227,0.06944249138464698,0.06944249138464698,1465,"tags=49%, list=35%, signal=33%",SOD2/RPL26/S100A8/NHERF1/BCLAF1/CD74/BAX/PPIF/HYOU1/PARP1/TPT1/EIF5A/PTPN1/SRC/CLU/ERP29/CD44/DNAJA1/LCK/YBX3/ENO1/SFPQ/NCK1/SYVN1/NCK2/TP53BP1/MAP2K1/RPS7/BCAP31/P4HB/NOC2L/RPS3/DDX3X,0.3807304007227924
GO:0007015,actin filament organization,201,0.43619897390405526,1.3359555279361386,8.524310386411072e-4,0.009798784440431928,0.009798784440431928,1018,"tags=37%, list=24%, signal=30%",CORO1A/COTL1/ARPC1B/CNN2/LIMA1/ARPC5L/EFHD2/CYRIB/ELMO1/CAP2/CAP1/CORO7/ARPC3/VASP/RAC1/RAC2/CFL1/CYRIA/RDX/MYO1B/PAK2/MYO1G/MARCKS/ARPC5/CD47/PAK1/ENAH/CNN3/PRKCD/SHTN1/CALD1/HCK/SRC/MYO1F/MYO1E/TWF1/CFL2/DSTN/ROCK1/CAPZA1/DIAPH1/SWAP70/MICAL1/LCP1/MYL9/MYO5A/RHOG/CDC42/NCKAP1/NCKAP1L/CAPZB/ARPIN/ARAP1/HIP1/FLII/FLNA/MARCKSL1/ZYX/ARPC2/SH3BP1/WASHC4/PDLIM1/TPM4/PDXP/HSP90B1/ELMO2/TMOD3/F11R/WASHC5/NCK1/LUZP1/IQGAP2/PLEK/TWF2/NCK2,0.47727081536286214
GO:0070588,calcium ion transmembrane transport,74,0.45758548305934577,1.3343409211901172,0.011022733621996983,0.060900603261533334,0.06090060326153333,1167,"tags=45%, list=28%, signal=33%",PTPRC/ERO1A/PML/FMR1/TMCO1/ATP2A1/ATP2A2/LYN/PRKACA/FKBP1A/ATP2A3/GSTO1/DIAPH1/CLIC2/LCK/CAMK2D/GHITM/PMPCB/MCU/FLNA/TMEM165/PLCG2/HSPA9/SEC61A1/TMBIM1/CALM1/CALM2/CALM3/ATP1A2/ANO6/LETM1/YWHAE/BIN1,0.3807304007227924
GO:0006401,RNA catabolic process,155,0.43802746527996606,1.334234425673888,0.0018117784187858556,0.01787513529248545,0.01787513529248545,1315,"tags=46%, list=31%, signal=33%",LSM6/THRAP3/SNRPF/BCLAF1/YTHDF3/YTHDF2/YTHDF1/RBM8A/NPM1/CAPRIN1/SSB/GSPT1/SRSF1/FMR1/FXR1/FXR2/APEX1/GSPT2/ZC3HAV1/PRKCD/DIS3/HNRNPU/ROCK1/SLIRP/FEN1/DKC1/PABPC1/PABPC4/SYNCRIP/SERBP1/SLFN5/FUS/SNRPB/CSDE1/NSUN2/PNN/XRN2/MYD88/NCBP2/YBX1/LARP1/PABPN1/YBX3/PYM1/PAIP1/HNRNPC/SNW1/ETF1/TARDBP/WDR82/TAF15/EXOSC1/HNRNPA0/SND1/LSM2/MAGOHB/INTS3/NCBP1/EIF4A3/PDE12/CPSF2/MTREX/ALYREF/EXOSC7/EXOSC9/RNASE6/RNPS1/C1QBP/LSM7/XRN1/SNRPG/DHX9,0.45505986738722953
GO:0008064,regulation of actin polymerization or depolymerization,70,0.46081261483093433,1.3338363112746239,0.011695864962153388,0.06346695818302026,0.06346695818302024,1339,"tags=47%, list=32%, signal=33%",COTL1/LIMA1/ARPC5L/CYRIB/ARPC3/VASP/CFL1/CYRIA/RDX/ARPC5/PRKCD/HCK/TWF1/CFL2/CAPZA1/SWAP70/NCKAP1/NCKAP1L/CAPZB/FLII/SH3BP1/PDXP/TMOD3/NCK1/PLEK/TWF2/NCK2/WDR1/BIN1/EVL/ARHGAP18/TRIOBP/HIP1R,0.3807304007227924
GO:0030832,regulation of actin filament length,70,0.46081261483093433,1.3338363112746239,0.011695864962153388,0.06346695818302026,0.06346695818302024,1339,"tags=47%, list=32%, signal=33%",COTL1/LIMA1/ARPC5L/CYRIB/ARPC3/VASP/CFL1/CYRIA/RDX/ARPC5/PRKCD/HCK/TWF1/CFL2/CAPZA1/SWAP70/NCKAP1/NCKAP1L/CAPZB/FLII/SH3BP1/PDXP/TMOD3/NCK1/PLEK/TWF2/NCK2/WDR1/BIN1/EVL/ARHGAP18/TRIOBP/HIP1R,0.3807304007227924
GO:0017148,negative regulation of translation,60,0.4664998242123135,1.3327800021786007,0.023690435577663756,0.10999130803915316,0.10999130803915315,647,"tags=30%, list=15%, signal=26%",DNAJC3/NCL/CALR/CAPRIN1/RPL13A/EIF6/PML/FMR1/FXR1/EIF2AK2/ILF3/EIF4G1/SRP9/SYNCRIP/SERBP1/EPRS1/YBX1/LARP1,0.35248785758361917
GO:0030518,nuclear receptor-mediated steroid hormone signaling pathway,43,0.47552288581561003,1.3327566351688638,0.04216867469879518,0.16292442497261775,0.16292442497261772,1243,"tags=42%, list=29%, signal=30%",DEFA1/DEFA3/DEFA1B/CALR/SAFB/PARP1/PAK1/SRC/HDAC1/HDAC2/DDRGK1/YWHAH/SAFB2/VPS11/CARM1/PPP5C/UBE3A/UFL1,0.21925034670375515
GO:0043401,steroid hormone receptor signaling pathway,43,0.47552288581561003,1.3327566351688638,0.04216867469879518,0.16292442497261775,0.16292442497261772,1243,"tags=42%, list=29%, signal=30%",DEFA1/DEFA3/DEFA1B/CALR/SAFB/PARP1/PAK1/SRC/HDAC1/HDAC2/DDRGK1/YWHAH/SAFB2/VPS11/CARM1/PPP5C/UBE3A/UFL1,0.21925034670375515
GO:0060326,cell chemotaxis,88,0.4533509476727648,1.3309486693868344,0.01034960308312588,0.05834852758599029,0.05834852758599029,1102,"tags=38%, list=26%, signal=28%",ITGB2/LGALS9/DEFA1/DEFA1B/S100A8/HMGB1/CALR/CD74/RAC1/RAC2/WNK1/PRKCD/LYN/RPS19/BSG/RAB13/SWAP70/RHOG/NCKAP1L/ENG/PPIB/MCU/STK39/SRP54/ELMO2/MAPK1/MAPK3/SBDS/LGMN/GBF1/THBS1/CORO1B/ANO6,0.3807304007227924
GO:0034502,protein localization to chromosome,43,0.4748132720643738,1.33076778781035,0.04216867469879518,0.16292442497261775,0.16292442497261772,1940,"tags=79%, list=46%, signal=43%",H2AC8/H2AX/H2AC4/PML/PARP1/IK/PRKACA/VCPIP1/CDK2/CDK1/MACROH2A1/VRK1/NBN/HTATSF1/RCC2/RPA1/TP53BP1/RAD21/BUB3/H4C16/H4C15/H4C9/H4C1/H4C4/H4C6/H4C12/H4C11/H4C3/H4C8/H4C2/H4C5/H4C13/H4C14/TERF2,0.21925034670375515
GO:0000956,nuclear-transcribed mRNA catabolic process,67,0.4594828116434407,1.3274742107371775,0.01471025270990982,0.07388558747477432,0.07388558747477433,1586,"tags=60%, list=37%, signal=38%",LSM6/THRAP3/SNRPF/RBM8A/CAPRIN1/SSB/GSPT1/GSPT2/DIS3/HNRNPU/PABPC1/SYNCRIP/SNRPB/CSDE1/XRN2/NCBP2/YBX1/PYM1/PAIP1/ETF1/LSM2/MAGOHB/NCBP1/EIF4A3/PDE12/CPSF2/ALYREF/EXOSC7/EXOSC9/RNPS1/LSM7/XRN1/SNRPG/DHX9/EXOSC2/EXOSC6/SKIC3/PELO/EDC4/SYMPK,0.3807304007227924
GO:0051168,nuclear export,83,0.45318012571943456,1.3269081858885607,0.007122706360547275,0.0468487531452663,0.0468487531452663,1406,"tags=52%, list=33%, signal=35%",ADAR/CALR/SRSF3/RBM8A/NPM1/RPS15/SSB/EIF6/FMR1/THOC6/WNK1/RANBP2/RGPD2/KHDRBS1/NMD3/NSUN2/NCBP2/PABPN1/ANP32B/CPSF6/WASHC4/NUP88/SP100/NUP153/MAGOHB/NCBP1/EIF4A3/HNRNPA1/CHTOP/IWS1/NUP93/EIF4E/SFN/YWHAE/NUP85/RANBP3/ALYREF/RBM22/DHX9/HNRNPA2B1/DDX39A/DDX39B/RANBP1,0.40701791892395395
GO:0045089,positive regulation of innate immune response,135,0.43900223032629115,1.3231104218694605,0.0033110577039244245,0.027957080012208587,0.02795708001220859,1362,"tags=46%, list=32%, signal=32%",GBP2/CTSS/HLA-C/MNDA/IFI16/S100A8/HMGB1/OAS3/HLA-E/HLA-G/AP3B1/PCBP2/MATR3/RBM14/WDFY1/PAK2/CPT1A/EIF2AK2/DDX60/PARP1/PQBP1/RALB/CASP1/PAK1/ZC3HAV1/RELA/HCK/LYN/SRC/RPS19/RIGI/STING1/HSP90AA1/MYD88/TRIM25/RPS6KA3/PRKDC/CFP/RFTN1/HSP90B1/USP15/PLCG2/CYBA/HSPA8/TBK1/AP1G1/SQSTM1/SFPQ/UBE2K/YWHAE/PIK3R1/GBP5/C1QBP/BRCC3/GDI1/LAMP1/HMGB2/MASP1/PYHIN1/DHX9/PARP9/TRIM56,0.4317076958033464
GO:0032984,protein-containing complex disassembly,114,0.441610476754742,1.3201434840337383,0.006781503050758442,0.04569244433590292,0.045692444335902915,1763,"tags=61%, list=42%, signal=37%",LIMA1/VAMP8/SET/TRIM21/SMARCC2/CFL1/CHMP4B/RDX/GSPT1/CHMP4A/KLC1/SUPT16H/SMARCD2/ATP2A2/GSPT2/WNK1/TWF1/CFL2/DSTN/NES/CAPZA1/ABCE1/SMARCE1/VPS16/SWAP70/MICAL1/CAPZB/IST1/FLII/SH3BP1/PYM1/STMN1/SSRP1/NAPA/ETF1/CKAP5/PDXP/CHMP5/TMOD3/HSPA8/KIF5B/CHMP1B/CALM1/TAOK1/PLEK/TWF2/GABARAPL2/WDR1/NSF/SMARCC1/VTA1/MPO/KIF2A/VPS33A/TRIOBP/FAF2/PIK3C3/GRWD1/CHMP6/SCAF4/RPL23/ACTN2/MAP1LC3B2/PPP1R9B/VPS4A/VPS4B/CLASP2/EPS8/PIK3R4/CHMP3,0.40701791892395395
GO:0098771,inorganic ion homeostasis,99,0.4404490514306913,1.318670029777067,0.013701561049607947,0.07009363407322584,0.07009363407322584,1130,"tags=36%, list=27%, signal=27%",MT1H/MT2A/MT1E/CALR/BAX/VAPB/PML/TMCO1/ATP13A1/ATP2A1/ATP2A2/TGM2/TPT1/TFRC/WNK1/PRKACA/ATP2A3/SLC30A7/CUL1/CAMK2D/MCU/GLUL/STK39/HMOX1/ATP6V1G1/ATP1A1/TMEM165/GLRX3/TBXAS1/ATP1A2/ATP4A/LCN2/PICALM/LETM1/NPTN/YWHAE,0.3807304007227924
GO:0035967,cellular response to topologically incorrect protein,43,0.4701651589270528,1.317740436636379,0.04618473895582329,0.17352213004386918,0.17352213004386918,1281,"tags=44%, list=30%, signal=31%",DNAJC3/MANF/DNAJC10/BAX/VAPB/UBR4/PTPN1/DDRGK1/TBL2/OPTN/NCK1/NCK2/EIF2S1/CDK5RAP3/ATAD3A/TMEM33/PIK3R1/UFL1/DERL1,0.2089550275493539
GO:0016072,rRNA metabolic process,121,0.44112607080347194,1.3164103796718583,0.0026185600671995014,0.02371728585455286,0.02371728585455286,1767,"tags=60%, list=42%, signal=36%",LSM6/RPL7A/RPL26/TOP1/NCL/YTHDF2/RPS21/RPL27/RPS15/EIF6/RPL5/SART1/SNU13/RPS24/NOP58/RPS17/DIS3/PA2G4/RPS19/DDX21/RPL7/DKC1/RRP1/SLFN5/XRN2/RPL35A/MACROH2A1/FBL/FTSJ3/NOP2/RPS13/PRKDC/RPS27/IMP3/NOP56/EXOSC1/SBDS/BOP1/RPS16/RPL14/EIF4A3/RPS25/RPL11/MTREX/WDR12/EXOSC7/EXOSC9/PIN4/RPS14/POLR2E/XRN1/PRMT5/UTP6/RPS7/MACROH2A2/RPL35/TBL3/EXOSC2/DCAF13/EXOSC6/TCOF1/UTP18/LAS1L/GAR1/DDX18/POLR1C/HEATR1/EMG1/ERI1/SMARCA4/EXOSC8/PNO1/MAK16,0.4317076958033464
GO:0070374,positive regulation of ERK1 and ERK2 cascade,50,0.46162240967597035,1.3148981548205279,0.042042042042042045,0.16292442497261775,0.16292442497261772,703,"tags=26%, list=17%, signal=22%",PTPRC/LGALS9/NAMPT/HMGB1/CD74/FGG/ICAM1/SRC/CD44/RAP1A/FGB/GLIPR2/FGA,0.21925034670375515
GO:0019058,viral life cycle,133,0.4361106633468295,1.312377159325517,0.0038304324105596444,0.031153385599132905,0.031153385599132905,680,"tags=31%, list=16%, signal=27%",LGALS9/CTSB/IFI16/ADAR/VAMP8/HMGB1/OAS3/TRIM21/ICAM1/CHMP4B/IFITM3/VAPB/VAPA/PCBP2/PCBP3/CHMP4A/PPIE/FMR1/EIF2AK2/ILF3/RAB43/RAB1A/RAB1B/ZC3HAV1/TFRC/TOP2B/DEK/SRC/MYH9/SLC3A2/PABPC1/STAU1/HSP90AB1/BSG/SPCS1/RAD23A/CDK1/IFIT1/TRIM25/LARP1/BST2,0.4317076958033464
GO:0002685,regulation of leukocyte migration,65,0.45641563805180707,1.312310546193445,0.027,0.12227459016393442,0.12227459016393442,1391,"tags=45%, list=33%, signal=30%",LGALS9/HMGB1/CALR/MSN/CD74/MMP14/RAC1/RAC2/ICAM1/CD47/WNK1/LYN/STK10/SWAP70/NCKAP1L/MCU/STK39/HMOX1/MAPK1/MAPK3/LGMN/MIA3/THBS1/ANO6/C1QBP/MPP1/ADAM10/P4HB/ADAM17,0.2765005992544716
GO:0043549,regulation of kinase activity,58,0.456341855418685,1.3119997260765044,0.03,0.13207171314741034,0.13207171314741034,653,"tags=31%, list=15%, signal=27%",PTPRC/ADAR/NHERF1/PRDX3/HGS/PTPN1/LYN/HNRNPU/SNX6/PRKAR1A/RAP2B/CDC37/DNAJA1/RAP1A/FGR/MYD88/STK38/YWHAG,0.26166352171157314
GO:0071675,regulation of mononuclear cell migration,47,0.4579510530158599,1.3111731211531117,0.049,0.17597142597142595,0.17597142597142598,1391,"tags=43%, list=33%, signal=29%",LGALS9/HMGB1/CALR/MSN/MMP14/CD47/WNK1/LYN/STK10/STK39/MAPK1/MAPK3/LGMN/MIA3/THBS1/ANO6/C1QBP/ADAM10/P4HB/ADAM17,0.20207170902115992
GO:1901990,regulation of mitotic cell cycle phase transition,98,0.43634580792125494,1.305291186976312,0.019051833703009884,0.09035311691770782,0.09035311691770782,1718,"tags=54%, list=40%, signal=33%",PSME1/PSME2/PTPN6/PSMA4/SMARCC2/RDX/PSMA2/SMARCD2/IK/EIF4G1/PSMA3/PSMB2/SMARCE1/PSMB1/CDK2/CDK1/PSMA7/BCL7C/PRKDC/PSMB4/PSME3/DPF2/RRM1/DYNLRB1/PSMA1/TAOK3/TAOK1/NBN/INTS3/CDK5RAP3/XPC/ZNF830/DYNLT1/SMARCC1/BRCC3/PSMA6/RCC2/ACTB/RAD21/RAD50/CRLF3/ADAM17/SMARCA2/DDX3X/DYNLT3/GTPBP4/MRE11/PPP2CA/PPP1R9B/PSMB3/VPS4A/VPS4B/SMARCA4,0.35248785758361917
GO:1903706,regulation of hemopoiesis,115,0.43259330178278965,1.3047168062938193,0.007122706360547275,0.0468487531452663,0.0468487531452663,2112,"tags=75%, list=50%, signal=39%",STAT1/LGALS9/HLA-DRB1/PSMA4/HMGB1/ACIN1/PSMB8/CD74/MMP14/SMARCC2/HLA-B/HLA-G/AP3B1/EIF6/PSMA2/SMARCD2/RBM15/SART1/PSMA3/LYN/PSMB2/CLPTM1/DDRGK1/SMARCE1/PSMB1/NCKAP1L/CDK6/PSMA7/PRMT1/STAT5A/STAT5B/GLUL/HLA-DRA/PSMB9/PRKDC/PSMB4/PSMB10/HSPA9/PSMA1/CEBPB/SMARCC1/PSMA6/ACTB/HMGB2/QKI/SMARCA2/C1QC/PRKCA/ISG15/RHOA/BTK/XRCC6/PSMB3/PAF1/SMARCA4/TLR3/PNP/MTOR/H4C16/H4C15/H4C9/H4C1/H4C4/H4C6/H4C12/H4C11/H4C3/H4C8/H4C2/H4C5/H4C13/H4C14/CORO1C/STAT3/PPP3CA/SKIC8/INPP5D/ANXA1/TRAF6/RIPK1/PSMA5/NOTCH2/SMARCB1/LGALS1/PCID2/CASP8,0.40701791892395395
GO:1901987,regulation of cell cycle phase transition,130,0.4300223543760007,1.3028771442755045,0.007890414484713558,0.050108666698899317,0.050108666698899317,1718,"tags=55%, list=40%, signal=34%",PSME1/PSME2/PTPN6/PSMA4/H2AX/NPM1/SMARCC2/RDX/CDC5L/PSMA2/SMARCD2/IK/EIF4G1/PSMA3/LYN/PSMB2/DDRGK1/SMARCE1/CUL1/PSMB1/NSUN2/CDK2/CDK5/CDK1/PSMA7/BCL7C/STK38/MACROH2A1/PRKDC/PSMB4/PSME3/DPF2/RRM1/PLCG2/DYNLRB1/PSMA1/TAOK3/TAOK1/NBN/INTS3/CDK5RAP3/XPC/RFC2/ZNF830/DYNLT1/CUL4B/SMARCC1/BRCC3/PSMA6/RCC2/UFL1/TP53BP1/ACTB/RAD21/PARP9/RAD50/CRLF3/ADAM17/SMARCA2/FBXO6/DDX3X/DYNLT3/GTPBP4/CUL4A/MRE11/PPP2CA/PPP1R9B/PSMB3/PAF1/VPS4A/VPS4B/SMARCA4,0.3807304007227924
GO:0034976,response to endoplasmic reticulum stress,110,0.4363844550651803,1.302457523018999,0.006269698523083828,0.04330010542504768,0.04330010542504768,1478,"tags=50%, list=35%, signal=33%",DNAJC3/CALR/MANF/DNAJC10/BAX/VAPB/ERO1A/PDIA3/HM13/TMCO1/MARCKS/ATP2A1/ATP2A2/HYOU1/EIF4G1/PTPN1/UBXN1/CLU/ERP29/ATP2A3/SEC61B/DDRGK1/STT3B/TRIM25/TBL2/PDIA4/USP14/TARDBP/HSP90B1/EIF2B5/GET4/NCK1/SYVN1/TMX1/NCK2/CEBPB/EIF2S1/GORASP2/THBS1/EEF2/CDK5RAP3/ATAD3A/TMEM33/PIK3R1/CANX/UFL1/DERL1/BCAP31/P4HB/SEL1L/FBXO6/FAF2/ERP44/DDX3X/DNAJB12,0.40701791892395395
GO:0040029,epigenetic regulation of gene expression,81,0.44643205991627,1.301809819795224,0.02203378977918719,0.10273138272574617,0.10273138272574618,741,"tags=31%, list=17%, signal=26%",SMARCA5/LBR/IFI16/HMGB1/H2AC8/H2AX/H2AZ1/H2AC21/H2AC19/H2AC4/H2AC18/RBBP4/CBX3/H1-2/RBM14/RBM15/APEX1/HNRNPU/CBX1/HDAC1/HDAC2/CDK2/HNRNPK/MACROH2A1/ZNF512,0.35248785758361917
GO:0045927,positive regulation of growth,66,0.4509962215378219,1.2996033008718015,0.03196803196803197,0.13691734621967178,0.1369173462196718,1465,"tags=48%, list=35%, signal=32%",S100A8/MMP14/PLAA/BASP1/CFL1/CDKN2AIP/ACSL4/NACA/PAK1/EIF4G1/SHTN1/EIF4G2/CDC42/CDK1/PPIB/HDGFL2/RPS6KA3/RFTN1/CYBA/TWF2/NCBP1/SFN/EXOSC9/GDI1/EZR/KRT17/ADAM10/PAFAH1B1/ADAM17/EXOSC2/RPS6KA1/DDX3X,0.2529611230696109
GO:0030041,actin filament polymerization,71,0.4489982221212532,1.298618530873262,0.028971028971028972,0.12856621290356232,0.1285662129035623,1018,"tags=37%, list=24%, signal=28%",COTL1/ARPC5L/CYRIB/CORO7/ARPC3/VASP/RAC1/CFL1/CYRIA/RDX/ARPC5/PRKCD/HCK/TWF1/CAPZA1/DIAPH1/NCKAP1/NCKAP1L/CAPZB/FLII/ARPC2/TMOD3/WASHC5/NCK1/TWF2/NCK2,0.2663506570885256
GO:0045859,regulation of protein kinase activity,53,0.4554701727257292,1.2975381388035057,0.04904904904904905,0.17597142597142595,0.17597142597142598,653,"tags=30%, list=15%, signal=26%",PTPRC/ADAR/NHERF1/HGS/PTPN1/LYN/SNX6/PRKAR1A/RAP2B/CDC37/DNAJA1/RAP1A/FGR/MYD88/STK38/YWHAG,0.20207170902115992
GO:0007346,regulation of mitotic cell cycle,130,0.4274893064768792,1.2952025427587777,0.010171149442788097,0.05816604067054321,0.058166040670543206,1718,"tags=53%, list=40%, signal=33%",PSME1/PSME2/PTPN6/PSMA4/NHERF1/SMARCC2/RDX/PML/PSMA2/SMARCD2/IK/EIF4G1/PSMA3/HNRNPU/PSMB2/SMARCE1/CUL1/PSMB1/RCC1/CDK2/CDK1/PSMA7/BCL7C/PRKDC/PSMB4/PSME3/PDXP/DPF2/NEK9/RRM1/DYNLRB1/PSMA1/LGMN/TAOK3/TAOK1/NBN/INTS3/GBF1/CDK5RAP3/EIF4E/YWHAE/XPC/ZNF830/DYNLT1/SMARCC1/YTHDC2/BRCC3/PSMA6/RCC2/ACTB/PRMT5/RAD21/IQGAP1/PAFAH1B1/RAD50/CRLF3/ADAM17/SMARCA2/DDX3X/DYNLT3/PRKCA/GTPBP4/MRE11/PPP2CA/PPP1R9B/PSMB3/VPS4A/VPS4B/SMARCA4,0.3807304007227924
GO:0002833,positive regulation of response to biotic stimulus,149,0.43174231137276675,1.2944782716491503,0.00499019047851785,0.036554136683715134,0.036554136683715134,1362,"tags=45%, list=32%, signal=32%",GBP2/CTSS/HLA-C/HLA-DRB1/MNDA/IFI16/S100A8/HMGB1/OAS3/HLA-E/HLA-G/AP3B1/PCBP2/MATR3/RBM14/WDFY1/PAK2/CPT1A/GRN/EIF2AK2/DDX60/PARP1/PQBP1/RALB/CASP1/PAK1/ZC3HAV1/RELA/HCK/LYN/SRC/RPS19/RIGI/STING1/HSP90AA1/MYD88/TRIM25/HLA-DRB3/YWHAG/RPS6KA3/PRKDC/CFP/RFTN1/HSP90B1/USP15/PLCG2/CYBA/HSPA8/TBK1/AP1G1/SQSTM1/SFPQ/UBE2K/YWHAE/PIK3R1/GBP5/C1QBP/PRKAA1/BRCC3/GDI1/LAMP1/HMGB2/MASP1/PYHIN1/DHX9/PARP9/TRIM56,0.40701791892395395
GO:2001233,regulation of apoptotic signaling pathway,107,0.43246606498661366,1.2922184607471259,0.011684180781372016,0.06346695818302026,0.06346695818302024,1385,"tags=44%, list=33%, signal=30%",SOD2/RPL26/S100A8/NHERF1/BCLAF1/CD74/FGG/BAX/ICAM1/PPIF/PML/PAK2/HYOU1/PARP1/TPT1/EIF5A/RELA/PTPN1/SRC/CLU/ERP29/CD44/DNAJA1/LCK/GHITM/FGB/FGA/YBX3/HMOX1/PSME3/ENO1/SP100/SFPQ/SLC25A5/TMBIM1/NCK1/SYVN1/NCK2/THBS1/FAS/TP53BP1/GNAI2/MAP2K1/RPS7/BCAP31/P4HB/NOC2L,0.3807304007227924
GO:0002218,activation of innate immune response,116,0.43354680145227753,1.291792798779844,0.010339263819306574,0.05834852758599029,0.05834852758599029,954,"tags=34%, list=22%, signal=27%",GBP2/CTSS/MNDA/IFI16/S100A8/HMGB1/OAS3/AP3B1/PCBP2/MATR3/RBM14/WDFY1/PAK2/EIF2AK2/DDX60/PARP1/PQBP1/CASP1/PAK1/ZC3HAV1/RELA/HCK/LYN/SRC/RIGI/STING1/HSP90AA1/MYD88/TRIM25/RPS6KA3/PRKDC/RFTN1/HSP90B1/USP15/PLCG2/CYBA/HSPA8/TBK1/SQSTM1/SFPQ,0.3807304007227924
GO:0006935,chemotaxis,122,0.4278308138289161,1.285761338706272,0.013701561049607947,0.07009363407322584,0.07009363407322584,1102,"tags=34%, list=26%, signal=26%",CORO1A/ITGB2/LGALS9/DEFA1/DEFA1B/S100A8/HMGB1/CALR/CYRIB/YTHDF1/CD74/RAC1/RAC2/TYMP/MYCBP2/WNK1/PRKCD/LYN/S100A4/RPS19/BSG/RAB13/SWAP70/RHOG/NCKAP1L/ENG/PPIB/MCU/STK39/USP14/SRP54/ELMO2/MAPK1/MAPK3/SBDS/LGMN/RALA/CREB1/GBF1/THBS1/CORO1B/ANO6,0.3807304007227924
GO:0042330,taxis,122,0.4278308138289161,1.285761338706272,0.013701561049607947,0.07009363407322584,0.07009363407322584,1102,"tags=34%, list=26%, signal=26%",CORO1A/ITGB2/LGALS9/DEFA1/DEFA1B/S100A8/HMGB1/CALR/CYRIB/YTHDF1/CD74/RAC1/RAC2/TYMP/MYCBP2/WNK1/PRKCD/LYN/S100A4/RPS19/BSG/RAB13/SWAP70/RHOG/NCKAP1L/ENG/PPIB/MCU/STK39/USP14/SRP54/ELMO2/MAPK1/MAPK3/SBDS/LGMN/RALA/CREB1/GBF1/THBS1/CORO1B/ANO6,0.3807304007227924
GO:0002758,innate immune response-activating signaling pathway,102,0.43054377741636923,1.2810001977295251,0.013029100449650518,0.06888591386059245,0.06888591386059245,1223,"tags=39%, list=29%, signal=29%",GBP2/CTSS/IFI16/S100A8/HMGB1/OAS3/AP3B1/PCBP2/WDFY1/PAK2/EIF2AK2/DDX60/PARP1/CASP1/PAK1/ZC3HAV1/RELA/HCK/LYN/SRC/RIGI/STING1/MYD88/TRIM25/RPS6KA3/PRKDC/RFTN1/HSP90B1/USP15/PLCG2/CYBA/HSPA8/TBK1/SQSTM1/YWHAE/PIK3R1/GBP5/C1QBP/BRCC3/GDI1,0.3807304007227924
GO:0097193,intrinsic apoptotic signaling pathway,113,0.42661785055169044,1.2799873009866016,0.013533445858294677,0.07009363407322584,0.07009363407322584,1028,"tags=35%, list=24%, signal=28%",SOD2/RPL26/CASP3/IFI16/S100A8/NHERF1/BCLAF1/CD74/DNAJC10/BAX/ERO1A/PPIF/PML/STK24/ATP2A1/HYOU1/PARP1/TPT1/EIF5A/PTPN1/PRKCD/SRC/CLU/ERP29/ATP2A3/CD44/CUL1/DNAJA1/LCK/YBX3/SNW1/PRKDC/MYBBP1A/ENO1/SFPQ/TRADD/NCK1/SYVN1/NCK2/CEBPB,0.3807304007227924
GO:0015931,nucleobase-containing compound transport,101,0.43152246065564726,1.2792588285153073,0.01672763816263809,0.08215128964317818,0.08215128964317818,1411,"tags=49%, list=33%, signal=33%",SRSF3/RBM8A/SRSF7/SSB/SRSF1/FMR1/FXR1/FXR2/SLC25A4/SLC25A6/THOC6/CD47/MX2/WNK1/RANBP2/KHDRBS1/NSUN2/NCBP2/YBX1/PABPN1/SEC13/NUP37/CPSF6/MVP/CKAP5/RFTN1/NUP88/NUP153/SLC25A5/MAGOHB/NCBP1/EIF4A3/HNRNPA1/CHTOP/IWS1/NUP93/EIF4E/NUP85/ALYREF/NUP43/NUP50/SLC25A24/DHX9/NUP210/HNRNPA2B1/DDX39A/DDX39B/QKI/G3BP2,0.35248785758361917
GO:0042274,ribosomal small subunit biogenesis,56,0.4492159465236028,1.2770443732113301,0.04504504504504504,0.17104733599578958,0.17104733599578958,1418,"tags=52%, list=33%, signal=35%",LSM6/RPS3A/RPS21/NPM1/RPS15/RPS11/SNU13/RPS24/NOP58/RPS17/RPS23/RPS19/RPS12/RPS9/FBL/RPS13/PRKDC/RPS27/IMP3/NOP56/FAU/RPS16/RPS8/RPS25/RPS14/UTP6/RPS7/TBL3/DCAF13,0.21140018938492272
GO:0016032,viral process,166,0.4199461641102473,1.2765940467345624,0.008231618343392333,0.05081529759468451,0.05081529759468451,680,"tags=30%, list=16%, signal=26%",STAT1/LGALS9/CTSB/IFI16/ADAR/VAMP8/HMGB1/OAS3/TRIM21/ICAM1/CHMP4B/IFITM3/VAPB/VAPA/PCBP2/PCBP3/SSB/CHMP4A/PPIE/FMR1/EIF2AK2/ILF3/RAB43/RAB1A/RAB1B/EIF3A/ZC3HAV1/TFRC/TOP2B/DEK/SRC/MYH9/SLC3A2/PABPC1/STAU1/HSP90AB1/BSG/SPCS1/CSDE1/RAD23A/RCC1/CDK1/IFIT1/TRIM25/STOM/LARP1/EIF3G/MCTS1/PRMT1/BST2,0.3807304007227924
GO:0044772,mitotic cell cycle phase transition,123,0.42568418464452185,1.2762351475466833,0.007378608972856789,0.047129265404663306,0.047129265404663306,1745,"tags=54%, list=41%, signal=33%",PSME1/PSME2/PTPN6/PSMA4/SMARCC2/CHMP4B/RDX/GSPT1/PSMA2/SMARCD2/IK/EIF4G1/PSMA3/KHDRBS1/PSMB2/NES/SMARCE1/CUL1/PSMB1/RCC1/CDK2/CDK6/CDK1/PSMA7/BCL7C/PRKDC/PSMB4/PSME3/DPF2/RRM1/DYNLRB1/PSMA1/TAOK3/TAOK1/NBN/INTS3/CDK5RAP3/EIF4E/XPC/ZNF830/DYNLT1/CUL4B/SMARCC1/BRCC3/PSMA6/RCC2/ACTB/RAD21/RAD50/CRLF3/ADAM17/SMARCA2/DNM2/DDX3X/DYNLT3/GTPBP4/CUL4A/MRE11/PPP2CA/PPP1R9B/CUL2/PSMB3/VPS4A/VPS4B/SMARCA4/CLASP2/EPS8,0.40701791892395395
GO:0009895,negative regulation of catabolic process,128,0.42412102772534094,1.2714341437680015,0.008402220321235642,0.051390634291167234,0.05139063429116724,1127,"tags=40%, list=27%, signal=30%",THRAP3/BCLAF1/SRSF1/PML/FXR1/RPL5/TPT1/EIF4G1/WNK1/EIF3H/UBXN1/HNRNPU/PRKACA/ROCK1/SLIRP/DKC1/PABPC1/TIMP1/SYNCRIP/HSP90AB1/DDRGK1/FUS/EIF4G2/SNRNP70/CSDE1/NSUN2/PNN/CST3/MYD88/YBX1/LARP1/STK38L/FLNA/VPS13C/YBX3/PAIP1/USP14/HNRNPC/SNW1/TARDBP/TAF15/SNX3/SF3B3/USP9X/HNRNPA0/VPS35/GABARAPL2/SNX12/CTSA/CDK5RAP3/RPL11,0.3807304007227924
GO:0043434,response to peptide hormone,142,0.42089864650378395,1.2710711267477315,0.0058431952383231674,0.041628295692846366,0.04162829569284636,921,"tags=30%, list=22%, signal=25%",STAT1/TOP1/SRSF4/SRSF5/SRSF6/CSK/CYBB/PKLR/PKM/CFL1/GRB2/EIF6/NUDC/RAB8A/RAB10/PARP1/PAK1/RELA/PTPN1/PRKCD/LYN/SRC/PRKACA/ROCK1/CACYBP/PRKAR1A/TIMP1/BSG/RAB13/EPRS1/MYO5A/EIF2B4/YWHAG/OSBPL8/STAT5A/STAT5B/PRKDC/NFKB1/EIF2B5/RAF1/MAPK1/MAPK3/CYBA,0.40701791892395395
GO:0042692,muscle cell differentiation,125,0.4233837728210495,1.2700592168298173,0.009162464634131333,0.053060984000711194,0.0530609840007112,1076,"tags=38%, list=25%, signal=30%",RPL31/RPL7A/RPL21/CASP3/RPL34/CALR/RPL23A/MMP14/RPL18A/RPL17/RPL32/RPL27/RPL13A/RPL6/RPL10/LAMB1/KRT8/RPL5/RPL27A/EHD1/NACA/PAK1/RPL37A/RPL19/CACYBP/RPL7/RPL24/MYL9/ENG/CDK1/DOCK2/RPL35A/FLII/HDGFL2/FLNC/RPL30/RPL4/RPL29/RPL28/CSRP2/TMOD3/RPL3L/MECP2/RPL12/RPL14/RPL18/AKAP13/WDR1,0.3807304007227924
GO:0006887,exocytosis,135,0.41886483135785846,1.262418241730254,0.013029100449650518,0.06888591386059245,0.06888591386059245,2018,"tags=61%, list=48%, signal=33%",CORO1A/ITGB2/LGALS9/VAMP8/ITGAM/SCAMP2/FGG/RAC2/HGS/FMR1/SACM1L/RAB8A/RAB10/RAB12/RAB8B/RAB3D/RAP1B/RALB/PAK1/HCK/LYN/MYH9/RAB27A/RAB13/MICAL1/RAP1A/NCKAP1L/CDK5/FGR/RAB3GAP1/VTI1B/FGB/FGA/NAPA/SCAMP3/VAMP7/AP1G1/VPS11/CALM3/SYNGR2/RALA/MIA3/PLEK/STXBP2/PRKCB/TMED10/YKT6/NSF/RAB9A/LAMP1/SCAMP4/GNAI1/GNAI2/TNFAIP2/EXOC3/GIT1/STXBP5/PRKCA/RAB31/RAB7A/TXLNA/RAB25/RAB11B/ANXA3/BTK/SCRN1/VPS4A/VPS4B/CLASP2/VAMP2/VAMP3/HLA-F/WASHC1/VPS18/RAB21/PPP3CA/PPP3CB/CLASP1/RAB5A/ANXA1/CHMP2A/ARFGEF1,0.3807304007227924
GO:0006913,nucleocytoplasmic transport,138,0.420382014054419,1.2620265691569579,0.01706386929335584,0.083064209555763,0.083064209555763,1360,"tags=45%, list=32%, signal=32%",KPNA1/ADAR/CALR/SRSF3/RBM8A/NPM1/CFL1/RPS15/SSB/EIF6/FMR1/THOC6/MX2/WNK1/PRKCD/RANBP2/RGPD2/KHDRBS1/NMD3/HSP90AA1/NSUN2/CDK1/NCBP2/YWHAB/PABPN1/SEC13/NUP37/FLNA/ANP32B/CPSF6/WASHC4/TARDBP/NUP88/SP100/IPO7/SQSTM1/NUP153/MAGOHB/ANP32A/NCBP1/EIF4A3/HNRNPA1/CHTOP/IWS1/NUP93/EIF4E/SFN/YWHAE/NUP85/PIK3R1/RANBP3/ALYREF/STK3/STK4/NUP43/RBM22/NUP50/DHX9/NUP210/HNRNPA2B1/DDX39A/DDX39B,0.35248785758361917
GO:0051169,nuclear transport,138,0.420382014054419,1.2620265691569579,0.01706386929335584,0.083064209555763,0.083064209555763,1360,"tags=45%, list=32%, signal=32%",KPNA1/ADAR/CALR/SRSF3/RBM8A/NPM1/CFL1/RPS15/SSB/EIF6/FMR1/THOC6/MX2/WNK1/PRKCD/RANBP2/RGPD2/KHDRBS1/NMD3/HSP90AA1/NSUN2/CDK1/NCBP2/YWHAB/PABPN1/SEC13/NUP37/FLNA/ANP32B/CPSF6/WASHC4/TARDBP/NUP88/SP100/IPO7/SQSTM1/NUP153/MAGOHB/ANP32A/NCBP1/EIF4A3/HNRNPA1/CHTOP/IWS1/NUP93/EIF4E/SFN/YWHAE/NUP85/PIK3R1/RANBP3/ALYREF/STK3/STK4/NUP43/RBM22/NUP50/DHX9/NUP210/HNRNPA2B1/DDX39A/DDX39B,0.35248785758361917
GO:0006457,protein folding,125,0.4193577678647865,1.257982077766045,0.012020410480213324,0.06479294429578403,0.06479294429578401,1664,"tags=57%, list=39%, signal=36%",DNAJC3/TBCB/CALR/SDF2L1/PFDN2/CD74/DNAJC10/DNAJB11/ERO1A/ERO1B/PDIA3/PPIF/PPIE/NUDC/GRN/HSPH1/RP2/TXNDC5/RANBP2/CLU/PPIL1/ERP29/FKBP1A/TBCA/VBP1/HSP90AA1/HSP90AB1/CDC37/SNRNP70/DNAJA1/PPIB/AHSA1/DNAJA2/P3H1/PDIA4/DNAJC7/FKBP5/COA3/HSP90B1/RUVBL2/DNAJB6/CRTAP/HSPA2/HSPA8/HSPA9/CCT7/PDIA5/HSPA4/CCT4/PTGES3/FKBP4/CANX/FKBP10/TBCC/DNAJB4/DNAJB1/CCT8/P4HB/CHORDC1/NAA10/ERP44/MPDU1/DNAJB12/PPIG/LMAN1/PDCL3/UGGT1/PPID/NUDCD2/CCDC47/DNAJC2,0.3807304007227924
GO:0032970,regulation of actin filament-based process,156,0.41712436671259506,1.2557762867898385,0.006781503050758442,0.04569244433590292,0.045692444335902915,1091,"tags=37%, list=26%, signal=28%",CORO1A/COTL1/CNN2/LIMA1/ARPC5L/CYRIB/ARPC3/VASP/RAC1/RAC2/CFL1/CYRIA/RDX/PAK2/ARPC5/CD47/ATP2A1/ATP2A2/PAK1/PRKCD/HCK/TWF1/MYH9/CFL2/ROCK1/CAPZA1/SWAP70/RHOG/CDC42/NCKAP1/NCKAP1L/CAPZB/ARPIN/CAMK2D/ARAP1/BST2/FLII/FLNA/SH3BP1/WASHC4/ARHGAP17/PDXP/TMOD3/F11R/WASHC5/DSC2/NCK1/RALA/TAOK1/IQGAP2/PLEK/TWF2/NCK2/ATP1A2/AKAP13/WDR1/CORO1B,0.40701791892395395
GO:0034765,regulation of monoatomic ion transmembrane transport,70,0.4333806285631704,1.2544335818424996,0.049,0.17597142597142595,0.17597142597142598,1167,"tags=37%, list=28%, signal=27%",CTSS/PML/FMR1/YWHAQ/ATP2A1/CD63/WNK1/LYN/PRKACA/FKBP1A/GSTO1/DIAPH1/CLIC2/STOM/CAMK2D/FLNA/CAB39/STK39/CALM1/CALM2/CALM3/ATP1A2/LCN2/ANO6/YWHAE/BIN1,0.20207170902115992
GO:0032102,negative regulation of response to external stimulus,134,0.41527810893615896,1.2537083310709862,0.017395196251102245,0.08393751902824445,0.08393751902824446,1131,"tags=34%, list=27%, signal=25%",PTPRC/HLA-A/LGALS9/PTPN6/HLA-DRB1/IFI16/SERPINB9/OAS3/TRIM21/YTHDF3/YTHDF2/FGG/HLA-B/HLA-E/HLA-G/PCBP2/SAMHD1/GRB2/FXR1/GRN/PARP1/PRKCD/HCK/LYN/SRC/YES1/RPS19/PRKAR1A/FGR/FGB/A2M/FGA/NT5C2/PPM1B/PSMB4/NFKB1/USP15/PSMA1/VPS35/TMX1/THBS1/PROS1/CORO1B/SFN/YWHAZ,0.35248785758361917
GO:0051028,mRNA transport,74,0.42990423232965763,1.2536210842070974,0.049,0.17597142597142595,0.17597142597142598,1411,"tags=51%, list=33%, signal=35%",SRSF3/RBM8A/SRSF7/SRSF1/FMR1/FXR1/FXR2/THOC6/MX2/WNK1/RANBP2/NSUN2/NCBP2/PABPN1/SEC13/NUP37/MVP/NUP88/NUP153/MAGOHB/NCBP1/EIF4A3/HNRNPA1/CHTOP/IWS1/NUP93/EIF4E/NUP85/ALYREF/NUP43/NUP50/DHX9/NUP210/HNRNPA2B1/DDX39A/DDX39B/QKI/G3BP2,0.20207170902115992
GO:0043123,positive regulation of canonical NF-kappaB signal transduction,83,0.42708114415909143,1.2504905534498114,0.03496503496503497,0.1450348758718968,0.1450348758718968,1309,"tags=43%, list=31%, signal=31%",LGALS9/NAMPT/UBE2V1/CD74/UBE2N/PRDX3/VAPA/EIF2AK2/PARP1/CASP1/ZC3HAV1/TFRC/RELA/S100A4/FKBP1A/DDX21/DDRGK1/TFG/CUL1/MYD88/TRIM25/BST2/FLNA/HMOX1/PLCG2/TBK1/TRADD/PPM1A/AKAP13/PPP5C/MTDH/PRKCB/PSMA6/DHX15/IFIT5/ATP2C1,0.24133997681509095
GO:0010720,positive regulation of cell development,98,0.4173538349759072,1.2484783232823662,0.04195804195804196,0.16292442497261775,0.16292442497261772,2115,"tags=65%, list=50%, signal=34%",LGALS9/HLA-DRB1/HMGB1/ACIN1/CD74/MMP14/SMARCC2/HLA-G/SRRT/AP3B1/CAPRIN1/FMR1/FXR1/FXR2/SMARCD2/SART1/TGM2/PAK1/NAP1L1/SHTN1/LYN/HDAC2/DDRGK1/SMARCE1/NCKAP1L/HLA-DRA/SNW1/PRKDC/F11R/TWF2/NPTN/BIN1/SMARCC1/PLXNB2/GDI1/ACTB/SLC7A5/PRMT5/PAFAH1B1/QKI/SMARCA2/PRKCH/PRKCA/RHOA/BTK/XRCC6/VIM/SMARCA4/PNP/TSPO/DHX36/CORO1C/RAB21/PPP3CA/NUMB/INPP5D/ANXA1/TRAF6/RIPK1/NOTCH2/SMARCB1/PCID2/CASP8/SLC30A1,0.21925034670375515
GO:0050657,nucleic acid transport,88,0.42405575659615513,1.2449437855700027,0.041,0.16238351254480288,0.16238351254480288,1411,"tags=50%, list=33%, signal=34%",SRSF3/RBM8A/SRSF7/SSB/SRSF1/FMR1/FXR1/FXR2/THOC6/MX2/WNK1/RANBP2/KHDRBS1/NSUN2/NCBP2/YBX1/PABPN1/SEC13/NUP37/CPSF6/MVP/CKAP5/RFTN1/NUP88/NUP153/MAGOHB/NCBP1/EIF4A3/HNRNPA1/CHTOP/IWS1/NUP93/EIF4E/NUP85/ALYREF/NUP43/NUP50/DHX9/NUP210/HNRNPA2B1/DDX39A/DDX39B/QKI/G3BP2,0.2220560461452484
GO:0050658,RNA transport,88,0.42405575659615513,1.2449437855700027,0.041,0.16238351254480288,0.16238351254480288,1411,"tags=50%, list=33%, signal=34%",SRSF3/RBM8A/SRSF7/SSB/SRSF1/FMR1/FXR1/FXR2/THOC6/MX2/WNK1/RANBP2/KHDRBS1/NSUN2/NCBP2/YBX1/PABPN1/SEC13/NUP37/CPSF6/MVP/CKAP5/RFTN1/NUP88/NUP153/MAGOHB/NCBP1/EIF4A3/HNRNPA1/CHTOP/IWS1/NUP93/EIF4E/NUP85/ALYREF/NUP43/NUP50/DHX9/NUP210/HNRNPA2B1/DDX39A/DDX39B/QKI/G3BP2,0.2220560461452484
GO:0110053,regulation of actin filament organization,116,0.41543714596801773,1.2378334050890436,0.03296703296703297,0.13945830592482675,0.13945830592482675,1167,"tags=38%, list=28%, signal=28%",CORO1A/COTL1/LIMA1/ARPC5L/CYRIB/ARPC3/VASP/RAC1/CFL1/CYRIA/RDX/PAK2/ARPC5/CD47/PAK1/PRKCD/HCK/TWF1/CFL2/ROCK1/CAPZA1/SWAP70/CDC42/NCKAP1/NCKAP1L/CAPZB/ARPIN/ARAP1/FLII/FLNA/SH3BP1/WASHC4/PDXP/TMOD3/F11R/WASHC5/NCK1/PLEK/TWF2/NCK2/WDR1/CORO1B/PIK3R1/BIN1,0.24891111443470246
GO:0006959,humoral immune response,82,0.421110940817532,1.2369954284432256,0.04995004995004995,0.1772264777961687,0.1772264777961687,1453,"tags=40%, list=34%, signal=27%",HLA-A/HLA-DRB1/DEFA1/DEFA3/DEFA1B/YTHDF2/HLA-E/H2BC12/KRT6A/CLU/RPS19/C1S/H2BC26/C4BPA/FGB/A2M/FGA/RPL30/JCHAIN/CFP/C1R/PSMB10/FAU/GPI/C1QA/RNASE6/C1QBP/C1RL/MASP1/C1QC/SPRR2A/GAPDH/C1QB,0.19991523130966152
GO:0006873,intracellular monoatomic ion homeostasis,114,0.4133624952780741,1.2356994079837955,0.04195804195804196,0.16292442497261775,0.16292442497261772,1130,"tags=34%, list=27%, signal=26%",MT1H/MT2A/MT1E/CALR/BAX/HVCN1/VAPB/PML/TMCO1/ATP13A1/GRN/ATP2A1/ATP2A2/RAB39A/TGM2/TPT1/TFRC/PRKACA/ATP2A3/SLC30A7/TM9SF4/CUL1/CAMK2D/MCU/STK39/HMOX1/ATP6V1G1/ATP1A1/ATP6V1D/TMEM165/GLRX3/TBXAS1/ATP1A2/ATP4A/LCN2/PICALM/LETM1/NPTN/YWHAE,0.21925034670375515
GO:0007249,canonical NF-kappaB signal transduction,109,0.41691354741679615,1.2350177487160452,0.04195804195804196,0.16292442497261775,0.16292442497261772,1309,"tags=42%, list=31%, signal=30%",STAT1/LGALS9/NAMPT/UBE2V1/CD74/UBE2N/PRDX3/NPM1/VAPA/EIF2AK2/PARP1/CASP1/ZC3HAV1/TFRC/RELA/MYO18A/S100A4/FKBP1A/DDX21/DDRGK1/TFG/CUL1/MYD88/TRIM25/BST2/FLNA/PRDX4/OPTN/PPM1B/HMOX1/NFKB1/PLCG2/TBK1/SQSTM1/TRADD/PPM1A/AKAP13/PPP5C/MTDH/PRKCB/PSMA6/UFL1/HACD3/DHX15/IFIT5/ATP2C1,0.21925034670375515
GO:0002221,pattern recognition receptor signaling pathway,99,0.4123543134708539,1.2345565805103758,0.04295704295704296,0.1653920991900086,0.1653920991900086,1223,"tags=37%, list=29%, signal=27%",GBP2/CTSS/IFI16/S100A8/HMGB1/OAS3/AP3B1/PCBP2/WDFY1/EIF2AK2/DDX60/PARP1/CASP1/ZC3HAV1/RELA/LYN/SRC/RIGI/STING1/MYD88/TRIM25/RPS6KA3/PRKDC/RFTN1/HSP90B1/USP15/PLCG2/CYBA/HSPA8/TBK1/SQSTM1/YWHAE/PIK3R1/GBP5/C1QBP/BRCC3/GDI1,0.2165428367353482
GO:0032956,regulation of actin cytoskeleton organization,139,0.4079602203774648,1.2262274521841185,0.018720505888955876,0.08988282271722549,0.08988282271722549,1091,"tags=36%, list=26%, signal=28%",CORO1A/COTL1/LIMA1/ARPC5L/CYRIB/ARPC3/VASP/RAC1/RAC2/CFL1/CYRIA/RDX/PAK2/ARPC5/CD47/PAK1/PRKCD/HCK/TWF1/CFL2/ROCK1/CAPZA1/SWAP70/RHOG/CDC42/NCKAP1/NCKAP1L/CAPZB/ARPIN/ARAP1/BST2/FLII/FLNA/SH3BP1/WASHC4/ARHGAP17/PDXP/TMOD3/F11R/WASHC5/NCK1/RALA/TAOK1/IQGAP2/PLEK/TWF2/NCK2/AKAP13/WDR1/CORO1B,0.35248785758361917
GO:0090150,establishment of protein localization to membrane,114,0.40975155196260876,1.2249049102532215,0.04695304695304695,0.17352213004386918,0.17352213004386918,1343,"tags=42%, list=32%, signal=30%",ITGB2/CSK/ITGAM/YIF1B/SRP72/CHMP4B/RDX/CHMP4A/SACM1L/RAB8A/TMCO1/ATP13A1/RAB10/RAB8B/NACA/PAK1/GRIPAP1/WNK1/SRP9/SRPRA/SEC63/SEC61B/SRP68/ACSL3/SRP14/EMC3/STOM/SRPRB/RAB3GAP1/OPTN/SRP54/ARL6IP1/RFTN1/GET4/SEC61A1/NDUFA13/ANXA13/VPS35/GORASP2/RAB3GAP2/EMC2/SSR1/NSF/GDI1/ATP2C1/GOLGA7/SSR4/SEC62,0.2065879226968911
GO:0010038,response to metal ion,109,0.413196121870584,1.2240056658572636,0.04695304695304695,0.17352213004386918,0.17352213004386918,1278,"tags=39%, list=30%, signal=28%",SOD2/MT1H/MT2A/MT1E/CASP3/PCNA/S100A8/CALR/CYBB/PKLR/FGG/HVCN1/PPIF/CLIC4/PARP1/TFRC/CACYBP/BSG/CDK1/CAMK2D/FGB/FGA/STK39/SEC31A/HSP90B1/GSTK1/PLCG2/LGMN/CALM1/CALM2/CALM3/GPI/ANXA11/ALOX5AP/EIF2S1/LCN2/PPP5C/THBS1/ANXA7/PRKAA1/GDI1/FBP1/SLC25A24,0.2065879226968911
GO:0006936,muscle contraction,136,0.4074207017442137,1.2235577192555316,0.03396603396603397,0.1421684376229831,0.1421684376229831,1785,"tags=60%, list=42%, signal=36%",RPL31/RPL7A/RPL21/RPL34/RPL23A/RPL18A/RPL17/RPL32/RPL27/RPL13A/RPL6/RPL10/RPL5/RPL27A/ATP2A1/ATP2A2/EHD3/CALD1/RPL37A/PRKACA/FKBP1A/RPL19/ROCK1/RPL7/GSTO1/HSP90AA1/RPL24/MYL9/CLIC2/CAMK2D/PABPN1/RPL35A/FLNA/RPL30/RPL4/RPL29/RPL28/TPM4/ATP1A1/ENO1/TMOD3/RPL3L/DSC2/CALM1/CALM2/CALM3/RPL12/RPL14/RPL18/ATP1A2/EEF2/RPL11/BIN1/RPL8/TPM3/MAP2K1/RPL35/RPL10A/RPL15/GRK2/RPL36/GNAO1/RPL23/RAP1GDS1/RPL36A/DES/TNNC2/PGAM2/ATP2B1/MYH1/MYH2/MYH3/MYH4/MYH6/MYH7/MYH7B/MYH13/RPL13/MYL6B/MYL6/RPL38,0.24504178543099617
GO:0050727,regulation of inflammatory response,111,0.41292477809301187,1.222819117951226,0.03396603396603397,0.1421684376229831,0.1421684376229831,1028,"tags=33%, list=24%, signal=26%",GBP1/PTPRC/GBP2/TNC/CASP3/PTPN6/HLA-DRB1/IFI16/VAMP8/S100A8/HLA-E/FXR1/GRN/CD47/CASP1/RELA/PRKCD/HCK/LYN/SRC/YES1/RPS19/PRKAR1A/CUL1/FGR/MYD88/VAMP7/PSMB4/NFKB1/MAPK1/MAPK3/KARS1/PLCG2/PSMA1/TRADD/VPS35/CEBPB,0.24504178543099617
GO:0030100,regulation of endocytosis,121,0.4096148882991882,1.2223745688914656,0.03296703296703297,0.13945830592482675,0.13945830592482675,1502,"tags=46%, list=35%, signal=31%",PTPRC/CSK/HMGB1/CALR/ARPC3/RAC1/H1-1/FMR1/LRPAP1/CD47/RAB4B/RAB4A/CD63/TGM2/PTPN1/MYO18A/HCK/SRC/CLU/PRKACA/ROCK1/RAB27A/RAP1A/CDC42/NCKAP1L/FGR/TBC1D5/DOCK2/DYSF/ARAP1/HIP1/CFP/SNX3/PLCG2/CYBA/CALM3/RALA/SNX12/AP2S1/PICALM/AP2M1/ANO6/BIN1/ANKRD13A/ACTB/LMAN2/MASP1/AP2A1/HIP1R/ARRB1/ZFYVE16/AP2B1/CD14/SNX17/RUFY1/RAB31,0.24891111443470246
GO:0071375,cellular response to peptide hormone stimulus,107,0.4074693041159108,1.217527569435218,0.04695304695304695,0.17352213004386918,0.17352213004386918,1240,"tags=36%, list=29%, signal=26%",TOP1/SRSF5/CSK/PKLR/PKM/CFL1/GRB2/RAB8A/RAB10/PARP1/PAK1/RELA/PTPN1/PRKCD/LYN/SRC/PRKACA/ROCK1/PRKAR1A/RAB13/EPRS1/MYO5A/YWHAG/OSBPL8/STAT5A/STAT5B/PRKDC/NFKB1/RAF1/MAPK1/MAPK3/CYBA/NCK1/CREB1/PRKCB/PIK3R1/LEPROT/PRKAA1/FBP1,0.2065879226968911
GO:0043065,positive regulation of apoptotic process,149,0.4025057082579126,1.2068191600168596,0.03196803196803197,0.13691734621967178,0.1369173462196718,1548,"tags=44%, list=36%, signal=29%",SOD2/LGALS9/RPL26/CASP3/MNDA/S100A8/CCAR1/HMGB1/IGF2R/NHERF1/ACIN1/BCLAF1/BAX/HLA-G/PML/PAK2/GRN/SAP18/TGM2/CASP1/EIF5A/PTPN1/LYN/CLU/DNAJA1/PNN/CDK5/LCK/CAMK2D/MCU/UBE2Z/CTNNBL1/MYBBP1A/EIF2B5/SQSTM1/SFPQ/TRADD/NCK1/NDUFA13/CREB1/NCK2/CARM1/EIF2S1/LCN2/THBS1/ANO6/FAS/BIN1/RNPS1/C1QBP/STK3/STK4/TP53BP1/FAP/RPS7/BCAP31/DNM2/PTRH2/RPS3/DDX3X/AKAP12/DDX19A/GSK3A/ARHGEF7/HTT,0.2529611230696109
GO:0072594,establishment of protein localization to organelle,158,0.3997289976266793,1.2036321364721836,0.03196803196803197,0.13691734621967178,0.1369173462196718,1550,"tags=47%, list=37%, signal=31%",M6PR/KPNA1/ADAR/IGF2R/AP3M1/NPM1/SRP72/CFL1/CHMP4B/HGS/H1-5/CHMP4A/RAB10/RAB8B/PARP1/PRKCD/RANBP2/RGPD2/CLU/SRP9/SRPRA/SEC63/SEC61B/HSP90AA1/SRP68/SPCS1/SRP14/CDK1/TIMM44/YWHAB/SEC13/SRPRB/RAB3GAP1/FLNA/MACROH2A1/TARDBP/SRP54/AP3D1/SPCS3/GET4/RUVBL2/NUP88/HSPA8/SEC61A1/USP9X/IPO7/SQSTM1/NUP153/NDUFA13/HSPA4/NUP93/RAB3GAP2/YWHAE/SSR1/NUP85/PIK3R1/MVB12A/STK3/STK4/RBM22/NUP50/LAMP1/SSR4/SEC62/MACROH2A2/TIMM50/PIK3C3/ZFYVE16/SPCS2/KPNA6/SSR3/RPL23/RAB7A/VPS25,0.2529611230696109
GO:0042176,regulation of protein catabolic process,168,0.3945510747899386,1.1988947096178373,0.03996003996003996,0.15940737962398613,0.15940737962398613,1693,"tags=50%, list=40%, signal=31%",PSME1/PSME2/PSMA4/MSN/SUMO2/RDX/HGS/CTSC/PML/FMR1/PSMC1/RPL5/PSMA2/PSMA3/EIF3H/UBXN1/CLU/PRKACA/PSMB2/ROCK1/TIMP1/HSP90AA1/HSP90AB1/DDRGK1/SNRNP70/PSMB1/RAD23A/RAD23B/CST3/CDK2/CDK1/PSMA7/C4BPA/PSMD4/FLNA/STX5/USP14/PSMD3/PSMB4/PSME3/ARAF/SNX3/SF3B3/USP9X/VPS11/PSMA1/NDUFA13/VPS35/TMX1/EEF1A1/EEF1A2/GABARAPL2/SNX12/CTSA/CDK5RAP3/RPL11/PSMD12/NSF/UBE3A/PSMA6/EZR/UFL1/PSMD1/FBXO22/PYHIN1/RPS7/PSMD6/BCAP31/ADRM1/SNX9/GSK3A/CHMP6/PSMD2/RPL23/RAB7A/PDCL3/SEC22B/CSNK2B/CUL4A/SNX1/PSMB3/NUB1/USP7/PSMC2,0.22496609354031377
GO:0090066,regulation of anatomical structure size,143,0.39796241700148727,1.1957463536205504,0.04495504495504495,0.17104733599578958,0.17104733599578958,1636,"tags=48%, list=39%, signal=31%",SOD2/COTL1/LIMA1/ARPC5L/CYRIB/MSN/NHERF1/ARPC3/FGG/VASP/CFL1/CYRIA/RDX/ARPC5/PECAM1/HP1BP3/PAK1/PEX11B/WNK1/PRKCD/SHTN1/HCK/SRC/TWF1/CFL2/ROCK1/CAPZA1/HSP90AA1/SWAP70/NCKAP1/NCKAP1L/CAPZB/FGB/FLII/FGA/SH3BP1/STK39/PDXP/TBXAS1/TMOD3/NCK1/PLEK/TWF2/NCK2/WDR1/PICALM/AP2M1/ANO6/BIN1/GCLM/GDI1/EZR/EVL/ARHGAP18/MAP2K1/TRIOBP/HIP1R/PAFAH1B1/DNM1/DNM2/ACE/SNX9/RAB22A/RAP1GDS1/PFN1/SIN3A/RHOA/ACTN2/VIM,0.21140018938492272
GO:0001819,positive regulation of cytokine production,151,0.39341209512558045,1.191062817025232,0.04695304695304695,0.17352213004386918,0.17352213004386918,1469,"tags=42%, list=35%, signal=29%",PTPRC/STAT1/HLA-A/LGALS9/HLA-DPB1/PSMA4/IFI16/HMGB1/CYRIB/OAS3/CYBB/PSMB8/CD74/HLA-E/HLA-G/EIF2AK2/PSMA2/RAB1A/PQBP1/CASP1/ZC3HAV1/PSMA3/RELA/CLU/PSMB2/DDX21/RIGI/HDAC2/STING1/HSP90AA1/BSG/PSMB1/FGR/PSMA7/MYD88/PSMB9/HMOX1/PSMB4/RFTN1/PSMB10/PLCG2/CYBA/TBK1/PSMA1/TRADD/UAP1/CREB1/CEBPB/THBS1/FRMD8/TMED10/GBP5/PSMA6/SLC7A5/HMGB2/RAD21/DHX9/ADAM10/TRIM56/ADAM17/GAPDH/CD14/DDX3X/AKAP12,0.2065879226968911
GO:0003012,muscle system process,165,0.39301575982899656,1.1836247836263667,0.04795204795204795,0.17545368538746023,0.17545368538746023,1785,"tags=58%, list=42%, signal=35%",RPL31/RPL7A/RPL21/RPL34/RPL23A/RPL18A/RPL17/RPL32/RPL27/RPL13A/RPL6/PAK2/RPL10/RPL5/RPL27A/ATP2A1/ATP2A2/EHD3/PARP1/PAK1/CALD1/RPL37A/TWF1/PRKACA/FKBP1A/RPL19/ROCK1/HDAC2/RPL7/GSTO1/HSP90AA1/RPL24/MYL9/CLIC2/CAMK2D/PABPN1/RPL35A/FLNA/RPL30/RPL4/RPL29/RPL28/TPM4/HMOX1/ATP1A1/ENO1/GLRX3/TMOD3/RPL3L/CYBA/DSC2/CALM1/CALM2/CALM3/RPL12/RPL14/LMCD1/RPL18/ATP1A2/EEF2/RPL11/BIN1/RPL8/GNAI1/TPM3/MAP2K1/RPL35/ARRB1/RPL10A/RPL15/GRK2/RPL36/GNAO1/PRKCA/GSK3A/RPL23/RAP1GDS1/RPL36A/DES/TNNC2/TOMM70/PGAM2/ATP2B1/MYH1/MYH2/MYH3/MYH4/MYH6/MYH7/MYH7B/MYH13/RPL13/ARRB2/MYL6B/MYL6/RPL38,0.2042947565168861
GO:0048193,Golgi vesicle transport,177,0.385967290921388,1.1795177570569615,0.04995004995004995,0.1772264777961687,0.1772264777961687,1369,"tags=42%, list=32%, signal=30%",CSK/YIF1B/AP3M1/SCAMP2/CORO7/VAPB/VAPA/MYO1B/AP1M1/RAB8A/EHD3/RAB10/RAB43/RAB14/RAB4B/RAB1A/RAB6A/RAB1B/HYOU1/RP2/ARCN1/MYO18A/TMED7/TM9SF4/ACSL3/YIPF6/TFG/RAB13/RABGGTA/MYO5A/SEC13/VTI1B/ACBD3/VPS13C/OPTN/COPG1/STX5/PITPNB/NAPA/SCAMP3/SEC31A/VAMP7/AP1G2/AP3D1/SNX3/AP1G1/COPG2/ANXA13/MIA3/GABARAPL2/SNX12/SEC23B/GBF1/TMED5/GLTP/AP2M1/TMED10/CCDC93/YKT6/COPB2/NSF/COPA/SCYL1/SEC23IP/TMED3/TMED2/LAMP1/LMAN2/TRAPPC1/ATP2C1/AP2A1/GOLGA7/TRAPPC3/BCAP31/SURF4,0.19991523130966152
GO:0022411,cellular component disassembly,202,0.3857006893500965,1.1769779447428999,0.04395604395604396,0.16806722689075632,0.16806722689075632,1529,"tags=46%, list=36%, signal=31%",CTSS/NME1/LIMA1/CASP3/VAMP8/SET/ITGAM/ACIN1/TRIM21/MMP14/BAX/SMARCC2/CFL1/CHMP4B/RDX/GSPT1/CHMP4A/KLC1/SUPT16H/SMARCD2/ATP2A2/GSPT2/WNK1/TWF1/CFL2/DSTN/NES/MAP4/CAPZA1/ABCE1/DDRGK1/SH3PXD2B/SMARCE1/VPS16/SWAP70/MICAL1/CAPZB/CST3/ENG/CDK1/IST1/MCTS1/FLII/SH3BP1/PYM1/STX5/STMN1/SSRP1/NAPA/VRK1/ETF1/CKAP5/PDXP/CHMP5/TMOD3/HSPA8/KIF5B/CHMP1B/CALM1/TAOK1/PLEK/TWF2/GABARAPL2/GBF1/C1QA/WDR1/PRKCB/CDK5RAP3/PIK3R1/NSF/SMARCC1/VTA1/PRKAA1/UFL1/MPO/KIF2A/PLG/FAP/VPS33A/TRIOBP/ADAM10/FAF2/C1QC/PIK3C3/SKIC3/C1QB/GRWD1/PELO/PRKCA/CHMP6/SCAF4/RPL23/UFSP2,0.21392785549235627
NA,NA,NA,NA,NA,NA,NA,NA,NA,NA,,NA
NA,NA,NA,NA,NA,NA,NA,NA,NA,NA,,NA
NA,NA,NA,NA,NA,NA,NA,NA,NA,NA,,NA
NA,NA,NA,NA,NA,NA,NA,NA,NA,NA,,NA
NA,NA,NA,NA,NA,NA,NA,NA,NA,NA,,NA
NA,NA,NA,NA,NA,NA,NA,NA,NA,NA,,NA
NA,NA,NA,NA,NA,NA,NA,NA,NA,NA,,NA
NA,NA,NA,NA,NA,NA,NA,NA,NA,NA,,NA
NA,NA,NA,NA,NA,NA,NA,NA,NA,NA,,NA
NA,NA,NA,NA,NA,NA,NA,NA,NA,NA,,NA
NA,NA,NA,NA,NA,NA,NA,NA,NA,NA,,NA
NA,NA,NA,NA,NA,NA,NA,NA,NA,NA,,NA
NA,NA,NA,NA,NA,NA,NA,NA,NA,NA,,NA
NA,NA,NA,NA,NA,NA,NA,NA,NA,NA,,NA
NA,NA,NA,NA,NA,NA,NA,NA,NA,NA,,NA
NA,NA,NA,NA,NA,NA,NA,NA,NA,NA,,NA
NA,NA,NA,NA,NA,NA,NA,NA,NA,NA,,NA
NA,NA,NA,NA,NA,NA,NA,NA,NA,NA,,NA
NA,NA,NA,NA,NA,NA,NA,NA,NA,NA,,NA
NA,NA,NA,NA,NA,NA,NA,NA,NA,NA,,NA
NA,NA,NA,NA,NA,NA,NA,NA,NA,NA,,NA
NA,NA,NA,NA,NA,NA,NA,NA,NA,NA,,NA
NA,NA,NA,NA,NA,NA,NA,NA,NA,NA,,NA
NA,NA,NA,NA,NA,NA,NA,NA,NA,NA,,NA
NA,NA,NA,NA,NA,NA,NA,NA,NA,NA,,NA
NA,NA,NA,NA,NA,NA,NA,NA,NA,NA,,NA
NA,NA,NA,NA,NA,NA,NA,NA,NA,NA,,NA
NA,NA,NA,NA,NA,NA,NA,NA,NA,NA,,NA
NA,NA,NA,NA,NA,NA,NA,NA,NA,NA,,NA
NA,NA,NA,NA,NA,NA,NA,NA,NA,NA,,NA
NA,NA,NA,NA,NA,NA,NA,NA,NA,NA,,NA
NA,NA,NA,NA,NA,NA,NA,NA,NA,NA,,NA
NA,NA,NA,NA,NA,NA,NA,NA,NA,NA,,NA
NA,NA,NA,NA,NA,NA,NA,NA,NA,NA,,NA
NA,NA,NA,NA,NA,NA,NA,NA,NA,NA,,NA
NA,NA,NA,NA,NA,NA,NA,NA,NA,NA,,NA
NA,NA,NA,NA,NA,NA,NA,NA,NA,NA,,NA
NA,NA,NA,NA,NA,NA,NA,NA,NA,NA,,NA
NA,NA,NA,NA,NA,NA,NA,NA,NA,NA,,NA
