ID,Description,setSize,enrichmentScore,NES,pvalue,p.adjust,qvalue,rank,leading_edge,core_enrichment,log2err
GO:0048705,skeletal system morphogenesis,18,-0.6531549451059712,-2.399688678350907,1.4080617285861332e-4,0.002592218559347914,0.0019715579384779673,476,"tags=39%, list=11%, signal=35%",LAMA5/FBN2/MAPK14/COL3A1/COL28A1/CTNNB1/COL2A1,0.5188480777437918
GO:0006721,terpenoid metabolic process,37,-0.5579630288450514,-2.3944488967997164,2.5336697015729395e-6,1.4160528960050473e-4,1.0770042203253749e-4,393,"tags=43%, list=9%, signal=40%",MVD/SDR9C7/PMVK/RDH11/SDR16C5/ACAT2/FDFT1/LIPE/MVK/FDPS/RETSAT/HMGCS2/ALDH3A2/AKR1C3/ADH1B/HMGCS1,0.6272567397185284
GO:0007601,visual perception,27,-0.5380347406787485,-2.2122560974665393,1.648647742231548e-4,0.002892861585196919,0.002200217339948246,337,"tags=33%, list=8%, signal=31%",RDH11/TGFBI/ABLIM1/KRT12/EFEMP1/TACSTD2/COL1A1/COL2A1/LUM,0.5188480777437918
GO:0050953,sensory perception of light stimulus,27,-0.5380347406787485,-2.2122560974665393,1.648647742231548e-4,0.002892861585196919,0.002200217339948246,337,"tags=33%, list=8%, signal=31%",RDH11/TGFBI/ABLIM1/KRT12/EFEMP1/TACSTD2/COL1A1/COL2A1/LUM,0.5188480777437918
GO:0006637,acyl-CoA metabolic process,57,-0.4494260801178602,-2.141556715906875,2.717471452397731e-6,1.4160528960050473e-4,1.0770042203253749e-4,464,"tags=35%, list=11%, signal=32%",FITM2/SUCLG2/TECR/MVD/PMVK/ALDH7A1/BCKDHA/PDHB/MVK/ACSL5/HMGCS2/ACSL1/ACAT1/DBT/ACOT1/ACACA/ACACB/ACSS2/HMGCS1/FASN,0.6272567397185284
GO:0007517,muscle organ development,59,-0.43858570070870256,-2.0945941145450693,4.44936285730761e-6,1.9327797581521677e-4,1.470010027423384e-4,395,"tags=42%, list=9%, signal=39%",UNC45A/IGSF8/MYLK2/COL3A1/CAV2/ACTA1/CAV1/FHL1/FLNB/EFEMP2/GPC1/SGCD/MYLK/LAMA2/CTNNB1/UTRN/ASS1/DSP/DES/TPM1/COL6A1/PLEC/LMNA/COL6A3/MYH14,0.610526878385931
GO:0051216,cartilage development,23,-0.5456643092244156,-2.079863349246249,4.758239307469896e-4,0.006072162207146243,0.004618290984783549,380,"tags=39%, list=9%, signal=36%",MAPK14/COL3A1/NFIB/TGFBI/GPLD1/EFEMP1/COL2A1/LUM/OGN,0.49849310876659025
GO:0001578,microtubule bundle formation,12,-0.663932147793264,-2.0390061121290786,0.0026528965196623735,0.019861351943872303,0.015105904535957261,470,"tags=58%, list=11%, signal=52%",ODAD4/DNAH1/MAP1B/TPPP3/MTCL1/NUMA1/DNAAF1,0.4317076958033464
GO:0030216,keratinocyte differentiation,63,-0.3870704399613576,-2.029204822936648,1.0460079708878908e-4,0.0020608192128194758,0.0015673927123738473,300,"tags=37%, list=7%, signal=34%",ALOX15B/KRT78/KRT79/PKP1/KLK5/KRT80/KRT4/KRT7/DSP/NUMA1/PLEC/KRT14/AKR1C3/KRT71/KRT74/KRT72/KRT73/SCEL/KRT5/PPL/EVPL/KRT75/KRT77,0.5384340963099162
GO:0006720,isoprenoid metabolic process,39,-0.4344366203261104,-1.9707655871517946,2.9170323598168307e-4,0.004310299131676712,0.0032782746808238377,393,"tags=41%, list=9%, signal=38%",MVD/SDR9C7/PMVK/RDH11/SDR16C5/ACAT2/FDFT1/LIPE/MVK/FDPS/RETSAT/HMGCS2/ALDH3A2/AKR1C3/ADH1B/HMGCS1,0.49849310876659025
GO:0042098,T cell proliferation,39,0.6755840352622253,1.9189549522553744,1.0754587868582008e-6,1.0979456524015995e-4,8.350620973697052e-5,716,"tags=44%, list=17%, signal=37%",PTPRC/LGALS9/HLA-A/HLA-DPB1/HLA-DRB1/MSN/HMGB1/RAC2/TFRC/HLA-E/HLA-G/CTPS1/NCK1/NCKAP1L/NCK2/PRKAR1A/CEBPB,0.6435518361507222
GO:0016125,sterol metabolic process,58,-0.40036376757463643,-1.8920546705107923,8.645436498591749e-5,0.001801115480172567,0.0013698704186205092,484,"tags=41%, list=11%, signal=37%",APOE/GBA1/SULT2B1/MVD/CYB5R3/PMVK/MSMO1/CYB5R1/APOL1/FDXR/NSDHL/TM7SF2/FDFT1/LIPE/MVK/FDPS/HMGCS2/DHCR24/APOB/CYP51A1/DHCR7/APOA1/APOA4/HMGCS1,0.5384340963099162
GO:0032944,regulation of mononuclear cell proliferation,44,0.6545755500072212,1.8715010167330515,1.7722138205584961e-6,1.1574621234970607e-4,8.803284082042239e-5,716,"tags=41%, list=17%, signal=34%",PTPRC/LGALS9/MNDA/HLA-A/HLA-DPB1/HLA-DRB1/HMGB1/RAC2/TFRC/HLA-E/HLA-G/CD74/LYN/NCK1/NCKAP1L/NCK2/PRKAR1A/CEBPB,0.6435518361507222
GO:0050670,regulation of lymphocyte proliferation,44,0.6545755500072212,1.8715010167330515,1.7722138205584961e-6,1.1574621234970607e-4,8.803284082042239e-5,716,"tags=41%, list=17%, signal=34%",PTPRC/LGALS9/MNDA/HLA-A/HLA-DPB1/HLA-DRB1/HMGB1/RAC2/TFRC/HLA-E/HLA-G/CD74/LYN/NCK1/NCKAP1L/NCK2/PRKAR1A/CEBPB,0.6435518361507222
GO:0046651,lymphocyte proliferation,50,0.6443115175504327,1.8632488485199734,1.4902406808782312e-6,1.1574621234970607e-4,8.803284082042239e-5,716,"tags=40%, list=17%, signal=34%",PTPRC/LGALS9/MNDA/HLA-A/HLA-DPB1/HLA-DRB1/MSN/HMGB1/RAC2/TFRC/HLA-E/HLA-G/CTPS1/CD74/LYN/NCK1/NCKAP1L/NCK2/PRKAR1A/CEBPB,0.6435518361507222
GO:0042129,regulation of T cell proliferation,35,0.6658029672351974,1.8549414779737752,1.2482399266326866e-5,3.893815104468075e-4,2.9615103450654284e-4,716,"tags=43%, list=17%, signal=36%",PTPRC/LGALS9/HLA-A/HLA-DPB1/HLA-DRB1/HMGB1/RAC2/TFRC/HLA-E/HLA-G/NCK1/NCKAP1L/NCK2/PRKAR1A/CEBPB,0.5933254763964051
GO:0032943,mononuclear cell proliferation,51,0.6293357874016234,1.848516337486534,2.529479316941755e-6,1.4160528960050473e-4,1.0770042203253749e-4,716,"tags=39%, list=17%, signal=33%",PTPRC/LGALS9/MNDA/HLA-A/HLA-DPB1/HLA-DRB1/MSN/HMGB1/RAC2/TFRC/HLA-E/HLA-G/CTPS1/CD74/LYN/NCK1/NCKAP1L/NCK2/PRKAR1A/CEBPB,0.6272567397185284
GO:0002832,negative regulation of response to biotic stimulus,52,0.6351974582428734,1.8412197563213586,1.8525659938369086e-6,1.1574621234970607e-4,8.803284082042239e-5,407,"tags=37%, list=10%, signal=33%",LGALS9/HLA-A/IFI16/GRN/SERPINB9/PTPN6/TRIM21/YTHDF3/YTHDF2/HLA-B/HLA-E/HLA-G/OAS3/PCBP2/GRB2/RPS19/PARP1/SERPINB4/SAMHD1,0.6435518361507222
GO:0001906,cell killing,74,0.6079821638603035,1.8341807747832541,9.035377438843343e-8,5.042591247445413e-5,3.8352324762698337e-5,460,"tags=36%, list=11%, signal=33%",DEFA1/DEFA3/DEFA1B/CORO1A/GBP1/PTPRC/ITGAM/LGALS9/GBP2/HLA-A/HLA-C/SERPINB9/HLA-DRB1/CYRIB/H2BC12/ICAM1/HLA-B/HLA-E/HLA-G/CTSC/GRB2/RPS19/STX7/KRT6A/RAB27A/SERPINB4/NCKAP1L,0.7049757151672383
GO:0070663,regulation of leukocyte proliferation,51,0.6243681504739952,1.8339251475315888,3.832873610834644e-6,1.793465443736377e-4,1.3640520473219063e-4,716,"tags=37%, list=17%, signal=31%",PTPRC/LGALS9/MNDA/HLA-A/HLA-DPB1/HLA-DRB1/HMGB1/RAC2/TFRC/HLA-E/HLA-G/CD74/LYN/NCK1/BST2/NCKAP1L/NCK2/PRKAR1A/CEBPB,0.610526878385931
GO:0048562,embryonic organ morphogenesis,20,-0.4953690390862434,-1.8331273243518886,0.008299160597265258,0.04931194365465018,0.03750507596032347,462,"tags=30%, list=11%, signal=27%",FBN2/FBN1/CTNNB1/EFEMP1/DNAAF1/COL2A1,0.3807304007227924
GO:0060538,skeletal muscle organ development,29,-0.455781721352312,-1.8268393053073584,0.0010515802703188035,0.010358988101473827,0.007878712677374368,389,"tags=41%, list=9%, signal=38%",IGSF8/MYLK2/CAV2/ACTA1/CAV1/GPC1/CTNNB1/ASS1/DES/COL6A1/PLEC/MYH14,0.45505986738722953
GO:0032946,positive regulation of mononuclear cell proliferation,26,0.6751476098313104,1.8209106735094351,2.1265422003743882e-4,0.003461024479739765,0.0026323437364841737,460,"tags=38%, list=11%, signal=34%",PTPRC/LGALS9/HLA-A/HLA-DPB1/HMGB1/TFRC/HLA-E/CD74/NCK1/NCKAP1L,0.5188480777437918
GO:0050671,positive regulation of lymphocyte proliferation,26,0.6751476098313104,1.8209106735094351,2.1265422003743882e-4,0.003461024479739765,0.0026323437364841737,460,"tags=38%, list=11%, signal=34%",PTPRC/LGALS9/HLA-A/HLA-DPB1/HMGB1/TFRC/HLA-E/CD74/NCK1/NCKAP1L,0.5188480777437918
GO:0009063,amino acid catabolic process,46,-0.3884652101560266,-1.8203572084736683,0.0011196550004609015,0.010839418668255107,0.00824411269135443,567,"tags=39%, list=13%, signal=34%",GLUD1/ALDH4A1/HIBCH/GPT/MCCC2/MCCC1/ARG1/ALDH5A1/HMGCL/ALDH7A1/BCKDHA/SHMT1/BLMH/ACAD8/ACAT1/ASS1/DBT/ALDH6A1,0.45505986738722953
GO:0008203,cholesterol metabolic process,55,-0.3985529390940354,-1.8089847486231823,1.2889307165663547e-4,0.0024407391269011965,0.001856347561451892,484,"tags=42%, list=11%, signal=38%",APOE/GBA1/SULT2B1/MVD/CYB5R3/PMVK/MSMO1/APOL1/FDXR/NSDHL/TM7SF2/FDFT1/LIPE/MVK/FDPS/HMGCS2/DHCR24/APOB/CYP51A1/DHCR7/APOA1/APOA4/HMGCS1,0.5188480777437918
GO:0002181,cytoplasmic translation,169,0.569901151949467,1.7965340505755776,1e-10,1.123e-7,8.54117627129294e-8,1211,"tags=59%, list=29%, signal=44%",RPL7A/RPL31/RPL26L1/RPL26/RPS3A/RPL21/RPL23A/PKM/RPL34/RPL10/RPS23/RPL6/YTHDF2/RPL13A/RPL19/RPL32/RPS26/RPL3/RPL27A/RPL17/RPL22/RPS21/RPS11/RPL18A/DDRGK1/RPL24/RPS19/NCBP2/NPM1/EIF2S2/RPS17/RPL37A/RPL7/RPL27/NCK1/RPS15/EIF3H/RPL4/RPL28/RPS20/RPS24/PABPC1/EIF2AK2/RPS18/SH3BGRL/HNRNPU/EIF3A/PAIP1/RPL29/RPL5/FAU/RPL14/SYNCRIP/RPS12/EIF2S3/MCTS1/EEF1D/RPS16/FMR1/RPS13/RPS9/RPL30/EIF2B4/EIF3CL/EIF3C/RPL36AL/RPL36A/EIF4G1/EIF3J/RPS14/RPS25/ABCE1/CDK5RAP3/AARS1/EIF5/SKIC8/RPL18/EPRS1/CSDE1/RPL12/RPS8/ZC3H15/YBX1/RPL15/DHX29/EIF3G/RPL13/PELO/NCBP1/RPL23/RPL11/RPL35/RPS2/RPL10A/RPS29/ETF1/RPS10/RPL35A/EIF2B3,NA
GO:1903039,positive regulation of leukocyte cell-cell adhesion,73,0.6012074506810735,1.7954088659038543,3.839264108503778e-7,6.828810127756642e-5,5.193773020869095e-5,682,"tags=41%, list=16%, signal=35%",ITGB2/PTPRC/LGALS9/HLA-A/HLA-DPB1/HLA-DRB1/PTPN6/CSK/CYRIB/AP3B1/HMGB1/CD47/TFRC/HLA-E/HLA-G/SMARCC2/RELA/HLA-DRB5/LYN/SRC/YES1/NCK1/SART1/NCKAP1L/HSPH1/HLA-DRB3/HLA-DRA/LCK/CD44/NCK2,0.674962860011025
GO:0070661,leukocyte proliferation,60,0.6091815422148954,1.79240311736914,1.855237597769109e-6,1.1574621234970607e-4,8.803284082042239e-5,716,"tags=37%, list=17%, signal=31%",PTPRC/LGALS9/MNDA/HLA-A/HLA-DPB1/HLA-DRB1/MSN/HMGB1/RAC2/TFRC/HLA-E/HLA-G/CTPS1/CD74/LYN/NCK1/BST2/NCKAP1L/CLU/NCK2/PRKAR1A/CEBPB,0.6435518361507222
GO:0046165,alcohol biosynthetic process,56,-0.3603379950589123,-1.792078798692625,0.0012191214395402188,0.011602316750878524,0.008824348399343564,484,"tags=29%, list=11%, signal=26%",APOE/GBA1/MVD/CYB5R3/PMVK/MSMO1/NSDHL/TM7SF2/FDFT1/MVK/FDPS/HMGCS2/DHCR24/CYP51A1/DHCR7/HMGCS1,0.45505986738722953
GO:0070665,positive regulation of leukocyte proliferation,32,0.6487489207956724,1.7916770815537404,2.3109988987530974e-4,0.0036045163379162895,0.00274147902180751,460,"tags=38%, list=11%, signal=34%",PTPRC/LGALS9/HLA-A/HLA-DPB1/HMGB1/TFRC/HLA-E/CD74/LYN/NCK1/BST2/NCKAP1L,0.5188480777437918
GO:0006909,phagocytosis,99,0.5733090454599983,1.7798784299121186,1.3470858185517577e-7,5.042591247445413e-5,3.8352324762698337e-5,821,"tags=46%, list=19%, signal=38%",ITGB2/CORO1A/PTPRC/ITGAM/CALR/CSK/ELMO1/HMGB1/RAC1/CD47/RAB14/RAB39A/TGM2/PECAM1/PRKCD/ITGAX/MYO1G/RAP1A/RAB27A/HCK/LYN/SRC/YES1/NCKAP1L/ANXA3/MYO18A/TM9SF4/MYH9/NCF4/VIPAS39/PAK1/PLCG2/PRKACA/CDC42/ARAP1/FGR/C4BPA/DOCK2/LMAN2/CYBA/ELMO2/ANXA11/SNX3/MYD88/DYSF/VAMP7,0.6901324587967956
GO:0061448,connective tissue development,41,-0.392169691850759,-1.773006730710517,0.0014683206150604144,0.012983297735493653,0.009874678053564538,380,"tags=29%, list=9%, signal=27%",MAPK14/COL3A1/ACTA2/NFIB/TGFBI/HMGCS2/GPLD1/ACAT1/EFEMP1/COL2A1/LUM/OGN,0.45505986738722953
GO:0019882,antigen processing and presentation,57,0.6014335169591274,1.7668836371768237,8.489380532653803e-6,3.0083805646484516e-4,2.2880773547457e-4,381,"tags=39%, list=9%, signal=36%",CTSS/TAP2/CALR/HLA-A/HLA-C/HLA-DPB1/HLA-DRB1/TAP1/AP3B1/YTHDF1/RAB10/RAB35/RAB8B/RAB4A/RAB6A/HLA-B/HLA-E/HLA-G/PDIA3/CD74/HLA-DRB5/RAB27A,0.5933254763964051
GO:0002768,immune response-regulating cell surface receptor signaling pathway,94,0.575000533497619,1.7649065323540216,2.331492805891601e-7,6.54566605254067e-5,4.978422757592885e-5,717,"tags=39%, list=17%, signal=33%",GBP1/PTPRC/ITGAM/MNDA/HLA-A/HLA-DPB1/HLA-DRB1/PTPN6/CSK/BAX/UBE2N/AP3B1/HMGB1/CD47/HLA-G/PRKCD/WDFY1/GRB2/RELA/MYO1G/RAP1A/HCK/LYN/SRC/YES1/NCK1/PAK2/NCKAP1L/PAK1/PLCG2/HLA-DRB3/KHDRBS1/FGR/CLEC2B/LCK/EIF2B4/CYBA,0.6901324587967956
GO:0002695,negative regulation of leukocyte activation,48,0.602056531994736,1.7598355720114982,5.9682540014146974e-5,0.0014260317539550437,0.0010845938182538798,1194,"tags=62%, list=28%, signal=45%",PTPRC/LGALS9/MNDA/GRN/HLA-DRB1/PTPN6/CSK/PSMA4/HMGB1/PSMB8/HLA-E/HLA-G/LYN/SRC/PSMA3/FN1/PSMA2/PSMB9/FGR/PSMA7/PRKAR1A/CEBPB/PSMB2/PSMB1/PSMB10/PSMB4/PSMA1/PSMA6/BTK/STAT5A,0.557332238758646
GO:0002444,myeloid leukocyte mediated immunity,39,0.6182526911520483,1.7561087910713273,6.534542194827914e-5,0.001497610384651377,0.0011390342191474829,1182,"tags=56%, list=28%, signal=41%",ITGB2/ITGAM/LGALS9/SERPINB9/VAMP8/RAC2/HLA-E/LYN/ANXA3/FGR/DDX21/RIGI/VAMP2/VAMP7/MPO/ACE/WDR1/JAGN1/ADAM17/STXBP2/GNAI1/BTK,0.5384340963099162
GO:0050870,positive regulation of T cell activation,69,0.585628156407923,1.754339580925888,3.5318051495247633e-6,1.7244422534418738e-4,1.3115552320848314e-4,682,"tags=39%, list=16%, signal=33%",PTPRC/LGALS9/HLA-A/HLA-DPB1/HLA-DRB1/PTPN6/CSK/CYRIB/AP3B1/HMGB1/CD47/TFRC/HLA-E/HLA-G/SMARCC2/HLA-DRB5/LYN/SRC/YES1/NCK1/SART1/NCKAP1L/HSPH1/HLA-DRB3/HLA-DRA/LCK/NCK2,0.6272567397185284
GO:0019079,viral genome replication,46,0.6096708517564335,1.7530455627342885,3.0388473479946166e-5,7.755967208631715e-4,5.898938831993886e-4,783,"tags=48%, list=18%, signal=39%",IFI16/PPIE/ADAR/VAPB/VAPA/OAS3/PCBP2/PCBP3/IFITM3/RAD23A/DEK/BST2/ILF3/PABPC1/EIF2AK2/LARP1/TOP2B/FMR1/ZC3HAV1/TMEM41B/STAU1/IFIT1,0.5756102610711286
GO:0034308,primary alcohol metabolic process,36,-0.4198465662129648,-1.7490295487446748,0.001101240461295311,0.010753852504648992,0.008179033823481044,449,"tags=31%, list=11%, signal=28%",ACP3/SDR9C7/RDH11/SDR16C5/LIPE/RETSAT/AKR1C2/ALDH3A2/AKR1C3/ADH1B/ACSS2,0.45505986738722953
GO:0034341,response to type II interferon,48,0.5975937728885722,1.746790746804928,7.816464888212614e-5,0.0017160702884134232,0.0013051877851529442,961,"tags=58%, list=23%, signal=46%",GBP1/LGALS9/GBP2/STAT1/TRIM21/PSMA4/CD47/PSMB8/RPL13A/CD74/CASP1/IFITM3/HCK/BST2/PSMA3/CDC37/PSMA2/PSMB9/SYNCRIP/SEC61A1/PSMA7/RAF1/PSMB2/SP100/PSMB1/EPRS1/PSMB10/PSMB4,0.5384340963099162
GO:0002429,immune response-activating cell surface receptor signaling pathway,90,0.572386674015209,1.7467170509982743,5.301940539896598e-7,7.315307696987055e-5,5.563787401488197e-5,717,"tags=40%, list=17%, signal=34%",GBP1/PTPRC/ITGAM/MNDA/HLA-A/HLA-DPB1/HLA-DRB1/PTPN6/CSK/BAX/UBE2N/AP3B1/HMGB1/CD47/PRKCD/WDFY1/GRB2/RELA/MYO1G/RAP1A/HCK/LYN/SRC/YES1/NCK1/PAK2/NCKAP1L/PAK1/PLCG2/HLA-DRB3/KHDRBS1/FGR/CLEC2B/LCK/EIF2B4/CYBA,0.6594443980379349
GO:0002703,regulation of leukocyte mediated immunity,67,0.5847721773273382,1.7399088426511382,4.4748240170931754e-6,1.9327797581521677e-4,1.470010027423384e-4,1182,"tags=60%, list=28%, signal=44%",ITGB2/PTPRC/ITGAM/LGALS9/HLA-A/HLA-C/SERPINB9/HLA-DRB1/VAMP8/CYRIB/ICAM1/HMGB1/RAC2/TFRC/HLA-B/HLA-E/HLA-G/GRB2/STX7/LYN/SERPINB4/BST2/NCKAP1L/PLCG2/HLA-DRB3/HLA-DRA/FGR/DDX21/C4BPA/RIGI/AP1G1/VAMP7/YWHAG/LAMP1/TP53BP1/PIK3C3/STXBP2/HLA-F/PRKAA1/BTK,0.610526878385931
GO:0002274,myeloid leukocyte activation,59,0.589864668136147,1.7395956854682166,1.8994080596121314e-5,5.332588127361058e-4,4.055794762065426e-4,821,"tags=42%, list=19%, signal=35%",ITGB2/PTPRC/ITGAM/LGALS9/GRN/PTPN6/VAMP8/HMGB1/RAC2/CD74/PRKCD/LYN/SRC/FN1/ANXA3/MYO18A/PLCG2/FGR/CLU/ADAM10/DOCK2/VAMP2/C1QA/DYSF/VAMP7,0.5756102610711286
GO:1903305,regulation of regulated secretory pathway,40,0.6090132147193079,1.7270730820515452,2.8267272930729867e-4,0.004232553000161285,0.0032191434774681486,1275,"tags=65%, list=30%, signal=46%",ITGB2/ITGAM/LGALS9/VAMP8/RAC2/RAB3D/RAP1B/RAP1A/RAB27A/LYN/NCKAP1L/FGR/CDK5/FMR1/RAB3GAP1/MICAL1/AP1G1/VAMP7/PRKCB/LAMP1/STXBP2/HLA-F/GNAI2/CALM3/RAB5A/GIT1,0.49849310876659025
GO:0001909,leukocyte mediated cytotoxicity,44,0.6031807102413246,1.7245577114482045,1.00825390447353e-4,0.0020219091691495964,0.0015377989864871022,460,"tags=41%, list=11%, signal=37%",CORO1A/PTPRC/ITGAM/LGALS9/HLA-A/HLA-C/SERPINB9/HLA-DRB1/CYRIB/ICAM1/HLA-B/HLA-E/HLA-G/CTSC/GRB2/STX7/SERPINB4/NCKAP1L,0.5384340963099162
GO:0022409,positive regulation of cell-cell adhesion,92,0.5609706640245375,1.7235712423189173,1.566455479937565e-6,1.1574621234970607e-4,8.803284082042239e-5,708,"tags=37%, list=17%, signal=31%",ITGB2/PTPRC/LGALS9/HLA-A/HLA-DPB1/HLA-DRB1/PTPN6/CSK/CYRIB/AP3B1/HMGB1/CD47/TFRC/FGG/HLA-E/HLA-G/SMARCC2/RELA/HLA-DRB5/LYN/SRC/YES1/NCK1/SART1/NCKAP1L/FGB/HSPH1/HLA-DRB3/HLA-DRA/LCK/FGA/CD44/NCK2/F11R,0.6435518361507222
GO:0006334,nucleosome assembly,40,0.6071880956895566,1.721897309389081,3.095064422044203e-4,0.004513970579163169,0.0034331806233359667,703,"tags=48%, list=17%, signal=40%",SMARCA5/H2AX/SET/H1-2/H1-3/H1-4/H1-5/H1-1/HP1BP3/NPM1/DNAJC9/H1-10/NAP1L1/NAP1L4/HMGB2/SUPT16H/MACROH2A1/MACROH2A2/SSRP1,0.49849310876659025
GO:1902652,secondary alcohol metabolic process,61,-0.35380060103826205,-1.7104767807134507,6.082318715632646e-4,0.006697295880169268,0.00509374752034993,484,"tags=38%, list=11%, signal=34%",APOE/GBA1/SULT2B1/MVD/CYB5R3/PMVK/MSMO1/APOL1/FDXR/NSDHL/TM7SF2/FDFT1/LIPE/MVK/FDPS/HMGCS2/DHCR24/APOB/CYP51A1/DHCR7/APOA1/APOA4/HMGCS1,0.47727081536286214
GO:0006694,steroid biosynthetic process,58,-0.3615492663432722,-1.7086235903627645,7.483455251050561e-4,0.007891887361321851,0.0060023153220159255,393,"tags=29%, list=9%, signal=27%",MVD/CYB5R3/PMVK/MSMO1/CYB5R1/FDXR/NSDHL/TM7SF2/FDFT1/MVK/FDPS/HMGCS2/AKR1C3/DHCR24/CYP51A1/DHCR7/HMGCS1,0.47727081536286214
GO:0002366,leukocyte activation involved in immune response,84,0.5629978230691215,1.706820708688715,5.889809113618495e-6,2.44972430910873e-4,1.8631814016178958e-4,1325,"tags=57%, list=31%, signal=40%",ITGB2/CORO1A/ITGAM/LGALS9/GRN/HLA-DRB1/PTPN6/VAMP8/PSMA4/ICAM1/HMGB1/RAC2/TFRC/PSMB8/CD74/DDRGK1/LYN/PSMA3/NCKAP1L/ANXA3/PSMA2/PSMB9/PLCG2/HLA-DRA/FGR/DOCK2/PSMA7/VAMP2/PSMB2/DYSF/AP1G1/VAMP7/PSMB1/PSMB10/LAMP1/PSMB4/TP53BP1/PSMA1/STXBP2/HLA-F/GNAI1/PSMA6/BTK/STAT5A/DOCK11/LCP1/PCYT1A/NBN,0.610526878385931
GO:0006413,translational initiation,86,0.5612777533449039,1.7064227050283338,2.774101844355391e-6,1.4160528960050473e-4,1.0770042203253749e-4,1058,"tags=51%, list=25%, signal=39%",DNAJC3/RPS3A/YTHDF3/YTHDF2/YTHDF1/RPL13A/EIF4B/PML/NCBP2/ABCF1/EIF2S2/RPS17/EIF6/NCK1/EIF3H/EIF2AK2/SH3BGRL/LARP1/EIF3A/PAIP1/SYNCRIP/EIF2S3/EIF2A/KHDRBS1/EIF1AX/EIF1AY/MCTS1/FMR1/EIF4G2/NCK2/EIF2B4/EIF3CL/EIF3C/EIF4G1/EIF4G3/EIF3J/ABCE1/EIF5/EPRS1/CSDE1/DHX29/EIF3G/NCBP1/EIF2S1,0.6272567397185284
GO:0042116,macrophage activation,23,0.645901609146307,1.6947883196734592,0.001634197148188907,0.013903056041031384,0.010574216594489155,792,"tags=48%, list=19%, signal=39%",ITGB2/PTPRC/ITGAM/GRN/HMGB1/CD74/MYO18A/PLCG2/CLU/C1QA/DYSF,0.45505986738722953
GO:0051251,positive regulation of lymphocyte activation,81,0.5584283757938171,1.6930350576532922,1.3567592371241073e-5,4.1179476305145204e-4,3.131978324859983e-4,682,"tags=37%, list=16%, signal=32%",PTPRC/LGALS9/HLA-A/HLA-DPB1/HLA-DRB1/PTPN6/CSK/CYRIB/AP3B1/HMGB1/CD47/TFRC/HLA-E/HLA-G/MMP14/CD74/DDRGK1/SMARCC2/HLA-DRB5/LYN/SRC/YES1/NCK1/SART1/NCKAP1L/HSPH1/HLA-DRB3/HLA-DRA/LCK/NCK2,0.5933254763964051
GO:0050777,negative regulation of immune response,76,0.5624603359700875,1.6921672662415095,8.572411226068607e-6,3.0083805646484516e-4,2.2880773547457e-4,684,"tags=38%, list=16%, signal=33%",PTPRC/LGALS9/HLA-A/IFI16/GRN/SERPINB9/HLA-DRB1/PTPN6/TRIM21/YTHDF3/YTHDF2/HLA-B/HLA-E/HLA-G/OAS3/GRB2/RPS19/PARP1/HCK/LYN/SRC/YES1/SERPINB4/SAMHD1/NCKAP1L/FGR/CLU/C4BPA/PRKAR1A,0.5933254763964051
GO:0045055,regulated exocytosis,70,0.5649450841786328,1.6905694429744913,2.5850450248358462e-5,6.751175727652686e-4,5.134726796826e-4,1314,"tags=54%, list=31%, signal=38%",ITGB2/CORO1A/ITGAM/LGALS9/VAMP8/RAC2/RAB10/RAB3D/RAP1B/RAP1A/RAB27A/HCK/LYN/NCKAP1L/ANXA3/MYH9/FGR/CDK5/FMR1/RAB3GAP1/MICAL1/VAMP2/TMED10/PLEK/AP1G1/VAMP7/PRKCB/SYNGR2/LAMP1/STXBP2/HLA-F/GNAI1/GNAI2/BTK/CALM3/RAB5A/GIT1/NAPA,0.5756102610711286
GO:0031640,killing of cells of another organism,29,0.6236435164583207,1.6846906981540453,4.22664547299979e-4,0.005718702248408149,0.004349460725440184,369,"tags=28%, list=9%, signal=25%",DEFA1/DEFA3/DEFA1B/GBP1/GBP2/H2BC12/RPS19/KRT6A,0.49849310876659025
GO:0141061,disruption of cell in another organism,29,0.6236435164583207,1.6846906981540453,4.22664547299979e-4,0.005718702248408149,0.004349460725440184,369,"tags=28%, list=9%, signal=25%",DEFA1/DEFA3/DEFA1B/GBP1/GBP2/H2BC12/RPS19/KRT6A,0.49849310876659025
GO:0046634,regulation of alpha-beta T cell activation,23,0.639583000995608,1.6782088544131823,0.00204576595623603,0.016647791078645374,0.012661773653639198,577,"tags=43%, list=14%, signal=38%",LGALS9/HLA-A/HLA-DRB1/AP3B1/HMGB1/HLA-E/NCKAP1L/HSPH1/HLA-DRB3/HLA-DRA,0.4317076958033464
GO:0002263,cell activation involved in immune response,88,0.5493157397337651,1.677911752917957,1.0296037915078364e-5,3.492533089681835e-4,2.656308170284586e-4,1325,"tags=55%, list=31%, signal=38%",ITGB2/CORO1A/ITGAM/LGALS9/GRN/HLA-DRB1/PTPN6/VAMP8/PSMA4/ICAM1/HMGB1/RAC2/TFRC/PSMB8/CD74/DDRGK1/LYN/PSMA3/NCKAP1L/ANXA3/PSMA2/PSMB9/PLCG2/HLA-DRA/FGR/DOCK2/PSMA7/VAMP2/PSMB2/DYSF/AP1G1/VAMP7/PSMB1/PSMB10/LAMP1/PSMB4/TP53BP1/PSMA1/STXBP2/HLA-F/GNAI1/PSMA6/BTK/STAT5A/DOCK11/LCP1/PCYT1A/NBN,0.5933254763964051
GO:0070828,heterochromatin organization,54,0.5766324867268133,1.6771303415722962,7.946184772706857e-5,0.0017160702884134232,0.0013051877851529442,674,"tags=43%, list=16%, signal=36%",SMARCA5/LBR/H2AC8/H2AX/H2AZ1/H2AC21/H2AC19/H2AC4/H2AC18/HMGB1/H1-2/HP1BP3/RBBP4/CBX3/HNRNPU/CBX1/RBM15/HDAC1/HDAC2/CDK2/CDK1/MACROH2A1/MACROH2A2,0.5384340963099162
GO:0051607,defense response to virus,98,0.538789101166437,1.6644974011010223,1.057400935433503e-5,3.492533089681835e-4,2.656308170284586e-4,783,"tags=39%, list=18%, signal=32%",DEFA1/DEFA3/DEFA1B/GBP1/PTPRC/SMARCA5/GBP2/DNAJC3/STAT1/IFI16/VAMP8/TRIM21/UBE2N/ADAR/VAPB/OAS3/PCBP2/CASP1/IFITM3/PML/RELA/NCK1/SAMHD1/MX2/BST2/ILF3/PQBP1/EIF2AK2/ZMPSTE24/ELMOD2/DDX60/DDX21/RIGI/ZC3HAV1/NT5C2/STING1/MYD88/IFIT1,0.5933254763964051
GO:0014902,myotube differentiation,64,0.5579342720617468,1.6597677995049256,7.08550380458438e-5,0.0015914041545096519,0.0012103707393174392,1241,"tags=61%, list=29%, signal=44%",RPL7A/RPL31/RPL21/RPL23A/RPL34/RPL10/RPL6/RPL13A/RPL19/RPL32/MMP14/RPL27A/RPL17/RPL18A/RPL24/RPL37A/RPL7/RPL27/RPL4/RPL28/NACA/RPL29/RPL5/RPL14/EHD1/DOCK2/RPL30/RPL36A/RPL18/RPL12/RPL15/RPL13/FBXO22/RPL23/RPL11/RPL35/RPL10A/RPL35A/RPL8,0.5384340963099162
GO:0031507,heterochromatin formation,51,0.5636703585189794,1.6556405777926646,6.557877017722373e-4,0.007102720146449845,0.005402100158191605,674,"tags=41%, list=16%, signal=35%",SMARCA5/LBR/H2AC8/H2AX/H2AZ1/H2AC21/H2AC19/H2AC4/H2AC18/HMGB1/H1-2/RBBP4/CBX3/HNRNPU/CBX1/RBM15/HDAC1/HDAC2/CDK2/MACROH2A1/MACROH2A2,0.47727081536286214
GO:0050868,negative regulation of T cell activation,36,0.5811735703392478,1.651721343045215,0.0012788895400882945,0.01206884834890046,0.009179177305383934,1194,"tags=58%, list=28%, signal=42%",LGALS9/HLA-DRB1/CSK/PSMA4/HMGB1/PSMB8/HLA-E/HLA-G/PSMA3/PSMA2/PSMB9/PSMA7/PRKAR1A/CEBPB/PSMB2/PSMB1/PSMB10/PSMB4/PSMA1/PSMA6/STAT5A,0.45505986738722953
GO:0001501,skeletal system development,71,-0.3438204357174627,-1.650872400584807,2.782535938502295e-4,0.004222686295862267,0.0032116391799940046,476,"tags=30%, list=11%, signal=27%",LAMA5/FBN2/FBN1/ANXA2/MAPK14/COL3A1/VCAN/NFIB/COL28A1/TGFBI/PLS3/CTNNB1/GPLD1/EFEMP1/COL1A2/FBLN5/COL1A1/COL2A1/LUM/OGN/PRELP,0.49849310876659025
GO:0046631,alpha-beta T cell activation,48,0.5642388572964273,1.6492929806632415,6.913208400319225e-4,0.007393840984341419,0.005623517290219961,1039,"tags=52%, list=25%, signal=40%",LGALS9/HLA-A/HLA-DRB1/PSMA4/AP3B1/HMGB1/PSMB8/HLA-E/PSMA3/NCKAP1L/HSPH1/PSMA2/PSMB9/HLA-DRB3/HLA-DRA/CLEC2B/LCK/PSMA7/CD44/CEBPB/PSMB2/PSMB1/PSMB10/PSMB4/PSMA1,0.47727081536286214
GO:0050764,regulation of phagocytosis,44,0.5768531936090794,1.6492845452800522,4.681894915879685e-4,0.006043411483371133,0.004596424110367658,792,"tags=45%, list=19%, signal=37%",PTPRC/CALR/CSK/HMGB1/CD47/TGM2/RAP1A/RAB27A/HCK/NCKAP1L/MYO18A/PLCG2/PRKACA/ARAP1/FGR/DOCK2/LMAN2/CYBA/SNX3/DYSF,0.49849310876659025
GO:0007159,leukocyte cell-cell adhesion,124,0.5325785907253179,1.649141627836134,5.862668679686866e-7,7.315307696987055e-5,5.563787401488197e-5,961,"tags=44%, list=23%, signal=35%",ITGB2/PTPRC/ITGAM/LGALS9/FERMT3/HLA-A/S100A8/HLA-DPB1/HLA-DRB1/PTPN6/CSK/CYRIB/MSN/PSMA4/ICAM1/AP3B1/HMGB1/RAC2/CD47/TFRC/PSMB8/HLA-E/HLA-G/PECAM1/ITGAX/SMARCC2/RELA/HLA-DRB5/LYN/SRC/YES1/NCK1/PSMA3/SART1/NCKAP1L/HSPH1/PSMA2/PSMB9/HLA-DRB3/HLA-DRA/LCK/PSMA7/CD44/NCK2/PRKAR1A/F11R/CEBPB/ROCK1/PSMB2/PSMB1/WNK1/STK10/PSMB10/YWHAG/PSMB4,0.6594443980379349
GO:2000241,regulation of reproductive process,15,0.6870660740710588,1.647987448625124,0.002650093458292894,0.019861351943872303,0.015105904535957261,596,"tags=40%, list=14%, signal=34%",ARHGDIB/CALR/HVCN1/YTHDF2/MYH9/HDAC2,0.4317076958033464
GO:0002709,regulation of T cell mediated immunity,30,0.6023107237202525,1.6474696325870364,0.0021186916199295125,0.017117199202739877,0.013018790352754784,577,"tags=43%, list=14%, signal=38%",PTPRC/HLA-A/HLA-C/HLA-DRB1/CYRIB/HMGB1/HLA-B/HLA-E/HLA-G/STX7/NCKAP1L/HLA-DRB3/HLA-DRA,0.4317076958033464
GO:0001508,action potential,31,-0.4059535413277667,-1.64645878632876,0.009573959943554405,0.05402792470659094,0.041091899242309535,474,"tags=42%, list=11%, signal=38%",CD36/GBA1/ANK2/ANK3/CAV1/GPD1L/DSP/GNA11/ATP1B1/JUP/DSG2/CACNA2D1/MYH14,0.3807304007227924
GO:0002705,positive regulation of leukocyte mediated immunity,38,0.5820640236154158,1.6455239495119274,0.0015077338963689457,0.013125466400173069,0.009982806960535263,1182,"tags=63%, list=28%, signal=46%",ITGB2/ITGAM/HLA-A/HLA-C/HLA-DRB1/CYRIB/TFRC/HLA-B/HLA-E/HLA-G/STX7/PLCG2/HLA-DRB3/HLA-DRA/DDX21/RIGI/AP1G1/YWHAG/LAMP1/TP53BP1/PIK3C3/HLA-F/PRKAA1/BTK,0.45505986738722953
GO:0035710,"CD4-positive, alpha-beta T cell activation",36,0.5789109421777894,1.6452908523684373,0.0013710593496368037,0.012620488931492873,0.009598737363649343,1194,"tags=58%, list=28%, signal=42%",LGALS9/HLA-DRB1/PSMA4/AP3B1/HMGB1/PSMB8/PSMA3/NCKAP1L/PSMA2/PSMB9/HLA-DRB3/HLA-DRA/PSMA7/CEBPB/PSMB2/PSMB1/PSMB10/PSMB4/PSMA1/PSMA6/STAT5A,0.45505986738722953
GO:0034728,nucleosome organization,45,0.5661172191751065,1.6440554935685256,5.993770497691063e-4,0.006697295880169268,0.00509374752034993,703,"tags=44%, list=17%, signal=37%",SMARCA5/H2AX/SET/H1-2/H1-3/H1-4/H1-5/H1-1/HP1BP3/SMARCC2/NPM1/DNAJC9/H1-10/NAP1L1/NAP1L4/HMGB2/SUPT16H/MACROH2A1/MACROH2A2/SSRP1,0.47727081536286214
GO:0002698,negative regulation of immune effector process,42,0.5689293202044159,1.6432724446632527,0.0013271497479421755,0.012343469739832604,0.009388045489517424,644,"tags=38%, list=15%, signal=33%",PTPRC/LGALS9/HLA-A/GRN/SERPINB9/PTPN6/HLA-B/HLA-E/HLA-G/GRB2/RPS19/SERPINB4/BST2/NCKAP1L/CLU/C4BPA,0.45505986738722953
GO:0070555,response to interleukin-1,35,0.5897164075550695,1.6429626758169211,0.0012110317244781216,0.011602316750878524,0.008824348399343564,782,"tags=43%, list=18%, signal=35%",GBP1/LGALS9/GBP2/RBMX/CD47/CFL1/LCN2/RELA/SRC/FGB/CHI3L1/YY1/CEBPB/CYBA/MYD88,0.45505986738722953
GO:0050866,negative regulation of cell activation,59,0.5567822267058995,1.642030810869675,2.2190999967154013e-4,0.0035600704233019944,0.0027076748907959754,961,"tags=47%, list=23%, signal=37%",PTPRC/LGALS9/MNDA/GRN/HLA-DRB1/PTPN6/CSK/PSMA4/HMGB1/PSMB8/HLA-E/HLA-G/PRKCD/LYN/SRC/PSMA3/FN1/PSMA2/PSMB9/FGR/PSMA7/PRKAR1A/CEBPB/PSMB2/PSMB1/PSMB10/TMX1/PSMB4,0.5188480777437918
GO:0009615,response to virus,135,0.5221338857797119,1.633977769823994,1.3053018309149625e-6,1.1574621234970607e-4,8.803284082042239e-5,783,"tags=38%, list=18%, signal=32%",DEFA1/DEFA3/DEFA1B/GBP1/PTPRC/SMARCA5/LGALS9/GBP2/DNAJC3/STAT1/CALR/IFI16/VAMP8/NPC2/BAX/TRIM21/UBE2N/ADAR/VAPB/OAS3/CFL1/PCBP2/TPT1/CASP1/IFITM3/PML/EEF1G/RELA/NCK1/SAMHD1/MX2/BST2/ILF3/PQBP1/EIF2AK2/ZMPSTE24/PSMA2/ELMOD2/DDX60/EIF5A/FGR/CLU/CDK6/DDX21/FMR1/RIGI/ZC3HAV1/NT5C2/STING1/MYD88/IFIT1,0.6435518361507222
GO:0051250,negative regulation of lymphocyte activation,43,0.571705617559461,1.6336339795000183,5.671118691015349e-4,0.0064986390714390175,0.00494265555054961,1194,"tags=58%, list=28%, signal=42%",LGALS9/MNDA/HLA-DRB1/CSK/PSMA4/HMGB1/PSMB8/HLA-E/HLA-G/LYN/PSMA3/PSMA2/PSMB9/FGR/PSMA7/PRKAR1A/CEBPB/PSMB2/PSMB1/PSMB10/PSMB4/PSMA1/PSMA6/BTK/STAT5A,0.47727081536286214
GO:1903037,regulation of leukocyte cell-cell adhesion,104,0.5265005471025515,1.6264912641175704,2.0902565231809407e-5,5.725263598859015e-4,4.3544510772459353e-4,1516,"tags=61%, list=36%, signal=40%",ITGB2/PTPRC/LGALS9/HLA-A/HLA-DPB1/HLA-DRB1/PTPN6/CSK/CYRIB/PSMA4/AP3B1/HMGB1/CD47/TFRC/PSMB8/HLA-E/HLA-G/SMARCC2/RELA/HLA-DRB5/LYN/SRC/YES1/NCK1/PSMA3/SART1/NCKAP1L/HSPH1/PSMA2/PSMB9/HLA-DRB3/HLA-DRA/LCK/PSMA7/CD44/NCK2/PRKAR1A/CEBPB/PSMB2/PSMB1/WNK1/PSMB10/YWHAG/PSMB4/PSMA1/MIA3/PSMA6/PRKAA1/STAT5A/ACTB/SMARCD2/SMARCA2/SMARCE1/RHOA/DPP4/THY1/HLA-DRB4/UFL1/HLA-DQA1/PYCARD/PSMB3/IL18/ALOX5,0.5756102610711286
GO:0007605,sensory perception of sound,19,-0.4421401777717221,-1.6255854887611725,0.0358001863922312,0.14008226243371302,0.10654205662759217,14,"tags=16%, list=0%, signal=16%",COL1A1/COL2A1/MYH14,0.3217759180753611
GO:0002456,T cell mediated immunity,38,0.5749262892214675,1.6253452193139288,0.002336398827559879,0.018220665856595444,0.013858051545993807,644,"tags=42%, list=15%, signal=36%",PTPRC/HLA-A/HLA-C/HLA-DRB1/CYRIB/HMGB1/HLA-B/HLA-E/HLA-G/CTSC/MYO1G/STX7/NCKAP1L/HLA-DRB3/HLA-DRA/C4BPA,0.4317076958033464
GO:0065004,protein-DNA complex assembly,50,0.5618339253119016,1.624736460364326,5.827645070775312e-4,0.006610550923717854,0.00502777210060842,703,"tags=42%, list=17%, signal=35%",SMARCA5/H2AX/SET/HMGB1/H1-2/H1-3/H1-4/H1-5/H1-1/HP1BP3/NPM1/DNAJC9/H1-10/NAP1L1/NAP1L4/DRAP1/HMGB2/SUPT16H/MACROH2A1/MACROH2A2/SSRP1,0.47727081536286214
GO:0050863,regulation of T cell activation,100,0.5314724550229807,1.6247115290621137,7.5220152244523345e-6,2.912835550710335e-4,2.2154088947378108e-4,1470,"tags=58%, list=35%, signal=39%",PTPRC/LGALS9/HLA-A/HLA-DPB1/HLA-DRB1/PTPN6/CSK/CYRIB/PSMA4/AP3B1/HMGB1/RAC2/CD47/TFRC/PSMB8/HLA-E/HLA-G/CLPTM1/SMARCC2/HLA-DRB5/LYN/SRC/YES1/NCK1/PSMA3/SART1/NCKAP1L/HSPH1/PSMA2/PSMB9/HLA-DRB3/HLA-DRA/LCK/PSMA7/NCK2/PRKAR1A/CEBPB/PSMB2/PSMB1/PSMB10/YWHAG/PSMB4/PSMA1/PSMA6/PRKAA1/STAT5A/ACTB/SMARCD2/SMARCA2/SMARCE1/RHOA/DPP4/THY1/HLA-DRB4/UFL1/HLA-DQA1/PYCARD/PSMB3,0.610526878385931
GO:0002696,positive regulation of leukocyte activation,88,0.5311561761004949,1.6224424789756275,5.6437484732907996e-5,0.001377810768588167,0.0010479184900264594,682,"tags=34%, list=16%, signal=29%",PTPRC/LGALS9/HLA-A/HLA-DPB1/HLA-DRB1/PTPN6/CSK/CYRIB/AP3B1/HMGB1/CD47/TFRC/HLA-E/HLA-G/MMP14/CD74/DDRGK1/SMARCC2/HLA-DRB5/LYN/SRC/YES1/NCK1/SART1/NCKAP1L/HSPH1/HLA-DRB3/HLA-DRA/LCK/NCK2,0.557332238758646
GO:0141060,disruption of anatomical structure in another organism,33,0.5839085420608235,1.6161655408049385,0.0031398307866057173,0.022896298528300132,0.017414187149631038,369,"tags=24%, list=9%, signal=22%",DEFA1/DEFA3/DEFA1B/GBP1/GBP2/H2BC12/RPS19/KRT6A,0.4317076958033464
GO:0002699,positive regulation of immune effector process,77,0.5299367204262355,1.6154225677861132,1.0040968543471661e-4,0.0020219091691495964,0.0015377989864871022,1182,"tags=47%, list=28%, signal=34%",ITGB2/PTPRC/ITGAM/LGALS9/HLA-A/HLA-C/HLA-DRB1/VAMP8/CYRIB/TFRC/HLA-B/HLA-E/HLA-G/GALNT2/CD74/DDRGK1/RPS19/STX7/MYO18A/PLCG2/HLA-DRB3/DDX60/HLA-DRA/FGR/DDX21/RIGI/AP1G1/VAMP7/YWHAG/LAMP1/TP53BP1/PIK3C3/GPI/HLA-F/PRKAA1/BTK,0.5384340963099162
GO:1901605,alpha-amino acid metabolic process,62,-0.31187183709575894,-1.6150418373833928,0.009338295994212402,0.053271782399261475,0.040516801759399194,652,"tags=39%, list=15%, signal=33%",PSPH/ACADSB/HIBADH/MTAP/MMUT/GLUD1/ALDH4A1/HIBCH/GPT/FH/MCCC2/MCCC1/ARG1/ALDH5A1/HMGCL/PSAT1/ALDH7A1/SHMT1/BLMH/ACAD8/ACAT1/ASS1/ALDH6A1/PHGDH,0.3807304007227924
GO:1903900,regulation of viral life cycle,47,0.5698054380904344,1.6148685720800204,5.327605373386394e-4,0.006268055956918762,0.0047672814609413085,783,"tags=45%, list=18%, signal=37%",LGALS9/IFI16/PPIE/TRIM21/HMGB1/ADAR/VAPB/OAS3/BSG/IFITM3/RAD23A/BST2/ILF3/PABPC1/EIF2AK2/LARP1/TOP2B/FMR1/ZC3HAV1/STAU1/IFIT1,0.47727081536286214
GO:0002443,leukocyte mediated immunity,121,0.5169466742494052,1.611128475689247,7.991237212141646e-6,2.991386463078356e-4,2.2751521884872456e-4,1182,"tags=48%, list=28%, signal=36%",ITGB2/CORO1A/PTPRC/ITGAM/LGALS9/HLA-A/HLA-C/SERPINB9/HLA-DRB1/VAMP8/CYRIB/ICAM1/HMGB1/RAC2/TFRC/HLA-B/HLA-E/HLA-G/CTSC/CD74/GRB2/MYO1G/STX7/LYN/SERPINB4/BST2/NCKAP1L/ANXA3/PLCG2/HLA-DRB3/HLA-DRA/FGR/CLU/DDX21/C4BPA/RIGI/VAMP2/C1QA/AP1G1/VAMP7/MPO/YWHAG/LAMP1/TP53BP1/RFTN1/ACE/C1QC/WDR1/PIK3C3/JAGN1/ADAM17/KIF5B/STXBP2/HLA-F/GNAI1/BTN3A3/PRKAA1/BTK,0.5933254763964051
GO:0140888,interferon-mediated signaling pathway,33,0.5813107276368545,1.6089752055880453,0.003456067530373669,0.024564328079807785,0.01868283669773011,806,"tags=42%, list=19%, signal=35%",STAT1/PTPN6/YTHDF3/YTHDF2/OAS3/PTPN1/IFITM3/HCK/SAMHD1/CDC37/RAF1/STING1/MYD88/SP100,0.4317076958033464
GO:0002697,regulation of immune effector process,116,0.5178321699426612,1.6089006270151622,7.098118774791072e-6,2.8468526371751334e-4,2.1652244160737293e-4,644,"tags=33%, list=15%, signal=29%",ITGB2/PTPRC/ITGAM/LGALS9/HLA-A/HLA-C/GRN/SERPINB9/HLA-DRB1/PTPN6/VAMP8/CYRIB/ICAM1/HMGB1/RAC2/TFRC/HLA-B/HLA-E/HLA-G/GALNT2/CD74/DDRGK1/GRB2/RPS19/STX7/LYN/SERPINB4/BST2/NCKAP1L/MYO18A/PLCG2/HLA-DRB3/DDX60/HLA-DRA/FGR/CLU/DDX21/C4BPA,0.610526878385931
GO:0032760,positive regulation of tumor necrosis factor production,54,0.5527078111388815,1.6075456402861126,4.4133724287775527e-4,0.005763043299438594,0.004383185100587595,1182,"tags=52%, list=28%, signal=38%",PTPRC/LGALS9/CYBB/PSMA4/HMGB1/PSMB8/HLA-E/OAS3/PSMA3/PSMA2/PSMB9/PLCG2/HDAC2/CLU/ADAM10/PSMA7/RIGI/CYBA/PSMB2/PSMB1/PSMB10/PSMB4/PSMA1/FRMD8/ADAM17/PSMA6/CD14/BTK,0.49849310876659025
GO:1903557,positive regulation of tumor necrosis factor superfamily cytokine production,54,0.5527078111388815,1.6075456402861126,4.4133724287775527e-4,0.005763043299438594,0.004383185100587595,1182,"tags=52%, list=28%, signal=38%",PTPRC/LGALS9/CYBB/PSMA4/HMGB1/PSMB8/HLA-E/OAS3/PSMA3/PSMA2/PSMB9/PLCG2/HDAC2/CLU/ADAM10/PSMA7/RIGI/CYBA/PSMB2/PSMB1/PSMB10/PSMB4/PSMA1/FRMD8/ADAM17/PSMA6/CD14/BTK,0.49849310876659025
GO:0050851,antigen receptor-mediated signaling pathway,52,0.5542508539704314,1.6065832900391521,9.457417729861439e-4,0.009568180279850807,0.00727724972090069,700,"tags=38%, list=17%, signal=33%",GBP1/PTPRC/MNDA/HLA-A/HLA-DPB1/HLA-DRB1/PTPN6/CSK/BAX/UBE2N/GRB2/LYN/NCK1/NCKAP1L/PLCG2/HLA-DRB3/KHDRBS1/CLEC2B/LCK/EIF2B4,0.47727081536286214
GO:0070372,regulation of ERK1 and ERK2 cascade,74,0.5314344364121616,1.6032490495048946,1.238626655483937e-4,0.002398237472600795,0.0018240221722086788,660,"tags=30%, list=16%, signal=26%",GBP1/PTPRC/LGALS9/PTPN6/CSK/ICAM1/HMGB1/FGG/NHERF1/NAMPT/PTPN1/CD74/RAP1A/LYN/SRC/GLIPR2/FN1/FGB/EIF3A/CHI3L1/FGA/CD44,0.5188480777437918
GO:0050792,regulation of viral process,57,0.5450142894920686,1.6011359576365798,5.550207447926168e-4,0.0064256525402279245,0.004887144345874261,806,"tags=42%, list=19%, signal=35%",LGALS9/STAT1/IFI16/PPIE/TRIM21/HMGB1/ADAR/VAPB/OAS3/BSG/IFITM3/RAD23A/BST2/ILF3/PABPC1/EIF2AK2/STOM/LARP1/TOP2B/FMR1/ZC3HAV1/STAU1/IFIT1/SP100,0.47727081536286214
GO:0050954,sensory perception of mechanical stimulus,23,-0.4196352973334678,-1.5994890268972706,0.018124223711588908,0.08516110137286335,0.06477079058620419,285,"tags=22%, list=7%, signal=20%",ALDH7A1/ITGA2/COL1A1/COL2A1/MYH14,0.35248785758361917
GO:0050864,regulation of B cell activation,22,0.6217433508270767,1.5990436734711213,0.0051177364615036134,0.03302998877165838,0.025121545533175492,460,"tags=36%, list=11%, signal=33%",PTPRC/MNDA/TFRC/MMP14/CD74/DDRGK1/LYN/NCKAP1L,0.40701791892395395
GO:0045814,"negative regulation of gene expression, epigenetic",59,0.5418573621174176,1.5980152401009444,5.358266891043644e-4,0.006268055956918762,0.0047672814609413085,674,"tags=37%, list=16%, signal=32%",SMARCA5/LBR/IFI16/H2AC8/H2AX/H2AZ1/H2AC21/H2AC19/H2AC4/H2AC18/HMGB1/H1-2/RBBP4/CBX3/HNRNPU/CBX1/RBM15/HDAC1/HDAC2/CDK2/MACROH2A1/MACROH2A2,0.47727081536286214
GO:0045580,regulation of T cell differentiation,45,0.5495725090688717,1.5960081623474616,0.0013837826743243028,0.012634048319237335,0.009609050197207333,1354,"tags=60%, list=32%, signal=41%",HLA-DRB1/PSMA4/AP3B1/HMGB1/PSMB8/HLA-G/CLPTM1/SMARCC2/PSMA3/SART1/NCKAP1L/PSMA2/PSMB9/HLA-DRA/PSMA7/PSMB2/PSMB1/PSMB10/PSMB4/PSMA1/PSMA6/STAT5A/ACTB/SMARCD2/SMARCA2/SMARCE1/RHOA,0.45505986738722953
GO:0019730,antimicrobial humoral response,38,0.5640980900909929,1.5947333617237525,0.003788104918669063,0.025782071658577925,0.0196090132390935,706,"tags=37%, list=17%, signal=31%",DEFA1/DEFA3/DEFA1B/HLA-A/H2BC12/HLA-E/RPS19/H2BC26/KRT6A/FGB/FAU/FGA/RPL30/JCHAIN,0.4317076958033464
GO:0002285,lymphocyte activation involved in immune response,54,0.5481377211677678,1.594253575182779,6.083029205496575e-4,0.006697295880169268,0.00509374752034993,1325,"tags=59%, list=31%, signal=41%",CORO1A/LGALS9/HLA-DRB1/PSMA4/ICAM1/HMGB1/TFRC/PSMB8/CD74/DDRGK1/PSMA3/NCKAP1L/PSMA2/PSMB9/HLA-DRA/PSMA7/PSMB2/AP1G1/VAMP7/PSMB1/PSMB10/LAMP1/PSMB4/TP53BP1/PSMA1/HLA-F/PSMA6/STAT5A/DOCK11/LCP1/PCYT1A/NBN,0.47727081536286214
GO:0002708,positive regulation of lymphocyte mediated immunity,28,0.5831335741995746,1.5935217239775612,0.004118434847443828,0.027694624752571367,0.02106363951727735,1182,"tags=68%, list=28%, signal=49%",HLA-A/HLA-C/HLA-DRB1/CYRIB/TFRC/HLA-B/HLA-E/HLA-G/STX7/HLA-DRB3/HLA-DRA/AP1G1/YWHAG/LAMP1/TP53BP1/PIK3C3/HLA-F/PRKAA1/BTK,0.40701791892395395
GO:0032609,type II interferon production,39,0.5606658084879255,1.5925367883220691,0.0016901114690303658,0.01416414313224702,0.010772791026210607,1526,"tags=67%, list=36%, signal=43%",LGALS9/HLA-A/HLA-DPB1/HLA-DRB1/CYRIB/PSMA4/HMGB1/CD47/PSMB8/PSMA3/PSMA2/PSMB9/PSMA7/PSMB2/PSMB1/PSMB10/PSMB4/PSMA1/PSMA6/CD14/SLC7A5/PYCARD/PSMB3/UFSP2/IL18/C1QBP,0.45505986738722953
GO:0032649,regulation of type II interferon production,39,0.5606658084879255,1.5925367883220691,0.0016901114690303658,0.01416414313224702,0.010772791026210607,1526,"tags=67%, list=36%, signal=43%",LGALS9/HLA-A/HLA-DPB1/HLA-DRB1/CYRIB/PSMA4/HMGB1/CD47/PSMB8/PSMA3/PSMA2/PSMB9/PSMA7/PSMB2/PSMB1/PSMB10/PSMB4/PSMA1/PSMA6/CD14/SLC7A5/PYCARD/PSMB3/UFSP2/IL18/C1QBP,0.45505986738722953
GO:0042742,defense response to bacterium,88,0.5202364431424038,1.589087621388647,1.8727900052261894e-4,0.0031865805694985014,0.00242361053844735,717,"tags=34%, list=17%, signal=29%",DEFA1/DEFA3/DEFA1B/GBP1/GBP2/HLA-A/S100A8/GRN/H2BC12/RAB14/RAB1A/HLA-E/OAS3/RNF213/PRKCD/CASP1/LCN2/RPS19/H2BC26/KRT6A/ANXA3/FGB/FAU/HMGB2/FGR/FGA/RPL30/JCHAIN/CEBPB/CYBA,0.5188480777437918
GO:0050684,regulation of mRNA processing,77,0.5208416374343023,1.5876977437557285,2.094480759586333e-4,0.003461024479739765,0.0026323437364841737,1062,"tags=47%, list=25%, signal=36%",SRSF4/SRSF5/SRSF6/SRSF3/THRAP3/SNRPD2/H1-2/H1-3/RBMX/SNRPF/ACIN1/SRSF7/RBM25/NCBP2/SRSF1/TRA2B/TIAL1/SNRPB/SAP18/RBM8A/RBM14/HNRNPU/RBM15/KHDRBS1/PNN/FMR1/CSTF1/CDK11B/CSTF3/RNPS1/CELF2/IWS1/SON/SRSF10/NCBP1/PRPF8,0.5188480777437918
GO:1903038,negative regulation of leukocyte cell-cell adhesion,41,0.5569247246407734,1.584378775550735,0.003610420996650856,0.025027794933573527,0.019035334658007465,1194,"tags=56%, list=28%, signal=41%",LGALS9/HLA-DRB1/CSK/PSMA4/HMGB1/PSMB8/HLA-E/HLA-G/PSMA3/PSMA2/PSMB9/PSMA7/PRKAR1A/CEBPB/PSMB2/PSMB1/WNK1/PSMB10/PSMB4/PSMA1/MIA3/PSMA6/STAT5A,0.4317076958033464
GO:0006612,protein targeting to membrane,43,0.5541738256403472,1.5835373386399005,0.0014798415940722952,0.012983297735493653,0.009874678053564538,651,"tags=42%, list=15%, signal=36%",ITGB2/ITGAM/YIF1B/SRP72/CHMP4B/CHMP4A/SRP9/SEC61B/SEC63/SRP14/NACA/STOM/SEC62/SRPRB/PAK1/SRP68/SEC61A1/SRP54,0.45505986738722953
GO:0017157,regulation of exocytosis,66,0.5252965920427994,1.5816634751731815,0.0010196342122724368,0.010133178941433155,0.00770696950376974,1275,"tags=53%, list=30%, signal=38%",ITGB2/ITGAM/LGALS9/VAMP8/RAC2/FGG/RAB3D/HGS/RAP1B/RAP1A/RAB27A/LYN/NCKAP1L/FGB/FGR/CDK5/FMR1/FGA/RAB3GAP1/MICAL1/VAMP2/AP1G1/VAMP7/NSF/PRKCB/LAMP1/CHMP2A/RALA/STXBP2/HLA-F/GNAI2/CALM3/RAB7A/RAB5A/GIT1,0.45505986738722953
GO:0002520,immune system development,25,0.5976612570319575,1.5813179554416248,0.008844320698028173,0.051519318568153775,0.03918393421794272,1080,"tags=60%, list=25%, signal=45%",PTPRC/LGALS9/HMGB1/TFRC/HLA-B/HLA-E/HLA-G/LYN/SAMHD1/HMGB2/YY1/CTNNBL1/TP53BP1/PRKDC/ADAM17,0.3807304007227924
GO:0045727,positive regulation of translation,72,0.5309708302202725,1.5807302658726827,2.354481373363295e-4,0.003622030934639699,0.0027548000599139436,1007,"tags=49%, list=24%, signal=38%",DNAJC3/RPL26/PKM/YTHDF3/YTHDF2/YTHDF1/COA3/ABCF1/NPM1/EIF6/NCK1/SSB/PABPC1/SH3BGRL/HNRNPU/LARP1/PAIP1/RPL5/SYNCRIP/PYM1/EIF5A/KHDRBS1/FMR1/FXR1/FXR2/NCK2/EIF2B4/EIF3C/EIF4G1/EIF4G3/PRMT1/CSDE1/YBX1/DHX29/PLXNB2,0.5188480777437918
GO:0002286,T cell activation involved in immune response,36,0.5555454673196573,1.578885125261757,0.0037012486174317926,0.02550001348083376,0.01939448887445658,1278,"tags=58%, list=30%, signal=41%",LGALS9/HLA-DRB1/PSMA4/ICAM1/HMGB1/PSMB8/CD74/PSMA3/NCKAP1L/PSMA2/PSMB9/HLA-DRA/PSMA7/PSMB2/PSMB1/PSMB10/PSMB4/PSMA1/PSMA6/STAT5A/LCP1,0.4317076958033464
GO:0032635,interleukin-6 production,34,0.5708771962568233,1.5787252177888274,0.003542726778397879,0.024711069392178996,0.01879444341324599,782,"tags=41%, list=18%, signal=34%",LGALS9/PTPN6/CSK/HMGB1/CD47/HLA-B/BSG/CD74/RELA/NCKAP1L/PLCG2/RIGI/CYBA/MYD88,0.4317076958033464
GO:0032675,regulation of interleukin-6 production,34,0.5708771962568233,1.5787252177888274,0.003542726778397879,0.024711069392178996,0.01879444341324599,782,"tags=41%, list=18%, signal=34%",LGALS9/PTPN6/CSK/HMGB1/CD47/HLA-B/BSG/CD74/RELA/NCKAP1L/PLCG2/RIGI/CYBA/MYD88,0.4317076958033464
GO:0050830,defense response to Gram-positive bacterium,32,0.5715832757406427,1.578565485839885,0.0071377680811145735,0.04404238217083333,0.03349721723319118,591,"tags=34%, list=14%, signal=30%",DEFA1/DEFA3/DEFA1B/GBP2/HLA-A/H2BC12/HLA-E/KRT6A/FAU/HMGB2/FGR,0.40701791892395395
GO:0014706,striated muscle tissue development,63,-0.3009232789510853,-1.5775809928611806,0.011595558537838347,0.06231395383308761,0.047393986095245914,389,"tags=27%, list=9%, signal=25%",IGSF8/MYLK2/CAV2/ACTA1/CAV1/GPC1/SORBS2/SGCD/CTNNB1/DSP/TPM1/COL6A1/PLEC/DSG2/MYH11/PGM5/MYH14,0.3807304007227924
GO:0002822,regulation of adaptive immune response based on somatic recombination of immune receptors built from immunoglobulin superfamily domains,45,0.5431607431966998,1.5773878156267256,0.0019012850442807732,0.015584986165892762,0.01185343847093072,644,"tags=36%, list=15%, signal=30%",PTPRC/LGALS9/HLA-A/HLA-C/HLA-DRB1/CYRIB/HMGB1/TFRC/HLA-B/HLA-E/HLA-G/STX7/NCKAP1L/HLA-DRB3/HLA-DRA/C4BPA,0.45505986738722953
GO:0072329,monocarboxylic acid catabolic process,53,-0.34220924167699895,-1.5760534731313292,0.002627124731640284,0.019861351943872303,0.015105904535957261,658,"tags=36%, list=16%, signal=31%",ACADS/ACAA2/CES1/ECI2/ACAA1/ACADM/PCCA/DECR1/PCCB/ECI1/HACL1/BDH2/SORD/ECH1/ACAT1/DCXR/ACACB/HADH/CRAT,0.4317076958033464
GO:0043367,"CD4-positive, alpha-beta T cell differentiation",30,0.5759442819175535,1.5753508565489478,0.005956209605545323,0.037455788055823544,0.0284876659096151,1194,"tags=60%, list=28%, signal=43%",HLA-DRB1/PSMA4/AP3B1/HMGB1/PSMB8/PSMA3/NCKAP1L/PSMA2/PSMB9/HLA-DRA/PSMA7/PSMB2/PSMB1/PSMB10/PSMB4/PSMA1/PSMA6/STAT5A,0.40701791892395395
GO:0031348,negative regulation of defense response,91,0.5194430942633177,1.5731302867951014,6.284730722591031e-5,0.0014703651253061933,0.0011183123524845884,407,"tags=29%, list=10%, signal=26%",PTPRC/LGALS9/HLA-A/IFI16/GRN/SERPINB9/HLA-DRB1/PTPN6/TRIM21/YTHDF3/YTHDF2/HLA-B/HLA-E/HLA-G/OAS3/PCBP2/PRKCD/GRB2/RPS19/PARP1/HCK/LYN/SRC/YES1/SERPINB4/SAMHD1,0.5384340963099162
GO:0000375,"RNA splicing, via transesterification reactions",182,0.4958737089088567,1.5728801645534143,7.372561559276271e-7,8.279386631067252e-5,6.297034784873696e-5,1446,"tags=54%, list=34%, signal=37%",LSM6/PPIE/SRSF4/SRSF5/SRSF6/NCL/SRSF3/THRAP3/BUD31/SNRPD2/H1-2/H1-3/RBMX/SNRPF/ACIN1/DDX46/PHF5A/SRSF7/SF3A2/RBM25/IK/NCBP2/SF3B2/CDC5L/SRSF1/TRA2B/TIAL1/SNRPB/SNRPA/SAP18/RBM8A/SNRPB2/SNRNP70/SART1/SNRPA1/ILF3/RBM14/UBL5/PRPF3/SNU13/PABPC1/PQBP1/PLRG1/HNRNPU/RBM15/HNRNPR/SYNCRIP/KHDRBS1/PNN/PRPF4/PRPF40A/FMR1/PPIL1/CWC15/PRPF6/CDK11B/SF3B3/CTNNBL1/RBMXL1/HNRNPH1/HNRNPH3/MFAP1/RALY/RNPS1/CELF2/RBM17/HNRNPF/LSM7/LUC7L2/LUC7L/XAB2/SON/SRSF10/SF3B1/NCBP1/PRPF8/DDX23/HNRNPUL2/LUC7L3/HNRNPUL1/PPWD1/SRSF2/HNRNPC/QKI/RBM22/SNRPC/U2AF1/SNRPG/SF3A1/LARP7/ZNF830/HNRNPK/HNRNPA3/HNRNPA1/SNRPD1/LSM2/SMU1/TRA2A,0.6594443980379349
GO:0034440,lipid oxidation,45,-0.36399583270174435,-1.5700057843171422,0.005798991376316427,0.03679247070962343,0.027983168102161723,658,"tags=33%, list=16%, signal=28%",ACADS/ACAA2/ECI2/ACAA1/ACADM/DECR1/ECI1/HACL1/ALOX15B/BDH2/ECH1/ACAT1/ACACB/HADH/CRAT,0.40701791892395395
GO:0120254,olefinic compound metabolic process,47,-0.3441631980611134,-1.5663928660917357,0.0025012687642280364,0.019239211111151264,0.014632724258322412,376,"tags=23%, list=9%, signal=22%",SDR9C7/MGLL/RDH11/ALOX15B/SDR16C5/LIPE/RETSAT/AKR1C2/GSTM2/AKR1C3/ADH1B,0.4317076958033464
GO:0034340,response to type I interferon,65,0.5230750456882943,1.5657874299801187,4.964970457869111e-4,0.006203263721785635,0.004718002573916989,1494,"tags=57%, list=35%, signal=37%",PSME1/STAT1/PSME2/PTPN6/PSMA4/YTHDF3/YTHDF2/OAS3/PTPN1/IFITM3/PSMC1/SAMHD1/PSMA3/CDC37/PSMA2/PSMA7/SHMT2/STING1/PSMB2/MYD88/IFIT1/SP100/PSMD3/PSMB1/PSMD7/PSMB4/UBE2K/PSMA1/PSMA6/PSMD12/MX1/TRIM56/STAT2/PSMB3/PSMD4/PSMD6/ADRM1,0.47727081536286214
GO:0032640,tumor necrosis factor production,65,0.5227324120625124,1.564761780928878,5.137164079484096e-4,0.006203263721785635,0.004718002573916989,1182,"tags=48%, list=28%, signal=35%",PTPRC/LGALS9/CYBB/PTPN6/PSMA4/HMGB1/CD47/PSMB8/HLA-E/OAS3/PSMA3/PSMA2/PSMB9/PLCG2/HDAC2/CLU/ADAM10/FXR1/PSMA7/RIGI/CYBA/PSMB2/PSMB1/PSMB10/PSMB4/PSMA1/FRMD8/ADAM17/PSMA6/CD14/BTK,0.47727081536286214
GO:0032680,regulation of tumor necrosis factor production,65,0.5227324120625124,1.564761780928878,5.137164079484096e-4,0.006203263721785635,0.004718002573916989,1182,"tags=48%, list=28%, signal=35%",PTPRC/LGALS9/CYBB/PTPN6/PSMA4/HMGB1/CD47/PSMB8/HLA-E/OAS3/PSMA3/PSMA2/PSMB9/PLCG2/HDAC2/CLU/ADAM10/FXR1/PSMA7/RIGI/CYBA/PSMB2/PSMB1/PSMB10/PSMB4/PSMA1/FRMD8/ADAM17/PSMA6/CD14/BTK,0.47727081536286214
GO:0071706,tumor necrosis factor superfamily cytokine production,65,0.5227324120625124,1.564761780928878,5.137164079484096e-4,0.006203263721785635,0.004718002573916989,1182,"tags=48%, list=28%, signal=35%",PTPRC/LGALS9/CYBB/PTPN6/PSMA4/HMGB1/CD47/PSMB8/HLA-E/OAS3/PSMA3/PSMA2/PSMB9/PLCG2/HDAC2/CLU/ADAM10/FXR1/PSMA7/RIGI/CYBA/PSMB2/PSMB1/PSMB10/PSMB4/PSMA1/FRMD8/ADAM17/PSMA6/CD14/BTK,0.47727081536286214
GO:1903555,regulation of tumor necrosis factor superfamily cytokine production,65,0.5227324120625124,1.564761780928878,5.137164079484096e-4,0.006203263721785635,0.004718002573916989,1182,"tags=48%, list=28%, signal=35%",PTPRC/LGALS9/CYBB/PTPN6/PSMA4/HMGB1/CD47/PSMB8/HLA-E/OAS3/PSMA3/PSMA2/PSMB9/PLCG2/HDAC2/CLU/ADAM10/FXR1/PSMA7/RIGI/CYBA/PSMB2/PSMB1/PSMB10/PSMB4/PSMA1/FRMD8/ADAM17/PSMA6/CD14/BTK,0.47727081536286214
GO:0051249,regulation of lymphocyte activation,124,0.5051488190527653,1.564204720692269,1.6861119788160768e-5,4.982904611080143e-4,3.7898367432122787e-4,1470,"tags=55%, list=35%, signal=37%",PTPRC/LGALS9/MNDA/HLA-A/HLA-DPB1/HLA-DRB1/PTPN6/CSK/CYRIB/PSMA4/AP3B1/HMGB1/RAC2/CD47/TFRC/PSMB8/HLA-E/HLA-G/MMP14/CD74/DDRGK1/CLPTM1/SMARCC2/HLA-DRB5/LYN/SRC/YES1/NCK1/PSMA3/SART1/NCKAP1L/HSPH1/PSMA2/PSMB9/HLA-DRB3/HLA-DRA/FGR/LCK/PSMA7/NCK2/PRKAR1A/CEBPB/PSMB2/CUL4B/CUL4A/PSMB1/PSMB10/YWHAG/PSMB4/TP53BP1/PSMA1/PRKDC/PSMA6/PRKAA1/BTK/STAT5A/ACTB/SMARCD2/SMARCA2/SMARCE1/RHOA/DPP4/THY1/HLA-DRB4/UFL1/HLA-DQA1/PYCARD/PSMB3,0.5756102610711286
GO:0002706,regulation of lymphocyte mediated immunity,47,0.551777690076882,1.5637766699212292,0.001549211511716444,0.013382804058904357,0.010178529694681812,1182,"tags=57%, list=28%, signal=42%",PTPRC/LGALS9/HLA-A/HLA-C/SERPINB9/HLA-DRB1/CYRIB/HMGB1/TFRC/HLA-B/HLA-E/HLA-G/GRB2/STX7/SERPINB4/NCKAP1L/HLA-DRB3/HLA-DRA/C4BPA/AP1G1/YWHAG/LAMP1/TP53BP1/PIK3C3/HLA-F/PRKAA1/BTK,0.45505986738722953
GO:0000377,"RNA splicing, via transesterification reactions with bulged adenosine as nucleophile",181,0.49733659032625566,1.5612654454735748,4.256604710088735e-7,6.828810127756642e-5,5.193773020869095e-5,1446,"tags=54%, list=34%, signal=37%",LSM6/PPIE/SRSF4/SRSF5/SRSF6/NCL/SRSF3/THRAP3/BUD31/SNRPD2/H1-2/H1-3/RBMX/SNRPF/ACIN1/DDX46/PHF5A/SRSF7/SF3A2/RBM25/IK/NCBP2/SF3B2/CDC5L/SRSF1/TRA2B/TIAL1/SNRPB/SNRPA/SAP18/RBM8A/SNRPB2/SNRNP70/SART1/SNRPA1/ILF3/RBM14/UBL5/PRPF3/SNU13/PABPC1/PQBP1/PLRG1/HNRNPU/RBM15/HNRNPR/SYNCRIP/KHDRBS1/PNN/PRPF4/PRPF40A/FMR1/PPIL1/CWC15/PRPF6/CDK11B/SF3B3/CTNNBL1/RBMXL1/HNRNPH1/HNRNPH3/MFAP1/RALY/RNPS1/CELF2/RBM17/HNRNPF/LSM7/LUC7L2/LUC7L/XAB2/SON/SRSF10/SF3B1/NCBP1/PRPF8/DDX23/HNRNPUL2/LUC7L3/HNRNPUL1/PPWD1/SRSF2/HNRNPC/QKI/RBM22/SNRPC/U2AF1/SNRPG/SF3A1/LARP7/ZNF830/HNRNPK/HNRNPA3/HNRNPA1/SNRPD1/LSM2/SMU1/TRA2A,0.674962860011025
GO:0000398,"mRNA splicing, via spliceosome",181,0.49733659032625566,1.5612654454735748,4.256604710088735e-7,6.828810127756642e-5,5.193773020869095e-5,1446,"tags=54%, list=34%, signal=37%",LSM6/PPIE/SRSF4/SRSF5/SRSF6/NCL/SRSF3/THRAP3/BUD31/SNRPD2/H1-2/H1-3/RBMX/SNRPF/ACIN1/DDX46/PHF5A/SRSF7/SF3A2/RBM25/IK/NCBP2/SF3B2/CDC5L/SRSF1/TRA2B/TIAL1/SNRPB/SNRPA/SAP18/RBM8A/SNRPB2/SNRNP70/SART1/SNRPA1/ILF3/RBM14/UBL5/PRPF3/SNU13/PABPC1/PQBP1/PLRG1/HNRNPU/RBM15/HNRNPR/SYNCRIP/KHDRBS1/PNN/PRPF4/PRPF40A/FMR1/PPIL1/CWC15/PRPF6/CDK11B/SF3B3/CTNNBL1/RBMXL1/HNRNPH1/HNRNPH3/MFAP1/RALY/RNPS1/CELF2/RBM17/HNRNPF/LSM7/LUC7L2/LUC7L/XAB2/SON/SRSF10/SF3B1/NCBP1/PRPF8/DDX23/HNRNPUL2/LUC7L3/HNRNPUL1/PPWD1/SRSF2/HNRNPC/QKI/RBM22/SNRPC/U2AF1/SNRPG/SF3A1/LARP7/ZNF830/HNRNPK/HNRNPA3/HNRNPA1/SNRPD1/LSM2/SMU1/TRA2A,0.674962860011025
GO:0006887,exocytosis,135,0.4977275961700317,1.5576001667757813,2.3069594891323528e-5,6.168370253084838e-4,4.6914637255741275e-4,1411,"tags=48%, list=33%, signal=33%",ITGB2/CORO1A/ITGAM/LGALS9/VAMP8/SCAMP2/RAC2/FGG/RAB10/RAB12/RAB8A/RAB8B/RAB3D/RAB13/RALB/HGS/RAP1B/SACM1L/RAP1A/RAB27A/HCK/LYN/NCKAP1L/ANXA3/FGB/MYH9/PAK1/FGR/CDK5/FMR1/FGA/RAB3GAP1/MICAL1/VPS11/VAMP2/VAMP3/VTI1B/TMED10/SCRN1/PLEK/AP1G1/VAMP7/NSF/PRKCB/SYNGR2/LAMP1/CHMP2A/RALA/JAGN1/MIA3/STXBP2/HLA-F/GNAI1/GNAI2/BTK/CALM3/RAB7A/YKT6/RAB5A/GIT1/NAPA/TMEM167A/SCAMP4/CASK/RAB31,0.5756102610711286
GO:1903311,regulation of mRNA metabolic process,148,0.4930670704273933,1.5571945349210412,1.819475401191809e-5,5.239156091124107e-4,3.9847333648360724e-4,1062,"tags=43%, list=25%, signal=33%",LSM6/SRSF4/SRSF5/SRSF6/SRSF3/THRAP3/BCLAF1/SNRPD2/H1-2/H1-3/YTHDF3/YTHDF2/YTHDF1/RBMX/SNRPF/ACIN1/PRKCD/SRSF7/RBM25/NCBP2/NPM1/APEX1/CAPRIN1/SRSF1/TRA2B/TIAL1/SNRPB/SAP18/RBM8A/RBM14/PABPC1/HNRNPU/LARP1/PAIP1/DIS3/RBM15/SYNCRIP/KHDRBS1/PNN/FMR1/FXR1/FXR2/CSTF1/ZC3HAV1/ROCK1/SERBP1/SLIRP/CDK11B/MYD88/CSTF3/RNPS1/FUS/CELF2/IWS1/CSDE1/LSM7/YBX1/SON/TARDBP/SRSF10/XRN1/NCBP1/PRPF8,0.5756102610711286
GO:0048167,regulation of synaptic plasticity,36,0.5478376230221479,1.5569790861973274,0.004967530359908119,0.03224587626691802,0.024525174819060407,1408,"tags=67%, list=33%, signal=45%",YTHDF1/RAB8A/CFL1/CDK5/FMR1/FXR1/FXR2/RAB3GAP1/VAMP2/STAU1/CREB1/YWHAG/YWHAH/ACE/CAMK2D/NPTN/LGMN/SQSTM1/CALM1/CALM2/CALM3/RAB5A/UBE3A/GIPC1,0.40701791892395395
GO:0071357,cellular response to type I interferon,62,0.5238659153808756,1.5562296167924723,0.0018522430284159028,0.01529462441846367,0.011632598678657121,1039,"tags=44%, list=25%, signal=33%",PSME1/STAT1/PSME2/PTPN6/PSMA4/YTHDF3/YTHDF2/OAS3/PTPN1/IFITM3/PSMC1/SAMHD1/PSMA3/CDC37/PSMA2/PSMA7/STING1/PSMB2/MYD88/IFIT1/SP100/PSMD3/PSMB1/PSMD7/PSMB4/UBE2K/PSMA1,0.45505986738722953
GO:0051146,striated muscle cell differentiation,101,0.5013473143594233,1.5521277951578438,1.4394961256256706e-4,0.00260734540173811,0.0019830629275503385,1250,"tags=56%, list=29%, signal=41%",RPL7A/RPL31/CALR/RPL21/CASP3/RPL23A/RPL34/RPL10/RPL6/RPL13A/RPL19/RPL32/MMP14/RPL27A/RPL17/RPL18A/RPL24/RPL37A/RPL7/RPL27/RPL4/KRT8/RPL28/NACA/CSRP2/CACYBP/RPL29/RPL5/PAK1/MYL9/RPL14/EHD1/CDK1/DOCK2/RPL30/YY1/RPL36A/FLNC/RPL18/FLII/RPL12/RPL15/RPL13/WDR1/FBXO22/RPL23/RPL11/AKAP13/RPL35/NEBL/MYH3/MYH6/FHL2/RPL10A/RPL35A/RPL8/G6PD,0.5188480777437918
GO:0070371,ERK1 and ERK2 cascade,80,0.5095322660035173,1.5517729680633086,6.577763982464682e-4,0.007102720146449845,0.005402100158191605,660,"tags=29%, list=16%, signal=25%",GBP1/PTPRC/LGALS9/PTPN6/CSK/ICAM1/HMGB1/FGG/NHERF1/NAMPT/PTPN1/CD74/RAP1A/LYN/SRC/GLIPR2/FN1/FGB/EIF3A/CHI3L1/CDK1/FGA/CD44,0.47727081536286214
GO:0048024,"regulation of mRNA splicing, via spliceosome",68,0.5149650997352961,1.549606098395902,8.40218126404058e-4,0.008656559228915202,0.006583900113717938,1445,"tags=57%, list=34%, signal=38%",SRSF4/SRSF5/SRSF6/SRSF3/THRAP3/SNRPD2/H1-2/H1-3/RBMX/SNRPF/ACIN1/SRSF7/RBM25/SRSF1/TRA2B/TIAL1/SNRPB/SAP18/RBM8A/RBM14/HNRNPU/RBM15/KHDRBS1/FMR1/CDK11B/RNPS1/CELF2/SON/SRSF10/NCBP1/PRPF8/SRSF2/QKI/SNRPG/LARP7/HNRNPK/HNRNPA1/SNRPD1/SMU1,0.47727081536286214
GO:0006605,protein targeting,79,0.5111251491542566,1.5488429573301097,7.582061468055352e-4,0.007891887361321851,0.0060023153220159255,651,"tags=37%, list=15%, signal=32%",ITGB2/M6PR/ITGAM/IGF2R/YIF1B/SRP72/AP3M1/CHMP4B/SPCS1/CHMP4A/HGS/SRP9/PML/SEC61B/SPCS3/SPCS2/SEC63/SRP14/NACA/STOM/SEC62/CDC37/SRPRB/PAK1/SRP68/CLU/SEC61A1/AP3D1/SRP54,0.47727081536286214
GO:0030217,T cell differentiation,59,0.5237228265778037,1.5445338883828226,0.0014737828772081302,0.012983297735493653,0.009874678053564538,1354,"tags=53%, list=32%, signal=36%",PTPRC/HLA-DRB1/PSMA4/AP3B1/HMGB1/PSMB8/HLA-G/CD74/CLPTM1/SMARCC2/PSMA3/SART1/NCKAP1L/PSMA2/PSMB9/HLA-DRA/LCK/PSMA7/PSMB2/PSMB1/PSMB10/PSMB4/PSMA1/ADAM17/PSMA6/STAT5A/ACTB/SMARCD2/SMARCA2/SMARCE1/RHOA,0.45505986738722953
GO:0048872,homeostasis of number of cells,80,0.5070955870001321,1.5443520982546939,7.589704675180409e-4,0.007891887361321851,0.0060023153220159255,1422,"tags=59%, list=34%, signal=40%",LGALS9/STAT1/CASP3/PSMA4/HMGB1/PSMB8/ACIN1/CD74/RPS19/RPS17/GLUL/LYN/PSMA3/NCKAP1L/RPS24/PSMA2/PSMB9/HMGB2/OCIAD1/CDK6/PSMA7/PTBP3/PSMB2/WDR37/RPS14/CDK5RAP3/PSMB1/PRMT1/PSMB10/PSMB4/PSMA1/PRKDC/ADAM17/HMOX1/SLC25A5/PSMA6/SPRR2A/BTK/STAT5B/PPP2CA/DOCK11/HSPA9/G6PD/FAS/HBD/UFL1/SLC1A5,0.47727081536286214
GO:0050867,positive regulation of cell activation,94,0.5026941197995042,1.5429692393733645,2.2632606111113243e-4,0.0035797769947577707,0.0027226630742783102,682,"tags=32%, list=16%, signal=27%",PTPRC/LGALS9/HLA-A/HLA-DPB1/HLA-DRB1/PTPN6/CSK/CYRIB/AP3B1/HMGB1/CD47/TFRC/HLA-E/HLA-G/MMP14/CD74/DDRGK1/SMARCC2/HLA-DRB5/LYN/SRC/YES1/NCK1/SART1/NCKAP1L/HSPH1/HLA-DRB3/HLA-DRA/LCK/NCK2,0.5188480777437918
GO:0002819,regulation of adaptive immune response,46,0.5331244195616073,1.5329442032618978,0.004046348750270323,0.027373793051527547,0.020819625259749834,644,"tags=35%, list=15%, signal=30%",PTPRC/LGALS9/HLA-A/HLA-C/HLA-DRB1/CYRIB/HMGB1/TFRC/HLA-B/HLA-E/HLA-G/STX7/NCKAP1L/HLA-DRB3/HLA-DRA/C4BPA,0.40701791892395395
GO:0010212,response to ionizing radiation,33,0.553650497416804,1.5324161082085102,0.009037311226901004,0.05226817917060519,0.03975349347067328,738,"tags=36%, list=17%, signal=30%",PTPRC/RPL26/TOP1/CASP3/IFI16/H2AX/GRB2/LCN2/PARP1/EEF1D/CYBA/IKBIP,0.3807304007227924
GO:0002688,regulation of leukocyte chemotaxis,41,0.5380964568754312,1.5308147901359452,0.007380775431581597,0.04515457796738427,0.034343117531190515,1634,"tags=59%, list=39%, signal=36%",LGALS9/CALR/HMGB1/RAC1/RAC2/CD74/SWAP70/LYN/NCKAP1L/ADAM10/MPP1/WNK1/MCU/ANO6/ADAM17/LGMN/DPP4/MAPK1/MAPK3/C1QBP/THBS1/CSF1R/STK39/S100A7,0.40701791892395395
GO:0034620,cellular response to unfolded protein,36,0.5385678876042902,1.530634082543565,0.008100138805842335,0.048385403611494376,0.03680037944821259,911,"tags=44%, list=21%, signal=35%",DNAJC3/MANF/BAX/DNAJC10/VAPB/PTPN1/DDRGK1/DERL1/NCK1/TBL2/TMEM33/NCK2/CDK5RAP3/ERLEC1/ATAD3A/OPTN,0.3807304007227924
GO:1902105,regulation of leukocyte differentiation,77,0.5019676490728311,1.5301635786978136,9.706461731591916e-4,0.00973246118265868,0.007402196483936236,1354,"tags=53%, list=32%, signal=37%",LGALS9/HLA-DRB1/PSMA4/AP3B1/HMGB1/PSMB8/HLA-B/HLA-G/ACIN1/MMP14/CD74/DDRGK1/CLPTM1/SMARCC2/LYN/PSMA3/SART1/NCKAP1L/PSMA2/PSMB9/HLA-DRA/CDK6/PSMA7/CEBPB/PSMB2/PSMB1/PSMB10/PSMB4/C1QC/PSMA1/PRKDC/PSMA6/BTK/STAT5A/ACTB/QKI/SMARCD2/CORO1C/SMARCA2/SMARCE1/RHOA,0.47727081536286214
GO:1903312,negative regulation of mRNA metabolic process,58,0.5189557544272653,1.5298127265670742,0.0021646402686948175,0.01724036185634241,0.013112463899901667,1094,"tags=50%, list=26%, signal=38%",SRSF4/SRSF6/THRAP3/BCLAF1/SNRPD2/RBMX/SNRPF/ACIN1/SRSF7/SRSF1/SNRPB/SAP18/PABPC1/HNRNPU/LARP1/PAIP1/SYNCRIP/PNN/FXR1/SLIRP/MYD88/RNPS1/FUS/CSDE1/YBX1/TARDBP/SRSF10/PRPF8/TAF15,0.4317076958033464
GO:0071826,protein-RNA complex organization,133,0.4911990403763736,1.5290869017816675,4.615984989029028e-5,0.0011519446983732442,8.761320323764252e-4,1348,"tags=50%, list=32%, signal=35%",LSM6/SRSF5/SRSF6/TRIM21/SNRPD2/ADAR/RPL13A/SNRPF/DDX46/PHF5A/SF3A2/RPS19/EIF2S2/SF3B2/SRSF1/EIF6/SNRPB/SNRPA/RPS15/SNRPB2/EIF3H/SNRNP70/SART1/KLC1/SNRPA1/PRPF3/SNU13/EIF3A/RPL5/FAU/SYNCRIP/EIF2S3/MCTS1/PRPF4/EIF3CL/EIF3C/PRPF6/EIF3J/SF3B3/RPS14/EIF5/CELF2/EPRS1/LSM7/LUC7L2/LUC7L/XAB2/DHX29/EIF3G/SRSF10/SF3B1/NCBP1/PRPF8/PRKDC/RPL11/KIF5B/DDX23/NOP2/HSP90AB1/LUC7L3/RUVBL2/SNRPC/PTGES3/SNRPG/HSP90AA1/SF3A1,0.557332238758646
GO:0045619,regulation of lymphocyte differentiation,53,0.5227408785219433,1.5244006306203093,0.0022908222590551173,0.01799016361481746,0.013682738965588291,1354,"tags=58%, list=32%, signal=40%",HLA-DRB1/PSMA4/AP3B1/HMGB1/PSMB8/HLA-G/MMP14/DDRGK1/CLPTM1/SMARCC2/PSMA3/SART1/NCKAP1L/PSMA2/PSMB9/HLA-DRA/PSMA7/PSMB2/PSMB1/PSMB10/PSMB4/PSMA1/PRKDC/PSMA6/BTK/STAT5A/ACTB/SMARCD2/SMARCA2/SMARCE1/RHOA,0.4317076958033464
GO:0071824,protein-DNA complex organization,56,0.5192506403535129,1.5231233705454346,0.0026304636278409507,0.019861351943872303,0.015105904535957261,703,"tags=39%, list=17%, signal=33%",SMARCA5/H2AX/SET/HMGB1/H1-2/H1-3/H1-4/H1-5/H1-1/HP1BP3/SMARCC2/NPM1/DNAJC9/H1-10/NAP1L1/NAP1L4/DRAP1/HMGB2/SUPT16H/MACROH2A1/MACROH2A2/SSRP1,0.4317076958033464
GO:0046632,alpha-beta T cell differentiation,32,0.5496958194547831,1.5181179805819376,0.014242224933185416,0.0723711248867295,0.05504314644784612,1194,"tags=56%, list=28%, signal=41%",HLA-DRB1/PSMA4/AP3B1/HMGB1/PSMB8/PSMA3/NCKAP1L/PSMA2/PSMB9/HLA-DRA/PSMA7/PSMB2/PSMB1/PSMB10/PSMB4/PSMA1/PSMA6/STAT5A,0.3807304007227924
GO:0022618,protein-RNA complex assembly,128,0.48751315480427726,1.5177724503722503,1.3040458380594104e-4,0.0024407391269011965,0.001856347561451892,1348,"tags=49%, list=32%, signal=35%",LSM6/SRSF5/SRSF6/SNRPD2/ADAR/RPL13A/SNRPF/DDX46/PHF5A/SF3A2/RPS19/EIF2S2/SF3B2/SRSF1/EIF6/SNRPB/SNRPA/RPS15/SNRPB2/EIF3H/SNRNP70/SART1/SNRPA1/PRPF3/SNU13/EIF3A/RPL5/FAU/SYNCRIP/EIF2S3/MCTS1/PRPF4/EIF3CL/EIF3C/PRPF6/EIF3J/SF3B3/RPS14/EIF5/CELF2/EPRS1/LSM7/LUC7L2/LUC7L/XAB2/DHX29/EIF3G/SRSF10/SF3B1/NCBP1/PRPF8/PRKDC/RPL11/DDX23/NOP2/HSP90AB1/LUC7L3/RUVBL2/SNRPC/PTGES3/SNRPG/HSP90AA1/SF3A1,0.5188480777437918
GO:0043484,regulation of RNA splicing,96,0.4930830531466852,1.5165917075174877,3.160003261854878e-4,0.0045495944398243945,0.0034602749842773304,1062,"tags=46%, list=25%, signal=35%",SRSF4/SRSF5/SRSF6/SRSF3/THRAP3/SNRPD2/H1-2/H1-3/RBMX/SNRPF/ACIN1/RPS26/SRSF7/RBM25/SRSF1/TRA2B/TIAL1/SNRPB/SAP18/RBM8A/SNRNP70/RBM14/PQBP1/HNRNPU/RBM15/KHDRBS1/RBM12/FMR1/RPS13/PTBP3/CDK11B/HNRNPH2/SF3B3/HNRNPH1/HNRNPH3/RNPS1/FUS/CELF2/HNRNPF/SON/MBNL1/SRSF10/NCBP1/PRPF8,0.49849310876659025
GO:0050806,positive regulation of synaptic transmission,25,0.5676265323359861,1.5018507842143187,0.018525957877059865,0.08668604456640927,0.06593061325938177,1232,"tags=60%, list=29%, signal=43%",YTHDF1/FMR1/FXR1/RAB3GAP1/VAMP2/STAU1/CREB1/CAMK2D/NPTN/LGMN/KIF5B/SQSTM1/CALM1/CALM2/CALM3,0.35248785758361917
GO:0050907,detection of chemical stimulus involved in sensory perception,2,-0.9490205333962709,-1.4969735118757674,0.017759615062907227,0.08379851981363369,0.06373445494226887,219,"tags=100%, list=5%, signal=95%",PIP/AZGP1,0.35248785758361917
GO:1905952,regulation of lipid localization,44,-0.3392752351455134,-1.495709694183858,0.004307421323135921,0.028793060392152615,0.021899074283112958,484,"tags=27%, list=11%, signal=24%",APOE/CD36/ANXA2/PON1/CAV1/PLIN3/ACSL5/ACSL1/ACACB/APOB/APOA1/APOA4,0.40701791892395395
GO:0002824,positive regulation of adaptive immune response based on somatic recombination of immune receptors built from immunoglobulin superfamily domains,29,0.5536466264988548,1.4956033328526124,0.011676624599573075,0.06239144768641581,0.04745292542393851,577,"tags=38%, list=14%, signal=33%",HLA-A/HLA-C/HLA-DRB1/CYRIB/TFRC/HLA-B/HLA-E/HLA-G/STX7/HLA-DRB3/HLA-DRA,0.3807304007227924
GO:0002460,adaptive immune response based on somatic recombination of immune receptors built from immunoglobulin superfamily domains,95,0.4889406816043366,1.4952025669925748,3.498097233092149e-4,0.004910453990953104,0.0037347331352452695,1526,"tags=57%, list=36%, signal=37%",PTPRC/LGALS9/HLA-A/HLA-C/HLA-DRB1/CYRIB/PSMA4/HMGB1/TFRC/PSMB8/HLA-B/HLA-E/HLA-G/CTSC/CD74/MYO1G/STX7/PSMA3/NCKAP1L/PSMA2/PSMB9/HLA-DRB3/HLA-DRA/CLU/C4BPA/PSMA7/C1QA/PSMB2/PSMB1/PSMB10/YWHAG/PSMB4/TP53BP1/RFTN1/C1QC/PSMA1/ADAM17/HLA-F/PSMA6/BTN3A3/PRKAA1/BTK/STAT5A/PCYT1A/NBN/C1RL/C1R/C1QB/UFL1/C1S/PSMB3/MAPK3/IL18/C1QBP,0.49849310876659025
GO:0000018,regulation of DNA recombination,32,0.5408316202815635,1.4936373502550206,0.02049242393486808,0.09431554130679039,0.07173336272695523,1325,"tags=56%, list=31%, signal=39%",H1-2/H1-3/H1-4/TFRC/H1-5/H1-1/KPNA1/PARP1/H1-10/FUS/PRMT1/TP53BP1/PPP4C/HDGFL2/ACTB/RUVBL2/RAD50/NBN,0.35248785758361917
GO:1903707,negative regulation of hemopoiesis,31,0.5497366142331379,1.4930321707448806,0.017418045112435904,0.08325707824163381,0.06332265192294056,1243,"tags=65%, list=29%, signal=46%",PSMA4/HMGB1/PSMB8/HLA-G/LYN/PSMA3/PSMA2/PSMB9/CDK6/PSMA7/PSMB2/PSMB1/PSMB10/PSMB4/C1QC/PSMA1/PSMA6/STAT5A/HSPA9/QKI,0.35248785758361917
GO:1902106,negative regulation of leukocyte differentiation,30,0.5452682853038004,1.4914443762552754,0.016398399318829054,0.07972035686166679,0.06063273556241083,1243,"tags=63%, list=29%, signal=45%",PSMA4/HMGB1/PSMB8/HLA-G/LYN/PSMA3/PSMA2/PSMB9/CDK6/PSMA7/PSMB2/PSMB1/PSMB10/PSMB4/C1QC/PSMA1/PSMA6/STAT5A/QKI,0.35248785758361917
GO:1902107,positive regulation of leukocyte differentiation,45,0.5131902983540865,1.4903509391296865,0.008608620820426691,0.050615084719053266,0.03849620307852713,577,"tags=29%, list=14%, signal=25%",LGALS9/HLA-DRB1/AP3B1/HMGB1/HLA-G/ACIN1/MMP14/CD74/DDRGK1/SMARCC2/SART1/NCKAP1L/HLA-DRA,0.3807304007227924
GO:1903708,positive regulation of hemopoiesis,45,0.5131902983540865,1.4903509391296865,0.008608620820426691,0.050615084719053266,0.03849620307852713,577,"tags=29%, list=14%, signal=25%",LGALS9/HLA-DRB1/AP3B1/HMGB1/HLA-G/ACIN1/MMP14/CD74/DDRGK1/SMARCC2/SART1/NCKAP1L/HLA-DRA,0.3807304007227924
GO:0034976,response to endoplasmic reticulum stress,110,0.4829962753481869,1.4901365220011173,4.224779522693259e-4,0.005718702248408149,0.004349460725440184,1595,"tags=57%, list=38%, signal=37%",DNAJC3/MANF/CALR/HM13/ERO1A/BAX/DNAJC10/VAPB/PDIA3/STT3B/MARCKS/TMCO1/PTPN1/DDRGK1/HYOU1/ERP29/ATP2A1/ATP2A2/SEC61B/DERL1/NCK1/ATP2A3/UBXN1/TBL2/TMEM33/HSP90B1/PDIA4/SYVN1/CLU/NCK2/BCAP31/CEBPB/EIF4G1/SEL1L/CDK5RAP3/ERLEC1/ATAD3A/TMX1/TARDBP/CANX/EIF2S1/UBXN6/TRIM25/ERP44/GORASP2/GET4/PDIA6/P4HB/FBXO6/USP14/DNAJB12/ITPR1/EIF2B5/TXNDC12/CCDC47/UFL1/WFS1/EEF2/AUP1/ALOX5/NPLOC4/THBS1/FAF2,0.49849310876659025
GO:0002220,innate immune response activating cell surface receptor signaling pathway,27,0.5481547648429055,1.4832607089307404,0.017443087933339617,0.08325707824163381,0.06332265192294056,782,"tags=41%, list=18%, signal=33%",AP3B1/HMGB1/WDFY1/RELA/LYN/SRC/PAK2/PAK1/PLCG2/CYBA/MYD88,0.35248785758361917
GO:0006892,post-Golgi vesicle-mediated transport,66,0.49260978130235145,1.48324377199747,0.006253113358603653,0.039012479453955015,0.029671635244561345,974,"tags=39%, list=23%, signal=31%",CSK/SCAMP2/AP3M1/RAB10/RAB14/MYO1B/CORO7/ACSL3/RAB13/AP1M1/RP2/TM9SF4/EHD3/AP3D1/VPS13C/VAMP2/ANXA13/VTI1B/MYO5A/AP1G2/AP1G1/NSF/CCDC93/OPTN/LAMP1/AP2M1,0.40701791892395395
GO:1903131,mononuclear cell differentiation,110,0.4801447404817553,1.48133898780654,5.245517788125891e-4,0.006266719655388698,0.004766265113041052,1354,"tags=50%, list=32%, signal=35%",PTPRC/LGALS9/IFI16/HLA-DRB1/PSMA4/AP3B1/HMGB1/PSMB8/HLA-B/HLA-G/ACIN1/MMP14/CD74/DDRGK1/CLPTM1/SMARCC2/PARP1/NPM1/LYN/PSMA3/SART1/NCKAP1L/TOP2B/PSMA2/MYH9/PSMB9/PLCG2/CDC42/HLA-DRA/SYVN1/CDK6/LCK/PSMA7/YY1/CEBPB/PSMB2/PSMB1/PSMB10/PSMB4/C1QC/PSMA1/PRKDC/ADAM17/SLC25A5/PSMA6/BTK/STAT5A/DOCK11/ACTB/QKI/SMARCD2/SMARCA2/SMARCE1/SLC39A7/RHOA,0.47727081536286214
GO:0045471,response to ethanol,32,0.5360263525195432,1.4803664409032464,0.02290324358148118,0.10413094146560067,0.07919863992461108,1474,"tags=59%, list=35%, signal=39%",SOD2/S100A8/CASP3/CYBB/EEF1B2/PARP1/TBXAS1/HDAC2/CPT1A/CDK1/MYD88/CREB1/FGF2/RPL10A/PRKAA1/G6PD/MT-ND4/EEF2/GOT2,0.35248785758361917
GO:0044703,multi-organism reproductive process,39,0.5208196906947143,1.4793563384054949,0.009769779452037813,0.05431416992395279,0.041309608134411244,522,"tags=23%, list=12%, signal=20%",APOL2/ARHGDIB/LGALS9/CALR/YTHDF3/IGFBP7/BSG/PARP1/RPL29,0.3807304007227924
GO:0044706,multi-multicellular organism process,39,0.5208196906947143,1.4793563384054949,0.009769779452037813,0.05431416992395279,0.041309608134411244,522,"tags=23%, list=12%, signal=20%",APOL2/ARHGDIB/LGALS9/CALR/YTHDF3/IGFBP7/BSG/PARP1/RPL29,0.3807304007227924
GO:0006888,endoplasmic reticulum to Golgi vesicle-mediated transport,78,0.488199689010931,1.478988627174538,0.0024166406512743997,0.018716465181938972,0.014235140542694358,1256,"tags=49%, list=30%, signal=35%",YIF1B/RAB43/RAB1A/RAB1B/VAPB/VAPA/TMED7/HYOU1/SEC13/ARCN1/YIPF6/RABGGTA/STX5/TFG/ACBD3/SEC23B/LMAN2/LMAN1/BCAP31/TMED5/TMED10/SEC31A/VAMP7/COPG1/COPG2/GLTP/COPA/TRAPPC1/BCAP29/SEC22B/CNIH4/SURF4/MIA3/TRAPPC3/TMED2/STX18/TMED3/YKT6,0.4317076958033464
GO:0030098,lymphocyte differentiation,85,0.48686789033346256,1.4780987451264902,0.001401526865063902,0.012692860237635177,0.009653780647954338,1354,"tags=49%, list=32%, signal=34%",PTPRC/HLA-DRB1/PSMA4/AP3B1/HMGB1/PSMB8/HLA-G/MMP14/CD74/DDRGK1/CLPTM1/SMARCC2/PSMA3/SART1/NCKAP1L/TOP2B/PSMA2/PSMB9/PLCG2/HLA-DRA/SYVN1/LCK/PSMA7/YY1/PSMB2/PSMB1/PSMB10/PSMB4/PSMA1/PRKDC/ADAM17/SLC25A5/PSMA6/BTK/STAT5A/DOCK11/ACTB/SMARCD2/SMARCA2/SMARCE1/SLC39A7/RHOA,0.45505986738722953
GO:0006638,neutral lipid metabolic process,33,-0.3428330900799723,-1.4764160884205138,0.042176516214061426,0.1558033806197072,0.11849903272807348,500,"tags=36%, list=12%, signal=32%",AGPAT2/APOE/FITM2/PLIN1/ABHD5/CAV1/MGLL/LIPE/ACSL1/GPLD1/APOB/APOA4,0.3217759180753611
GO:0006639,acylglycerol metabolic process,33,-0.3428330900799723,-1.4764160884205138,0.042176516214061426,0.1558033806197072,0.11849903272807348,500,"tags=36%, list=12%, signal=32%",AGPAT2/APOE/FITM2/PLIN1/ABHD5/CAV1/MGLL/LIPE/ACSL1/GPLD1/APOB/APOA4,0.3217759180753611
GO:0007565,female pregnancy,38,0.5215446090886343,1.4744325541089056,0.019969513651008266,0.09266844557885241,0.07048063477076538,522,"tags=24%, list=12%, signal=21%",APOL2/ARHGDIB/LGALS9/CALR/YTHDF3/IGFBP7/BSG/PARP1/RPL29,0.35248785758361917
GO:0002821,positive regulation of adaptive immune response,30,0.5390037937085254,1.474309433674366,0.020309782254220334,0.09385961099378369,0.07138659681682022,577,"tags=37%, list=14%, signal=32%",HLA-A/HLA-C/HLA-DRB1/CYRIB/TFRC/HLA-B/HLA-E/HLA-G/STX7/HLA-DRB3/HLA-DRA,0.35248785758361917
GO:1903313,positive regulation of mRNA metabolic process,59,0.49941440938922904,1.4728448723320329,0.004588400852913763,0.03031043622248327,0.023053141463580777,1055,"tags=41%, list=25%, signal=31%",LSM6/THRAP3/YTHDF3/YTHDF2/YTHDF1/RBMX/NCBP2/CAPRIN1/TRA2B/PABPC1/HNRNPU/PAIP1/DIS3/SYNCRIP/FXR1/FXR2/ZC3HAV1/ROCK1/CSDE1/LSM7/YBX1/TARDBP/XRN1/NCBP1,0.40701791892395395
GO:0002449,lymphocyte mediated immunity,87,0.48265316988579915,1.47218019177586,0.001579679757917079,0.013541834871304425,0.010299483408063458,1526,"tags=56%, list=36%, signal=37%",CORO1A/PTPRC/LGALS9/HLA-A/HLA-C/SERPINB9/HLA-DRB1/CYRIB/HMGB1/TFRC/HLA-B/HLA-E/HLA-G/CTSC/CD74/GRB2/MYO1G/STX7/SERPINB4/NCKAP1L/HLA-DRB3/HLA-DRA/CLU/C4BPA/C1QA/AP1G1/VAMP7/YWHAG/LAMP1/TP53BP1/RFTN1/C1QC/PIK3C3/KIF5B/HLA-F/BTN3A3/PRKAA1/BTK/PCYT1A/NBN/C1RL/C1R/C1QB/UFL1/C1S/MAPK3/IL18/ARRB2/C1QBP,0.45505986738722953
GO:0022407,regulation of cell-cell adhesion,149,0.4678715511571705,1.4712825422829212,1.7069048398724474e-4,0.0029490063618103973,0.0022429192485651727,716,"tags=31%, list=17%, signal=27%",ITGB2/PTPRC/LGALS9/FERMT3/HLA-A/HLA-DPB1/HLA-DRB1/PTPN6/CSK/CYRIB/PSMA4/AP3B1/HMGB1/YTHDF2/CD47/TFRC/FGG/PSMB8/HLA-E/HLA-G/SWAP70/PRKCD/SMARCC2/RELA/HLA-DRB5/LYN/SRC/YES1/NCK1/PSMA3/SART1/NCKAP1L/FGB/HSPH1/PSMA2/PSMB9/HLA-DRB3/HLA-DRA/LCK/FGA/PSMA7/CD44/NCK2/PRKAR1A/F11R/CEBPB,0.5188480777437918
GO:0006641,triglyceride metabolic process,29,-0.3668712430614086,-1.4704732011257762,0.015096400356119566,0.07568418571393871,0.05756295379626193,500,"tags=41%, list=12%, signal=37%",AGPAT2/APOE/FITM2/PLIN1/ABHD5/CAV1/MGLL/LIPE/ACSL1/GPLD1/APOB/APOA4,0.3807304007227924
GO:0002262,myeloid cell homeostasis,46,0.5112312465335773,1.4699926455149732,0.011722702993618642,0.06239144768641581,0.04745292542393851,1422,"tags=59%, list=34%, signal=39%",STAT1/CASP3/HMGB1/ACIN1/RPS19/RPS17/GLUL/LYN/NCKAP1L/RPS24/HMGB2/CDK6/PTBP3/RPS14/CDK5RAP3/PRMT1/PRKDC/ADAM17/HMOX1/SLC25A5/BTK/STAT5B/HSPA9/G6PD/HBD/UFL1/SLC1A5,0.3807304007227924
GO:0050829,defense response to Gram-negative bacterium,23,0.5596383413048269,1.4684411846232237,0.033056927250629524,0.13258189036591772,0.10083751522676208,973,"tags=39%, list=23%, signal=30%",DEFA1/DEFA3/DEFA1B/H2BC12/RPS19/HMGB2/RPL30/OPTN/RNASE6,0.3217759180753611
GO:2001242,regulation of intrinsic apoptotic signaling pathway,67,0.49340065555611456,1.4680455002075188,0.004393700997288862,0.02919601313583072,0.022205547160473228,686,"tags=33%, list=16%, signal=28%",SOD2/RPL26/S100A8/PPIF/BAX/BCLAF1/NHERF1/TPT1/PTPN1/CD74/HYOU1/ERP29/PARP1/SRC/NCK1/EIF5A/SYVN1/CLU/LCK/CD44/NCK2/BCAP31,0.40701791892395395
GO:0097529,myeloid leukocyte migration,59,0.49699842967571206,1.4657198009167658,0.005200170226398122,0.033370235224257666,0.02538032602536896,460,"tags=25%, list=11%, signal=23%",ITGB2/S100A8/HMGB1/RAC1/RAC2/CD47/MMP14/PECAM1/BSG/CD74/SWAP70/RPS19/LYN/PPIB/NCKAP1L,0.40701791892395395
GO:0030595,leukocyte chemotaxis,67,0.49137043032244404,1.4620048454472643,0.004782062526087131,0.031222419865092135,0.023746766846310798,460,"tags=24%, list=11%, signal=22%",ITGB2/DEFA1/DEFA1B/LGALS9/CALR/S100A8/HMGB1/RAC1/RAC2/BSG/CD74/SWAP70/RPS19/LYN/PPIB/NCKAP1L,0.40701791892395395
GO:0042274,ribosomal small subunit biogenesis,56,0.4979508051430982,1.4606443396564943,0.009358803162005574,0.053271782399261475,0.040516801759399194,820,"tags=36%, list=19%, signal=29%",LSM6/RPS3A/RPS23/RPS21/RPS11/RPS19/NPM1/RPS17/NOP58/RPS15/RPS24/SNU13/FAU/RPS12/RPS16/RPS13/RPS9/RPS14/RPS25/FBL,0.3807304007227924
GO:0043487,regulation of RNA stability,76,0.48507036610416815,1.4593388064059167,0.0021938771392995583,0.017350169207277492,0.013195979834026353,1246,"tags=46%, list=29%, signal=33%",LSM6/THRAP3/BCLAF1/YTHDF3/YTHDF2/YTHDF1/PRKCD/NPM1/APEX1/CAPRIN1/SRSF1/DKC1/PABPC1/HNRNPU/LARP1/PAIP1/DIS3/SYNCRIP/PNN/FMR1/FXR1/FXR2/ROCK1/SERBP1/MYD88/FUS/CSDE1/LSM7/YBX1/TARDBP/XRN1/TAF15/HNRNPC/QKI/NSUN2,0.4317076958033464
GO:0050852,T cell receptor signaling pathway,41,0.5129448346761422,1.4592616795985598,0.019742117532829083,0.09199335265297535,0.06996718083671206,700,"tags=34%, list=17%, signal=29%",GBP1/PTPRC/HLA-A/HLA-DPB1/HLA-DRB1/CSK/UBE2N/NCK1/PLCG2/HLA-DRB3/KHDRBS1/CLEC2B/LCK/EIF2B4,0.35248785758361917
GO:0060326,cell chemotaxis,88,0.47670402520903055,1.4561157249002172,0.003526457717658976,0.024711069392178996,0.01879444341324599,657,"tags=27%, list=15%, signal=24%",ITGB2/DEFA1/DEFA1B/LGALS9/CALR/S100A8/HMGB1/RAC1/RAC2/RAB13/BSG/CD74/SWAP70/PRKCD/RPS19/LYN/PPIB/NCKAP1L/HMGB2/RHOG/ADAM10/CORO1B/SRP54/ENG,0.4317076958033464
GO:0050729,positive regulation of inflammatory response,43,0.5093841056463269,1.4555518750251184,0.013404038592086505,0.07001272250657277,0.05324942156382516,821,"tags=33%, list=19%, signal=27%",GBP1/GBP2/S100A8/CASP3/GRN/VAMP8/CD47/HLA-E/CASP1/RPS19/PLCG2/MGST2/CEBPB/VAMP7,0.3807304007227924
GO:0007043,cell-cell junction assembly,57,-0.3054048335523537,-1.4552821950006651,0.008854166058462759,0.051519318568153775,0.03918393421794272,398,"tags=30%, list=9%, signal=27%",ANK2/CLDN1/CTNNA1/CAV1/VCL/CDH13/PKP1/PKP3/DSG1/CTNNB1/PDCD6IP/MYO1C/JUP/POF1B/CD9/DSG2/TLN2,0.3807304007227924
GO:0008380,RNA splicing,226,0.45866486480803825,1.4518796201060988,1.1693705264579411e-5,3.75200886060648e-4,2.853657083694828e-4,1446,"tags=50%, list=34%, signal=35%",LSM6/PPIE/SRSF4/SRSF5/SRSF6/NCL/SRSF3/THRAP3/BUD31/TCERG1/SNRPD2/H1-2/H1-3/RBMX/SNRPF/ACIN1/RPS26/DDX46/PHF5A/SRSF7/SF3A2/RBM25/IK/NCBP2/SF3B2/CDC5L/THOC6/SRSF1/TRA2B/TIAL1/SNRPB/SNRPA/SAP18/RBM8A/SNRPB2/SNRNP70/SART1/SNRPA1/ILF3/RBM14/UBL5/PRPF3/SNU13/PABPC1/PQBP1/PLRG1/HNRNPU/RBM15/HNRNPR/SYNCRIP/KHDRBS1/PNN/PRPF4/RBM12/PRPF40A/FMR1/RPS13/PPIL1/CWC15/PTBP3/PRPF6/CDK11B/HNRNPH2/SF3B3/CTNNBL1/RBMXL1/HNRNPH1/HNRNPH3/MFAP1/RALY/RNPS1/FUS/CELF2/RBM17/IWS1/HNRNPF/PRMT1/LSM7/YBX1/LUC7L2/LUC7L/XAB2/SON/MBNL1/TARDBP/SRSF10/SF3B1/NCBP1/PRPF8/DDX23/HNRNPUL2/LUC7L3/HNRNPUL1/PPWD1/SRSF2/HNRNPC/FAM98A/QKI/RBM22/SNRPC/U2AF1/SNRPG/SF3A1/LARP7/ZNF830/HNRNPK/HNRNPA3/HNRNPA1/SNRPD1/LSM2/FAM98B/SMU1/TRA2A,0.5933254763964051
GO:0043488,regulation of mRNA stability,73,0.4861198747059651,1.4517184242318248,0.004777241898540671,0.031222419865092135,0.023746766846310798,1094,"tags=42%, list=26%, signal=32%",LSM6/THRAP3/BCLAF1/YTHDF3/YTHDF2/YTHDF1/PRKCD/NPM1/APEX1/CAPRIN1/SRSF1/PABPC1/HNRNPU/LARP1/PAIP1/DIS3/SYNCRIP/PNN/FMR1/FXR1/FXR2/ROCK1/SERBP1/MYD88/FUS/CSDE1/LSM7/YBX1/TARDBP/XRN1/TAF15,0.40701791892395395
GO:0040029,epigenetic regulation of gene expression,81,0.47849090436106484,1.4506817901220284,0.00530974488905395,0.03387979267277037,0.025767879007390092,1086,"tags=41%, list=26%, signal=31%",SMARCA5/LBR/IFI16/H2AC8/H2AX/H2AZ1/H2AC21/H2AC19/H2AC4/H2AC18/HMGB1/H1-2/RBBP4/CBX3/APEX1/RBM14/HNRNPU/CBX1/RBM15/HDAC1/HDAC2/CDK2/MACROH2A1/MACROH2A2/ZNF512/CUL4B/CUL4A/DCAF8/RBBP7/H3-7/GPX1/WDR5/MECP2,0.40701791892395395
GO:0002687,positive regulation of leukocyte migration,47,0.5102376693523771,1.4460493379807624,0.012552174807964129,0.06617883713306909,0.05033349184173908,1634,"tags=62%, list=39%, signal=38%",LGALS9/CALR/ICAM1/HMGB1/RAC1/RAC2/CD47/MMP14/CD74/SWAP70/NCKAP1L/ADAM10/WNK1/MCU/ANO6/ADAM17/LGMN/MIA3/P4HB/RHOA/THY1/PYCARD/MAPK1/MAPK3/C1QBP/THBS1/CSF1R/STK39/S100A7,0.3807304007227924
GO:0070374,positive regulation of ERK1 and ERK2 cascade,50,0.49987534640077913,1.4455618721915382,0.013880101746058372,0.07117513361106645,0.054133514007564144,660,"tags=28%, list=16%, signal=24%",PTPRC/LGALS9/ICAM1/HMGB1/FGG/NAMPT/CD74/RAP1A/SRC/GLIPR2/FGB/CHI3L1/FGA/CD44,0.3807304007227924
GO:0060537,muscle tissue development,71,-0.3009469107956221,-1.445012853982945,0.0030364008028487283,0.022286784977772037,0.01695061077609568,389,"tags=28%, list=9%, signal=26%",IGSF8/MYLK2/COL3A1/CAV2/ACTA1/CAV1/EFEMP2/GPC1/SORBS2/SGCD/MYLK/CTNNB1/DSP/TPM1/COL6A1/PLEC/DSG2/MYH11/PGM5/MYH14,0.4317076958033464
GO:0043549,regulation of kinase activity,58,0.48786841892737165,1.438171385128855,0.009873952564016776,0.05462290014478246,0.04154441839588777,1637,"tags=62%, list=39%, signal=39%",PTPRC/PRDX3/ADAR/NHERF1/PTPN1/HGS/RAP1A/LYN/HNRNPU/CDC37/EEF1A2/FGR/SNX6/PRKAR1A/RAP2B/MYD88/CDK5RAP3/TAOK3/YWHAG/DNAJA1/STK38/CHMP6/FGF2/CORO1C/RHOA/SFN/THY1/SNX9/MAP2K1/MAP2K2/PYCARD/BCCIP/VPS25/ZNF622/CSF1R/MTOR,0.3807304007227924
GO:0097193,intrinsic apoptotic signaling pathway,113,0.4592023300532338,1.4352136311723174,0.0034547063103516316,0.024564328079807785,0.01868283669773011,716,"tags=29%, list=17%, signal=25%",SOD2/RPL26/S100A8/CASP3/IFI16/PPIF/ERO1A/BAX/BCLAF1/DNAJC10/NHERF1/TPT1/PTPN1/CD74/PRKCD/HYOU1/ERP29/PML/PARP1/ATP2A1/SRC/NCK1/ATP2A3/EIF5A/STK24/SYVN1/CLU/LCK/CD44/NCK2/BCAP31/CUL1/CEBPB,0.4317076958033464
GO:0001932,regulation of protein phosphorylation,95,0.4688697491989599,1.4338247541340026,0.0017785175067362117,0.014794630815294559,0.01125231964934401,1514,"tags=54%, list=36%, signal=35%",ITGB2/PTPRC/DNAJC3/MYDGF/RAC1/ADAR/NHERF1/PTPN1/DDRGK1/HGS/RAP1A/LYN/FN1/CDC37/FGR/SNX6/PRKAR1A/RAP2B/ARAF/RAF1/MYD88/STK4/CDK5RAP3/NDUFS4/TAOK3/YWHAG/DNAJA1/UBE2K/PLXNB2/STK38/TARDBP/CHMP6/NPTN/PRKDC/FGF2/ARRB1/CORO1C/RHOA/SFN/THY1/SNX9/MAP2K1/STAT2/MAP2K2/PYCARD/CNOT9/MMP9/MAPK1/BCCIP/PARP9/IL18,0.45505986738722953
GO:0035967,cellular response to topologically incorrect protein,43,0.5016711481807884,1.433512299042062,0.01755491589172579,0.08325707824163381,0.06332265192294056,911,"tags=40%, list=21%, signal=31%",DNAJC3/MANF/BAX/DNAJC10/VAPB/PTPN1/DDRGK1/DERL1/NCK1/TBL2/TMEM33/UBR4/NCK2/CDK5RAP3/ERLEC1/ATAD3A/OPTN,0.35248785758361917
GO:0001818,negative regulation of cytokine production,77,0.4702306002483776,1.433418546829262,0.005970245825460743,0.037455788055823544,0.0284876659096151,693,"tags=27%, list=16%, signal=23%",GBP1/PTPRC/LGALS9/CASP3/HLA-DRB1/PTPN6/CSK/SERPINB1/HMGB1/RAC1/OAS3/CTPS1/PML/RELA/BST2/FN1/NCKAP1L/PRKACA/FXR1/YY1/SIGLEC1,0.40701791892395395
GO:0170039,proteinogenic amino acid metabolic process,51,-0.3146628079766095,-1.4314509314598758,0.009392531536111996,0.053271782399261475,0.040516801759399194,691,"tags=43%, list=16%, signal=37%",DLST/HAL/PSPH/ACADSB/HIBADH/MTAP/GLUD1/ALDH4A1/HIBCH/GPT/MCCC2/MCCC1/ARG1/HMGCL/PSAT1/ALDH7A1/SHMT1/ACAD8/ACAT1/ASS1/ALDH6A1/PHGDH,0.3807304007227924
GO:0034101,erythrocyte homeostasis,41,0.5031300318934571,1.4313398357171756,0.025879917184265012,0.11352791796066253,0.08634567756143387,1422,"tags=59%, list=34%, signal=39%",STAT1/CASP3/ACIN1/RPS19/RPS17/GLUL/LYN/NCKAP1L/RPS24/HMGB2/CDK6/PTBP3/RPS14/CDK5RAP3/PRMT1/PRKDC/HMOX1/SLC25A5/STAT5B/HSPA9/G6PD/HBD/UFL1/SLC1A5,0.2878571172551493
GO:0071248,cellular response to metal ion,44,0.5003655424965532,1.4305982273706275,0.021570430059621473,0.09887180798757109,0.07519871240278485,537,"tags=32%, list=13%, signal=28%",MT1H/MT2A/CALR/CYBB/HVCN1/PPIF/MT1E/CLIC4/FBP1/PARP1/ALOX5AP/CACYBP/HSP90B1/PLCG2,0.35248785758361917
GO:0043086,negative regulation of catalytic activity,52,0.4934159217278253,1.4302436689244697,0.017381962461271536,0.08325707824163381,0.06332265192294056,1569,"tags=58%, list=37%, signal=37%",PTPRC/PRDX3/SERPINB1/ADAR/PTPN1/LYN/HNRNPU/SERPINB13/TMBIM1/SNX6/PPP1R12A/ABCE1/CDK5RAP3/YWHAG/DNAJA1/SERPINB8/STK38/CHMP6/TMED2/GNAI2/GNAI3/CORO1C/SFN/THY1/NES/XRCC1/PYCARD/PARP9/TIMP1/VPS25,0.35248785758361917
GO:0045088,regulation of innate immune response,175,0.45490939595985574,1.4294204425148376,8.660751195843153e-5,0.001801115480172567,0.0013698704186205092,805,"tags=31%, list=19%, signal=26%",CTSS/LGALS9/GBP2/MNDA/HLA-A/HLA-C/S100A8/IFI16/GRN/SERPINB9/PTPN6/TRIM21/AP3B1/HMGB1/YTHDF3/YTHDF2/HLA-B/HLA-E/HLA-G/OAS3/RALB/PCBP2/PTPN1/CASP1/WDFY1/GRB2/RPS19/PARP1/RELA/HCK/LYN/SRC/SERPINB4/SAMHD1/PAK2/RBM14/PQBP1/EIF2AK2/CDC37/HSP90B1/PAK1/PLCG2/HMGB2/DDX60/FGR/MATR3/CPT1A/RIGI/ERAP1/CYBA/ZC3HAV1/STING1/MYD88/AP1G1,0.5384340963099162
GO:0061844,antimicrobial humoral immune response mediated by antimicrobial peptide,29,0.5290260498916831,1.4290940927199713,0.037076271186440676,0.1437104416698371,0.10930153288757263,678,"tags=31%, list=16%, signal=26%",DEFA1/DEFA3/DEFA1B/H2BC12/RPS19/H2BC26/KRT6A/FAU/RPL30,0.24133997681509095
GO:1901606,alpha-amino acid catabolic process,40,-0.35209117055419265,-1.4268154645647444,0.01367708563364915,0.07045581269077063,0.053586421685580594,691,"tags=48%, list=16%, signal=40%",DLST/HAL/ACADSB/HIBADH/GLUD1/ALDH4A1/HIBCH/GPT/MCCC2/MCCC1/ARG1/HMGCL/ALDH7A1/SHMT1/BLMH/ACAD8/ACAT1/ASS1/ALDH6A1,0.3807304007227924
GO:0022408,negative regulation of cell-cell adhesion,62,0.4794505970614281,1.4242866295154024,0.017570727999347474,0.08325707824163381,0.06332265192294056,1194,"tags=44%, list=28%, signal=32%",LGALS9/HLA-DRB1/CSK/PSMA4/HMGB1/YTHDF2/PSMB8/HLA-E/HLA-G/SWAP70/PRKCD/PSMA3/PSMA2/PSMB9/PSMA7/PRKAR1A/CEBPB/PSMB2/PSMB1/WNK1/PSMB10/TMX1/PSMB4/PSMA1/MIA3/PSMA6/STAT5A,0.35248785758361917
GO:0010563,negative regulation of phosphorus metabolic process,44,0.49802424842345777,1.4239042189582742,0.023296029017297624,0.10451106104546853,0.07948774663305466,1449,"tags=57%, list=34%, signal=38%",PTPRC/DNAJC3/PRDX3/ADAR/PTPN1/FBP1/PARP1/LYN/HNRNPU/PRKACA/SNX6/PLEK/CDK5RAP3/YWHAG/DNAJA1/STK38/TARDBP/CHMP6/PRKDC/PPP2CA/GIT1/CORO1C/SFN/THY1/PYCARD,0.35248785758361917
GO:0045936,negative regulation of phosphate metabolic process,44,0.49802424842345777,1.4239042189582742,0.023296029017297624,0.10451106104546853,0.07948774663305466,1449,"tags=57%, list=34%, signal=38%",PTPRC/DNAJC3/PRDX3/ADAR/PTPN1/FBP1/PARP1/LYN/HNRNPU/PRKACA/SNX6/PLEK/CDK5RAP3/YWHAG/DNAJA1/STK38/TARDBP/CHMP6/PRKDC/PPP2CA/GIT1/CORO1C/SFN/THY1/PYCARD,0.35248785758361917
GO:0030518,nuclear receptor-mediated steroid hormone signaling pathway,43,0.49714342829238595,1.420574456851657,0.02672147995889003,0.11541623843782116,0.08778187329180821,731,"tags=30%, list=17%, signal=25%",DEFA1/DEFA3/DEFA1B/CALR/DDRGK1/PARP1/SAFB/SRC/PAK1/HDAC1/HDAC2/VPS11/SAFB2,0.2820133500117251
GO:0043401,steroid hormone receptor signaling pathway,43,0.49714342829238595,1.420574456851657,0.02672147995889003,0.11541623843782116,0.08778187329180821,731,"tags=30%, list=17%, signal=25%",DEFA1/DEFA3/DEFA1B/CALR/DDRGK1/PARP1/SAFB/SRC/PAK1/HDAC1/HDAC2/VPS11/SAFB2,0.2820133500117251
GO:0006664,glycolipid metabolic process,28,0.5198269440341294,1.420524498463799,0.0322234156820623,0.1301686899674675,0.09900211273512206,1179,"tags=36%, list=28%, signal=26%",M6PR/PIGT/PRKCD/SUMF1/TM9SF2/GM2A/GLTP/NAGA/PRKAA1/DPM1,0.26166352171157314
GO:1903509,liposaccharide metabolic process,28,0.5198269440341294,1.420524498463799,0.0322234156820623,0.1301686899674675,0.09900211273512206,1179,"tags=36%, list=28%, signal=26%",M6PR/PIGT/PRKCD/SUMF1/TM9SF2/GM2A/GLTP/NAGA/PRKAA1/DPM1,0.26166352171157314
GO:0050779,RNA destabilization,44,0.49682469167435284,1.4204745588135375,0.024331389552044443,0.10800059473101149,0.08214177355316479,1049,"tags=41%, list=25%, signal=31%",LSM6/YTHDF3/YTHDF2/YTHDF1/CAPRIN1/PABPC1/HNRNPU/PAIP1/DIS3/SYNCRIP/FXR1/FXR2/ROCK1/CSDE1/LSM7/YBX1/TARDBP/XRN1,0.35248785758361917
GO:0061157,mRNA destabilization,44,0.49682469167435284,1.4204745588135375,0.024331389552044443,0.10800059473101149,0.08214177355316479,1049,"tags=41%, list=25%, signal=31%",LSM6/YTHDF3/YTHDF2/YTHDF1/CAPRIN1/PABPC1/HNRNPU/PAIP1/DIS3/SYNCRIP/FXR1/FXR2/ROCK1/CSDE1/LSM7/YBX1/TARDBP/XRN1,0.35248785758361917
GO:0048193,Golgi vesicle transport,177,0.4524328026230744,1.420076121208847,3.4240127724047357e-4,0.004867299168874074,0.00370191096762877,1036,"tags=37%, list=24%, signal=29%",YIF1B/CSK/SCAMP2/AP3M1/RAB10/RAB43/RAB8A/RAB14/RAB4B/RAB1A/RAB6A/RAB1B/MYO1B/VAPB/VAPA/CORO7/ACSL3/RAB13/AP1M1/TMED7/HYOU1/SEC13/RP2/ARCN1/YIPF6/RABGGTA/MYO18A/TM9SF4/STX5/TFG/EHD3/AP3D1/ACBD3/SEC23B/SCYL1/LMAN2/LMAN1/BCAP31/TMED5/VPS13C/VAMP2/ANXA13/VTI1B/TMED10/SEC31A/MYO5A/SNX3/AP1G2/AP1G1/VAMP7/COPG1/COPG2/NSF/GLTP/COPA/CCDC93/TRAPPC1/OPTN/BCAP29/SNX12/LAMP1/AP2M1/SEC22B/PITPNB/CNIH4/SURF4,0.49849310876659025
GO:2001235,positive regulation of apoptotic signaling pathway,37,0.5095814811999988,1.4198402633766447,0.02598752598752599,0.11355638787545402,0.08636733086158194,686,"tags=35%, list=16%, signal=30%",RPL26/S100A8/BAX/BCLAF1/NHERF1/PML/NCK1/PAK2/EIF5A/CLU/LCK/NCK2/BCAP31,0.2878571172551493
GO:0002685,regulation of leukocyte migration,65,0.4741199175167248,1.4192437839852232,0.010837898826509316,0.05908233195228137,0.04493611858624028,1634,"tags=55%, list=39%, signal=35%",LGALS9/CALR/MSN/ICAM1/HMGB1/RAC1/RAC2/CD47/MMP14/CD74/SWAP70/LYN/NCKAP1L/ADAM10/MPP1/WNK1/STK10/MCU/ANO6/ADAM17/LGMN/MIA3/HMOX1/P4HB/RHOA/DPP4/THY1/PYCARD/MAPK1/MAPK3/C1QBP/EMILIN1/THBS1/CSF1R/STK39/S100A7,0.3807304007227924
GO:0000077,DNA damage checkpoint signaling,28,0.5192812614727905,1.4190333186477802,0.03329752953813104,0.13260418742297106,0.100854473650148,1507,"tags=57%, list=36%, signal=37%",H2AX/CDC5L/LYN/CDK2/CDK1/CUL1/CDK5RAP3/TAOK3/TAOK1/TP53BP1/STK38/PRKDC/FBXO6/NBN/UFL1/PARP9,0.25720646646883816
GO:0050900,leukocyte migration,112,0.45610378748160696,1.4183229291714015,0.003271044300754176,0.02354732531889064,0.017909337156377932,1151,"tags=39%, list=27%, signal=29%",ITGB2/DEFA1/DEFA1B/LGALS9/CALR/S100A8/MSN/ICAM1/HMGB1/RAC1/RAC2/CD47/MMP14/PECAM1/BSG/CD74/SWAP70/RPS19/MYO1G/HCK/LYN/SRC/YES1/PPIB/NCKAP1L/MYH9/ADAM10/LCK/SRP54/ANKRD22/F11R/ROCK1/MPP1/WNK1/STK10/MCU/WDR1/ANO6/JAGN1/ADAM17/LGMN/MIA3/HMOX1/GNAI1,0.4317076958033464
GO:0042692,muscle cell differentiation,123,0.4548760443596021,1.4172848763258408,0.0021476253936719004,0.017227023693525318,0.013102319322897567,1250,"tags=50%, list=29%, signal=37%",RPL7A/RPL31/CALR/RPL21/CASP3/RPL23A/RPL34/LAMB1/RPL10/RPL6/RPL13A/RPL19/RPL32/MMP14/RPL27A/RPL17/RPL18A/RPL24/RPL37A/RPL7/RPL27/RPL4/KRT8/RPL28/NACA/CSRP2/CACYBP/RPL29/RPL5/PAK1/MYL9/RPL14/EHD1/CDK1/DOCK2/ENG/RPL30/YY1/RPL36A/FLNC/RPL18/FLII/RPL12/RPL15/RPL13/WDR1/FBXO22/RPL23/RPL11/MECP2/HDGFL2/AKAP13/RPL35/NEBL/MYH3/MYH6/FHL2/RPL10A/RPL35A/RPL8/QKI/G6PD,0.4317076958033464
GO:0170033,L-amino acid metabolic process,55,-0.3116661231225063,-1.414615746336536,0.015340358468210188,0.0765654335991113,0.05823320255191314,691,"tags=42%, list=16%, signal=35%",DLST/HAL/PSPH/ACADSB/HIBADH/MTAP/GLUD1/ALDH4A1/HIBCH/GPT/MCCC2/MCCC1/ARG1/HMGCL/PSAT1/ALDH7A1/SHMT1/BLMH/ACAD8/ACAT1/ASS1/ALDH6A1/PHGDH,0.3807304007227924
GO:0019217,regulation of fatty acid metabolic process,24,0.5348562318597992,1.413392603460747,0.043243243243243246,0.1585502364841016,0.12058820281975895,612,"tags=33%, list=14%, signal=29%",NME1/PLAA/CD74/FABP5/EIF6/NME2/UBR4/CPT1A,0.22496609354031377
GO:0045739,positive regulation of DNA repair,45,0.4854934634704425,1.4099168311347647,0.02325398596944638,0.10451106104546853,0.07948774663305466,1329,"tags=51%, list=31%, signal=35%",H2AX/UBE2N/HMGB1/PCNA/UBE2V2/PRKCD/SMARCC2/PARP1/TOP2B/BCL7C/YY1/FUS/PRMT1/PRKDC/HDGFL2/DPF2/ACTB/SMARCD2/RUVBL2/SMARCA2/RAD50/NBN/SMARCE1,0.35248785758361917
GO:1902369,negative regulation of RNA catabolic process,41,0.4953377705464943,1.4091718605035854,0.034161490683229816,0.13551583762610211,0.10306898100769817,1246,"tags=51%, list=29%, signal=37%",THRAP3/BCLAF1/SRSF1/DKC1/PABPC1/HNRNPU/LARP1/PAIP1/SYNCRIP/PNN/FXR1/SLIRP/MYD88/FUS/CSDE1/YBX1/TARDBP/TAF15/HNRNPC/QKI/NSUN2,0.24891111443470246
GO:0002702,positive regulation of production of molecular mediator of immune response,31,0.5181662478900065,1.4072900692145889,0.029723991507430998,0.12455239724942167,0.0947305413997696,1374,"tags=52%, list=32%, signal=35%",PTPRC/HLA-A/TFRC/HLA-E/HLA-G/GALNT2/CD74/PLCG2/DDX21/RIGI/TP53BP1/GPI/HLA-F/BTK/SLC7A5/HK1,0.27128855468895297
GO:0042325,regulation of phosphorylation,106,0.45749859601697335,1.4052104877580216,0.003190776958432643,0.023117693705289405,0.017582573189905255,1637,"tags=57%, list=39%, signal=36%",ITGB2/PTPRC/DNAJC3/MYDGF/PRDX3/RAC1/ADAR/NHERF1/PTPN1/DDRGK1/HGS/RAP1A/LYN/FN1/HNRNPU/CDC37/EEF1A2/FGR/SNX6/PRKAR1A/RAP2B/ARAF/RAF1/MYD88/STK4/CDK5RAP3/NDUFS4/TAOK3/YWHAG/DNAJA1/UBE2K/PLXNB2/STK38/TARDBP/CHMP6/NPTN/PRKDC/FGF2/ARRB1/CORO1C/RHOA/SFN/THY1/SNX9/MAP2K1/STAT2/MAP2K2/PYCARD/CNOT9/MMP9/MAPK1/BCCIP/PARP9/IL18/VPS25/THBS1/ZNF622/MCM7/CSF1R/MTOR,0.4317076958033464
GO:0045859,regulation of protein kinase activity,53,0.4817891941280204,1.4049786070518209,0.014426929466584224,0.07297946752691029,0.05550583226468742,1637,"tags=60%, list=39%, signal=38%",PTPRC/ADAR/NHERF1/PTPN1/HGS/RAP1A/LYN/CDC37/FGR/SNX6/PRKAR1A/RAP2B/MYD88/CDK5RAP3/TAOK3/YWHAG/DNAJA1/STK38/CHMP6/FGF2/CORO1C/RHOA/SFN/THY1/SNX9/MAP2K1/MAP2K2/PYCARD/BCCIP/VPS25/CSF1R/MTOR,0.3807304007227924
GO:0051338,regulation of transferase activity,69,0.46893236299329594,1.404759310450933,0.010772347019090913,0.05901144245092242,0.04488220231492318,1691,"tags=61%, list=40%, signal=37%",PTPRC/PRDX3/ADAR/NHERF1/PTPN1/HGS/RAP1A/LYN/HNRNPU/CDC37/EEF1A2/PABPN1/FGR/SNX6/PRKAR1A/RAP2B/MYD88/CDK5RAP3/TAOK3/YWHAG/DNAJA1/STK38/CHMP6/RPS2/FGF2/CORO1C/RHOA/SFN/THY1/SNX9/MAP2K1/XRCC1/MAP2K2/PYCARD/BCCIP/VPS25/ZNF622/CSF1R/MTOR/RFC2/NEK7/RFC4,0.3807304007227924
GO:0061013,regulation of mRNA catabolic process,83,0.4633074389302964,1.4044888221792615,0.007453065168344749,0.04515457796738427,0.034343117531190515,1094,"tags=41%, list=26%, signal=31%",LSM6/THRAP3/BCLAF1/YTHDF3/YTHDF2/YTHDF1/PRKCD/NPM1/APEX1/CAPRIN1/SRSF1/RBM8A/PABPC1/HNRNPU/LARP1/PAIP1/DIS3/SYNCRIP/PNN/FMR1/FXR1/FXR2/ZC3HAV1/ROCK1/SERBP1/SLIRP/MYD88/FUS/CSDE1/LSM7/YBX1/TARDBP/XRN1/TAF15,0.40701791892395395
GO:0051053,negative regulation of DNA metabolic process,40,0.49489705620307206,1.4034562198273735,0.03958333333333333,0.1517135949943117,0.11538847351718279,1659,"tags=62%, list=39%, signal=38%",H1-2/H1-3/H1-4/H1-5/H1-1/SUB1/S100A11/PML/PARP1/SRC/H1-10/HNRNPU/OTUB1/TP53BP1/XRN1/HNRNPC/RAD50/NBN/HNRNPA1/XRCC1/C1QBP/RPS3/GTPBP4/TERF2/RBX1,0.2311267096738343
GO:0016032,viral process,166,0.44775090420931823,1.403358709052791,4.329518352630779e-4,0.005763043299438594,0.004383185100587595,1105,"tags=39%, list=26%, signal=30%",LGALS9/STAT1/CTSB/IFI16/VAMP8/PPIE/TRIM21/CHMP4B/ICAM1/HMGB1/ADAR/SLC3A2/TFRC/RAB43/RAB1A/RAB1B/VAPB/VAPA/OAS3/PCBP2/PCBP3/SPCS1/BSG/CHMP4A/IFITM3/RAD23A/SPCS3/SRC/DEK/SSB/BST2/ILF3/PABPC1/EIF2AK2/STOM/LARP1/TOP2B/EIF3A/MYH9/MCTS1/CDK1/FMR1/MAN2A1/SIGLEC1/F11R/ZC3HAV1/TMEM41B/STAU1/IFIT1/SP100/LRRC15/PRMT1/CSDE1/CHMP1B/LAMP1/CHMP2A/EIF3G/CHMP6/CANX/GALNT1/MGAT1/CHMP5/MRC1/TRIM25/PCBP1,0.49849310876659025
GO:0043523,regulation of neuron apoptotic process,57,0.47750045469998714,1.4027946836412115,0.027439024390243903,0.11716359083742929,0.08911085324311005,625,"tags=23%, list=15%, signal=20%",SOD2/CASP3/GRN/SET/BAX/HYOU1/CASP1/LCN2/PARP1/TMBIM1/CLU/SNX6/CDK5,0.2765005992544716
GO:0006457,protein folding,125,0.44790831191560776,1.4010807913224168,0.006459659587009342,0.04007844042105796,0.03048237082054925,1371,"tags=49%, list=32%, signal=34%",DNAJC3/CALR/SDF2L1/GRN/TBCB/TXNDC5/PPIF/PPIE/DNAJB11/ERO1A/ERO1B/PFDN2/DNAJC10/PDIA3/COA3/CD74/RP2/ERP29/RANBP2/FKBP1A/PDIA5/SNRNP70/PPIB/HSPH1/CDC37/HSP90B1/NUDC/FKBP5/PDIA4/TBCA/CLU/PPIL1/LMAN1/CRTAP/HSPA4L/P3H1/PPIC/DNAJC7/DNAJA1/AHSA1/MPDU1/CANX/CHORDC1/DNAJB6/GFER/ERP44/CCT7/HSP90AB1/TBCC/PDIA6/DNAJA2/HSPA9/P4HB/RUVBL2/PTGES3/DNAJB12/HSP90AA1/VBP1/NUDCD2/DNAJB4/DNAJB1,0.40701791892395395
GO:0006941,striated muscle contraction,90,0.458817503541502,1.4001450297759863,0.007415650182559886,0.04515457796738427,0.034343117531190515,1241,"tags=58%, list=29%, signal=42%",RPL7A/RPL31/RPL21/RPL23A/RPL34/RPL10/RPL6/RPL13A/RPL19/RPL32/RPL27A/RPL17/RPL18A/RPL24/ATP2A1/ATP2A2/RPL37A/RPL7/RPL27/FKBP1A/RPL4/RPL28/RPL29/RPL5/RPL14/DSC2/PRKACA/CLIC2/EHD3/RPL30/GSTO1/RPL36A/FLNA/RPL18/RPL12/RPL15/RPL13/CAMK2D/RPL23/RPL11/RPL35/MYH3/MYH6/MYH7/MYH7B/RPL10A/RPL35A/TNNC2/CALM1/CALM2/CALM3/RPL8,0.40701791892395395
GO:2000779,regulation of double-strand break repair,44,0.4895586486080502,1.3997001699961404,0.03329864724245578,0.13260418742297106,0.100854473650148,1329,"tags=52%, list=31%, signal=36%",UBE2N/UBE2V2/SMARCC2/PML/PARP1/DEK/TOP2B/OTUB1/BCL7C/FUS/PRMT1/TP53BP1/PPP4C/PRKDC/HDGFL2/DPF2/ACTB/SMARCD2/RUVBL2/SMARCA2/RAD50/NBN/SMARCE1,0.2529611230696109
GO:0008154,actin polymerization or depolymerization,84,0.46139529714536737,1.3987959025600163,0.009075952750016039,0.05226817917060519,0.03975349347067328,1109,"tags=44%, list=26%, signal=33%",COTL1/CYRIB/LIMA1/ARPC5L/RAC1/ARPC5/CYRIA/ENAH/CORO7/RDX/ARPC3/VASP/CFL1/SWAP70/PRKCD/HCK/NCK1/NCKAP1/NCKAP1L/TWF1/CFL2/DSTN/NCK2/MICAL1/PLEK/CAPZA1/DIAPH1/PDXP/CAPG/CAPZB/FLII/ARPC2/WASHC5/WDR1/PFN1/SH3BP1/EVL,0.3807304007227924
GO:0044092,negative regulation of molecular function,72,0.46959513961447025,1.3980113551385822,0.010919970730720594,0.059242160051204,0.04505767869006965,1569,"tags=53%, list=37%, signal=34%",PTPRC/IFI16/PRDX3/SERPINB1/BAX/ADAR/UBLCP1/PTPN1/LYN/HNRNPU/SERPINB13/TMBIM1/SNX6/FMR1/ROCK1/PPP1R12A/ABCE1/CDK5RAP3/YWHAG/DNAJA1/SERPINB8/STK38/CHMP6/TMED2/GNAI2/GNAI3/CALM1/CALM2/CALM3/CORO1C/SFN/THY1/NES/XRCC1/PYCARD/PARP9/TIMP1/VPS25,0.3807304007227924
GO:0006310,DNA recombination,72,0.46870707937130407,1.3953675494445694,0.01159716504996911,0.06231395383308761,0.047393986095245914,1615,"tags=56%, list=38%, signal=35%",H2AX/UBE2N/HMGB1/H1-2/H1-3/H1-4/TFRC/H1-5/H1-1/KPNA1/PARP1/APEX1/H1-10/SAMHD1/FEN1/TOP2B/HMGB2/YY1/CHD4/FUS/PDS5B/PRMT1/TP53BP1/PPP4C/PRKDC/HDGFL2/MCM3/ACTB/RUVBL2/PCYT1A/RAD50/NBN/INTS3/XRCC1/RECQL/C1QBP/RAD21/MCM6/TERF2/MCM7,0.3807304007227924
GO:0043414,macromolecule methylation,39,0.4902758760910982,1.3925985092752828,0.043933054393305436,0.15915103252800647,0.12104514893855563,1503,"tags=59%, list=35%, signal=38%",SNRPD2/RAB6A/SNRPF/NOP58/SNRPB/GSPT1/SNU13/RBM15/FBL/PRMT1/FTSJ3/NOP2/ETF1/TRMT10C/FAM98A/NSUN2/NOP56/SNRPG/LARP7/RNMT/SNRPD1/FAM98B/NSUN4,0.21925034670375515
GO:0072594,establishment of protein localization to organelle,158,0.4401535354084027,1.3908316267393446,8.970019773425842e-4,0.009157574732324746,0.006964956367437569,1331,"tags=41%, list=31%, signal=29%",M6PR/IGF2R/SRP72/AP3M1/CHMP4B/ADAR/RAB10/RAB8B/H1-5/CFL1/SPCS1/CHMP4A/PRKCD/KPNA1/HGS/SRP9/SEC13/PARP1/NPM1/RANBP2/RGPD2/SEC61B/SPCS3/SPCS2/SEC63/SRP14/SEC62/SRPRB/SRP68/CLU/SEC61A1/NDUFA13/CDK1/MACROH2A1/AP3D1/SRP54/RAB3GAP1/MACROH2A2/TIMM44/FLNA/SRPRA/STK3/STK4/ZFYVE16/YWHAB/LAMP1/TARDBP/SSR4/PIK3C3/RPL23/AGK/GFER/SQSTM1/TIMM22/SSR1/GET4/SSR3/RAB7A/RBM22/RUVBL2/TIMM13/NUP85/NUP50/HSP90AA1/USP9X,0.47727081536286214
GO:0097530,granulocyte migration,38,0.4906511644382865,1.3870952492892263,0.04712041884816754,0.16823165678587365,0.12795157925376688,1634,"tags=55%, list=39%, signal=34%",ITGB2/S100A8/RAC1/RAC2/PECAM1/BSG/CD74/PPIB/NCKAP1L/SRP54/MPP1/MCU/WDR1/JAGN1/DPP4/MAPK1/MAPK3/C1QBP/THBS1/CSF1R/S100A7,0.21140018938492272
GO:0042254,ribosome biogenesis,140,0.44136064149494386,1.3854939329684213,0.0027539054434020183,0.020346288243029385,0.01547473146484854,1875,"tags=62%, list=44%, signal=36%",LSM6/RPL7A/RPL26/RPS3A/RPS23/YTHDF2/RPS21/RPS11/RPS19/NPM1/RPS17/RPL7/GLUL/EIF6/NOP58/RPL27/RPS15/SART1/DKC1/RPS24/SNU13/DIS3/RPL5/FAU/RPL14/RPS12/EIF2A/EIF1AX/RPS16/DDX21/RPS13/NMD3/RPS9/PA2G4/RRP1/RPS14/RPS25/FBL/EIF5/CUL4B/CUL4A/PIN4/XRN2/RPS8/EXOSC9/DHX29/FTSJ3/PRKDC/RPL11/RPL35/NOP2/RPL35A/WDR12/NOP56/MYBBP1A/RPS15A/TCOF1/NOP10/TBL3/RPS28/EFL1/RPS7/NSUN4/EXOSC7/C1QBP/LAS1L/GAR1/MTREX/NOP16/GTPBP4/ERI1/ZNF622/DDX18/RRS1/NOC2L/PNO1/NUP88/DCAF13/RPS27/RPLP0/RPS4X/WDR3/SBDS/EXOSC2/EIF5B/EXOSC1/RPS5,0.4317076958033464
GO:0006665,sphingolipid metabolic process,42,0.47926698653090244,1.3842953854444595,0.043343653250773995,0.1585502364841016,0.12058820281975895,1166,"tags=31%, list=28%, signal=23%",M6PR/VAPA/PRKCD/SUMF1/ALDH3B1/SGPL1/TM9SF2/GM2A/CERT1/GLTP/AGK/HACD3/PRKAA1,0.21925034670375515
GO:0099072,regulation of postsynaptic membrane neurotransmitter receptor levels,40,0.48807639139663767,1.384113804418016,0.041666666666666664,0.15545404208194905,0.11823333708877269,1426,"tags=50%, list=34%, signal=33%",AP3M1/TFRC/RAB8A/RDX/SACM1L/RAP1A/SNX27/ADAM10/SNX6/EPB41L3/GRIPAP1/AP2S1/AP2M1/RALA/NUMB/VPS35/GIT1/HSP90AA1/HIP1/MAP2K1,0.22496609354031377
GO:0006417,regulation of translation,177,0.4387534378352823,1.3771399344959832,0.0013299731420478584,0.012343469739832604,0.009388045489517424,1078,"tags=37%, list=25%, signal=29%",DNAJC3/RPL26/CALR/PKM/NCL/RPL10/YTHDF3/YTHDF2/YTHDF1/RPL13A/COA3/EIF4B/SRP9/PML/NCBP2/ABCF1/NPM1/EIF2S2/CAPRIN1/EIF6/NCK1/RBM8A/EIF3H/SSB/GSPT1/ILF3/PABPC1/EIF2AK2/SH3BGRL/HNRNPU/LARP1/PAIP1/RPL5/SYNCRIP/PYM1/EIF2S3/EIF2A/EIF5A/KHDRBS1/FMR1/FXR1/FXR2/EIF4G2/SHMT2/NCK2/EIF2B4/PA2G4/EIF3C/EIF4G1/EIF4G3/SERBP1/ABCE1/AARS1/EIF5/EPRS1/PRMT1/CSDE1/YBX1/ELP1/DHX29/PLXNB2/PELO/XRN1/NCBP1/EIF2S1/PRKDC,0.45505986738722953
GO:0045621,positive regulation of lymphocyte differentiation,32,0.49790102373633527,1.3750741226920706,0.04776739356178609,0.16975564230976511,0.12911067355425268,1354,"tags=50%, list=32%, signal=34%",HLA-DRB1/AP3B1/HLA-G/MMP14/DDRGK1/SMARCC2/SART1/NCKAP1L/HLA-DRA/PRKDC/BTK/ACTB/SMARCD2/SMARCA2/SMARCE1/RHOA,0.2089550275493539
GO:0045785,positive regulation of cell adhesion,162,0.4376758922177953,1.3749300357655083,0.0014384474236087345,0.012923011653700871,0.009828826401623508,743,"tags=28%, list=18%, signal=24%",ITGB2/PTPRC/LGALS9/CALR/HLA-A/HLA-DPB1/HLA-DRB1/PTPN6/CSK/CYRIB/LAMB1/AP3B1/HMGB1/RAC1/CD47/TFRC/FGG/HLA-E/HLA-G/TGM2/CFL1/CD63/SMARCC2/RELA/HLA-DRB5/LYN/SRC/YES1/NCK1/SART1/FN1/NCKAP1L/FGB/HSPH1/HLA-DRB3/CDC42/HLA-DRA/CDK6/LCK/FGA/CD44/NCK2/F11R/ROCK1/FLNA,0.45505986738722953
GO:0019058,viral life cycle,133,0.44143224676263915,1.3741644650437534,0.0027484031348237923,0.020346288243029385,0.01547473146484854,783,"tags=32%, list=18%, signal=27%",LGALS9/CTSB/IFI16/VAMP8/PPIE/TRIM21/CHMP4B/ICAM1/HMGB1/ADAR/SLC3A2/TFRC/RAB43/RAB1A/RAB1B/VAPB/VAPA/OAS3/PCBP2/PCBP3/SPCS1/BSG/CHMP4A/IFITM3/RAD23A/SRC/DEK/BST2/ILF3/PABPC1/EIF2AK2/LARP1/TOP2B/MYH9/CDK1/FMR1/SIGLEC1/F11R/ZC3HAV1/TMEM41B/STAU1/IFIT1,0.4317076958033464
GO:0006282,regulation of DNA repair,64,0.4615037379452801,1.3729019383630248,0.0216962507322302,0.09904426655404275,0.07532987883339295,1642,"tags=56%, list=39%, signal=35%",UBE2V1/H2AX/UBE2N/HMGB1/PCNA/UBE2V2/PRKCD/SMARCC2/PML/PARP1/DEK/TOP2B/OTUB1/BCL7C/YY1/SF3B3/FUS/PRMT1/TP53BP1/PPP4C/PRKDC/HDGFL2/DPF2/ACTB/SMARCD2/RUVBL2/SMARCA2/RAD50/NBN/SMARCE1/XRCC1/C1QBP/RPS3/DYRK1A/TERF2/SMARCA4,0.35248785758361917
GO:0090150,establishment of protein localization to membrane,114,0.4384085439160156,1.368893683236346,0.007478852628613957,0.04515457796738427,0.034343117531190515,1204,"tags=43%, list=28%, signal=32%",ITGB2/ITGAM/YIF1B/CSK/SRP72/CHMP4B/RAB10/RAB8A/RAB8B/RDX/ACSL3/ATP13A1/TMCO1/CHMP4A/SRP9/SACM1L/SEC61B/SEC63/SRP14/NACA/EMC3/STOM/SEC62/SRPRB/PAK1/SRP68/SEC61A1/NDUFA13/SRP54/RAB3GAP1/VAMP2/GRIPAP1/ANXA13/SRPRA/EMC6/NSF/WNK1/OPTN/RFTN1/ARL6IP1/SSR4/AGK/EMC2/TIMM22/SSR1/GORASP2/VPS35/GET4/SSR3,0.40701791892395395
GO:0051052,regulation of DNA metabolic process,144,0.43716056000106734,1.3666790211991737,0.0037438698978733784,0.025636377410437828,0.019498202886904892,1691,"tags=54%, list=40%, signal=34%",SMARCA5/CASP3/UBE2V1/H2AX/BAX/UBE2N/HMGB1/H1-2/H1-3/H1-4/TFRC/H1-5/H1-1/PCNA/SUB1/UBE2V2/PRKCD/KPNA1/S100A11/SMARCC2/PML/PARP1/SRC/DEK/H1-10/DKC1/CACYBP/HNRNPU/TOP2B/SSBP1/CDK2/CDK1/OTUB1/BCL7C/YY1/YLPM1/SF3B3/CUL4B/CUL4A/FUS/PRMT1/TP53BP1/XRN1/PPP4C/PRKDC/HDGFL2/CCT7/FGF2/HNRNPC/DPF2/MCM3/ACTB/SMARCD2/RUVBL2/PTGES3/SMARCA2/RAD50/HSP90AA1/NBN/SMC3/SMARCE1/HNRNPA1/XRCC1/MAPK1/MAPK3/C1QBP/MCM6/RPS3/DYRK1A/GTPBP4/TERF2/MCM7/HNRNPA2B1/SMARCA4/RFC2/RBX1/NEK7/RFC4,0.4317076958033464
GO:0010038,response to metal ion,109,0.439228941433327,1.3638196693244253,0.009695865243222888,0.05431416992395279,0.041309608134411244,1250,"tags=39%, list=29%, signal=29%",SOD2/MT1H/MT2A/CALR/S100A8/CASP3/CYBB/PKLR/HVCN1/PPIF/MT1E/TFRC/FGG/PCNA/BSG/CLIC4/FBP1/LCN2/PARP1/ALOX5AP/CACYBP/FGB/HSP90B1/PLCG2/CDK1/FGA/ANXA11/CPNE2/SEC31A/SLC25A24/CAMK2D/GPI/EIF2S1/LGMN/PRKAA1/CPOX/PPP2CA/PPP2CB/CALM1/CALM2/CALM3/CALML3/G6PD,0.3807304007227924
GO:0009166,nucleotide catabolic process,67,0.45764118127974646,1.36164812373456,0.02560285606134438,0.1127529700270186,0.08575627712489539,1556,"tags=49%, list=37%, signal=32%",PKLR/PKM/TYMP/ADPGK/NNMT/FBP1/HK2/DPYD/EIF6/NUDT3/SRC/SAMHD1/PRKACA/AMPD3/NT5C2/HPRT1/GPI/PFKP/PFKL/PRKAA1/HINT1/PPP2CA/CNP/GIT1/ENO1/ENO2/ENO3/HK1/HK3/NUDT4/NUDT4B/NT5C3A/PSEN1,0.35248785758361917
GO:0031214,biomineral tissue development,26,-0.3598048020839537,-1.359877008737871,0.031228018805428928,0.12798928875363755,0.09734453037241579,475,"tags=27%, list=11%, signal=24%",ECM1/FBN2/NT5E/SACK1H/ASPN/CLEC3B/COL1A1,0.35248785758361917
GO:0030168,platelet activation,53,0.46600342019961877,1.3589446259342048,0.03593429158110883,0.14011878279717088,0.10656983283968346,939,"tags=34%, list=22%, signal=27%",FERMT3/FGG/PRKCD/LYN/SRC/FUNDC2/FGB/MYH9/MYL9/PLCG2/LCK/FGA/RAP2B/F11R/FLNA/PLEK/CLIC1/TMX1,0.24133997681509095
GO:0051054,positive regulation of DNA metabolic process,87,0.44489536441518174,1.3570119990300804,0.012769410247476349,0.06700956872857916,0.050965319534649486,1691,"tags=56%, list=40%, signal=35%",SMARCA5/CASP3/H2AX/BAX/UBE2N/HMGB1/TFRC/PCNA/UBE2V2/PRKCD/SMARCC2/PML/PARP1/DKC1/CACYBP/TOP2B/SSBP1/CDK2/CDK1/BCL7C/YY1/FUS/PRMT1/TP53BP1/PRKDC/HDGFL2/CCT7/FGF2/DPF2/ACTB/SMARCD2/RUVBL2/PTGES3/SMARCA2/RAD50/HSP90AA1/NBN/SMARCE1/HNRNPA1/MAPK1/MAPK3/RPS3/DYRK1A/TERF2/HNRNPA2B1/SMARCA4/RFC2/NEK7/RFC4,0.3807304007227924
GO:0002237,response to molecule of bacterial origin,85,0.44692868465079627,1.3568459556675991,0.013601384843527081,0.07038873354507333,0.05353540344804467,609,"tags=26%, list=14%, signal=23%",SOD2/LGALS9/GBP2/S100A8/CASP3/PTPN6/CYRIB/PRDX3/HMGB1/RAC1/PLAA/CASP1/LCN2/RELA/HCK/LYN/MTDH/PLCG2/HMGB2/PABPN1/HDAC2/MGST2,0.3807304007227924
GO:0006195,purine nucleotide catabolic process,58,0.4599834094600449,1.3559700760584135,0.04387755102040816,0.15915103252800647,0.12104514893855563,1556,"tags=50%, list=37%, signal=32%",PKLR/PKM/ADPGK/NNMT/FBP1/HK2/EIF6/NUDT3/SRC/SAMHD1/PRKACA/AMPD3/NT5C2/HPRT1/GPI/PFKP/PFKL/PRKAA1/HINT1/PPP2CA/GIT1/ENO1/ENO2/ENO3/HK1/HK3/NUDT4/NUDT4B/PSEN1,0.2165428367353482
GO:0061014,positive regulation of mRNA catabolic process,47,0.4782830413613125,1.355487681271742,0.040123456790123455,0.15274115923833437,0.11617000578238984,1049,"tags=40%, list=25%, signal=31%",LSM6/YTHDF3/YTHDF2/YTHDF1/CAPRIN1/PABPC1/HNRNPU/PAIP1/DIS3/SYNCRIP/FXR1/FXR2/ZC3HAV1/ROCK1/CSDE1/LSM7/YBX1/TARDBP/XRN1,0.22798720285044224
GO:0044272,sulfur compound biosynthetic process,57,-0.28423953769726273,-1.3544276084783626,0.03439181987839635,0.13551583762610211,0.10306898100769817,425,"tags=21%, list=10%, signal=19%",COASY/TECR/GGT5/GSS/PDHB/ACSL5/ACSL1/ACAT1/ACACA/ACACB/ACSS2/FASN,0.3217759180753611
GO:0006119,oxidative phosphorylation,80,0.443700228169567,1.3512824720550736,0.02620967741935484,0.11408320830207552,0.0867680135086961,1360,"tags=39%, list=32%, signal=27%",ATP5F1E/PPIF/ATP5PD/ATP5ME/GHITM/COX7A2/COX6C/UQCRQ/COX6B1/ATP5MF/NDUFA13/CDK1/MACROH2A1/SHMT2/COX4I1/NDUFB5/COX5B/NDUFB7/NDUFS4/UQCR10/NDUFC2/SDHB/NDUFS5/NDUFB4/NDUFB6/NDUFB9/NDUFA12/MT-ND4/COXFA4/RHOA/MT-ND6,0.2820133500117251
GO:0000082,G1/S transition of mitotic cell cycle,70,0.45150779435211497,1.3511141202445491,0.03118712273641851,0.12798928875363755,0.09734453037241579,1470,"tags=51%, list=35%, signal=34%",PSME1/PSME2/PTPN6/PSMA4/RDX/SMARCC2/GSPT1/PSMA3/PSMA2/KHDRBS1/CDK2/CDK6/CDK1/PSMA7/BCL7C/CUL1/EIF4G1/PSMB2/CUL4B/CUL4A/PSMB1/PSMB4/PSMA1/PRKDC/ADAM17/PSME3/PSMA6/DPF2/PPP2CA/ACTB/SMARCD2/SMARCA2/SMARCE1/CRLF3/RCC1/PSMB3,0.25720646646883816
GO:0006164,purine nucleotide biosynthetic process,99,0.43444005726600293,1.3487498464237933,0.016119590021634374,0.07870565040998001,0.05986098251989303,1461,"tags=41%, list=34%, signal=28%",NME1/ATP5F1E/ATP5PD/ATP5ME/NAMPT/PARP1/NME2/GART/ATP5MF/NDUFA13/PRPS1/AMPD1/AMPD3/NMNAT1/NDUFB5/APRT/NDUFB7/NADSYN1/HPRT1/NDUFS4/AK2/ATP5MC3/ADSL/PAPSS2/PAPSS1/IDH2/NDUFC2/SDHB/NDUFS5/NDUFB4/NDUFB6/NDUFB9/PPAT/AMPD2/NDUFA12/ENO1/MT-ND4/MT-ND6/MAP2K1/IMPDH2/PRPS2,0.35248785758361917
GO:0009152,purine ribonucleotide biosynthetic process,85,0.4442073714976667,1.3485842287461913,0.01545993670720932,0.07682083593892064,0.05842745334482608,1432,"tags=41%, list=34%, signal=28%",NME1/ATP5F1E/ATP5PD/ATP5ME/PARP1/NME2/GART/ATP5MF/NDUFA13/AMPD1/AMPD3/NDUFB5/APRT/NDUFB7/HPRT1/NDUFS4/AK2/ATP5MC3/ADSL/PAPSS2/PAPSS1/NDUFC2/SDHB/NDUFS5/NDUFB4/NDUFB6/NDUFB9/PPAT/AMPD2/NDUFA12/ENO1/MT-ND4/MT-ND6/MAP2K1/IMPDH2,0.3807304007227924
GO:0007162,negative regulation of cell adhesion,96,0.4376029304593139,1.3459496757892355,0.029175050301810865,0.12271004302971386,0.0933293061241966,1039,"tags=34%, list=25%, signal=27%",GBP1/PTPRC/LGALS9/HLA-DRB1/CSK/LAMB1/PSMA4/HMGB1/YTHDF2/PSMB8/HLA-E/HLA-G/MMP14/CFL1/PTPN1/SWAP70/PRKCD/SRC/PSMA3/PSMA2/PSMB9/ADAM10/PSMA7/PRKAR1A/CEBPB/PSMB2/PSMB1/WNK1/PSMB10/TMX1/PSMB4/PLXNB2/PSMA1,0.2663506570885256
GO:0051402,neuron apoptotic process,61,0.4501419695894291,1.3451989655663228,0.043922369765066395,0.15915103252800647,0.12104514893855563,625,"tags=21%, list=15%, signal=18%",SOD2/CASP3/GRN/SET/BAX/HYOU1/CASP1/LCN2/PARP1/TMBIM1/CLU/SNX6/CDK5,0.2165428367353482
GO:0009261,ribonucleotide catabolic process,58,0.45610978353596643,1.3445511406558077,0.044897959183673466,0.16212349891725178,0.12330591112831857,1556,"tags=50%, list=37%, signal=32%",PKLR/PKM/ADPGK/FBP1/HK2/DPYD/EIF6/NUDT3/SRC/PRKACA/AMPD3/NT5C2/HPRT1/GPI/PFKP/PFKL/PRKAA1/HINT1/PPP2CA/GIT1/ENO1/ENO2/ENO3/HK1/HK3/NUDT4/NUDT4B/NT5C3A/PSEN1,0.21392785549235627
GO:0009154,purine ribonucleotide catabolic process,55,0.45441939989706015,1.3437269277236754,0.048830111902339775,0.17190036259036853,0.13074187871625187,1556,"tags=49%, list=37%, signal=31%",PKLR/PKM/ADPGK/FBP1/HK2/EIF6/NUDT3/SRC/PRKACA/AMPD3/NT5C2/HPRT1/GPI/PFKP/PFKL/PRKAA1/HINT1/PPP2CA/GIT1/ENO1/ENO2/ENO3/HK1/HK3/NUDT4/NUDT4B/PSEN1,0.2042947565168861
GO:0032259,methylation,52,0.4624097711344409,1.340367463818205,0.046248715313463515,0.16593388912785792,0.12620397118630575,1503,"tags=50%, list=35%, signal=33%",SNRPD2/RAB6A/SNRPF/NNMT/NOP58/SNRPB/GSPT1/SNU13/RBM15/TPMT/FBL/PRMT1/CARM1/FTSJ3/NOP2/ETF1/TRMT10C/FAM98A/NSUN2/NOP56/SNRPG/LARP7/RNMT/SNRPD1/FAM98B/NSUN4,0.21140018938492272
GO:0045807,positive regulation of endocytosis,69,0.4470296745984199,1.3391464249375322,0.03528225806451613,0.13853837694563503,0.10536782705534237,717,"tags=28%, list=17%, signal=23%",PTPRC/CALR/CD47/H1-1/CD63/RAP1A/RAB27A/NCKAP1L/MYO18A/TBC1D5/PLCG2/PRKACA/CDC42/ARAP1/CLU/FMR1/DOCK2/LMAN2/CYBA,0.24133997681509095
GO:1903706,regulation of hemopoiesis,115,0.4302651122851694,1.33854877355522,0.014585851216230105,0.07345251531760721,0.05586561717698379,1893,"tags=66%, list=45%, signal=38%",LGALS9/STAT1/HLA-DRB1/PSMA4/AP3B1/HMGB1/PSMB8/HLA-B/HLA-G/ACIN1/MMP14/CD74/DDRGK1/CLPTM1/SMARCC2/GLUL/EIF6/LYN/PSMA3/SART1/NCKAP1L/PSMA2/RBM15/PSMB9/HMGB2/HLA-DRA/CDK6/PSMA7/CEBPB/PSMB2/PSMB1/SKIC8/PRMT1/PSMB10/PSMB4/C1QC/PSMA1/PRKDC/PSMA6/BTK/STAT5A/STAT5B/HSPA9/ACTB/QKI/SMARCD2/CORO1C/SMARCA2/SMARCE1/RHOA/PSMB3/IL18/MTOR/SMARCA4/LGALS1/TRAF6/RIPK1/PRKCA/TLR3/ISG15/SMARCC1/INPP5D/H4C16/H4C15/H4C9/H4C1/H4C4/H4C6/H4C12/H4C11/H4C3/H4C8/H4C2/H4C5/H4C13/H4C14,0.3807304007227924
GO:1901136,carbohydrate derivative catabolic process,110,0.4329384552886479,1.3356985072799772,0.014079989279011057,0.07187194527422462,0.05466348651361283,1318,"tags=39%, list=31%, signal=28%",M6PR/PKLR/PKM/TYMP/STT3B/ADPGK/PRKCD/FBP1/SUMF1/HK2/DPYD/GALM/EIF6/NUDT3/SRC/SAMHD1/GM2A/CHI3L1/PRKACA/RENBP/CD44/AMPD3/MAN2B1/NT5C2/HPRT1/GNPDA1/GNPDA2/CST3/GPI/PFKP/PFKL/FGF2/NAGA/PRKAA1/BTK/HINT1/PPP2CA/FBXO6/GIT1/CTBS/ENO1/ENO2/ENO3,0.3807304007227924
GO:0032496,response to lipopolysaccharide,81,0.44003314375327485,1.3340861087953575,0.027300303336703743,0.11701618567602406,0.08899874162540208,609,"tags=26%, list=14%, signal=23%",SOD2/LGALS9/GBP2/S100A8/CASP3/PTPN6/PRDX3/HMGB1/RAC1/PLAA/CASP1/LCN2/RELA/HCK/LYN/MTDH/PLCG2/HMGB2/PABPN1/HDAC2/MGST2,0.2765005992544716
GO:0050920,regulation of chemotaxis,65,0.44488541952198657,1.3317324223569762,0.04056795131845842,0.1539115180088811,0.11706014296492709,1634,"tags=48%, list=39%, signal=30%",LGALS9/CALR/CYRIB/HMGB1/RAC1/RAC2/YTHDF1/CD74/SWAP70/LYN/NCKAP1L/ADAM10/CORO1B/MYCBP2/MPP1/WNK1/MCU/ANO6/ADAM17/LGMN/FGF2/USP14/DPP4/MAPK1/MAPK3/C1QBP/THBS1/IL16/CSF1R/STK39/S100A7,0.22496609354031377
GO:0022604,regulation of cell morphogenesis,74,0.44062622402981855,1.329295819879562,0.03118712273641851,0.12798928875363755,0.09734453037241579,1302,"tags=43%, list=31%, signal=30%",ITGB2/MSN/RAC1/RAC2/RDX/CFL1/NHERF1/PLAA/FMNL1/CAPRIN1/HCK/SRC/FN1/MYH9/RHOG/ARAP1/FGR/ARPIN/CORO1B/CD44/EPB41L3/F11R/PALM2AKAP2/ARHGEF7/PLXNB2/WDR1/PRKDC/DAPK3/ARHGAP18/FBLIM1/CORO1C/FMNL2,0.25720646646883816
GO:0009260,ribonucleotide biosynthetic process,92,0.43256048615406173,1.329033516922054,0.034274193548387094,0.13551583762610211,0.10306898100769817,1432,"tags=39%, list=34%, signal=26%",NME1/ATP5F1E/ATP5PD/CTPS1/ATP5ME/PARP1/NME2/GART/ATP5MF/NDUFA13/AMPD1/AMPD3/NDUFB5/APRT/NDUFB7/HPRT1/NDUFS4/AK2/ATP5MC3/ADSL/PAPSS2/PAPSS1/NDUFC2/SDHB/NDUFS5/NDUFB4/NDUFB6/NDUFB9/PPAT/AMPD2/NDUFA12/ENO1/MT-ND4/MT-ND6/MAP2K1/IMPDH2,0.24504178543099617
GO:2001233,regulation of apoptotic signaling pathway,107,0.43411069754978715,1.328640670118188,0.013574127559271515,0.07038873354507333,0.05353540344804467,686,"tags=29%, list=16%, signal=25%",SOD2/RPL26/S100A8/PPIF/BAX/ICAM1/BCLAF1/FGG/NHERF1/TPT1/PTPN1/CD74/GHITM/HYOU1/ERP29/PML/PARP1/RELA/SRC/NCK1/PAK2/FGB/EIF5A/SYVN1/TMBIM1/CLU/LCK/FGA/CD44/NCK2/BCAP31,0.3807304007227924
GO:0044843,cell cycle G1/S phase transition,77,0.43548113130093513,1.327490661116547,0.04124748490945674,0.1547143817204301,0.1176707752429471,1470,"tags=49%, list=35%, signal=33%",PSME1/PSME2/PTPN6/PSMA4/RDX/DDRGK1/SMARCC2/GSPT1/PSMA3/PSMA2/PLCG2/KHDRBS1/CDK2/CDK6/CDK1/PSMA7/BCL7C/CUL1/EIF4G1/PSMB2/CUL4B/CUL4A/PSMB1/PSMB4/PSMA1/PRKDC/ADAM17/PSME3/PSMA6/DPF2/PPP2CA/ACTB/SMARCD2/SMARCA2/SMARCE1/CRLF3/RCC1/PSMB3,0.2220560461452484
GO:0030100,regulation of endocytosis,121,0.42555110028185916,1.3262828250524963,0.025075225677031094,0.11086408832797606,0.08431965454723363,1284,"tags=40%, list=30%, signal=28%",PTPRC/CALR/CSK/HMGB1/RAC1/CD47/RAB4B/RAB4A/H1-1/ARPC3/TGM2/PTPN1/LRPAP1/CD63/RAP1A/RAB27A/HCK/SRC/NCKAP1L/MYO18A/TBC1D5/PLCG2/PRKACA/CDC42/ARAP1/FGR/CLU/FMR1/DOCK2/LMAN2/CYBA/ROCK1/SNX3/AP2S1/DYSF/ZFYVE16/SNX12/AP2M1/RALA/NUMB/ANO6/CD14/BTK/CALM3/ARRB1/ACTB/PACSIN2/PICALM,0.2878571172551493
GO:0000956,nuclear-transcribed mRNA catabolic process,67,0.44370767140475337,1.32019088965159,0.04238143289606458,0.15604704636813285,0.11868435704762649,1055,"tags=39%, list=25%, signal=30%",LSM6/THRAP3/SNRPF/NCBP2/CAPRIN1/SNRPB/RBM8A/SSB/GSPT2/GSPT1/PABPC1/HNRNPU/PAIP1/DIS3/SYNCRIP/PYM1/RNPS1/SKIC8/CSDE1/LSM7/XRN2/YBX1/EXOSC9/PELO/XRN1/NCBP1,0.21925034670375515
GO:0006402,mRNA catabolic process,124,0.42443493013193767,1.3142723417308875,0.010696865108046232,0.05888519370752901,0.044786181587287185,1055,"tags=38%, list=25%, signal=29%",LSM6/THRAP3/BCLAF1/YTHDF3/YTHDF2/YTHDF1/SNRPF/PRKCD/NCBP2/NPM1/APEX1/CAPRIN1/SRSF1/SNRPB/RBM8A/SSB/GSPT2/GSPT1/PABPC1/HNRNPU/LARP1/PAIP1/DIS3/SYNCRIP/PYM1/SND1/PNN/FMR1/FXR1/FXR2/ZC3HAV1/ROCK1/SERBP1/SLIRP/MYD88/RNPS1/FUS/SKIC8/CSDE1/LSM7/XRN2/YBX1/EXOSC9/TARDBP/PELO/XRN1/NCBP1,0.3807304007227924
GO:0008064,regulation of actin polymerization or depolymerization,69,0.4383181204469266,1.3130496191536611,0.04838709677419355,0.17087644552647596,0.12996312037877267,1109,"tags=42%, list=26%, signal=32%",COTL1/CYRIB/LIMA1/ARPC5L/ARPC5/CYRIA/RDX/ARPC3/VASP/CFL1/SWAP70/PRKCD/HCK/NCK1/NCKAP1/NCKAP1L/TWF1/CFL2/NCK2/PLEK/CAPZA1/PDXP/CAPG/CAPZB/FLII/WDR1/PFN1/SH3BP1/EVL,0.2042947565168861
GO:0030832,regulation of actin filament length,69,0.4383181204469266,1.3130496191536611,0.04838709677419355,0.17087644552647596,0.12996312037877267,1109,"tags=42%, list=26%, signal=32%",COTL1/CYRIB/LIMA1/ARPC5L/ARPC5/CYRIA/RDX/ARPC3/VASP/CFL1/SWAP70/PRKCD/HCK/NCK1/NCKAP1/NCKAP1L/TWF1/CFL2/NCK2/PLEK/CAPZA1/PDXP/CAPG/CAPZB/FLII/WDR1/PFN1/SH3BP1/EVL,0.2042947565168861
GO:0006935,chemotaxis,122,0.4190913755328647,1.3120952008625024,0.015887060592708176,0.07790903513367373,0.05925510260045075,725,"tags=25%, list=17%, signal=21%",ITGB2/DEFA1/DEFA1B/CORO1A/LGALS9/CALR/S100A8/CYRIB/HMGB1/RAC1/RAC2/YTHDF1/TYMP/RAB13/BSG/CD74/SWAP70/PRKCD/RPS19/LYN/PPIB/NCKAP1L/HMGB2/RHOG/ADAM10/CORO1B/SRP54/ENG/MYCBP2/ELMO2,0.35248785758361917
GO:0042330,taxis,122,0.4190913755328647,1.3120952008625024,0.015887060592708176,0.07790903513367373,0.05925510260045075,725,"tags=25%, list=17%, signal=21%",ITGB2/DEFA1/DEFA1B/CORO1A/LGALS9/CALR/S100A8/CYRIB/HMGB1/RAC1/RAC2/YTHDF1/TYMP/RAB13/BSG/CD74/SWAP70/PRKCD/RPS19/LYN/PPIB/NCKAP1L/HMGB2/RHOG/ADAM10/CORO1B/SRP54/ENG/MYCBP2/ELMO2,0.35248785758361917
GO:0016197,endosomal transport,156,0.4152630446472218,1.3076737716249105,0.012044475366059598,0.0638016313022874,0.04852546565884933,1692,"tags=52%, list=40%, signal=32%",MSN/CHMP4B/EIPR1/RAB10/RAB35/RAB12/RAB8A/RAB14/RAB8B/RAB4B/RAB6A/RDX/RAB13/CHMP4A/HGS/DNAJC13/SRC/VPS16/SNX27/TBC1D5/STX5/SNX6/EHD1/EHD3/ACAP2/AP3D1/WASHC4/VPS11/VAMP3/GRIPAP1/VTI1B/CDC50A/SNX3/VPS26C/ZFYVE16/CCDC93/SNX12/CHMP1B/UBE2O/SPAG9/CHMP2A/WASHC5/DENND10/STX12/LEPROT/PIK3C3/CHMP6/CHMP5/UBXN6/SQSTM1/VPS35/RAB7A/SNX2/YKT6/RAB5A/RAB5B/RAB5C/CORO1C/PICALM/STX16/SNX9/MAP2K1/MAP2K2/CHMP3/MVB12A/ACTN2/MAPK1/MAPK3/SNX1/STX8/VPS25/MICALL1/VPS4A/VPS4B/SNX17/STAM2/ATP6AP1/EZR/VPS39/ARFIP1/RAB21,0.3807304007227924
GO:0046390,ribose phosphate biosynthetic process,97,0.4271811083060331,1.3065101437315516,0.02914572864321608,0.12271004302971386,0.0933293061241966,1461,"tags=40%, list=34%, signal=27%",NME1/ATP5F1E/ATP5PD/CTPS1/ATP5ME/PARP1/NME2/GART/ATP5MF/NDUFA13/PRPS1/AMPD1/AMPD3/NDUFB5/APRT/NDUFB7/HPRT1/NDUFS4/AK2/ATP5MC3/ADSL/PAPSS2/PAPSS1/NDUFC2/SDHB/NDUFS5/NDUFB4/NDUFB6/NDUFB9/G6PD/PPAT/AMPD2/NDUFA12/ENO1/MT-ND4/MT-ND6/MAP2K1/IMPDH2/PRPS2,0.2663506570885256
GO:0006364,rRNA processing,101,0.4217495551426307,1.3057000374455658,0.028084252758274825,0.11946445396796451,0.09086081562726146,2167,"tags=70%, list=51%, signal=35%",LSM6/RPL7A/RPL26/YTHDF2/RPS21/RPS19/RPS17/RPL7/EIF6/NOP58/RPL27/RPS15/SART1/DKC1/RPS24/SNU13/DIS3/RPL5/RPL14/RPS16/DDX21/RPS13/PA2G4/RRP1/RPS14/RPS25/FBL/PIN4/XRN2/EXOSC9/FTSJ3/PRKDC/RPL11/RPL35/NOP2/RPL35A/WDR12/NOP56/NOP10/TBL3/RPS28/RPS7/NSUN4/EXOSC7/LAS1L/GAR1/MTREX/ERI1/DDX18/RRS1/PNO1/DCAF13/RPS27/WDR3/SBDS/EXOSC2/EXOSC1/MAK16/NHP2/WDR36/UTP6/HEATR1/PRMT5/UTP18/NOL11/WDR18/EXOSC8/EXOSC6/EIF4A3/PELP1/TSR1,0.27128855468895297
GO:0098771,inorganic ion homeostasis,99,0.4194456073610784,1.3021985174930601,0.037111334002006016,0.1437104416698371,0.10930153288757263,1454,"tags=43%, list=34%, signal=29%",MT1H/MT2A/CALR/MT1E/BAX/TFRC/VAPB/TGM2/ATP13A1/TMCO1/TPT1/SLC30A7/LCN2/PML/ATP2A1/ATP2A2/GLUL/ATP2A3/TBXAS1/PRKACA/ATP6V1G1/CUL1/BOLA2/BOLA2B/FTL/TMEM165/WNK1/CUTC/GLRX3/MCU/CAMK2D/NPTN/MYH7B/HMOX1/PICALM/ITPR1/SLC39A7/YWHAE/ATP2C1/CCDC47/ABCB7/LETM1/WFS1,0.23439264729468612
GO:0043410,positive regulation of MAPK cascade,92,0.4231654908528405,1.3001675801425185,0.038306451612903226,0.1478286775302073,0.11243373043077669,732,"tags=26%, list=17%, signal=22%",PTPRC/LGALS9/MYDGF/ICAM1/HMGB1/FGG/PECAM1/NAMPT/PTPN1/CD74/ERP29/RAP1A/LYN/SRC/GLIPR2/EIF2AK2/FGB/CHI3L1/PLCG2/DSC2/FGA/CD44/RAF1/ROCK1,0.2311267096738343
GO:0010562,positive regulation of phosphorus metabolic process,73,0.43487667498819343,1.298688891769536,0.04133064516129032,0.1547143817204301,0.1176707752429471,1637,"tags=49%, list=39%, signal=31%",PTPRC/MYDGF/RAC1/ACSL3/DDRGK1/PRKCD/RAP1A/LYN/SRC/EEF1A2/PRKAR1A/ARAF/RAF1/STK4/TAOK3/UBE2K/NPTN/NDUFC2/FGF2/PRKAA1/ARRB1/ENO1/RHOA/SNX9/MAP2K1/MAP2K2/CNOT9/MMP9/MAPK1/PARP9/IL18/PSEN1/THBS1/ZNF622/CSF1R/MTOR,0.2220560461452484
GO:0045937,positive regulation of phosphate metabolic process,73,0.43487667498819343,1.298688891769536,0.04133064516129032,0.1547143817204301,0.1176707752429471,1637,"tags=49%, list=39%, signal=31%",PTPRC/MYDGF/RAC1/ACSL3/DDRGK1/PRKCD/RAP1A/LYN/SRC/EEF1A2/PRKAR1A/ARAF/RAF1/STK4/TAOK3/UBE2K/NPTN/NDUFC2/FGF2/PRKAA1/ARRB1/ENO1/RHOA/SNX9/MAP2K1/MAP2K2/CNOT9/MMP9/MAPK1/PARP9/IL18/PSEN1/THBS1/ZNF622/CSF1R/MTOR,0.2220560461452484
GO:0010506,regulation of autophagy,137,0.4181097496482658,1.2984395407426728,0.01743002146882217,0.08325707824163381,0.06332265192294056,1200,"tags=36%, list=28%, signal=27%",CASP3/IFI16/TRIM21/HMGB1/RAB39B/RAB8A/RALB/TPT1/DDRGK1/HK2/SLC25A4/CISD2/SNRNP70/MTDH/ATP6V1D/LARP1/CDC37/UBR4/EEF1A1/EEF1A2/ATP6V1E1/PRKACA/ATP6V1G1/SNX6/CDK5/EIF4G2/RAB3GAP1/VPS13C/CUL1/EIF4G1/ROCK1/STING1/CDK5RAP3/CTSA/CUL4B/CUL4A/WNK1/RRAGA/OPTN/SEC22B/STK38L/PIK3C3/ATP6V1C1/SQSTM1/SLC25A5/DAPK3/GNAI3/PRKAA1/VPS35/PIP4K2A,0.35248785758361917
GO:0007015,actin filament organization,200,0.4059465688003684,1.2921416750014647,0.007890414484713558,0.04738468163814612,0.036039262549466065,1109,"tags=38%, list=26%, signal=30%",CORO1A/COTL1/EFHD2/ARPC1B/CNN2/CYRIB/LIMA1/CAP2/CAP1/ELMO1/ARPC5L/RAC1/RAC2/ARPC5/CD47/CYRIA/MYO1B/ENAH/CORO7/RDX/ARPC3/MARCKS/VASP/CFL1/SWAP70/PRKCD/CALD1/CNN3/MYO1G/HCK/SRC/NCK1/PAK2/NCKAP1/NCKAP1L/TWF1/MARCKSL1/MYO1F/MYO1E/CFL2/DSTN/HSP90B1/PAK1/MYL9/RHOG/CDC42/ARAP1/ARPIN/CORO1B/WASHC4/NCK2/MICAL1/F11R/ELMO2/ROCK1/FLNA/MYO5A/SHTN1/PLEK/CAPZA1/DIAPH1/PDXP/CAPG/LIMS1/CAPZB/FLII/ARPC2/LUZP1/ZYX/WASHC5/WDR1/TAGLN2/RHOC/PFN1/SH3BP1/NEBL/EVL,0.3807304007227924
GO:1901987,regulation of cell cycle phase transition,130,0.4088053853397365,1.2854879649107345,0.030969030969030968,0.12798928875363755,0.09734453037241579,1691,"tags=51%, list=40%, signal=31%",PSME1/PSME2/PTPN6/H2AX/PSMA4/RDX/DDRGK1/SMARCC2/IK/NPM1/CDC5L/LYN/PSMA3/PSMA2/PLCG2/CDK2/CDK5/CDK1/MACROH2A1/PSMA7/BCL7C/CUL1/EIF4G1/DYNLRB1/PSMB2/CDK5RAP3/CUL4B/CUL4A/PSMB1/TAOK3/TAOK1/PSMB4/TP53BP1/STK38/PSMA1/PRKDC/ADAM17/PSME3/PSMA6/DPF2/PPP2CA/ACTB/SMARCD2/NSUN2/FBXO6/SMARCA2/RAD50/NBN/SMARCE1/ZNF830/UFL1/INTS3/CRLF3/PSMB3/PARP9/DYNLT1/RAD21/GTPBP4/VPS4A/VPS4B/SMARCA4/RFC2/PPP1R9B/RBX1/XPC/RFC4,0.25720646646883816
GO:0098876,vesicle-mediated transport to the plasma membrane,89,0.4235827994665119,1.284748717316783,0.04718875502008032,0.16823165678587365,0.12795157925376688,1022,"tags=33%, list=24%, signal=25%",CSK/DEF6/EIPR1/RAB10/RAB35/RAB12/RAB8A/RAB14/RAB8B/ACSL3/RAB13/HGS/SACM1L/SNX27/TM9SF4/EHD1/EHD3/ACAP2/VAMP2/GRIPAP1/ANXA13/SNX3/VPS26C/NSF/CCDC93/OPTN/SNX12/DENND10/STX12,0.2065879226968911
GO:0032102,negative regulation of response to external stimulus,133,0.4114465649797173,1.2808199967399747,0.023359106253261448,0.10451106104546853,0.07948774663305466,750,"tags=26%, list=18%, signal=22%",PTPRC/LGALS9/HLA-A/IFI16/GRN/SERPINB9/HLA-DRB1/PTPN6/TRIM21/YTHDF3/YTHDF2/FGG/HLA-B/HLA-E/HLA-G/OAS3/PCBP2/PRKCD/GRB2/RPS19/PARP1/HCK/LYN/SRC/YES1/SERPINB4/SAMHD1/FGB/FGR/CORO1B/FXR1/FGA/PRKAR1A/RTCA/NT5C2,0.35248785758361917
GO:0006873,intracellular monoatomic ion homeostasis,114,0.40996054899369716,1.2800672196778224,0.03303303303303303,0.13258189036591772,0.10083751522676208,1454,"tags=42%, list=34%, signal=28%",MT1H/MT2A/CALR/GRN/HVCN1/MT1E/BAX/TFRC/RAB39A/VAPB/TGM2/ATP13A1/TMCO1/TPT1/SLC30A7/LCN2/PML/ATP2A1/ATP2A2/ATP2A3/TBXAS1/ATP6V1D/TM9SF4/PRKACA/ATP6V1G1/CUL1/BOLA2/BOLA2B/FTL/TMEM165/GLRX3/LAMP1/MCU/CAMK2D/NPTN/MYH7B/HMOX1/RAB7A/PICALM/ITPR1/SLC39A7/YWHAE/UBE3A/ATP2C1/CCDC47/ABCB7/LETM1/WFS1,0.24891111443470246
GO:0006575,modified amino acid metabolic process,66,-0.28337759026950593,-1.2793252168552371,0.01567420714843629,0.07754244329380595,0.05897628465531022,392,"tags=26%, list=9%, signal=24%",GGT5/BBOX1/GSS/ALDH7A1/CKMT2/GATM/SHMT1/ASS1/CKMT1B/CKMT1A/GSTM2/GSTM3/GSTM5/PCYOX1/OPLAH/CKB/CRAT,0.35248785758361917
GO:0016072,rRNA metabolic process,121,0.4100415007664252,1.2779452330520569,0.041123370110330994,0.1547143817204301,0.1176707752429471,2167,"tags=71%, list=51%, signal=36%",LSM6/RPL7A/RPL26/TOP1/NCL/YTHDF2/RPS21/RPS19/RPS17/RPL7/EIF6/NOP58/RPL27/RPS15/SART1/DKC1/RPS24/SNU13/DIS3/RPL5/RPL14/RPS16/MACROH2A1/DDX21/RPS13/SLFN5/MACROH2A2/PA2G4/RRP1/RPS14/RPS25/FBL/PIN4/XRN2/EXOSC9/XRN1/FTSJ3/PRKDC/RPL11/RPL35/NOP2/RPL35A/WDR12/NOP56/TCOF1/NOP10/TRIR/TBL3/RPS28/RPS7/NSUN4/EXOSC7/LAS1L/GAR1/MTREX/ERI1/DDX18/RRS1/MTOR/SMARCA4/POLR2E/PNO1/DCAF13/RPS27/WDR3/SBDS/EXOSC2/EXOSC1/POLR2H/MAK16/NHP2/WDR36/UTP6/HEATR1/PRMT5/UTP18/NOL11/WDR18/GTF3C1/NIFK/EXOSC8/EXOSC6/SMARCB1/EIF4A3/PELP1/TSR1,0.2220560461452484
GO:0030003,intracellular monoatomic cation homeostasis,112,0.41091013330104054,1.2777865036107494,0.031,0.12798928875363755,0.09734453037241579,1454,"tags=42%, list=34%, signal=28%",MT1H/MT2A/CALR/GRN/HVCN1/MT1E/BAX/TFRC/RAB39A/VAPB/TGM2/ATP13A1/TMCO1/TPT1/SLC30A7/LCN2/PML/ATP2A1/ATP2A2/ATP2A3/ATP6V1D/TM9SF4/PRKACA/ATP6V1G1/CUL1/BOLA2/BOLA2B/FTL/TMEM165/GLRX3/LAMP1/MCU/CAMK2D/NPTN/MYH7B/HMOX1/RAB7A/PICALM/ITPR1/SLC39A7/YWHAE/UBE3A/ATP2C1/CCDC47/ABCB7/LETM1/WFS1,0.25720646646883816
GO:0110053,regulation of actin filament organization,115,0.4093854974209448,1.2735925824283651,0.04008016032064128,0.15274115923833437,0.11617000578238984,1109,"tags=38%, list=26%, signal=29%",CORO1A/COTL1/CYRIB/LIMA1/ARPC5L/RAC1/ARPC5/CD47/CYRIA/RDX/ARPC3/VASP/CFL1/SWAP70/PRKCD/HCK/NCK1/PAK2/NCKAP1/NCKAP1L/TWF1/CFL2/PAK1/CDC42/ARAP1/ARPIN/CORO1B/WASHC4/NCK2/F11R/ROCK1/FLNA/PLEK/CAPZA1/PDXP/CAPG/CAPZB/FLII/WASHC5/WDR1/RHOC/PFN1/SH3BP1/EVL,0.22496609354031377
GO:0071375,cellular response to peptide hormone stimulus,107,0.4158343901172745,1.272704141736197,0.04208416833667335,0.1558033806197072,0.11849903272807348,1200,"tags=36%, list=28%, signal=26%",TOP1/CSK/PKLR/PKM/SRSF5/RAB10/RAB8A/RAB13/CFL1/PTPN1/PRKCD/FBP1/GRB2/PARP1/RELA/LYN/SRC/NCK1/PAK1/PRKACA/OSBPL8/PRKAR1A/RAF1/CYBA/ROCK1/VAMP2/MYO5A/EPRS1/CREB1/PRKCB/YWHAG/ACE/LEPROT/PRKDC/PRKAA1/STAT5A/STAT5B/PIP4K2A,0.21925034670375515
GO:0002833,positive regulation of response to biotic stimulus,150,0.39955836297701963,1.2627773748731852,0.02899171328041766,0.12271004302971386,0.0933293061241966,1182,"tags=36%, list=28%, signal=27%",CTSS/GBP2/MNDA/HLA-C/S100A8/IFI16/GRN/HLA-DRB1/AP3B1/HMGB1/HLA-E/HLA-G/OAS3/RALB/PCBP2/CASP1/WDFY1/RPS19/PARP1/RELA/HCK/LYN/SRC/PAK2/RBM14/PQBP1/EIF2AK2/HSP90B1/PAK1/PLCG2/HMGB2/HLA-DRB3/DDX60/MATR3/CPT1A/RIGI/CYBA/ZC3HAV1/STING1/MYD88/AP1G1/YWHAG/LAMP1/RFTN1/UBE2K/PIK3C3/PRKDC/TRIM25/PLD3/SQSTM1/HLA-F/PRKAA1/CD14/BTK,0.35248785758361917
GO:0007264,small GTPase-mediated signal transduction,155,0.4017323289998283,1.260023712500647,0.03196803196803197,0.13007282572499962,0.0989292014801771,1310,"tags=39%, list=31%, signal=28%",ARHGDIB/CYRIB/ELMO1/RAC1/RAC2/DEF6/RAB35/RAB39B/RAB12/RAB30/RAB4B/RAB39A/RAB4A/RDX/ARHGEF1/TGM2/CFL1/RALB/SWAP70/FBP1/GRB2/RAP1B/RAP1A/SRC/NCKAP1/RHOG/CDC42/ARAP1/CDK2/FXR1/DOCK2/GMIP/RAB3GAP1/RAP2B/DBNL/F11R/RAF1/ROCK1/SHTN1/WNK1/CYTH1/ARHGEF7/RALA/RHOC/CHORDC1/TNS3/SH3BP1/AKAP13/SQSTM1/FGF2/HACD3/ARHGAP18/ARHGAP17/PPP2CB/DOCK11/ARRB1/GIT1/GIT2/RAB33A/PICALM/STAMBP,0.2529611230696109
GO:0001819,positive regulation of cytokine production,151,0.400541718077784,1.2592380456220398,0.03196803196803197,0.13007282572499962,0.0989292014801771,1182,"tags=36%, list=28%, signal=27%",PTPRC/LGALS9/STAT1/HLA-A/CYBB/IFI16/HLA-DPB1/CYRIB/PSMA4/HMGB1/RAB1A/PSMB8/HLA-E/HLA-G/OAS3/BSG/CD74/CASP1/RELA/PSMA3/PQBP1/EIF2AK2/PSMA2/PSMB9/CHI3L1/PLCG2/HMGB2/FGR/HDAC2/CLU/ADAM10/DDX21/PSMA7/RIGI/CEBPB/CYBA/ZC3HAV1/TMED10/STING1/PSMB2/MYD88/PSMB1/CREB1/PSMB10/PSMB4/RFTN1/PSMA1/FRMD8/ADAM17/HMOX1/HLA-F/PSMA6/CD14/BTK,0.2529611230696109
GO:0001822,kidney development,47,-0.2758051075411817,-1.2552741121595952,0.03920318947617928,0.15077117048544292,0.11467169579210396,193,"tags=17%, list=5%, signal=16%",HMGCS2/CTNNB1/ACAT1/KANK2/ASS1/SFRP1/SERPINF1/TACSTD2,0.3217759180753611
GO:0042176,regulation of protein catabolic process,168,0.3955057530000016,1.2514527046023027,0.02702702702702703,0.11628870249559907,0.08844544135127824,1573,"tags=48%, list=37%, signal=31%",PSME1/PSME2/SUMO2/MSN/PSMA4/RDX/CTSC/DDRGK1/HGS/RAD23A/RAD23B/PML/PSMC1/EIF3H/PSMA3/SNRNP70/UBXN1/STX5/PSMA2/RPL5/EEF1A1/EEF1A2/PRKACA/CLU/NDUFA13/CDK2/CDK1/FMR1/C4BPA/PSMA7/BCAP31/ARAF/VPS11/ROCK1/FLNA/SNX3/PSMB2/SF3B3/CDK5RAP3/PSMD3/NSF/CTSA/CUL4A/PSMB1/SNX12/PSMD7/TMX1/PSMB4/SEC22B/FBXO22/CST3/PSMA1/CHMP6/RPL23/GPX1/RPL11/PSME3/PSMA6/HSP90AB1/VPS35/RAB7A/PSMD12/USP14/HSP90AA1/USP9X/UBE3A/CSNK2B/GIPC1/UFL1/SNX9/PSMB3/PSMD4/PSMD6/ADRM1/RPS7/TIMP1/SNX1/PSEN1/ATG7/PSMF1,0.2765005992544716
GO:0050801,monoatomic ion homeostasis,123,0.40124350252650615,1.2501787133139497,0.045090180360721446,0.16229574533682753,0.12343691620683109,1454,"tags=41%, list=34%, signal=28%",MT1H/MT2A/CALR/GRN/HVCN1/MT1E/BAX/TFRC/RAB39A/VAPB/TGM2/ATP13A1/TMCO1/TPT1/SLC30A7/LCN2/PML/ATP2A1/ATP2A2/ATP2A3/TBXAS1/ATP6V1D/TM9SF4/PRKACA/ATP6V1G1/CUL1/BOLA2/BOLA2B/FTL/TMEM165/WNK1/CUTC/GLRX3/LAMP1/MCU/CAMK2D/NPTN/MYH7B/HMOX1/RAB7A/PICALM/ITPR1/SLC39A7/YWHAE/UBE3A/ATP2C1/CCDC47/ABCB7/LETM1/WFS1,0.21140018938492272
GO:0016050,vesicle organization,177,0.39651122029268493,1.24455192564392,0.030015689943571608,0.1253071368276242,0.09530457201208921,1633,"tags=48%, list=39%, signal=31%",CORO1A/VAMP8/AP3M1/CHMP4B/AP3B1/RAB8A/RAB14/RAB4B/RAB39A/RAB1A/VAPB/VAPA/AP1M1/CHMP4A/HGS/SEC13/DNAJC13/STX7/RAB27A/MX2/VPS16/ATP6V1D/MYO18A/STX5/UBR4/VIPAS39/ATP6V1E1/TFG/ATP6V1G1/AP3D1/WASHC4/AP1S2/SEC23B/VPS11/VAMP2/VAMP3/VTI1B/TMED10/SEC31A/SNX3/AP1G1/VAMP7/ZFYVE16/TRAPPC1/CHMP1B/AP2M1/RAB32/CHMP2A/SEC22B/WASHC5/STX12/SURF4/PIK3C3/CHMP6/ATP6V1C1/CHMP5/PLD3/MIA3/SQSTM1/TRAPPC3/TMED2/PIP4K2A/DNM3/DNM2/RAB7A/YKT6/CORO1C/PICALM/STX16/MX1/RAB22A/CHMP3/MVB12A/TMED9/SNAPIN/VPS8/SNX1/STX8/VPS25/PREB/PAFAH1B1/VPS18/VPS4A/VPS4B/STAM2,0.35248785758361917
NA,NA,NA,NA,NA,NA,NA,NA,NA,NA,,NA
NA,NA,NA,NA,NA,NA,NA,NA,NA,NA,,NA
NA,NA,NA,NA,NA,NA,NA,NA,NA,NA,,NA
NA,NA,NA,NA,NA,NA,NA,NA,NA,NA,,NA
NA,NA,NA,NA,NA,NA,NA,NA,NA,NA,,NA
NA,NA,NA,NA,NA,NA,NA,NA,NA,NA,,NA
NA,NA,NA,NA,NA,NA,NA,NA,NA,NA,,NA
NA,NA,NA,NA,NA,NA,NA,NA,NA,NA,,NA
NA,NA,NA,NA,NA,NA,NA,NA,NA,NA,,NA
NA,NA,NA,NA,NA,NA,NA,NA,NA,NA,,NA
NA,NA,NA,NA,NA,NA,NA,NA,NA,NA,,NA
NA,NA,NA,NA,NA,NA,NA,NA,NA,NA,,NA
NA,NA,NA,NA,NA,NA,NA,NA,NA,NA,,NA
NA,NA,NA,NA,NA,NA,NA,NA,NA,NA,,NA
NA,NA,NA,NA,NA,NA,NA,NA,NA,NA,,NA
NA,NA,NA,NA,NA,NA,NA,NA,NA,NA,,NA
NA,NA,NA,NA,NA,NA,NA,NA,NA,NA,,NA
NA,NA,NA,NA,NA,NA,NA,NA,NA,NA,,NA
NA,NA,NA,NA,NA,NA,NA,NA,NA,NA,,NA
NA,NA,NA,NA,NA,NA,NA,NA,NA,NA,,NA
NA,NA,NA,NA,NA,NA,NA,NA,NA,NA,,NA
