ID,Description,setSize,enrichmentScore,NES,pvalue,p.adjust,qvalue,rank,leading_edge,core_enrichment,log2err
GO:0050830,defense response to Gram-positive bacterium,39,0.49430566455731945,2.199410131106513,4.5805096203752266e-5,0.00473458130760603,0.00473458130760603,423,"tags=36%, list=9%, signal=33%",DEFA1/DEFA3/DEFA1B/PLA2G2A/PGLYRP1/RPL39/RNASE3/FGR/CAMP/TLR2/DEFB103A/DEFB103B/CASP4/H2BC12,0.557332238758646
GO:0050829,defense response to Gram-negative bacterium,29,0.5164663669877457,2.059485459466691,1.6762097560447703e-4,0.012705669950819358,0.01270566995081936,473,"tags=38%, list=10%, signal=34%",DEFA1/DEFA3/DEFA1B/BPI/RNASE3/CAMP/DEFB103A/DEFB103B/H2BC12/AZU1/ELANE,0.5188480777437918
GO:0061844,antimicrobial humoral immune response mediated by antimicrobial peptide,38,0.4533498042434209,1.9556321021831777,5.458732150849528e-4,0.01939555767348723,0.01939555767348723,473,"tags=37%, list=10%, signal=33%",DEFA1/DEFA3/DEFA1B/PGLYRP1/BPI/RPL39/RNASE3/CAMP/CXCL13/DEFB103A/DEFB103B/H2BC26/H2BC12/ELANE,0.47727081536286214
GO:0019730,antimicrobial humoral response,51,0.4075989911012916,1.7805801437319857,3.2665011072275946e-4,0.015356835950652565,0.015356835950652563,580,"tags=37%, list=12%, signal=33%",DEFA1/DEFA3/DEFA1B/PGLYRP1/BPI/RPL39/RNASE3/CAMP/CXCL13/DEFB103A/DEFB103B/H2BC26/H2BC12/AZU1/ELANE/PRTN3/SLPI/CXCL12/SPRR2A,0.49849310876659025
GO:0098659,inorganic cation import across plasma membrane,24,-0.6307905706298294,-1.7235817143397278,0.0019099099978405578,0.03338823863281942,0.03338823863281942,812,"tags=54%, list=17%, signal=45%",SLC39A14/PPP3CC/MS4A1/ATP1A2/ATP4A/ATP1B1/SLC30A1/NEDD4L/CACNA2D1/PPP3CA/PPP3CB/ATP1A1/STK39,0.45505986738722953
GO:0099587,inorganic ion import across plasma membrane,24,-0.6307905706298294,-1.7235817143397278,0.0019099099978405578,0.03338823863281942,0.03338823863281942,812,"tags=54%, list=17%, signal=45%",SLC39A14/PPP3CC/MS4A1/ATP1A2/ATP4A/ATP1B1/SLC30A1/NEDD4L/CACNA2D1/PPP3CA/PPP3CB/ATP1A1/STK39,0.45505986738722953
GO:0006261,DNA-templated DNA replication,46,-0.5613070703578007,-1.7216955918882635,5.288964595407757e-4,0.01939555767348723,0.01939555767348723,1186,"tags=48%, list=25%, signal=36%",PURA/CUL2/RECQL/RFC2/PNKP/NUCKS1/RPA1/MCMBP/SAMHD1/CUL4A/NBN/RFC3/CUL4B/MCM5/PCNA/NOC3L/MCM3/RRM1/MCM4/MCM6/POLD1/MCM2,0.47727081536286214
GO:0000375,"RNA splicing, via transesterification reactions",195,-0.5018403984654738,-1.7066891358904026,1.1959202416675744e-8,7.635829980759546e-6,7.635829980759544e-6,1584,"tags=60%, list=33%, signal=42%",HNRNPR/SNRPA1/ZC3H14/PSME3IP1/PPIH/SMU1/RBM7/SNU13/XAB2/PLRG1/HNRNPUL1/RBM3/LUC7L/LARP7/NUP98/PRP4K/USP39/PRPF8/KHDRBS1/SF3B2/DHX16/HNRNPUL2/SNRPD2/DAZAP1/WDR77/LUC7L2/SRSF3/SRSF7/PRPF3/DHX38/MTREX/NCL/PRPF38A/DDX39A/DDX39B/SRSF1/SF3A1/HNRNPC/DDX46/SART3/SAP30BP/CWF19L1/PRPF40A/PRPF31/DHX15/U2AF1/SNRPF/SAP18/ILF3/LSM2/CDC5L/CDK11B/C1QBP/PRMT5/RBM39/SRSF4/SART1/EFTUD2/ACIN1/MAGOHB/SNRNP200/SF3B6/HNRNPA2B1/DHX9/SF3B1/SRSF10/RBM25/TIA1/TIAL1/SF1/STRAP/DDX42/PPIL1/RBM4/RALY/TRA2A/TRA2B/RBM14/LUC7L3/SRSF9/PRPF4/DDX23/KHSRP/HNRNPK/HSPA8/SNRNP40/DDX17/DDX5/SRSF6/HNRNPM/SFPQ/PQBP1/CIRBP/RBM15/SRSF5/ZNF830/HTATSF1/CRNKL1/RBM8A/HNRNPF/HNRNPH1/HNRNPA3/HNRNPA1/AQR/PUF60/HNRNPL/HNRNPH3/SNW1/SRRM2/EIF4A3/SF3A3/SRPK2/FMR1/RBM10/RBMX/RBMXL1/ISY1,0.7477396631498854
GO:0000377,"RNA splicing, via transesterification reactions with bulged adenosine as nucleophile",193,-0.5017956343480936,-1.6957542100960759,2.014730865635764e-8,7.635829980759546e-6,7.635829980759544e-6,1584,"tags=60%, list=33%, signal=42%",HNRNPR/SNRPA1/ZC3H14/PSME3IP1/PPIH/SMU1/RBM7/SNU13/XAB2/PLRG1/HNRNPUL1/RBM3/LUC7L/LARP7/NUP98/PRP4K/USP39/PRPF8/KHDRBS1/SF3B2/DHX16/HNRNPUL2/SNRPD2/DAZAP1/WDR77/LUC7L2/SRSF3/SRSF7/PRPF3/DHX38/MTREX/NCL/PRPF38A/DDX39A/DDX39B/SRSF1/SF3A1/HNRNPC/DDX46/SART3/SAP30BP/CWF19L1/PRPF40A/PRPF31/DHX15/U2AF1/SNRPF/SAP18/ILF3/LSM2/CDC5L/CDK11B/C1QBP/PRMT5/RBM39/SRSF4/SART1/EFTUD2/ACIN1/MAGOHB/SNRNP200/SF3B6/HNRNPA2B1/DHX9/SF3B1/SRSF10/RBM25/TIA1/TIAL1/SF1/STRAP/DDX42/PPIL1/RBM4/RALY/TRA2A/TRA2B/RBM14/LUC7L3/SRSF9/PRPF4/DDX23/HNRNPK/HSPA8/SNRNP40/DDX17/DDX5/SRSF6/HNRNPM/SFPQ/PQBP1/CIRBP/RBM15/SRSF5/ZNF830/HTATSF1/CRNKL1/RBM8A/HNRNPF/HNRNPH1/HNRNPA3/HNRNPA1/AQR/PUF60/HNRNPL/HNRNPH3/SNW1/SRRM2/EIF4A3/SF3A3/SRPK2/FMR1/RBM10/RBMX/RBMXL1/ISY1,0.7337619883564803
GO:0000398,"mRNA splicing, via spliceosome",193,-0.5017956343480936,-1.6957542100960759,2.014730865635764e-8,7.635829980759546e-6,7.635829980759544e-6,1584,"tags=60%, list=33%, signal=42%",HNRNPR/SNRPA1/ZC3H14/PSME3IP1/PPIH/SMU1/RBM7/SNU13/XAB2/PLRG1/HNRNPUL1/RBM3/LUC7L/LARP7/NUP98/PRP4K/USP39/PRPF8/KHDRBS1/SF3B2/DHX16/HNRNPUL2/SNRPD2/DAZAP1/WDR77/LUC7L2/SRSF3/SRSF7/PRPF3/DHX38/MTREX/NCL/PRPF38A/DDX39A/DDX39B/SRSF1/SF3A1/HNRNPC/DDX46/SART3/SAP30BP/CWF19L1/PRPF40A/PRPF31/DHX15/U2AF1/SNRPF/SAP18/ILF3/LSM2/CDC5L/CDK11B/C1QBP/PRMT5/RBM39/SRSF4/SART1/EFTUD2/ACIN1/MAGOHB/SNRNP200/SF3B6/HNRNPA2B1/DHX9/SF3B1/SRSF10/RBM25/TIA1/TIAL1/SF1/STRAP/DDX42/PPIL1/RBM4/RALY/TRA2A/TRA2B/RBM14/LUC7L3/SRSF9/PRPF4/DDX23/HNRNPK/HSPA8/SNRNP40/DDX17/DDX5/SRSF6/HNRNPM/SFPQ/PQBP1/CIRBP/RBM15/SRSF5/ZNF830/HTATSF1/CRNKL1/RBM8A/HNRNPF/HNRNPH1/HNRNPA3/HNRNPA1/AQR/PUF60/HNRNPL/HNRNPH3/SNW1/SRRM2/EIF4A3/SF3A3/SRPK2/FMR1/RBM10/RBMX/RBMXL1/ISY1,0.7337619883564803
GO:0051168,nuclear export,91,-0.521396446990906,-1.6944762822415926,4.0946926741108994e-5,0.0046556655704640924,0.0046556655704640924,1484,"tags=59%, list=31%, signal=42%",THOC7/AGFG1/THOC6/NUP98/PRP4K/RANBP2/KHDRBS1/ERH/EIF4E/XPO7/NUP93/SRSF3/XPO4/PHAX/NUP160/EIF6/DDX19A/DDX39A/DDX39B/NOL6/NUP133/NXF1/NEMF/RANGAP1/XPO1/MAGOHB/HNRNPA2B1/CSE1L/DHX9/SSB/RPS15/ADAR/NUP155/NMD3/PARK7/NPM1/TPR/NUP88/NSUN2/EMD/ALYREF/NUP153/CPSF6/CHTOP/WNK1/RBM8A/POLDIP3/ANP32B/HNRNPA1/EIF4A3/NUP214/FMR1/RBM10/SP100,0.557332238758646
GO:0046785,microtubule polymerization,40,-0.5757925640605839,-1.6926035977743297,6.163493525893394e-4,0.02123603678466906,0.02123603678466906,1515,"tags=65%, list=32%, signal=45%",MECP2/ACTB/GIT1/DRG1/FKBP4/CKAP5/TUBG1/PAK1/TUBB4A/TPPP3/CLASP2/DCTN1/TBCD/GOLGA2/CLIP1/TUBA1A/ARHGEF7/HSPA1A/HSPA1B/ARL2/MAPRE1/MAP1B/CDH5/TUBB1/NUMA1/MAP4,0.47727081536286214
GO:0051236,establishment of RNA localization,97,-0.519599265915561,-1.6885484050383295,7.836814629772733e-6,0.0012729226048645138,0.0012729226048645138,1540,"tags=59%, list=32%, signal=41%",SARNP/BICD2/THOC7/AGFG1/THOC6/NUP98/RANBP2/KHDRBS1/ERH/PNPT1/EIF4E/NUP93/SRSF3/SRSF7/G3BP2/PHAX/CKAP5/NUP160/DDX19A/NUP54/DDX39A/DDX39B/SRSF1/AHCTF1/LRPPRC/NOL6/NUP133/NXF1/NUP35/XPO1/MAGOHB/HNRNPA2B1/MX2/DHX9/ATM/SSB/KPNB1/NUP155/KHSRP/MVP/TPR/NUP88/NSUN2/ALYREF/NUP153/CPSF6/CHTOP/WNK1/YBX1/RBM8A/POLDIP3/HNRNPA1/FXR1/FXR2/EIF4A3/NUP214/FMR1,0.5933254763964051
GO:0019724,B cell mediated immunity,49,-0.551828906361739,-1.6814651008903072,3.077791033748612e-4,0.015356835950652565,0.015356835950652563,991,"tags=43%, list=21%, signal=34%",IGLL1/EXOSC6/MSH2/C1QBP/C1RL/CD74/HSPD1/PCYT1A/C8G/C3/C6/NBN/C2/C8A/HLA-G/C4A/C4B/C1S/C1R/CFI/C8B,0.49849310876659025
GO:0050657,nucleic acid transport,96,-0.5170591844488543,-1.6784016472499663,1.125825763403508e-5,0.0014222932144330985,0.0014222932144330985,1540,"tags=58%, list=32%, signal=40%",SARNP/BICD2/THOC7/AGFG1/THOC6/NUP98/RANBP2/KHDRBS1/ERH/PNPT1/EIF4E/NUP93/SRSF3/SRSF7/G3BP2/PHAX/CKAP5/NUP160/DDX19A/NUP54/DDX39A/DDX39B/SRSF1/AHCTF1/LRPPRC/NOL6/NUP133/NXF1/NUP35/XPO1/MAGOHB/HNRNPA2B1/MX2/DHX9/SSB/KPNB1/NUP155/KHSRP/MVP/TPR/NUP88/NSUN2/ALYREF/NUP153/CPSF6/CHTOP/WNK1/YBX1/RBM8A/POLDIP3/HNRNPA1/FXR1/FXR2/EIF4A3/NUP214/FMR1,0.5933254763964051
GO:0050658,RNA transport,96,-0.5170591844488543,-1.6784016472499663,1.125825763403508e-5,0.0014222932144330985,0.0014222932144330985,1540,"tags=58%, list=32%, signal=40%",SARNP/BICD2/THOC7/AGFG1/THOC6/NUP98/RANBP2/KHDRBS1/ERH/PNPT1/EIF4E/NUP93/SRSF3/SRSF7/G3BP2/PHAX/CKAP5/NUP160/DDX19A/NUP54/DDX39A/DDX39B/SRSF1/AHCTF1/LRPPRC/NOL6/NUP133/NXF1/NUP35/XPO1/MAGOHB/HNRNPA2B1/MX2/DHX9/SSB/KPNB1/NUP155/KHSRP/MVP/TPR/NUP88/NSUN2/ALYREF/NUP153/CPSF6/CHTOP/WNK1/YBX1/RBM8A/POLDIP3/HNRNPA1/FXR1/FXR2/EIF4A3/NUP214/FMR1,0.5933254763964051
GO:0070252,actin-mediated cell contraction,38,-0.5725604564960353,-1.6753197363511405,0.001115400603213158,0.026983201826667247,0.026983201826667243,922,"tags=42%, list=19%, signal=34%",DSG2/CAMK2D/TPM1/ACTA2/FLNA/ATP1A2/SHTN1/BIN1/NEDD4L/JUP/DSP/MYL6B/MYL6/CACNA2D1/PARVA/ATP1A1,0.45505986738722953
GO:0006275,regulation of DNA replication,42,-0.5540464831709425,-1.6652774201186167,7.209634938178535e-4,0.02223826335535818,0.02223826335535818,825,"tags=43%, list=17%, signal=36%",NUCKS1/ACTL6A/FAF1/DHX9/SMARCA5/CUL4A/NBN/EGFR/CUL4B/UCHL5/MCM5/PCNA/CDK2/CDK1/MCM3/MCM4/MCM6/MCM2,0.47727081536286214
GO:0002526,acute inflammatory response,37,-0.5729673011954283,-1.657606456798056,8.446404612640006e-4,0.02265301450046404,0.02265301450046404,807,"tags=43%, list=17%, signal=36%",LBP/APCS/ASS1/PARK7/SERPINA1/AHSG/SERPINF2/F2/F12/STAT3/SERPINA3/KLKB1/ITIH4/APOL2/PTGES/SAA4,0.47727081536286214
GO:0016064,immunoglobulin mediated immune response,47,-0.5487593852036791,-1.6492802456349085,9.019909827481484e-4,0.022854619327012417,0.02285461932701242,991,"tags=43%, list=21%, signal=34%",IGLL1/EXOSC6/MSH2/C1QBP/C1RL/CD74/HSPD1/PCYT1A/C8G/C3/C6/NBN/C2/C8A/C4A/C4B/C1S/C1R/CFI/C8B,0.47727081536286214
GO:0051028,mRNA transport,80,-0.5160348202394379,-1.6453993692617739,7.591278894316611e-5,0.00719273675236499,0.007192736752364989,1540,"tags=59%, list=32%, signal=41%",SARNP/BICD2/THOC7/AGFG1/THOC6/NUP98/RANBP2/ERH/EIF4E/NUP93/SRSF3/SRSF7/G3BP2/NUP160/DDX19A/NUP54/DDX39A/DDX39B/SRSF1/AHCTF1/LRPPRC/NUP133/NXF1/NUP35/XPO1/MAGOHB/HNRNPA2B1/MX2/DHX9/NUP155/KHSRP/MVP/TPR/NUP88/NSUN2/ALYREF/NUP153/CHTOP/WNK1/RBM8A/POLDIP3/HNRNPA1/FXR1/FXR2/EIF4A3/NUP214/FMR1,0.5384340963099162
GO:0031109,microtubule polymerization or depolymerization,48,-0.5380171030385316,-1.6389513672992102,0.0014693902711617331,0.03037630433292528,0.030376304332925284,1515,"tags=65%, list=32%, signal=45%",MECP2/ACTB/GIT1/DRG1/FKBP4/KIF2A/CKAP5/TUBG1/MAPRE2/PAK1/TUBB4A/STMN1/TPPP3/CLASP2/ARHGEF2/DCTN1/TBCD/GOLGA2/CLIP1/TUBA1A/ARHGEF7/HSPA1A/HSPA1B/ARL2/MAPRE1/CRYAB/MAP1B/CDH5/TUBB1/NUMA1/MAP4,0.45505986738722953
GO:0030216,keratinocyte differentiation,66,-0.5218553631703954,-1.6380158086349081,3.214987965490019e-4,0.015356835950652565,0.015356835950652563,1060,"tags=45%, list=22%, signal=36%",KRT77/PRKCH/PPL/ROCK1/KRT78/KRT4/EVPL/KRT79/KRT3/KRT7/PKP1/KRT75/KRT6B/ST14/ROCK2/SRSF6/KRT14/DSP/KRT6C/KRT5/KRT6A/PLEC/AKR1C3/PPP3CA/KRT71/KRT74/KRT72/KRT73/KRT16/NUMA1,0.49849310876659025
GO:1903312,negative regulation of mRNA metabolic process,59,-0.5165444308067358,-1.632834252788716,0.0010897592100358438,0.02693600482197292,0.02693600482197292,2071,"tags=76%, list=43%, signal=44%",SNRPE/PNN/SYNCRIP/LARP4B/THRAP3/BCLAF1/HNRNPU/PTBP1/MAPK14/U2AF2/TARDBP/MAPKAPK2/ZC3H14/PRPF8/SNRPD2/SRSF7/ELAVL1/SRSF1/MYD88/LRPPRC/HNRNPC/PKP3/SNRPF/SAP18/TAF15/FUS/C1QBP/SRSF4/SLIRP/EFTUD2/ACIN1/SNRNP200/CSDE1/DHX9/SRSF10/PKP1/SRSF9/SRSF6/HNRNPA0/CIRBP/YBX1/YBX3/FXR1/SNW1/RBMX,0.45505986738722953
GO:0006913,nucleocytoplasmic transport,153,-0.4907834795211474,-1.631851258513894,1.5275340553348151e-6,2.8946770348594746e-4,2.8946770348594746e-4,1702,"tags=61%, list=36%, signal=40%",STK4/UPF1/NUP205/APPL1/RAE1/TARDBP/SMAD3/TGFB1/SFN/SARNP/APPL2/THOC7/AGFG1/THOC6/PRKCD/NUP98/PRP4K/RANBP2/KHDRBS1/PHB2/ERH/EIF4E/XPO7/NUP93/SRSF3/XPO4/PHAX/NUP160/ELAVL1/EIF6/DDX19A/TRIM28/NUP54/DDX39A/DDX39B/AHCTF1/NOL6/NUP133/NXF1/YWHAB/NEMF/IPO4/RANGAP1/NUP35/XPO1/KPNA3/MAGOHB/HNRNPA2B1/CSE1L/MX2/DHX9/IPO7/SSB/AKT1/RPS15/TNPO2/TNPO1/RBM4/KPNB1/FLNA/ADAR/KPNA4/NUP155/APOD/NMD3/PARK7/NPM1/TPR/NUP88/NSUN2/NEDD4/EMD/ALYREF/NUP153/CPSF6/JUP/CHTOP/WNK1/PIK3R1/RBM8A/POLDIP3/ANP32B/HNRNPA1/HSP90AA1/CDK1/STAT3/EIF4A3/NUP214/FMR1/RBM10/SP100/IPO5/KPNA1,0.6435518361507222
GO:0051169,nuclear transport,153,-0.4907834795211474,-1.631851258513894,1.5275340553348151e-6,2.8946770348594746e-4,2.8946770348594746e-4,1702,"tags=61%, list=36%, signal=40%",STK4/UPF1/NUP205/APPL1/RAE1/TARDBP/SMAD3/TGFB1/SFN/SARNP/APPL2/THOC7/AGFG1/THOC6/PRKCD/NUP98/PRP4K/RANBP2/KHDRBS1/PHB2/ERH/EIF4E/XPO7/NUP93/SRSF3/XPO4/PHAX/NUP160/ELAVL1/EIF6/DDX19A/TRIM28/NUP54/DDX39A/DDX39B/AHCTF1/NOL6/NUP133/NXF1/YWHAB/NEMF/IPO4/RANGAP1/NUP35/XPO1/KPNA3/MAGOHB/HNRNPA2B1/CSE1L/MX2/DHX9/IPO7/SSB/AKT1/RPS15/TNPO2/TNPO1/RBM4/KPNB1/FLNA/ADAR/KPNA4/NUP155/APOD/NMD3/PARK7/NPM1/TPR/NUP88/NSUN2/NEDD4/EMD/ALYREF/NUP153/CPSF6/JUP/CHTOP/WNK1/PIK3R1/RBM8A/POLDIP3/ANP32B/HNRNPA1/HSP90AA1/CDK1/STAT3/EIF4A3/NUP214/FMR1/RBM10/SP100/IPO5/KPNA1,0.6435518361507222
GO:0009913,epidermal cell differentiation,78,-0.5099405169962874,-1.6284854230512957,3.4832276423242477e-4,0.015356835950652565,0.015356835950652563,1060,"tags=44%, list=22%, signal=34%",KRT77/PRKCH/CTNNB1/PPL/ROCK1/HDAC1/KRT78/KRT4/EVPL/KRT79/KRT3/KRT7/PKP1/KRT75/KRT6B/ST14/ROCK2/SRSF6/KRT14/HDAC2/DSP/KRT6C/KRT5/KRT6A/PLEC/AKR1C3/PPP3CA/KRT71/KRT74/KRT72/KRT73/ESRP1/KRT16/NUMA1,0.49849310876659025
GO:0043271,negative regulation of monoatomic ion transport,35,-0.5600170827675228,-1.6244106973646468,0.0021554186685956793,0.03501015751704697,0.03501015751704697,680,"tags=43%, list=14%, signal=37%",PPP3CC/ACTN2/ATP1A2/BIN1/SLC30A1/NEDD4L/NEDD4/WNK1/OXSR1/PPP3CA/PPP3CB/FMR1/STK39/LILRB1/LILRB2,0.4317076958033464
GO:0001508,action potential,32,-0.5714052246405277,-1.6166313738300164,0.00212929520268545,0.03501015751704697,0.03501015751704697,922,"tags=47%, list=19%, signal=38%",DSG2/GBA1/CAMK2D/FLNA/YWHAH/ATP1A2/MYH14/ATP1B1/BIN1/NEDD4L/JUP/DSP/CACNA2D1/ATP1A1/FMR1,0.4317076958033464
GO:0002444,myeloid leukocyte mediated immunity,54,0.3551348928135598,1.6161205728676067,0.0011810695604946848,0.02740563449556034,0.027405634495560337,481,"tags=28%, list=10%, signal=25%",JAGN1/ITGAM/FGR/MPO/CD84/ITGB2/FCGR2B/ANXA3/RAC2/PCYOX1L/VAMP2/FCGR3A/AZU1/ELANE/PTGDS,0.45505986738722953
GO:0032271,regulation of protein polymerization,92,-0.4964357721648458,-1.612572905292928,2.7120631423585665e-4,0.015356835950652565,0.015356835950652563,1518,"tags=52%, list=32%, signal=36%",NCKAP1L/MECP2/FLII/PRKCD/TRIOBP/CYRIA/RDX/GIT1/DRG1/FKBP4/ADD2/CKAP5/MYADM/CAPZB/PAK1/TUBB4A/CAPZA1/SVIL/TWF2/TPPP3/SPTB/SPTBN2/CLASP2/DCTN1/TBCD/NCKAP1/CYFIP2/CLIP1/ESAM/TMOD3/ARHGEF7/HIP1R/HSPA1A/HSPA1B/ARL2/BIN1/MAPRE1/MAP1B/CDH5/CTTN/HSP90AA1/SPTAN1/KANK2/ADD3/ADD1/SPTBN1/NUMA1/ARPC5L,0.49849310876659025
GO:0001578,microtubule bundle formation,13,-0.6615988209829536,-1.609854573590539,0.01005463314952626,0.10207248116974425,0.10207248116974425,1082,"tags=69%, list=23%, signal=54%",ODAD4/TPPP3/DNAH1/CLIP1/MAPRE1/MAP1B/DNAAF1/MTCL1/NUMA1,0.3807304007227924
GO:0090068,positive regulation of cell cycle process,64,-0.5115631707582182,-1.6096036370470472,9.045363849741063e-4,0.022854619327012417,0.02285461932701242,1407,"tags=48%, list=29%, signal=35%",DYNLT1/SMC2/RDX/CUL3/PDGFRB/RB1/PKP3/DYNLT3/SMC4/SVIL/NSFL1C/PAF1/DYNC1I2/DYNC1H1/AKT1/MAD1L1/DYNC1LI1/DDX3X/ROCK2/NPM1/TPR/EIF4G1/MAD2L1/EGFR/EXOC7/RCC2/WNK1/RCC1/CDK1/NUMA1/RRM1,0.47727081536286214
GO:0008380,RNA splicing,249,-0.46740054535222797,-1.5987734855228388,1.4075524984776528e-7,4.000967976922728e-5,4.000967976922728e-5,1584,"tags=55%, list=33%, signal=39%",HNRNPR/SNRPA1/ZC3H14/PSME3IP1/PPIH/RPS26/SMU1/RBM7/SNU13/XAB2/PLRG1/HNRNPUL1/RBM3/THOC7/LGALS3/LUC7L/LARP7/THOC6/NUP98/PRP4K/USP39/PRPF8/KHDRBS1/RBM12/SF3B2/DHX16/HNRNPUL2/SNRPD2/DAZAP1/WDR77/PRMT1/LUC7L2/SRSF3/SRSF7/PRPF3/DHX38/MTREX/NCL/PRPF38A/DDX39A/DDX39B/SRSF1/SF3A1/HNRNPC/DDX46/SART3/SAP30BP/AHNAK/CWF19L1/POLR2A/PRPF40A/PRPF31/DHX15/U2AF1/SNRPF/SAP18/ILF3/LSM2/CDC5L/CDK11B/FUS/C1QBP/PRMT5/RBM39/SRSF4/SART1/EFTUD2/ACIN1/MAGOHB/SNRNP200/SF3B6/AHNAK2/HNRNPA2B1/DHX9/SF3B1/SRSF10/RBM25/TIA1/TIAL1/SF1/STRAP/DDX42/PPIL1/RBM4/RALY/TRA2A/TRA2B/RBM14/LUC7L3/SRSF9/CCAR2/PRPF4/DDX23/KHSRP/HNRNPK/HSPA1A/HSPA8/SNRNP40/DDX17/DDX5/SRSF6/HNRNPM/NONO/SFPQ/PQBP1/CIRBP/ALYREF/RBM15/SRSF5/PIK3R1/ZNF830/HTATSF1/CRNKL1/YBX1/RBM8A/HNRNPF/HNRNPH1/HNRNPH2/HNRNPA3/HNRNPA1/AQR/PUF60/ESRP1/ESRP2/HNRNPL/HNRNPH3/SNW1/SRRM2/EIF4A3/SF3A3/SRPK2/FMR1/RBM10/RBMX/RBMXL1/ISY1,0.6901324587967956
GO:0030512,negative regulation of transforming growth factor beta receptor signaling pathway,26,-0.5712659169182024,-1.586921986892834,0.008228385215842888,0.08662661102234596,0.08662661102234595,1348,"tags=58%, list=28%, signal=42%",RBBP7/FBN2/STUB1/SNX6/USP15/ENG/HDAC1/FBN1/CD109/STRAP/SIN3A/RBBP4/HSPA1A/HDAC2/PPM1A,0.3807304007227924
GO:0050821,protein stabilization,113,-0.48760788465424776,-1.5848613580225928,9.005843220847681e-5,0.007876649032387549,0.007876649032387549,1393,"tags=50%, list=29%, signal=36%",HCFC1/BAG2/TCP1/PHB2/POLR2E/STUB1/RUVBL2/USP9X/CLU/USP7/BAG5/FLOT2/CSNK2A1/PFDN2/CCT8/TBL1X/PRKRA/BAG1/GAPDH/SEC16A/CCT4/ATM/RASSF2/RTN4/DSG1/CD74/HSPD1/CCT2/TUBA1A/PYHIN1/FLNA/PHB1/CFP/CTNND1/PARK7/ATP1B1/HIP1R/HSPA1A/HSPA1B/HIP1/CRYAB/NAA15/PIK3R1/DSP/BAG6/PARVA/HSP90AA1/HSP90AB1/VBP1/PLPP3/CCT5/AFM/PDCL3/CCT6A/CPN2/APOA1,0.5384340963099162
GO:0045786,negative regulation of cell cycle,99,-0.49205486989967195,-1.5838460960291953,1.8999038967801562e-4,0.013288993438435846,0.013288993438435847,1009,"tags=40%, list=21%, signal=33%",DYNLT3/RFC2/CTNNB1/PARP9/CDC5L/DYNC1I2/BRCC3/ATM/IPO7/DYNC1H1/SMARCA5/SKP1/RBM14/CCAR2/MAD1L1/NAA10/RPA2/DYNC1LI1/NBN/NPM1/TPR/RFC3/NHERF1/MAD2L1/BUB3/NSUN2/YTHDC2/DSP/HLA-G/ZNF830/INTS3/TIPRL/CDK2/CDK1/RHOB/KANK2/FHL1/LILRB1/IPO5/STK38,0.5188480777437918
GO:0045446,endothelial cell differentiation,29,-0.5642288681519376,-1.5812586237959996,0.0049046691830380166,0.06061531370776331,0.06061531370776331,1379,"tags=59%, list=29%, signal=42%",MSN/RDX/VCL/AFDN/COL18A1/MYADM/EZR/FSTL1/DSG2/ROCK1/GSTM3/FBN1/TJP1/ROCK2/CDH5/DSP/ADD1,0.40701791892395395
GO:0000075,cell cycle checkpoint signaling,59,-0.4995669452004779,-1.5791671946020074,0.0028294955270237966,0.04468245019758412,0.04468245019758412,1074,"tags=44%, list=22%, signal=35%",DTX3L/DYNLT3/RFC2/PARP9/CDC5L/DYNC1I2/BRCC3/ATM/DYNC1H1/SKP1/CCAR2/MAD1L1/RPA2/DYNC1LI1/NBN/TPR/RFC3/MAD2L1/BUB3/NSUN2/ZNF830/INTS3/TIPRL/CDK2/CDK1/STK38,0.4317076958033464
GO:0006997,nucleus organization,64,-0.5008295705881496,-1.5758309910476407,0.001601031780898849,0.031635689266302204,0.031635689266302204,1782,"tags=64%, list=37%, signal=41%",VPS4A/TOR1A/NUP205/TARDBP/PML/CHMP5/AGFG1/PRKCA/PRKCB/NUP98/NUP93/SERBP1/PITPNB/NUP54/TOR1AIP1/SUN1/AHCTF1/NUP133/NUP35/NSFL1C/DCTN1/SYNE1/VRK1/RTN4/SMARCA5/LMNB1/LMNB2/NUP155/AGFG2/TPR/SUN2/BIN1/EMD/NUP153/PLEC/DES/RCC1/CDK1/FXR1/SRPK2/NUMA1,0.45505986738722953
GO:0043583,ear development,15,-0.6300065651771946,-1.5745729050881685,0.015307663791197381,0.1261218386274741,0.12612183862747406,459,"tags=33%, list=10%, signal=30%",ATG4B/TTC39C/COL2A1/ESRP1/MCM2,0.3807304007227924
GO:0048839,inner ear development,15,-0.6300065651771946,-1.5745729050881685,0.015307663791197381,0.1261218386274741,0.12612183862747406,459,"tags=33%, list=10%, signal=30%",ATG4B/TTC39C/COL2A1/ESRP1/MCM2,0.3807304007227924
GO:0031333,negative regulation of protein-containing complex assembly,71,-0.4970854351657019,-1.5739086431680265,0.0015218984723646438,0.030899974340689283,0.030899974340689283,1503,"tags=54%, list=31%, signal=37%",CSNK1A1/SRC/FLII/PRKCD/TRIOBP/RDX/FKBP4/ADD2/CLU/MYADM/CAPZB/HMGB1/TUBB4A/CAPZA1/SVIL/TWF2/EPRS1/SPTB/SPTBN2/GAPDH/TBCD/TMOD3/IFI16/ARHGEF7/STXBP1/PARK7/DDX3X/HIP1R/HSPA5/HSPA8/MAPRE1/CRYAB/CDH5/SPTAN1/KANK2/ADD3/ADD1/SPTBN1,0.45505986738722953
GO:0006302,double-strand break repair,92,-0.4828821740321649,-1.5685467364641184,7.830367791992805e-4,0.02265301450046404,0.02265301450046404,1879,"tags=66%, list=39%, signal=41%",BCL7C/ACTR2/LMNA/RAD21/XRCC6/FH/ARID1A/PRPF19/MRE11/HMGB2/PML/VCP/PRKDC/CHD4/ACTB/XRCC5/MCM7/TOP2B/RUVBL2/DPF2/PRMT1/XRCC1/CSNK2A1/HMGB1/DTX3L/PPP4C/RECQL/PDS5B/PPP5C/UBE2V2/PARP9/PNKP/FUS/C1QBP/NUCKS1/ACTL6A/BRCC3/PAXX/RPA1/WDR48/ATM/SAMHD1/HDGFL2/RPA2/NBN/TNKS1BP1/HPF1/SMARCC1/SFPQ/MCM5/PPP4R3A/PSMD14/HTATSF1/SMARCC2/SMARCE1/INTS3/MCM3/MCM4/SMARCD2/MCM6/MCM2,0.47727081536286214
GO:0043484,regulation of RNA splicing,106,-0.48193996879706014,-1.5668274115826712,1.9869207427740493e-4,0.013288993438435846,0.013288993438435847,1538,"tags=58%, list=32%, signal=40%",RPS26/SMU1/RBM7/LARP7/NUP98/PRPF8/KHDRBS1/RBM12/SNRPD2/DAZAP1/WDR77/SRSF3/SRSF7/SRSF1/SAP30BP/AHNAK/POLR2A/SNRPF/SAP18/CDK11B/FUS/C1QBP/PRMT5/RBM39/SRSF4/EFTUD2/ACIN1/SNRNP200/AHNAK2/SRSF10/RBM25/TIA1/TIAL1/RBM4/TRA2B/RBM14/SRSF9/CCAR2/HNRNPK/HSPA1A/DDX17/DDX5/SRSF6/PQBP1/RBM15/SRSF5/PIK3R1/RBM8A/HNRNPF/HNRNPH1/HNRNPH2/HNRNPA1/PUF60/ESRP1/ESRP2/HNRNPL/HNRNPH3/SNW1/SRPK2/FMR1/RBMX,0.5188480777437918
GO:0035725,sodium ion transmembrane transport,24,-0.5730598077373295,-1.5658373029465085,0.013652644311176442,0.11759891349854254,0.11759891349854254,1028,"tags=46%, list=21%, signal=36%",SLC12A2/CAMK2D/ACTN4/ATP1A2/ATP4A/ATP1B1/NEDD4L/WNK1/ATP1A1/UTRN/STK39,0.3807304007227924
GO:0031099,regeneration,48,-0.5123247369198686,-1.5606851963140864,0.00561760361470889,0.06867973451531192,0.06867973451531192,604,"tags=31%, list=13%, signal=28%",RPS15/HDGFL2/CD9/MMP2/APOD/ADAM15/STK24/MAP1B/LCP1/SRSF5/CPT1A/PCNA/PPP3CA/EPPK1/APOA4,0.40701791892395395
GO:0006403,RNA localization,123,-0.4739615349760917,-1.5588321786048611,1.6240894242616923e-4,0.012705669950819358,0.01270566995081936,1540,"tags=54%, list=32%, signal=38%",SARNP/BICD2/CCT3/THOC7/AGFG1/THOC6/NUP98/RANBP2/TCP1/KHDRBS1/RUVBL2/ERH/PNPT1/EIF4E/NUP93/SRSF3/SRSF7/G3BP2/PHAX/CKAP5/NUP160/DDX19A/NUP54/DDX39A/DDX39B/SRSF1/AHCTF1/LRPPRC/CCT8/NOL6/NUP133/NXF1/FUBP3/NUP35/XPO1/MAGOHB/HNRNPA2B1/MX2/CCT4/DHX9/ATM/STAU1/SSB/CCT2/KPNB1/NUP155/KHSRP/MVP/TPR/NUP88/NSUN2/ALYREF/NUP153/CPSF6/CHTOP/WNK1/YBX1/RBM8A/POLDIP3/HNRNPA1/FXR1/FXR2/CCT5/CCT6A/EIF4A3/NUP214/FMR1,0.5188480777437918
GO:0007098,centrosome cycle,34,-0.5447964529541633,-1.5558214409958073,0.004276414772839033,0.058581730080939524,0.058581730080939524,1633,"tags=65%, list=34%, signal=43%",CHMP5/DNM2/NAT10/PPP1R12A/PCM1/CUL1/CKAP5/CTNNB1/CDK11B/NSFL1C/DCTN1/GOLGA2/SKP1/TUBA1A/PDCD6IP/RBM14/ROCK2/NPM1/ARL2/SLC16A1/CDK2/CDK1,0.40701791892395395
GO:1902904,negative regulation of supramolecular fiber organization,77,-0.488220891395686,-1.555113792652202,0.001312253169138743,0.029255526535504915,0.029255526535504915,1477,"tags=53%, list=31%, signal=37%",FLII/WASF2/PRKCD/TRIOBP/RDX/FKBP4/HSPG2/ADD2/CLU/MYADM/PFDN2/CAPZB/TUBB4A/CAPZA1/SVIL/TWF2/SPTB/SPTBN2/CLASP2/ARHGEF2/TBCD/CORO1A/TACSTD2/TMOD3/LIMA1/ARHGEF7/TJP1/PAK2/HIP1R/HSPA8/MAPRE1/CRYAB/MAP1B/CDH5/PIK3R1/SPTAN1/VBP1/KANK2/ADD3/ADD1/SPTBN1,0.45505986738722953
GO:0006814,sodium ion transport,33,-0.5499097460711848,-1.5541875781483114,0.007447097142051283,0.0810821371456481,0.0810821371456481,595,"tags=36%, list=12%, signal=32%",ACTN4/YWHAH/ATP1A2/ATP4A/ATP1B1/NEDD4L/NEDD4/WNK1/OXSR1/ATP1A1/UTRN/STK39,0.40701791892395395
GO:0060538,skeletal muscle organ development,31,-0.5376751316378348,-1.5467079850082874,0.01072413486239233,0.10580980664128706,0.10580980664128706,1857,"tags=74%, list=39%, signal=46%",CFL2/MYL3/MYLK2/COL6A1/TGFB1/NACA/CAV1/EEF2/CAV2/CTNNB1/SVIL/ACTA1/ASS1/MYH14/DDX17/DDX5/PLEC/MYL6B/MYL6/DES/PPP3CA/PPP3CB/FXR1,0.3807304007227924
GO:0043588,skin development,105,-0.47080791197762467,-1.5457654443301958,2.906296475756541e-4,0.015356835950652565,0.015356835950652563,1109,"tags=41%, list=23%, signal=32%",MYD88/PKP3/KRT77/PRKCH/CTNNB1/PPL/ROCK1/HDAC1/GBA1/KRT78/KRT4/EVPL/KRT79/FBN1/ITGA6/KRT3/KRT7/PKP1/KRT75/KRT6B/ST14/ROCK2/SRSF6/NSUN2/DSC1/KRT14/KRT17/HDAC2/DSP/KRT6C/KRT5/KRT6A/PLEC/AKR1C3/PPP3CA/COL1A1/KRT71/KRT74/KRT72/KRT73/ITGB4/KRT16/NUMA1,0.49849310876659025
GO:0030048,actin filament-based movement,51,-0.5108105174525346,-1.5453654076111853,0.0036590582186838655,0.052662648033462725,0.05266264803346272,976,"tags=39%, list=20%, signal=32%",MYO1G/DSG2/CAMK2D/TPM1/ACTA2/ACTN4/FLNA/ATP1A2/SHTN1/SUN2/BIN1/NEDD4L/JUP/DSP/MYL6B/MYL6/CACNA2D1/SYNE2/PARVA/ATP1A1,0.4317076958033464
GO:0006260,DNA replication,93,-0.4768375812178782,-1.54287880704938,7.281752685910048e-4,0.02223826335535818,0.02223826335535818,1186,"tags=43%, list=25%, signal=33%",PURA/DUT/CUL2/RBMS1/RECQL/PDS5A/RFC2/UBE2V2/MSH2/PNKP/NUCKS1/ACTL6A/GRWD1/FAF1/RPA1/DHX9/MCMBP/WDR33/SMARCA5/SAMHD1/CUL4A/RPA2/NBN/RBBP4/SUPT16H/RFC3/EGFR/CUL4B/UCHL5/MCM5/PCNA/NOC3L/CDK2/CDK1/MCM3/RRM1/MCM4/MCM6/POLD1/MCM2,0.47727081536286214
GO:0048024,"regulation of mRNA splicing, via spliceosome",75,-0.48473641434990933,-1.5419301820220948,0.001266098986848168,0.02879109096092734,0.028791090960927343,1525,"tags=60%, list=32%, signal=42%",SMU1/RBM7/LARP7/NUP98/PRPF8/KHDRBS1/SNRPD2/DAZAP1/WDR77/SRSF3/SRSF7/SRSF1/SAP30BP/SNRPF/SAP18/CDK11B/C1QBP/PRMT5/RBM39/SRSF4/EFTUD2/ACIN1/SNRNP200/SRSF10/RBM25/TIA1/TIAL1/RBM4/TRA2B/RBM14/SRSF9/HNRNPK/DDX17/DDX5/SRSF6/RBM15/SRSF5/RBM8A/HNRNPA1/PUF60/HNRNPL/SNW1/SRPK2/FMR1/RBMX,0.45505986738722953
GO:0000724,double-strand break repair via homologous recombination,47,-0.512001110410837,-1.5388043282946475,0.004602703687434739,0.05906955029189086,0.05906955029189086,1144,"tags=51%, list=24%, signal=39%",CSNK2A1/PPP4C/RECQL/PDS5B/FUS/C1QBP/NUCKS1/ACTL6A/RPA1/WDR48/ATM/SAMHD1/HDGFL2/RPA2/NBN/SFPQ/MCM5/PSMD14/HTATSF1/INTS3/MCM3/MCM4/MCM6/MCM2,0.40701791892395395
GO:0000725,recombinational repair,49,-0.5019872266928962,-1.5295936712374805,0.004733756740545667,0.059145949604400255,0.059145949604400255,1528,"tags=61%, list=32%, signal=42%",CHD4/ACTB/XRCC5/MCM7/RUVBL2/PRMT1/CSNK2A1/PPP4C/RECQL/PDS5B/FUS/C1QBP/NUCKS1/ACTL6A/RPA1/WDR48/ATM/SAMHD1/HDGFL2/RPA2/NBN/SFPQ/MCM5/PSMD14/HTATSF1/INTS3/MCM3/MCM4/MCM6/MCM2,0.40701791892395395
GO:0045787,positive regulation of cell cycle,82,-0.4800938065680632,-1.5271235124035707,0.0017177675244744257,0.031635689266302204,0.031635689266302204,1436,"tags=46%, list=30%, signal=33%",PRKCA/LGMN/DYNLT1/HCFC1/SMC2/RDX/CUL3/PDGFRB/EIF4E/RB1/PKP3/DYNLT3/SMC4/SVIL/NSFL1C/PAF1/DYNC1I2/RPS6KB1/DYNC1H1/AKT1/MAD1L1/DYNC1LI1/DDX3X/ROCK2/NPM1/TPR/EIF4G1/MAD2L1/EGFR/EXOC7/RCC2/WNK1/YTHDC2/RCC1/CDK1/SRPK2/NUMA1/RRM1,0.45505986738722953
GO:0048592,eye morphogenesis,13,0.47799996609944456,1.5270863864159352,0.027726491339782795,0.17911943553030135,0.17911943553030135,311,"tags=38%, list=6%, signal=36%",MFAP2/ALDH1A3/NF1/EPHA2/THY1,0.35248785758361917
GO:0051258,protein polymerization,130,-0.46169211197557036,-1.5270163635908223,3.827826641597012e-4,0.015543710326770724,0.015543710326770724,1518,"tags=47%, list=32%, signal=33%",NCKAP1L/MECP2/ACTB/CORO7/FLII/PRKCD/TRIOBP/CYRIA/RDX/GIT1/ARPC2/DRG1/FKBP4/ADD2/CKAP5/TUBG1/INF2/MYADM/CAPZB/PAK1/TUBB4A/CAPZA1/SVIL/TWF2/TPPP3/DIAPH1/SPTB/SPTBN2/CLASP2/ANG/DCTN1/TBCD/GOLGA2/NCKAP1/CYFIP2/CLIP1/ESAM/TMOD3/TUBA1A/ARHGEF7/HIP1R/NEFL/HSPA1A/HSPA1B/ARL2/BIN1/MAPRE1/MAP1B/CDH5/KRT5/CTTN/HSP90AA1/SPTAN1/TUBB1/KANK2/ADD3/ADD1/SPTBN1/NUMA1/MAP4/ARPC5L,0.49849310876659025
GO:0033044,regulation of chromosome organization,101,-0.46491514678238577,-1.5260415704621877,0.0014034098176276258,0.030034951645025895,0.030034951645025895,1510,"tags=50%, list=32%, signal=35%",ACTB/CCT3/SRC/XRCC5/NAT10/CTPS1/DYNLT1/PRP4K/SMC2/TCP1/CUL3/RUVBL2/DPF2/RB1/XRCC1/USP7/HNRNPC/CCT8/DYNLT3/SMC4/CTNNB1/PNKP/DYNC1I2/ACTL6A/MAPK1/MAPK3/HNRNPA2B1/CCT4/ATM/DYNC1H1/SMARCA5/CCT2/MAD1L1/NAA10/DYNC1LI1/NBN/TPR/MAD2L1/BUB3/SMARCC1/UCHL5/SMARCC2/SMARCE1/HNRNPA1/HSP90AA1/CDK2/CDK1/CCT5/CCT6A/NUMA1/SMARCD2,0.45505986738722953
GO:0031023,microtubule organizing center organization,37,-0.526318064529322,-1.5226492336875805,0.006924533048158241,0.07718817721329334,0.07718817721329334,1674,"tags=65%, list=35%, signal=43%",CLASP1/CHMP5/DNM2/NAT10/PPP1R12A/PCM1/CUL1/CKAP5/CTNNB1/CDK11B/NSFL1C/CLASP2/DCTN1/GOLGA2/SKP1/TUBA1A/PDCD6IP/RBM14/ROCK2/NPM1/ARL2/SLC16A1/CDK2/CDK1,0.40701791892395395
GO:0010948,negative regulation of cell cycle process,84,-0.46963102119354055,-1.5173104016916357,0.003091520373846183,0.046867448867508134,0.046867448867508134,1009,"tags=38%, list=21%, signal=31%",DYNLT3/RFC2/PARP9/CDC5L/DYNC1I2/BRCC3/ATM/DYNC1H1/SMARCA5/SKP1/RBM14/CCAR2/MAD1L1/NAA10/RPA2/DYNC1LI1/NBN/NPM1/TPR/RFC3/MAD2L1/BUB3/NSUN2/HLA-G/ZNF830/INTS3/TIPRL/CDK2/CDK1/KANK2/FHL1/STK38,0.4317076958033464
GO:0044843,cell cycle G1/S phase transition,85,-0.46379141236124255,-1.5155313815732214,0.004455402517478337,0.05906955029189086,0.05906955029189086,1753,"tags=59%, list=37%, signal=38%",CPSF3/CDC73/APPL1/ARID1A/PSME1/PSMB7/PRKDC/APPL2/CUL5/ACTB/PSME3/PTPN6/CRLF3/RDX/KHDRBS1/CUL3/EIF4E/DPF2/RB1/CUL1/CUL2/PKP3/PSMB1/PAF1/PSMA4/ACTL6A/RPS6KB1/PSMA2/PSMB2/AKT1/SKP1/CUL4A/RPA2/DDX3X/EIF4G1/EGFR/SMARCC1/GSPT1/PSMB5/CUL4B/SMARCC2/PSMB6/SMARCE1/RCC1/CDK2/CDK1/KANK2/FHL1/RRM1/SMARCD2,0.40701791892395395
GO:0045833,negative regulation of lipid metabolic process,22,-0.567649703478716,-1.5144324747361884,0.02937853107344633,0.1854540535952896,0.18545405359528963,625,"tags=27%, list=13%, signal=24%",AKT1/UBR4/APOD/NFKB1/AKR1C3/GPLD1,0.2820133500117251
GO:0007517,muscle organ development,62,-0.4773166593056322,-1.5076703676270617,0.007487796306326342,0.0810821371456481,0.0810821371456481,1141,"tags=44%, list=24%, signal=34%",EFEMP2/ENG/CAV2/CTNNB1/SVIL/RPL3L/UNC45A/LAMA2/TPM1/ACTA1/ASS1/HDGFL2/MYH14/DDX17/DDX5/EMD/FLNB/DSP/PLEC/MYL6B/MYL6/DES/PPP3CA/PPP3CB/FXR1/FHL1/UTRN,0.40701791892395395
GO:0042632,cholesterol homeostasis,30,-0.5341335741921891,-1.5068895252946088,0.02759381898454746,0.17911943553030135,0.17911943553030135,833,"tags=30%, list=17%, signal=25%",DCTN1/CYP7B1/EHD1/RALY/CNBP/LIMA1/APOB/APOA1/APOA4,0.2878571172551493
GO:0017015,regulation of transforming growth factor beta receptor signaling pathway,41,-0.503910747835276,-1.5055411157976377,0.012488576743591927,0.11230893579452056,0.11230893579452056,1348,"tags=51%, list=28%, signal=37%",RBBP7/FBN2/STUB1/SNX6/USP15/THBS1/ENG/HDAC1/TGFB1I1/ADISSP/FBN1/CD109/STRAP/LTBP4/SIN3A/RBBP4/HSPA1A/HDAC2/PPM1A/HSP90AB1/SNW1,0.3807304007227924
GO:1903844,regulation of cellular response to transforming growth factor beta stimulus,41,-0.503910747835276,-1.5055411157976377,0.012488576743591927,0.11230893579452056,0.11230893579452056,1348,"tags=51%, list=28%, signal=37%",RBBP7/FBN2/STUB1/SNX6/USP15/THBS1/ENG/HDAC1/TGFB1I1/ADISSP/FBN1/CD109/STRAP/LTBP4/SIN3A/RBBP4/HSPA1A/HDAC2/PPM1A/HSP90AB1/SNW1,0.3807304007227924
GO:0034504,protein localization to nucleus,137,-0.45142686302885177,-1.5044119199529453,4.96695603624377e-4,0.01939555767348723,0.01939555767348723,1930,"tags=65%, list=40%, signal=40%",HDGF/RBM22/CCT7/YWHAE/HNRNPU/LMNA/CFL1/CHP1/KAT7/TOR1A/IL33/STK4/APPL1/TARDBP/BYSL/SMAD3/TGFB1/PML/APPL2/CCT3/LARP7/PRKCD/NUP98/FERMT2/RANBP2/TCP1/PHB2/CTNNA1/NUP93/ELAVL1/TRIM28/NUP54/TOR1AIP1/SUN1/SRSF1/DTX3L/CCT8/NUP133/YWHAB/YWHAZ/IPO4/PARP9/RANGAP1/NUP35/PAF1/KPNA3/SYNE1/HEATR1/CCT4/IPO7/AKT1/TNPO2/TNPO1/CCT2/SKP1/KPNB1/LMNB1/LMNB2/PYHIN1/FLNA/ADAR/KPNA4/NUP155/APOD/NMD3/PARK7/SIN3A/GBP2/NPM1/TPR/NUP88/ARL2/SUN2/NUP153/JUP/PIK3R1/F2/RAP1GDS1/PPP3CB/COL1A1/HSP90AA1/CDK1/STAT3/CCT5/CCT6A/NUP214/SP100/IPO5/KPNA1,0.47727081536286214
GO:0000082,G1/S transition of mitotic cell cycle,78,-0.47084152473228325,-1.5036235287013913,0.004165015450997716,0.05775149472907808,0.05775149472907808,1753,"tags=62%, list=37%, signal=40%",CPSF3/CDC73/APPL1/ARID1A/PSME1/PSMB7/PRKDC/APPL2/CUL5/ACTB/PSME3/PTPN6/CRLF3/RDX/KHDRBS1/CUL3/EIF4E/DPF2/RB1/CUL1/CUL2/PSMB1/PSMA4/ACTL6A/RPS6KB1/PSMA2/PSMB2/AKT1/SKP1/CUL4A/RPA2/DDX3X/EIF4G1/EGFR/SMARCC1/GSPT1/PSMB5/CUL4B/SMARCC2/PSMB6/SMARCE1/RCC1/CDK2/CDK1/KANK2/FHL1/RRM1/SMARCD2,0.40701791892395395
GO:0015931,nucleobase-containing compound transport,112,-0.4596814855110146,-1.5031601594439508,8.455116438421522e-4,0.02265301450046404,0.02265301450046404,1540,"tags=52%, list=32%, signal=36%",SARNP/BICD2/THOC7/AGFG1/THOC6/NUP98/RANBP2/KHDRBS1/ERH/PNPT1/EIF4E/NUP93/SRSF3/SRSF7/G3BP2/PHAX/CKAP5/NUP160/DDX19A/NUP54/DDX39A/DDX39B/SRSF1/AHCTF1/LRPPRC/SLC25A4/SLC25A6/NOL6/NUP133/NXF1/NUP35/XPO1/MAGOHB/HNRNPA2B1/MX2/DHX9/SSB/KPNB1/NUP155/KHSRP/MVP/TPR/NUP88/NSUN2/ALYREF/NUP153/CPSF6/CHTOP/WNK1/YBX1/RBM8A/POLDIP3/HNRNPA1/FXR1/FXR2/EIF4A3/NUP214/FMR1,0.47727081536286214
GO:0032886,regulation of microtubule-based process,81,-0.4718178601512435,-1.4988609796033454,0.0021509885100367233,0.03501015751704697,0.03501015751704697,1681,"tags=60%, list=35%, signal=40%",MARK2/RAE1/CLASP1/CHMP5/GNAI1/MECP2/BICD2/PRKACA/NAT10/CLTC/GIT1/GRK2/DRG1/GSK3A/CUL1/FKBP4/CKAP5/MAPRE2/PAK1/TUBB4A/STMN1/ROCK1/CDK11B/DIAPH1/CLASP2/ARHGEF2/DCTN1/TBCD/CLIP1/DYNC1H1/SKP1/PDCD6IP/RBM14/CFAP20/ARHGEF7/MEMO1/ROCK2/NPM1/TPR/HSPA1A/HSPA1B/ARL2/MAPRE1/MAP1B/CDH5/RCC1/DNAAF1/NUMA1/MAP4,0.4317076958033464
GO:0032386,regulation of intracellular transport,130,-0.45301299117354643,-1.4983107410720358,7.432313170656208e-4,0.02223826335535818,0.02223826335535818,1434,"tags=45%, list=30%, signal=33%",PRKCD/DYNLT1/PRP4K/PCM1/MSN/RDX/KHDRBS1/SCFD1/GRK2/MAP2K1/ALDH7A1/XPO4/USP7/TRIM28/RAB11B/DDX39A/DYNLT3/YWHAB/EHD2/EZR/RANGAP1/SEC24C/SEC24B/DYNC1I2/MAPK1/MAPK3/MX2/DHX9/ARHGAP1/DYNC1H1/AKT1/ACTN2/RBM4/EHD1/FLNA/APOD/PARK7/DYNC1LI1/TPR/SAR1A/NSUN2/NEDD4/CRYAB/EMD/NUP153/LCP1/CPSF6/JUP/WNK1/PIK3R1/GRIPAP1/ANP32B/HSP90AA1/CDK1/NUP214/NUMA1/RBM10/SP100/IPO5,0.47727081536286214
GO:0042594,response to starvation,73,-0.4657726485093409,-1.4958213419843678,0.00787038743131354,0.08363206083554668,0.08363206083554668,1265,"tags=45%, list=26%, signal=34%",WIPI2/FAS/GCN1/SP1/PRKCH/CAD/YWHAG/PAK1/YME1L1/YWHAZ/MAP1LC3B2/GBA1/ACAT1/MCU/MAPK1/MAPK3/ADSL/PLIN3/MYBBP1A/EIF2A/IFI16/PAK2/HSPA5/HSPA8/SAR1A/STK24/EIF2AK2/KRT20/OXCT1/HNRNPA1/AKR1C3/GABARAPL2/STK26,0.3807304007227924
GO:0055001,muscle cell development,46,-0.48732616657795425,-1.4947741746317897,0.015904466655082224,0.1290127394280799,0.1290127394280799,1604,"tags=61%, list=34%, signal=41%",NACA/CSRP1/FLII/PDGFRA/PDGFRB/GSK3A/EFEMP2/ENG/CAV2/PGM5/PAK1/TPM1/MYH11/TMOD3/ACTA1/ACTN1/ACTN2/ACTN4/TOMM70/BIN1/FLNC/PLEC/PDLIM5/PPP3CA/PPP3CB/CDK1/KRT8/KRT19,0.35248785758361917
GO:0071805,potassium ion transmembrane transport,32,-0.5271808905409967,-1.4915109813151952,0.011200869137582121,0.10702006898681404,0.10702006898681406,551,"tags=34%, list=12%, signal=31%",FLNA/ATP1A2/ATP4A/ATP1B1/BIN1/NEDD4L/NEDD4/OXSR1/ATP1A1/FHL1/STK39,0.3807304007227924
GO:1901987,regulation of cell cycle phase transition,141,-0.4485265774638909,-1.4892238291018696,2.488910586860865e-4,0.015356835950652565,0.015356835950652563,1828,"tags=57%, list=38%, signal=36%",RAD21/RPS27L/VPS4A/DDB1/CPSF3/CDC73/APPL1/ARID1A/PRPF19/MRE11/GTPBP4/TGFB1/PSME1/PPP1R9B/PSMB7/PRKDC/APPL2/ACTB/PSME3/PTPN6/CRLF3/DYNLT1/PRP4K/RDX/CUL3/NAE1/DPF2/RB1/CUL1/PKP3/DTX3L/PSMB1/DYNLT3/RFC2/PARP9/CDC5L/PAF1/PSMA4/DYNC1I2/ACTL6A/BRCC3/PSMA2/ATM/PSMB2/DYNC1H1/AKT1/SKP1/CUL4A/CCAR2/MAD1L1/RPA2/DYNC1LI1/XPC/NBN/DDX3X/NPM1/TPR/EIF4G1/RFC3/MAD2L1/BUB3/EGFR/SMARCC1/NSUN2/RCC2/PSMB5/CUL4B/ZNF830/SMARCC2/PSMB6/SMARCE1/INTS3/TIPRL/CDK2/CDK1/KANK2/FHL1/RRM1/SMARCD2/STK38,0.49849310876659025
GO:0031570,DNA integrity checkpoint signaling,36,-0.5070587968445338,-1.4890440883513456,0.016464663169634252,0.13183325368925453,0.13183325368925453,1074,"tags=44%, list=22%, signal=35%",DTX3L/RFC2/PARP9/CDC5L/BRCC3/ATM/SKP1/CCAR2/RPA2/NBN/RFC3/ZNF830/TIPRL/CDK2/CDK1/STK38,0.35248785758361917
GO:0042177,negative regulation of protein catabolic process,52,-0.49028811527472804,-1.4890117412157007,0.006383680051591536,0.07560671061103726,0.07560671061103726,1261,"tags=40%, list=26%, signal=30%",USP9X/USP7/BAG5/CSNK2A1/USP14/ROCK1/RPL5/FLNA/CST3/PHB1/CCAR2/PARK7/MAD2L1/EGFR/UCHL5/BAG6/HSP90AB1/PDCL3/GABARAPL2/TIMP1/CYP51A1,0.40701791892395395
GO:0022618,protein-RNA complex assembly,137,-0.4464656550713989,-1.4878783438638314,7.999138717341753e-4,0.02265301450046404,0.02265301450046404,1579,"tags=52%, list=33%, signal=36%",SNRPA1/AGO2/PRKDC/SNU13/XAB2/XRCC5/LUC7L/EIF3D/EIF3M/PRP4K/USP39/PRPF8/SF3B2/SNRPD2/RUVBL2/EIF2D/WDR77/LUC7L2/PRPF3/EIF6/PWP2/DDX39B/SRSF1/SF3A1/EIF3A/DDX46/SART3/PRPF31/EIF3G/SNRPF/PRKRA/LSM2/EPRS1/PRMT5/GAPDH/EIF3I/SART1/EFTUD2/SNRNP200/SF3B6/DHX9/SF3B1/SRSF10/ATM/SF1/EIF3K/STRAP/RPL5/DDX42/RPS15/LUC7L3/ADAR/SRSF9/PRPF4/DDX23/SNRNP40/SRSF6/EIF3L/SRSF5/NOP2/HTATSF1/CRNKL1/EIF3J/HSP90AA1/HSP90AB1/EIF3E/PUF60/BOP1/SF3A3/SRPK2/ISY1,0.47727081536286214
GO:0048511,rhythmic process,81,-0.46734133134076894,-1.484640037742561,0.0026856338394126034,0.04300796725932577,0.04300796725932578,2033,"tags=63%, list=42%, signal=37%",RACK1/UBE3A/CSNK1D/GFPT1/THRAP3/HNRNPU/PPP1CB/DDB1/IMPDH2/CASP3/TARDBP/PML/GNA11/GNAQ/PRKDC/NDUFA9/PDGFRA/NFKB2/PSPC1/CUL1/USP9X/USP7/CSNK2A1/SP1/PPP1CC/HUWE1/HDAC1/PRMT5/DHX9/DNM1L/ASS1/RBM4/CBX3/SKP1/MYBBP1A/CUL4A/CCAR2/MMP2/SIN3A/ROCK2/DDX5/MYCBP2/CAVIN3/NONO/SFPQ/HDAC2/ZNF830/PCNA/CDK1/FXR1/NAMPT,0.4317076958033464
GO:1903311,regulation of mRNA metabolic process,161,-0.44421310136699943,-1.4834239923927421,3.5973921479880925e-4,0.015356835950652565,0.015356835950652563,1723,"tags=58%, list=36%, signal=39%",CDC73/SRRM1/U2AF2/UPF1/TARDBP/MAPKAPK2/CNOT1/AGO2/ZC3H14/SMU1/RBM7/POLR2G/LARP7/PRKCA/PRKCD/NUP98/DIS3/PRPF8/KHDRBS1/SNRPD2/DAZAP1/DDX6/PNPT1/WDR77/SERBP1/SRSF3/SRSF7/ELAVL1/SRSF1/MYD88/LRPPRC/HNRNPC/PKP3/SAP30BP/CAPRIN1/SNRPF/SAP18/LSM2/EDC4/ROCK1/CDK11B/TAF15/FUS/C1QBP/PRMT5/RBM39/SRSF4/SLIRP/EFTUD2/ACIN1/SNRNP200/CSDE1/DHX9/SRSF10/RBM25/TIA1/TIAL1/AKT1/RBM4/PKP1/TRA2B/RBM14/SRSF9/CSTF3/KHSRP/ZC3HAV1/ROCK2/NPM1/HNRNPK/TNKS1BP1/DDX17/DDX5/SRSF6/HNRNPA0/CIRBP/ALYREF/RBM15/SRSF5/VIM/MOV10/YBX1/RBM8A/YBX3/HNRNPA1/FXR1/FXR2/PUF60/HNRNPL/SNW1/PDE12/EIF4A3/SRPK2/FMR1/RBMX,0.49849310876659025
GO:0050684,regulation of mRNA processing,84,-0.4590835279478864,-1.4832329653827427,0.006006502379056659,0.07188834952618338,0.07188834952618338,1525,"tags=56%, list=32%, signal=39%",SMU1/RBM7/LARP7/NUP98/PRPF8/KHDRBS1/SNRPD2/DAZAP1/WDR77/SRSF3/SRSF7/SRSF1/SAP30BP/SNRPF/SAP18/CDK11B/C1QBP/PRMT5/RBM39/SRSF4/EFTUD2/ACIN1/SNRNP200/DHX9/SRSF10/RBM25/TIA1/TIAL1/RBM4/TRA2B/RBM14/SRSF9/CSTF3/HNRNPK/DDX17/DDX5/SRSF6/RBM15/SRSF5/RBM8A/HNRNPA1/PUF60/HNRNPL/SNW1/SRPK2/FMR1/RBMX,0.40701791892395395
GO:0051494,negative regulation of cytoskeleton organization,72,-0.4710423013583084,-1.481851657755998,0.004719714477896712,0.059145949604400255,0.059145949604400255,1477,"tags=51%, list=31%, signal=36%",FLII/WASF2/PRKCD/TRIOBP/RDX/FKBP4/ADD2/MYADM/CAPZB/TUBB4A/CAPZA1/SVIL/TWF2/SPTB/SPTBN2/CLASP2/ARHGEF2/TBCD/CORO1A/TACSTD2/TMOD3/RBM14/LIMA1/ARHGEF7/TJP1/PAK2/HIP1R/NPM1/MAPRE1/MAP1B/CDH5/PIK3R1/SPTAN1/KANK2/ADD3/ADD1/SPTBN1,0.40701791892395395
GO:0120162,positive regulation of cold-induced thermogenesis,31,0.35084119544266557,1.480809110907636,0.02551583503433996,0.1737215834373924,0.1737215834373924,445,"tags=23%, list=9%, signal=21%",MFAP2/LCN2/ALPL/APC/KDM1A/CNOT3/MFN2,0.35248785758361917
GO:0031669,cellular response to nutrient levels,84,-0.4569424847839955,-1.4763155623228121,0.006697887024528254,0.07664855494881735,0.07664855494881735,1287,"tags=44%, list=27%, signal=33%",PRMT1/WIPI2/FAS/GCN1/MAT2A/SP1/PRKCH/YWHAG/PAK1/YME1L1/YWHAZ/GDAP1/MAP1LC3B2/GBA1/MCU/MAPK1/MAPK3/RPS6KB1/PLIN3/MYBBP1A/IFI16/PAK2/HSPA5/HSPA8/MLXIPL/EIF4G1/SAR1A/STK24/EIF2AK2/KRT20/HNRNPA1/AKR1C3/COL1A1/KANK2/SNW1/GABARAPL2/STK26,0.40701791892395395
GO:0008361,regulation of cell size,44,-0.4955944096068048,-1.4755629035396984,0.02079473577373863,0.1555500958864528,0.15555009588645277,1159,"tags=43%, list=24%, signal=33%",ARHGAP4/AQP1/SLC12A2/PAK1/TWF2/GDI1/CLASP2/RTN4/SIN3A/SHTN1/NHERF1/MAP1B/JUP/WNK1/VIM/OXSR1/CTTN/HSP90AA1/STK39,0.35248785758361917
GO:0032388,positive regulation of intracellular transport,80,-0.46242314375526566,-1.4744562173419227,0.003912217030625452,0.05491593535581652,0.054915935355816535,1696,"tags=52%, list=35%, signal=34%",SCP2/TARDBP/SMAD3/TGFB1/SFN/PTPN23/SEC24D/PRKCD/DYNLT1/PRP4K/PCM1/MSN/RDX/KHDRBS1/GRK2/XPO4/TRIM28/DYNLT3/EHD2/EZR/SEC24C/SEC24B/DYNC1I2/DHX9/DYNC1H1/AKT1/ACTN2/EHD1/FLNA/DYNC1LI1/TPR/SAR1A/NEDD4/EMD/CPSF6/JUP/PIK3R1/ANP32B/HSP90AA1/CDK1/NUMA1/IPO5,0.40701791892395395
GO:0051170,import into nucleus,73,-0.45751615073050095,-1.4693057326475785,0.012045175038263016,0.11101815319214922,0.11101815319214922,1702,"tags=58%, list=36%, signal=38%",STK4/APPL1/TARDBP/SMAD3/TGFB1/APPL2/PRKCD/NUP98/RANBP2/PHB2/NUP93/ELAVL1/TRIM28/NUP54/NUP133/YWHAB/IPO4/NUP35/KPNA3/IPO7/AKT1/TNPO2/TNPO1/KPNB1/FLNA/ADAR/KPNA4/NUP155/APOD/NPM1/TPR/NUP88/NUP153/JUP/PIK3R1/HNRNPA1/HSP90AA1/CDK1/STAT3/NUP214/IPO5/KPNA1,0.3807304007227924
GO:0007346,regulation of mitotic cell cycle,142,-0.44535553713371046,-1.4644541387318077,7.223264712529244e-4,0.02223826335535818,0.02223826335535818,1940,"tags=62%, list=41%, signal=38%",VPS4B/PSMA3/PSMB4/YWHAE/IQGAP1/BCL7C/HNRNPU/PAFAH1B1/RAD21/RPS27L/VPS4A/DDB1/CPSF3/CDC73/NEK9/APPL1/ARID1A/MRE11/GTPBP4/TGFB1/PML/PSME1/PPP1R9B/PSMB7/PRKDC/APPL2/ACTB/PSME3/PTPN6/PRKCA/LGMN/CRLF3/DYNLT1/PRP4K/RDX/CUL3/NAE1/PDGFRB/EIF4E/DPF2/RB1/CUL1/CAV2/PSMB1/DYNLT3/CTNNB1/PRMT5/PSMA4/DYNC1I2/ACTL6A/BRCC3/RPS6KB1/PSMA2/ATM/PSMB2/DYNC1H1/AKT1/SKP1/MAD1L1/RPA2/DYNC1LI1/XPC/NBN/DDX3X/TPR/EIF4G1/NHERF1/MAD2L1/BUB3/EGFR/SMARCC1/RCC2/PSMB5/YTHDC2/ZNF830/GBF1/SMARCC2/PSMB6/SMARCE1/INTS3/RCC1/CDK2/CDK1/KANK2/FHL1/PDXP/RRM1/SMARCD2,0.47727081536286214
GO:0009101,glycoprotein biosynthetic process,68,0.29596519583344366,1.4637269251854619,0.013117965456482932,0.11473174403093148,0.11473174403093148,690,"tags=32%, list=14%, signal=28%",ALG5/FUT8/ALG6/STT3B/STT3A/MAGT1/HS2ST1/OSTC/KRTCAP2/MESD/ARFGEF1/DPAGT1/RFT1/DAD1/COG3/EOGT/DERL3/RECK/TNIP1/ADAM10/GALNT6/ALG3,0.3807304007227924
GO:0072331,signal transduction by p53 class mediator,60,-0.466949600862672,-1.4631575803332926,0.007027209683032299,0.07757220786026917,0.07757220786026915,1213,"tags=37%, list=25%, signal=28%",USP7/NDRG1/CSNK2A1/EIF5A/PRMT5/ATM/PPP2R5C/RPL5/AKT1/CD74/RPS15/MYBBP1A/PYHIN1/IFI16/NBN/MLXIPL/DDX5/NOP2/BAG6/SNW1/BOP1/SP100,0.40701791892395395
GO:0031647,regulation of protein stability,158,-0.4363332712894379,-1.4626350854830836,6.748218302135108e-4,0.02223826335535818,0.02223826335535818,1757,"tags=53%, list=37%, signal=34%",ATP1B3/CASP3/AAK1/CDC73/STK4/P3H1/GTPBP4/TARDBP/SH3GLB1/SMAD3/PML/GNAQ/CCT3/SRC/NEGR1/PRKCD/HCFC1/BAG2/TCP1/PHB2/POLR2E/CUL3/DSG3/GET4/STUB1/RUVBL2/USP9X/AHSA1/CLU/USP7/BAG5/FLOT2/CSNK2A1/PFDN2/CCT8/YWHAZ/TBL1X/PRKRA/BAG1/GAPDH/SEC16A/CCT4/ATM/RASSF2/RTN4/DSG1/CD74/HSPD1/CCT2/TUBA1A/PYHIN1/FLNA/PHB1/CCAR2/HTT/CFP/CTNND1/PARK7/ATP1B1/HIP1R/HSPA1A/HSPA1B/HSPA8/HIP1/SUGT1/USP47/NEDD4L/CRYAB/NAA15/PIK3R1/DSP/BAG6/PARVA/HSP90AA1/HSP90AB1/VBP1/PLPP3/CCT5/AFM/PDCL3/CCT6A/CPN2/APOA1,0.47727081536286214
GO:0033045,regulation of sister chromatid segregation,43,-0.49232986382283755,-1.4611959786879956,0.01742437217375449,0.1375799386219365,0.1375799386219365,1407,"tags=49%, list=29%, signal=35%",DYNLT1/PRP4K/CUL3/DPF2/RB1/DYNLT3/DYNC1I2/ACTL6A/ATM/DYNC1H1/MAD1L1/DYNC1LI1/TPR/MAD2L1/BUB3/SMARCC1/SMARCC2/SMARCE1/CDK1/NUMA1/SMARCD2,0.35248785758361917
GO:0055092,sterol homeostasis,31,-0.5069494318044762,-1.4583206252796355,0.03376906318082789,0.20403945677468655,0.20403945677468655,833,"tags=29%, list=17%, signal=24%",DCTN1/CYP7B1/EHD1/RALY/CNBP/LIMA1/APOB/APOA1/APOA4,0.25720646646883816
GO:0044772,mitotic cell cycle phase transition,135,-0.43944726621901886,-1.4537222995649117,0.0011796345880495272,0.02740563449556034,0.027405634495560337,1828,"tags=59%, list=38%, signal=37%",RAD21/RPS27L/VPS4A/DDB1/PPME1/CPSF3/CDC73/APPL1/ARID1A/CLASP1/MRE11/GTPBP4/TGFB1/PSME1/PPP1R9B/DNM2/PSMB7/PRKDC/APPL2/CUL5/ACTB/PSME3/PTPN6/CRLF3/DYNLT1/PRP4K/RDX/KHDRBS1/CUL3/NAE1/EIF4E/DPF2/RB1/CUL1/CUL2/PSMB1/DYNLT3/CLASP2/PSMA4/DYNC1I2/ACTL6A/BRCC3/RPS6KB1/PSMA2/ATM/PSMB2/DYNC1H1/AKT1/SKP1/CUL4A/MAD1L1/RPA2/DYNC1LI1/XPC/NBN/DDX3X/TPR/EIF4G1/MAD2L1/BUB3/EGFR/SMARCC1/GSPT1/RCC2/PSMB5/CUL4B/ZNF830/SMARCC2/PSMB6/SMARCE1/INTS3/RCC1/CDK2/CDK1/KANK2/FHL1/NES/RRM1/SMARCD2,0.45505986738722953
GO:0141091,transforming growth factor beta receptor superfamily signaling pathway,89,-0.4489462351371727,-1.4536313562101655,0.004623737885644931,0.05906955029189086,0.05906955029189086,1797,"tags=55%, list=38%, signal=35%",UBE2O/PXN/LEMD3/PTK2/APPL1/SMAD2/SMAD3/TGFB1/CAV1/APPL2/SRC/ADAM9/ITGA3/FERMT2/RBBP7/FBN2/STUB1/CUL1/PRMT1/SNX6/USP9X/USP15/THBS1/ZYX/ENG/FSTL1/HDAC1/TGFB1I1/ADISSP/MAPK3/FBN1/CD109/STRAP/FMOD/SKP1/LTBP4/SIN3A/RBBP4/HSPA1A/DDX5/PDCD4/XIAP/CDH5/HDAC2/PPM1A/HSP90AB1/STAT3/SNW1/NUMA1,0.40701791892395395
GO:0030509,BMP signaling pathway,29,-0.5185798414727163,-1.453326642327489,0.03391684901531729,0.20403945677468655,0.20403945677468655,1797,"tags=66%, list=38%, signal=41%",UBE2O/LEMD3/SMAD2/CAV1/ITGA3/CUL1/PRMT1/USP9X/USP15/ENG/FSTL1/MAPK3/FBN1/SKP1/DDX5/PDCD4/XIAP/CDH5/NUMA1,0.25720646646883816
GO:1902369,negative regulation of RNA catabolic process,45,-0.4831486212787809,-1.452699410484952,0.021615415315220265,0.1606322040091859,0.16063220400918587,2035,"tags=69%, list=43%, signal=40%",PNN/SYNCRIP/LARP4B/RNH1/THRAP3/BCLAF1/HNRNPU/MAPK14/TARDBP/MAPKAPK2/ZC3H14/PHAX/ELAVL1/SRSF1/MYD88/LRPPRC/HNRNPC/PKP3/TAF15/FUS/SLIRP/CSDE1/DHX9/PKP1/HNRNPA0/NSUN2/CIRBP/YBX1/YBX3/FXR1/SNW1,0.35248785758361917
GO:0042176,regulation of protein catabolic process,178,-0.4307704298819478,-1.4525806907222867,3.1410432422837483e-4,0.015356835950652565,0.015356835950652563,2105,"tags=60%, list=44%, signal=35%",NSF/ALAD/PSMA7/PSMA1/PSME2/UFL1/PSMD6/RACK1/UBE3A/RPS7/APP/UBXN1/ANXA2/CSNK1D/SNX12/PSMA3/UBQLN2/VPS35/PSMB4/USP5/PSMD13/PSMC1/N4BP1/PACSIN3/NUB1/DDB1/ARAF/PTK2B/PTK2/PSMC6/FBXO2/SMAD3/PML/PSME1/VCP/PSMB7/CAV1/PSME3IP1/ATXN3/PSME3/CSNK1A1/PSMC2/ADAM9/PRKACA/BAG2/MSN/RDX/STUB1/HGS/GSK3A/PSMC3/USP9X/TMF1/CLU/USP7/BAG5/CSNK2A1/PSMB1/PSMC5/USP14/EZR/ROCK1/IDE/GBA1/XPO1/TGFB1I1/PSMA4/FAF1/PSMA2/PSMB2/RPL5/AKT1/NRDC/PYHIN1/PSMD11/FLNA/CST3/PHB1/CUL4A/CCAR2/PSMD8/PARK7/PSMD1/HSPA1A/HSPA1B/HSPA5/MAD2L1/PSMC4/EGFR/PSMB5/UCHL5/NEDD4/PSMD14/BAG6/PSMD2/PSMD4/EEF1A2/PSMB6/HSP90AA1/HSP90AB1/CDK2/CDK1/PDCL3/GABARAPL2/FMR1/TIMP1/CYP51A1,0.49849310876659025
GO:1901988,negative regulation of cell cycle phase transition,73,-0.4519625892541542,-1.4514705596142803,0.014991431013179861,0.1261218386274741,0.12612183862747406,1423,"tags=47%, list=30%, signal=33%",CRLF3/DYNLT1/PRP4K/NAE1/RB1/CUL1/DTX3L/DYNLT3/RFC2/PARP9/CDC5L/DYNC1I2/BRCC3/ATM/DYNC1H1/SKP1/CCAR2/MAD1L1/RPA2/DYNC1LI1/NBN/TPR/RFC3/MAD2L1/BUB3/NSUN2/ZNF830/INTS3/TIPRL/CDK2/CDK1/KANK2/FHL1/STK38,0.3807304007227924
GO:1905952,regulation of lipid localization,50,-0.4767641520050123,-1.4501018289378034,0.020535072059602456,0.1546250127931655,0.1546250127931655,915,"tags=26%, list=19%, signal=21%",EPRS1/MAPK3/ACSL4/AKT1/PLIN3/EHD1/C3/NFKB1/APOB/APOA1/PTPN2/APOA4/PON1,0.35248785758361917
GO:0007586,digestion,23,-0.5364156263036297,-1.449922954817764,0.03720405862457723,0.20924021168231738,0.20924021168231735,627,"tags=35%, list=13%, signal=30%",STRAP/LIMA1/AQP5/HIP1R/AKR1C2/PPP3CA/SERPINA3/STK39,0.24891111443470246
GO:1901990,regulation of mitotic cell cycle phase transition,108,-0.4447479019597462,-1.449718885580326,0.0029014346181364227,0.04515956067959063,0.04515956067959063,1940,"tags=62%, list=41%, signal=38%",VPS4B/PSMA3/PSMB4/BCL7C/RAD21/RPS27L/VPS4A/DDB1/CPSF3/CDC73/APPL1/ARID1A/MRE11/GTPBP4/TGFB1/PSME1/PPP1R9B/PSMB7/PRKDC/APPL2/ACTB/PSME3/PTPN6/CRLF3/DYNLT1/PRP4K/RDX/CUL3/NAE1/DPF2/RB1/PSMB1/DYNLT3/PSMA4/DYNC1I2/ACTL6A/BRCC3/PSMA2/ATM/PSMB2/DYNC1H1/AKT1/MAD1L1/RPA2/DYNC1LI1/XPC/NBN/DDX3X/TPR/EIF4G1/MAD2L1/BUB3/EGFR/SMARCC1/RCC2/PSMB5/ZNF830/SMARCC2/PSMB6/SMARCE1/INTS3/CDK2/CDK1/KANK2/FHL1/RRM1/SMARCD2,0.4317076958033464
GO:0021543,pallium development,42,-0.4819671506744685,-1.4486311846319704,0.02250090085541135,0.16505499530711423,0.16505499530711423,804,"tags=33%, list=17%, signal=28%",TACC2/EIF2B5/XRN2/RTN4/TUBA1A/FLNA/NEFL/SUN2/SYNE2/SRGAP2/FXR1/FXR2/TUBB2B/TUBB2A,0.35248785758361917
GO:0032535,regulation of cellular component size,124,-0.439186962204314,-1.4485100443253622,0.0014235977017113396,0.030034951645025895,0.030034951645025895,1434,"tags=43%, list=30%, signal=31%",PRKCD/TRIOBP/CYRIA/MSN/RDX/RAB5A/ADD2/ELAVL1/ARHGAP4/DNM1/MYADM/AQP1/CAPZB/SLC12A2/PAK1/SH3BP1/CAPZA1/RAB22A/EZR/SVIL/TWF2/GDI1/SPTB/SPTBN2/CLASP2/NCKAP1/CYFIP2/RTN4/ESAM/TMOD3/ACTN2/LIMA1/SIN3A/HIP1R/SHTN1/NHERF1/BIN1/MAP1B/JUP/WNK1/VIM/OXSR1/CTTN/HSP90AA1/SPTAN1/PEX11B/KANK2/ADD3/ADD1/SPTBN1/PDXP/STK39/ARPC5L,0.45505986738722953
GO:0071826,protein-RNA complex organization,144,-0.4333817443435466,-1.4479725963923005,0.0014264620834049237,0.030034951645025895,0.030034951645025895,1602,"tags=51%, list=33%, signal=35%",VCP/SNRPA1/AGO2/PRKDC/SNU13/XAB2/XRCC5/LUC7L/EIF3D/EIF3M/PRP4K/USP39/PRPF8/SF3B2/SNRPD2/RUVBL2/EIF2D/WDR77/LUC7L2/PRPF3/EIF6/PWP2/DDX39B/SRSF1/SF3A1/EIF3A/DDX46/SART3/PRPF31/EIF3G/SNRPF/PRKRA/LSM2/EPRS1/PRMT5/GAPDH/EIF3I/SART1/EFTUD2/SNRNP200/SF3B6/DHX9/SF3B1/SRSF10/ATM/KLC1/SF1/EIF3K/STRAP/RPL5/DDX42/RPS15/LUC7L3/ADAR/SRSF9/PRPF4/DDX23/SNRNP40/SRSF6/EIF3L/SRSF5/NOP2/HTATSF1/CRNKL1/EIF3J/HSP90AA1/HSP90AB1/EIF3E/PUF60/BOP1/SF3A3/SRPK2/ISY1,0.45505986738722953
GO:1902850,microtubule cytoskeleton organization involved in mitosis,70,-0.45453013245397833,-1.4476072580522357,0.006798071460108203,0.07664855494881735,0.07664855494881735,1693,"tags=51%, list=35%, signal=34%",PTPA/RAE1/CLASP1/CHMP5/VCP/RMDN1/GNAI1/CLTC/DYNLT1/STAG1/DRG1/KIF2A/CKAP5/TUBG1/STMN1/NSFL1C/CLASP2/DCTN1/TACC2/SMC1A/GOLGA2/DYNC1H1/KPNB1/FLNA/HTT/NUDC/TPR/HSPA1A/HSPA1B/SBDS/SUN2/MAPRE1/RCC1/CDK1/NUMA1/MAP4,0.40701791892395395
GO:0015918,sterol transport,41,-0.48437810032210665,-1.4471831544765352,0.029151641030516956,0.1854540535952896,0.18545405359528963,836,"tags=24%, list=17%, signal=20%",STARD3NL/DCTN1/MAPK3/OSBP/VAPB/NFKB1/APOB/APOA1/APOA4/PON1,0.35248785758361917
GO:0031334,positive regulation of protein-containing complex assembly,85,-0.44219040968938006,-1.4449457766005358,0.013043410696562644,0.11473174403093148,0.11473174403093148,1734,"tags=54%, list=36%, signal=35%",PTK2B/PSMC6/CLASP1/MMP1/VASP/SH3GLB1/TGFB1/VCP/NCKAP1L/MECP2/SRC/LGALS3/BTK/FERMT2/GIT1/STUB1/DRG1/CLU/CKAP5/MYD88/PAK1/TPPP3/DCTN1/BRCC3/NCKAP1/CLIP1/ATM/ISG15/CAND1/GBP5/STXBP1/PARK7/DDX3X/HIP1R/GBP2/HSPA1A/HSPA1B/EIF4G1/ARL2/BIN1/MAPRE1/MAP1B/CDH5/CTTN/HSP90AA1/NUMA1,0.3807304007227924
GO:0006813,potassium ion transport,36,-0.49201438497568,-1.444864216716246,0.02702702702702703,0.17911943553030135,0.17911943553030135,611,"tags=33%, list=13%, signal=29%",ACTN2/FLNA/ATP1A2/ATP4A/ATP1B1/BIN1/NEDD4L/NEDD4/OXSR1/ATP1A1/FHL1/STK39,0.2878571172551493
GO:1902749,regulation of cell cycle G2/M phase transition,25,-0.529470523665005,-1.4405311872776076,0.03594771241830065,0.2082114753833476,0.2082114753833476,793,"tags=40%, list=17%, signal=34%",BRCC3/ATM/NBN/NPM1/RCC2/ZNF830/INTS3/CDK1/FHL1/RRM1,0.24891111443470246
GO:0140694,membraneless organelle assembly,156,-0.43135343711894103,-1.4376898963104425,8.567103109234422e-4,0.02265301450046404,0.02265301450046404,1321,"tags=40%, list=28%, signal=30%",PDGFRB/DDX6/DRG1/G3BP2/KIF2A/EIF6/PWP2/MOSPD2/DBNL/PGM5/CAPRIN1/MAPRE2/G3BP1/RNF213/PRRC2C/EZR/CLASP2/FUS/C1QBP/ANG/UBAP2L/SMC1A/CSDE1/GOLGA2/TPM1/TIA1/MYH11/DYNC1H1/TMOD3/ACTA1/RPL5/ACTN2/RPS15/EIF2A/KPNB1/RBM14/FLNA/DCAF13/ATXN2L/DDX3X/NPM1/TPR/HSPA1A/HSPA1B/SBDS/PPP2R1A/SUGT1/MAPRE1/CIRBP/WNK1/NOP2/FLNC/EIF5B/PLEC/RCC1/CDK2/FXR1/TUBB8/BOP1/KRT8/FMR1/NUMA1/KRT19,0.47727081536286214
GO:0018193,peptidyl-amino acid modification,117,-0.4349892075999281,-1.4370290953068403,0.0029391446704394955,0.04515956067959063,0.04515956067959063,1770,"tags=53%, list=37%, signal=34%",MYLK2/KAT7/IKBKB/ARAF/PTK2B/STK4/PML/SAE1/DIP2A/DIP2B/KIT/PRKDC/PTPN6/SRC/PDGFRA/PRKCD/BTK/RANBP2/RAB6A/PDGFRB/RAP2B/PRMT1/SNX6/SETD7/TRIM28/PARP14/CSNK2A1/EFEMP1/TOLLIP/VKORC1L1/CTNNB1/PARP9/RANGAP1/ROCK1/PRMT5/GAPDH/MAPK1/MAPK3/RPS6KB1/ATM/RASSF2/AKT1/UBA2/PPIL1/CFAP20/PARK7/EGFR/MAP4K1/GOLGA7/BAG6/ZAP70/ABI1/TBK1/NTMT1/CDK2/CDK1/PDCL3/VIPAS39/SRPK2/STK39/APOA1/PTPN2,0.4317076958033464
GO:0045930,negative regulation of mitotic cell cycle,54,-0.4658759505479728,-1.4355310660333997,0.014271865359685281,0.12200835273655762,0.12200835273655762,1828,"tags=63%, list=38%, signal=39%",RAD21/RPS27L/VPS4A/CDC73/MRE11/GTPBP4/PML/PRKDC/CRLF3/DYNLT1/PRP4K/NAE1/RB1/DYNLT3/CTNNB1/DYNC1I2/BRCC3/ATM/DYNC1H1/MAD1L1/RPA2/DYNC1LI1/NBN/TPR/NHERF1/MAD2L1/BUB3/YTHDC2/ZNF830/INTS3/CDK2/CDK1/KANK2/FHL1,0.3807304007227924
GO:0000819,sister chromatid segregation,96,-0.441987996837266,-1.4347165745583224,0.004446392603388391,0.05906955029189086,0.05906955029189086,1407,"tags=43%, list=29%, signal=31%",DYNLT1/PRP4K/STAG1/SMC2/TOP2B/CUL3/DPF2/DRG1/RB1/CHAMP1/KIF2A/TUBG1/DYNLT3/SMC4/PPP1CC/CLASP2/DYNC1I2/ACTL6A/SMC1A/GOLGA2/ATM/DYNC1H1/SMARCA5/KPNB1/FLNA/MAD1L1/DYNC1LI1/NUDC/TPR/HSPA1A/HSPA1B/MAD2L1/BUB3/SMARCC1/MAPRE1/SMARCC2/SMARCE1/RCC1/CDK1/NUMA1/SMARCD2,0.40701791892395395
GO:0007093,mitotic cell cycle checkpoint signaling,38,-0.49004488871999285,-1.4338780550701329,0.024653267149375307,0.1737215834373924,0.1737215834373924,816,"tags=39%, list=17%, signal=33%",DYNC1I2/BRCC3/ATM/DYNC1H1/MAD1L1/RPA2/DYNC1LI1/NBN/TPR/MAD2L1/BUB3/ZNF830/INTS3/CDK2/CDK1,0.35248785758361917
GO:0030301,cholesterol transport,40,-0.4876802664140977,-1.4335881097088865,0.03540772532188841,0.2082114753833476,0.2082114753833476,836,"tags=25%, list=17%, signal=21%",STARD3NL/DCTN1/MAPK3/OSBP/VAPB/NFKB1/APOB/APOA1/APOA4/PON1,0.24891111443470246
GO:0043254,regulation of protein-containing complex assembly,184,-0.43191400248317857,-1.4326604465605521,3.646742046329105e-4,0.015356835950652565,0.015356835950652563,1734,"tags=50%, list=36%, signal=33%",PTK2B/UBLCP1/PSMC6/MTPN/CLASP1/MMP1/VASP/ARPC3/SH3GLB1/TGFB1/VCP/NCKAP1L/MECP2/CSNK1A1/SRC/FLII/LGALS3/PRKCD/TRIOBP/CYRIA/BTK/FERMT2/HCFC1/RDX/GIT1/STUB1/DRG1/FKBP4/ADD2/CLU/CKAP5/DUT/MYADM/MYD88/CAPZB/HMGB1/PAK1/TUBB4A/CAPZA1/SVIL/TWF2/TPPP3/EPRS1/SPTB/SPTBN2/CLASP2/VPS33A/NAPA/GAPDH/DCTN1/BRCC3/TBCD/NCKAP1/SEC16A/CYFIP2/CLIP1/ATM/ISG15/ESAM/CAND1/TMOD3/GBP5/IFI16/ARHGEF7/STXBP1/PARK7/DDX3X/HIP1R/GBP2/HSPA1A/HSPA1B/HSPA5/HSPA8/EIF4G1/ARL2/SAR1A/BIN1/MAPRE1/EIF2AK2/CRYAB/MAP1B/CDH5/CTTN/STXBP5/HSP90AA1/SPTAN1/KANK2/ADD3/ADD1/SPTBN1/NUMA1/ARPC5L,0.49849310876659025
GO:0030071,regulation of mitotic metaphase/anaphase transition,39,-0.48250524456702637,-1.430571282328471,0.03644158628081458,0.2082114753833476,0.2082114753833476,1510,"tags=51%, list=32%, signal=35%",ACTB/DYNLT1/PRP4K/CUL3/DPF2/RB1/DYNLT3/DYNC1I2/ACTL6A/ATM/DYNC1H1/MAD1L1/DYNC1LI1/TPR/MAD2L1/BUB3/SMARCC1/SMARCC2/SMARCE1/SMARCD2,0.24504178543099617
GO:1902099,regulation of metaphase/anaphase transition of cell cycle,39,-0.48250524456702637,-1.430571282328471,0.03644158628081458,0.2082114753833476,0.2082114753833476,1510,"tags=51%, list=32%, signal=35%",ACTB/DYNLT1/PRP4K/CUL3/DPF2/RB1/DYNLT3/DYNC1I2/ACTL6A/ATM/DYNC1H1/MAD1L1/DYNC1LI1/TPR/MAD2L1/BUB3/SMARCC1/SMARCC2/SMARCE1/SMARCD2,0.24504178543099617
GO:0051261,protein depolymerization,56,-0.4660948533084993,-1.4305471698695114,0.011493987092801859,0.10747710070174187,0.10747710070174187,1858,"tags=66%, list=39%, signal=41%",CFL1/CFL2/VPS4A/MTPN/SH3GL1/CLASP1/PPP1R9B/MICAL1/FLII/TRIOBP/CLTC/DSTN/RDX/ADD2/KIF2A/CKAP5/CAPZB/SH3BP1/CAPZA1/STMN1/SVIL/TWF2/SPTB/SPTBN2/CLASP2/ARHGEF2/TMOD3/ACTN2/LIMA1/HSPA8/MAP1B/SPTAN1/ADD3/ADD1/NES/SPTBN1/PDXP,0.3807304007227924
GO:0003341,cilium movement,31,-0.49720655008984815,-1.4302936772987926,0.046840958605664486,0.24208259061200235,0.24208259061200235,1082,"tags=42%, list=23%, signal=33%",ODAD4/PSMB1/DNAH1/PSMA4/PSMA2/PSMB2/TUBA1A/CFAP20/NHERF1/PSMB5/PSMB6/TUBB4B/DNAAF1,0.2165428367353482
GO:0007179,transforming growth factor beta receptor signaling pathway,66,-0.4555821282668483,-1.429995322265126,0.011109980456843676,0.10702006898681404,0.10702006898681406,1767,"tags=58%, list=37%, signal=37%",PXN/LEMD3/PTK2/APPL1/SMAD2/SMAD3/TGFB1/APPL2/SRC/ADAM9/ITGA3/FERMT2/RBBP7/FBN2/STUB1/SNX6/USP9X/USP15/THBS1/ZYX/ENG/HDAC1/TGFB1I1/ADISSP/FBN1/CD109/STRAP/FMOD/LTBP4/SIN3A/RBBP4/HSPA1A/CDH5/HDAC2/PPM1A/HSP90AB1/STAT3/SNW1,0.3807304007227924
GO:0019827,stem cell population maintenance,39,-0.4821886995022967,-1.4296327634537769,0.03644158628081458,0.2082114753833476,0.2082114753833476,1901,"tags=64%, list=40%, signal=39%",GNL3/BCL7C/DDB1/CDC73/ARID1A/CNOT1/KIT/ACTB/RBBP7/DPF2/ELAVL1/YME1L1/CTNNB1/DSG2/HDAC1/PAF1/ACTL6A/CUL4A/SIN3A/RBBP4/SMARCC1/SRRT/CUL4B/HDAC2/SMARCE1,0.24504178543099617
GO:0098727,maintenance of cell number,39,-0.4821886995022967,-1.4296327634537769,0.03644158628081458,0.2082114753833476,0.2082114753833476,1901,"tags=64%, list=40%, signal=39%",GNL3/BCL7C/DDB1/CDC73/ARID1A/CNOT1/KIT/ACTB/RBBP7/DPF2/ELAVL1/YME1L1/CTNNB1/DSG2/HDAC1/PAF1/ACTL6A/CUL4A/SIN3A/RBBP4/SMARCC1/SRRT/CUL4B/HDAC2/SMARCE1,0.24504178543099617
GO:0098813,nuclear chromosome segregation,108,-0.4385622633779815,-1.4295559190281641,0.004600456224589317,0.05906955029189086,0.05906955029189086,1407,"tags=43%, list=29%, signal=31%",DYNLT1/PRP4K/STAG1/SMC2/TOP2B/CUL3/DPF2/DRG1/RB1/CHAMP1/KIF2A/TUBG1/SUN1/DYNLT3/SMC4/PPP1CC/CLASP2/DYNC1I2/ACTL6A/SMC1A/GOLGA2/ATM/DYNC1H1/SMARCA5/KPNB1/FLNA/DCAF13/MAD1L1/DYNC1LI1/NUDC/TPR/HSPA1A/HSPA1B/MAD2L1/BUB3/SMARCC1/RCC2/MAPRE1/BAG6/SMARCC2/SMARCE1/RCC1/CDK1/TUBB8/NUMA1/SMARCD2,0.40701791892395395
GO:0071560,cellular response to transforming growth factor beta stimulus,77,-0.4486997896222229,-1.4292285395795048,0.009702236015882526,0.10028583954598574,0.10028583954598574,1767,"tags=55%, list=37%, signal=35%",PXN/LEMD3/PTK2/APPL1/SMAD2/SMAD3/TGFB1/APPL2/SRC/ADAM9/ITGA3/FERMT2/RBBP7/FBN2/STUB1/SNX6/USP9X/USP15/THBS1/ZYX/ENG/HDAC1/TGFB1I1/ADISSP/FBN1/CD109/ACTA2/STRAP/FMOD/LTBP4/PAK2/SIN3A/RBBP4/HSPA1A/CRK/CDH5/HDAC2/PPM1A/COL1A1/HSP90AB1/STAT3/SNW1,0.3807304007227924
GO:0010639,negative regulation of organelle organization,142,-0.43418049705451217,-1.4277074670730194,0.0016222355064187046,0.031635689266302204,0.031635689266302204,1496,"tags=47%, list=31%, signal=33%",SRC/FLII/WASF2/NAT10/PRKCD/CTPS1/TRIOBP/DYNLT1/PRP4K/RDX/SCFD1/OPA1/FKBP4/XRCC1/ADD2/CLU/MYADM/CAPZB/HNRNPC/TUBB4A/DYNLT3/CAPZA1/SVIL/TWF2/GDI2/HUWE1/LPAR1/SPTB/SPTBN2/CLASP2/ARHGEF2/DYNC1I2/TBCD/CORO1A/TACSTD2/ATM/DYNC1H1/TMOD3/SMARCA5/AKT1/RBM14/LIMA1/MAD1L1/ARHGEF7/NAA10/TJP1/DYNC1LI1/NBN/PAK2/HIP1R/NPM1/TPR/HSPA1A/MAD2L1/BUB3/MAPRE1/MAP1B/CDH5/PIK3R1/HNRNPA1/SPTAN1/KANK2/ADD3/ADD1/SPTBN1/LILRB2/MAP4,0.45505986738722953
GO:0062013,positive regulation of small molecule metabolic process,46,-0.4652348011978185,-1.4270133919829486,0.026399155227032733,0.17866571126866798,0.17866571126866798,625,"tags=26%, list=13%, signal=23%",AKT1/CD74/KPNB1/PARK7/MLXIPL/CPT1A/STAT3/NNMT/APOA1/PTPN2/APOA4/GPLD1,0.2878571172551493
GO:0007052,mitotic spindle organization,60,-0.45523585886435813,-1.4264532971146375,0.010888080366781518,0.10580980664128706,0.10580980664128706,1693,"tags=52%, list=35%, signal=34%",PTPA/RAE1/CLASP1/CHMP5/VCP/RMDN1/GNAI1/CLTC/STAG1/DRG1/KIF2A/CKAP5/TUBG1/STMN1/CLASP2/DCTN1/TACC2/SMC1A/GOLGA2/DYNC1H1/KPNB1/FLNA/NUDC/TPR/HSPA1A/HSPA1B/SBDS/SUN2/RCC1/NUMA1/MAP4,0.3807304007227924
GO:0007623,circadian rhythm,60,-0.4551580155294985,-1.426209379858326,0.010888080366781518,0.10580980664128706,0.10580980664128706,1972,"tags=60%, list=41%, signal=36%",CSNK1D/GFPT1/THRAP3/HNRNPU/PPP1CB/DDB1/IMPDH2/TARDBP/PML/GNA11/GNAQ/PRKDC/NDUFA9/PSPC1/CUL1/USP9X/USP7/PPP1CC/HUWE1/HDAC1/PRMT5/ASS1/RBM4/SKP1/MYBBP1A/CCAR2/SIN3A/ROCK2/MYCBP2/CAVIN3/NONO/SFPQ/HDAC2/CDK1/FXR1/NAMPT,0.3807304007227924
GO:0034763,negative regulation of transmembrane transport,40,-0.4848683354576918,-1.4253221390267699,0.03755364806866953,0.20924021168231738,0.20924021168231735,1643,"tags=62%, list=34%, signal=41%",TGFB1/CAV1/CALM1/CALM2/CALM3/APPL2/PRKCB/GSTO1/GSK3A/THBS1/YWHAQ/CAMK2D/PPP3CC/AKT1/ATP1A2/CTNND1/BIN1/SLC30A1/NEDD4L/NEDD4/OXSR1/PPP3CA/PPP3CB/FMR1/STK39,0.24133997681509095
GO:0061136,regulation of proteasomal protein catabolic process,100,-0.43652842132267855,-1.425294513461772,0.006777450414223143,0.07664855494881735,0.07664855494881735,2128,"tags=67%, list=44%, signal=38%",EIF3H/ALAD/PSMA7/PSMA1/PSME2/UFL1/PSMD6/RACK1/UBXN1/CSNK1D/PSMA3/UBQLN2/PSMB4/USP5/PSMD13/PSMC1/N4BP1/NUB1/ARAF/PSMC6/PSME1/VCP/PSMB7/CAV1/PSME3IP1/ATXN3/PSME3/CSNK1A1/PSMC2/PRKACA/BAG2/STUB1/GSK3A/PSMC3/USP9X/TMF1/CLU/USP7/BAG5/CSNK2A1/PSMB1/PSMC5/USP14/XPO1/PSMA4/PSMA2/PSMB2/AKT1/PSMD11/CCAR2/PSMD8/PARK7/PSMD1/HSPA1A/HSPA1B/PSMC4/PSMB5/UCHL5/PSMD14/BAG6/PSMD2/PSMD4/PSMB6/HSP90AB1/CDK2/GABARAPL2/FMR1,0.40701791892395395
GO:0002064,epithelial cell development,43,-0.479797664573386,-1.4240014055105195,0.023309188139801255,0.1698881212497053,0.16988812124970532,1379,"tags=53%, list=29%, signal=38%",MSN/RDX/VCL/MYO1E/GSK3A/AFDN/COL18A1/RAB25/MYADM/POF1B/EZR/ROCK1/GSTM3/ACTA2/AKT1/FLNA/TJP1/ROCK2/CDH5/DSP/PLEC/ADD1/NOTCH2,0.35248785758361917
GO:0090092,regulation of transmembrane receptor protein serine/threonine kinase signaling pathway,69,-0.4520583256866777,-1.422799174264088,0.019620252609786927,0.14971964575387742,0.14971964575387742,1650,"tags=49%, list=34%, signal=33%",SMAD2/SMAD3/TGFB1/CAV1/ITGA3/RBBP7/FBN2/STUB1/CUL1/PRMT1/NUP93/SNX6/USP15/THBS1/ENG/FSTL1/HDAC1/TGFB1I1/ADISSP/FBN1/CD109/STRAP/SKP1/LTBP4/SIN3A/RBBP4/HSPA1A/XIAP/CDH5/HDAC2/PPM1A/HSP90AB1/SNW1/NUMA1,0.35248785758361917
GO:0002218,activation of innate immune response,139,-0.4311382401291044,-1.4223219645453526,0.0017529009883703068,0.031635689266302204,0.031635689266302204,1645,"tags=47%, list=34%, signal=32%",MAPKAPK3/MAPKAPK2/WDFY1/NOD1/NAGK/PRKDC/APPL2/CSNK1A1/SRC/XRCC5/NMI/BTK/PSPC1/PHB2/CASP1/MASP1/OAS1/PCBP2/USP15/MYD88/HMGB1/PAK1/TLR3/TKFC/GDI1/C1QBP/LBP/BRCC3/RTN4/TRIM25/RIGI/AKT1/HSPD1/GBP5/PYHIN1/IFI16/RBM14/OAS3/STING1/PHB1/DDX60/PAK2/DDX3X/ZC3HAV1/SIN3A/TOMM70/GBP2/GPR108/HSPA1A/HSPA1B/HSPA8/EGFR/XIAP/IFI35/NONO/SFPQ/EIF2AK2/PQBP1/PIK3R1/TBK1/RPS6KA3/CD274/HSP90AA1/MATR3/IPO5,0.45505986738722953
GO:0000723,telomere maintenance,64,-0.4519262052792311,-1.4219594084854963,0.017645592110174788,0.1383657808915085,0.1383657808915085,1915,"tags=66%, list=40%, signal=40%",CCT7/GNL3/HNRNPU/LMNA/XRCC6/UPF1/MRE11/PML/PRKDC/CCT3/SRC/XRCC5/NAT10/TCP1/RUVBL2/XRCC1/USP7/HNRNPC/CCT8/CTNNB1/PNKP/ACTL6A/MAPK1/MAPK3/HNRNPA2B1/RPA1/CCT4/ATM/CCT2/RPA2/NBN/TNKS1BP1/UCHL5/DSP/PCNA/HNRNPA1/HSP90AA1/HSP90AB1/CDK2/CCT5/CCT6A/SP100,0.35248785758361917
GO:0009267,cellular response to starvation,61,-0.45450755008349164,-1.421683243126567,0.012725305527561025,0.11303650300653817,0.11303650300653817,1265,"tags=46%, list=26%, signal=34%",WIPI2/FAS/GCN1/SP1/PRKCH/YWHAG/PAK1/YME1L1/YWHAZ/MAP1LC3B2/GBA1/MCU/MAPK1/MAPK3/PLIN3/MYBBP1A/IFI16/PAK2/HSPA5/HSPA8/SAR1A/STK24/EIF2AK2/KRT20/HNRNPA1/AKR1C3/GABARAPL2/STK26,0.3807304007227924
GO:0006606,protein import into nucleus,72,-0.451894436770521,-1.421614403479515,0.012544621676256914,0.11230893579452056,0.11230893579452056,1702,"tags=57%, list=36%, signal=37%",STK4/APPL1/TARDBP/SMAD3/TGFB1/APPL2/PRKCD/NUP98/RANBP2/PHB2/NUP93/ELAVL1/TRIM28/NUP54/NUP133/YWHAB/IPO4/NUP35/KPNA3/IPO7/AKT1/TNPO2/TNPO1/KPNB1/FLNA/ADAR/KPNA4/NUP155/APOD/NPM1/TPR/NUP88/NUP153/JUP/PIK3R1/HSP90AA1/CDK1/STAT3/NUP214/IPO5/KPNA1,0.3807304007227924
GO:0007088,regulation of mitotic nuclear division,32,-0.5020318291129786,-1.4203587412346297,0.03787878787878788,0.20924021168231738,0.20924021168231735,1407,"tags=56%, list=29%, signal=40%",DYNLT1/PRP4K/CUL3/PDGFRB/RB1/CAV2/DYNLT3/PRMT5/DYNC1I2/ATM/DYNC1H1/MAD1L1/DYNC1LI1/TPR/MAD2L1/BUB3/RCC1/PDXP,0.24133997681509095
GO:0051783,regulation of nuclear division,32,-0.5020318291129786,-1.4203587412346297,0.03787878787878788,0.20924021168231738,0.20924021168231735,1407,"tags=56%, list=29%, signal=40%",DYNLT1/PRP4K/CUL3/PDGFRB/RB1/CAV2/DYNLT3/PRMT5/DYNC1I2/ATM/DYNC1H1/MAD1L1/DYNC1LI1/TPR/MAD2L1/BUB3/RCC1/PDXP,0.24133997681509095
GO:0008544,epidermis development,117,-0.42988299500442995,-1.4201602260605444,0.0038970727522342203,0.05491593535581652,0.054915935355816535,1090,"tags=38%, list=23%, signal=30%",PKP3/KRT77/PRKCH/ALDH3A2/CTNNB1/PPL/KPLCE/ROCK1/HDAC1/GBA1/KRT78/KRT4/EVPL/KRT79/KRT3/KRT7/COL17A1/PKP1/KRT75/KRT6B/ST14/ROCK2/SRSF6/NSUN2/DSC1/KRT14/KRT15/KRT17/HDAC2/DSP/KRT6C/KRT5/KRT6A/PLEC/YBX1/AKR1C3/PPP3CA/KRT71/KRT74/KRT72/KRT73/ESRP1/KRT16/NUMA1,0.4317076958033464
GO:0070507,regulation of microtubule cytoskeleton organization,60,-0.453187842175446,-1.420035963985977,0.01210752066475506,0.11101815319214922,0.11101815319214922,1681,"tags=58%, list=35%, signal=38%",MARK2/RAE1/CLASP1/CHMP5/GNAI1/MECP2/BICD2/PRKACA/CLTC/GIT1/DRG1/GSK3A/FKBP4/CKAP5/MAPRE2/PAK1/TUBB4A/STMN1/ROCK1/CLASP2/ARHGEF2/DCTN1/TBCD/CLIP1/DYNC1H1/ARHGEF7/TPR/HSPA1A/HSPA1B/ARL2/MAPRE1/MAP1B/CDH5/RCC1/NUMA1,0.3807304007227924
GO:0032204,regulation of telomere maintenance,48,-0.46611445706268295,-1.4199156911673523,0.02736842105263158,0.17911943553030135,0.17911943553030135,1962,"tags=69%, list=41%, signal=41%",RUVBL1/CCT7/GNL3/HNRNPU/LMNA/UPF1/MRE11/PML/CCT3/SRC/XRCC5/NAT10/TCP1/RUVBL2/XRCC1/USP7/HNRNPC/CCT8/CTNNB1/PNKP/ACTL6A/MAPK1/MAPK3/HNRNPA2B1/CCT4/ATM/CCT2/NBN/UCHL5/HNRNPA1/HSP90AA1/CCT5/CCT6A,0.2820133500117251
GO:0055002,striated muscle cell development,39,-0.4785973352695877,-1.4189847910357662,0.04072883172561629,0.21639570874778377,0.21639570874778374,1604,"tags=59%, list=34%, signal=40%",NACA/CSRP1/FLII/PDGFRA/PDGFRB/GSK3A/CAV2/PGM5/PAK1/TPM1/MYH11/TMOD3/ACTA1/ACTN2/TOMM70/FLNC/PLEC/PDLIM5/PPP3CA/PPP3CB/CDK1/KRT8/KRT19,0.2311267096738343
GO:0090101,negative regulation of transmembrane receptor protein serine/threonine kinase signaling pathway,35,-0.48878811371300446,-1.4178007512490438,0.027085590465872156,0.17911943553030135,0.17911943553030135,1348,"tags=43%, list=28%, signal=31%",RBBP7/FBN2/STUB1/SNX6/USP15/ENG/HDAC1/FBN1/CD109/STRAP/SIN3A/RBBP4/HSPA1A/HDAC2/PPM1A,0.2878571172551493
GO:0045834,positive regulation of lipid metabolic process,42,-0.47164410027026404,-1.4176035664319933,0.035611440919121606,0.2082114753833476,0.2082114753833476,785,"tags=29%, list=16%, signal=24%",MAPK1/ACSL3/CAPN2/AKT1/CD74/KPNB1/MLXIPL/CPT1A/EEF1A2/APOA1/APOA4/GPLD1,0.3217759180753611
GO:1903829,positive regulation of protein localization,199,-0.4168462562102422,-1.417503865075654,5.296918006132823e-4,0.01939555767348723,0.01939555767348723,1927,"tags=55%, list=40%, signal=34%",RBM22/VPS35/CCT7/KIF5B/YWHAE/GNL3/GZMB/NMT1/CFL1/SEC24A/UBL5/CHP1/KAT7/HLA-DRB1/TARDBP/SH3GLB1/SMAD3/TGFB1/PML/SAE1/RHOG/MYO18A/PPP1R9B/SFN/CD2AP/PTPN23/GNAI1/SEC24D/CCT3/ADAM9/PRKACA/PRKACB/ITGA3/LGALS3/LARP7/PRKCA/PRKCD/FERMT2/PRP4K/PCM1/TCP1/MSN/RDX/GIT1/DSG3/PSMD9/GSK3A/XPO4/TRIM28/PKP3/DTX3L/CCT8/PRKCH/EZR/PARP9/DSG2/HUWE1/SEC24C/ANG/SEC24B/MCU/OSBP/ACSL3/ACSL4/CCT4/NPEPPS/VRK1/IPO7/RTN4/DNM1L/AP2B1/AKT1/CCT2/PKP1/PYHIN1/UBE2L3/FLNA/PPID/NMD3/CTNND1/PARK7/EPB41L2/ROCK2/NPM1/TPR/MLXIPL/EIF4G1/SAR1A/EGFR/MAPRE1/EMD/JUP/VIM/PIK3R1/DSP/F2/CACNA2D1/ANP32B/OXCT1/PPP3CB/HSP90AA1/HSP90AB1/CDK1/CCT5/CCT6A/SPTBN1/NUMA1/IPO5/GPLD1,0.47727081536286214
GO:0050769,positive regulation of neurogenesis,55,-0.45724006565803954,-1.4171649873547196,0.020535072059602456,0.1546250127931655,0.1546250127931655,1077,"tags=38%, list=23%, signal=30%",CAPRIN1/PRKCH/PAK1/CTNNB1/PPP1CC/TWF2/GDI1/PRMT5/NRDC/SHTN1/SRRT/BIN1/SLC30A1/MAP1B/JUP/VIM/HDAC2/FXR1/FXR2/SNW1/FMR1,0.35248785758361917
GO:0000077,DNA damage checkpoint signaling,29,-0.5052226018433289,-1.4158928073249333,0.03938730853391685,0.2112423103918088,0.21124231039180877,1074,"tags=45%, list=22%, signal=35%",DTX3L/PARP9/CDC5L/BRCC3/ATM/SKP1/CCAR2/RPA2/NBN/TIPRL/CDK2/CDK1/STK38,0.2377938344236881
GO:0051054,positive regulation of DNA metabolic process,96,-0.435946784571941,-1.415106477837352,0.006518443142401742,0.07640690570011113,0.07640690570011113,1763,"tags=57%, list=37%, signal=37%",KAT7/FH/CASP3/ARID1A/MRE11/TGFB1/PML/PRKDC/ACTB/CCT3/PRKCD/TCP1/TOP2B/RUVBL2/PDGFRB/DPF2/PRMT1/TRIM28/HMGB1/CCT8/RFC2/CTNNB1/UBE2V2/MSH2/PNKP/FUS/ACTL6A/BRCC3/MAPK1/MAPK3/HNRNPA2B1/FAF1/CCT4/DHX9/WDR48/ATM/SMARCA5/AKT1/CCT2/HDGFL2/NBN/RFC3/EGFR/SMARCC1/UCHL5/SMARCC2/PCNA/SMARCE1/HNRNPA1/HSP90AA1/CDK2/CDK1/CCT5/CCT6A/SMARCD2,0.40701791892395395
GO:0045089,positive regulation of innate immune response,158,-0.4220960692614962,-1.4149104846438203,0.0019674687672813556,0.03338823863281942,0.03338823863281942,1678,"tags=46%, list=35%, signal=31%",APPL1/HMGB2/MAPKAPK3/MAPKAPK2/WDFY1/NOD1/NAGK/PRKDC/APPL2/CSNK1A1/SRC/XRCC5/NMI/BTK/PSPC1/PHB2/CASP1/MASP1/OAS1/PCBP2/USP15/MYD88/HMGB1/PAK1/TLR3/TKFC/PARP9/GDI1/C1QBP/LBP/BRCC3/DHX9/RTN4/TRIM25/RIGI/AKT1/HLA-C/HSPD1/GBP5/PYHIN1/IFI16/RBM14/OAS3/STING1/PHB1/DDX60/CFP/PAK2/DDX3X/ZC3HAV1/SIN3A/TOMM70/GBP2/GPR108/HSPA1A/HSPA1B/HSPA8/EGFR/XIAP/IFI35/NONO/SFPQ/EIF2AK2/PQBP1/PIK3R1/HLA-G/CPT1A/TBK1/RPS6KA3/CD274/HSP90AA1/MATR3/IPO5,0.4317076958033464
GO:0071559,response to transforming growth factor beta,80,-0.44322828315056223,-1.413252573143277,0.010333372718952807,0.1039738476234455,0.10397384762344551,1767,"tags=55%, list=37%, signal=35%",PXN/LEMD3/PTK2/APPL1/SMAD2/SMAD3/TGFB1/APPL2/SRC/ADAM9/ITGA3/FERMT2/RBBP7/FBN2/STUB1/SNX6/USP9X/USP15/THBS1/ZYX/ENG/ROCK1/HDAC1/TGFB1I1/ADISSP/FBN1/CD109/ACTA2/STRAP/FMOD/LTBP4/PAK2/SIN3A/ROCK2/RBBP4/HSPA1A/CRK/CDH5/HDAC2/PPM1A/COL1A1/HSP90AB1/STAT3/SNW1,0.3807304007227924
GO:0061013,regulation of mRNA catabolic process,89,-0.43606638297037437,-1.4119280173520306,0.009794001531109759,0.10032234000785402,0.10032234000785402,2035,"tags=69%, list=43%, signal=40%",PNN/SYNCRIP/PUM2/PUM1/LARP4B/THRAP3/YTHDF2/YTHDF1/BCLAF1/HNRNPU/RBM33/MAPK14/UPF1/TARDBP/MAPKAPK2/CNOT1/AGO2/ZC3H14/POLR2G/PRKCA/PRKCD/DIS3/DDX6/PNPT1/SERBP1/ELAVL1/SRSF1/MYD88/LRPPRC/HNRNPC/PKP3/CAPRIN1/LSM2/EDC4/ROCK1/TAF15/FUS/SLIRP/CSDE1/DHX9/AKT1/PKP1/KHSRP/ZC3HAV1/ROCK2/NPM1/TNKS1BP1/HNRNPA0/CIRBP/ALYREF/VIM/MOV10/YBX1/RBM8A/YBX3/FXR1/FXR2/SNW1/PDE12/EIF4A3/FMR1,0.3807304007227924
GO:2000045,regulation of G1/S transition of mitotic cell cycle,61,-0.4509157340149068,-1.4104481718584179,0.015841663539486094,0.1290127394280799,0.1290127394280799,1933,"tags=64%, list=40%, signal=39%",PSMA3/PSMB4/BCL7C/RPS27L/CPSF3/CDC73/APPL1/ARID1A/PSME1/PSMB7/PRKDC/APPL2/ACTB/PSME3/PTPN6/CRLF3/RDX/DPF2/RB1/PSMB1/PSMA4/ACTL6A/PSMA2/PSMB2/AKT1/RPA2/DDX3X/EIF4G1/EGFR/SMARCC1/PSMB5/SMARCC2/PSMB6/SMARCE1/CDK2/KANK2/FHL1/RRM1/SMARCD2,0.35248785758361917
GO:0055088,lipid homeostasis,55,-0.45308420820251594,-1.4042843670400296,0.023986269286853188,0.1737094788481024,0.1737094788481024,833,"tags=25%, list=17%, signal=21%",DCTN1/FBN1/RTN4/CYP7B1/EHD1/RALY/CNBP/LIMA1/DDX3X/MLXIPL/APOB/APOA1/APOA4/POLD1,0.35248785758361917
GO:0000209,protein polyubiquitination,70,-0.44047403110766886,-1.402840777513356,0.029411764705882353,0.1854540535952896,0.18545405359528963,1350,"tags=43%, list=28%, signal=31%",CUL3/PLAA/STUB1/WDR77/CUL1/UBE2L6/RNF114/DTX3L/RNF213/CTNNB1/UBE2V2/HUWE1/ZFP91/DDB2/NPEPPS/THOP1/TRIM25/SKP1/UBE4A/UBR4/UBE2L3/NBN/DDX3X/MYCBP2/XIAP/TRIM22/CUL4B/NEDD4L/NEDD4/PIK3R1,0.2663506570885256
GO:0090066,regulation of anatomical structure size,155,-0.42159919258779344,-1.4025475078366023,0.0017511445745543046,0.031635689266302204,0.031635689266302204,1599,"tags=45%, list=33%, signal=31%",DIP2B/DNM2/CAV1/NCKAP1L/SRC/FLII/PRKCD/TRIOBP/CYRIA/MSN/RDX/RAB5A/STUB1/MAP2K1/ADD2/ELAVL1/ARHGAP4/DNM1/MYADM/AQP1/CAPZB/SLC12A2/PAK1/SH3BP1/CAPZA1/RAB22A/EZR/SVIL/TWF2/GDI1/ROCK1/SPTB/SPTBN2/CLASP2/FBN1/NCKAP1/CYFIP2/RTN4/ESAM/TMOD3/ACTN2/LIMA1/MMP2/SIN3A/ROCK2/HIP1R/KNG1/SHTN1/NHERF1/BIN1/MAP1B/JUP/WNK1/VIM/SERPINF2/OXSR1/RAP1GDS1/CTTN/HSP90AA1/SPTAN1/PEX11B/KANK2/ATP2B1/ADD3/ADD1/SPTBN1/PDXP/STK39/ARPC5L,0.45505986738722953
GO:0007178,cell surface receptor protein serine/threonine kinase signaling pathway,94,-0.4337003821071771,-1.4018423942153788,0.011532283452605548,0.10747710070174187,0.10747710070174187,1797,"tags=53%, list=38%, signal=34%",UBE2O/PXN/LEMD3/PTK2/APPL1/SMAD2/SMAD3/TGFB1/CAV1/APPL2/SRC/ADAM9/ITGA3/FERMT2/RBBP7/FBN2/STUB1/CUL1/PRMT1/NUP93/SNX6/USP9X/USP15/THBS1/ZYX/ENG/FSTL1/HDAC1/TGFB1I1/ADISSP/MAPK3/FBN1/CD109/STRAP/FMOD/SKP1/LTBP4/SIN3A/RBBP4/HSPA1A/DDX5/PDCD4/XIAP/CDH5/HDAC2/PPM1A/HSP90AB1/STAT3/SNW1/NUMA1,0.3807304007227924
GO:0043086,negative regulation of catalytic activity,61,-0.44762900194153293,-1.400167392336705,0.018596613764683058,0.14375460281064428,0.14375460281064426,1470,"tags=43%, list=31%, signal=30%",SERPINB1/PPP1R12A/NOSIP/SERPINB8/RB1/XRCC1/SNX6/DTX3L/YWHAG/ABCE1/PARP9/ECM1/CORO1C/DNAJA1/GNAI3/CAND1/ADAR/CCAR2/MAD2L1/ARL2/PDCD4/RCC2/NES/EIF4A2/TIMP1/STK38,0.35248785758361917
GO:0000070,mitotic sister chromatid segregation,79,-0.4349418457781603,-1.3955789187641126,0.017205136800424417,0.13679888490966827,0.13679888490966827,1407,"tags=43%, list=29%, signal=31%",DYNLT1/PRP4K/STAG1/SMC2/CUL3/DRG1/RB1/CHAMP1/KIF2A/TUBG1/DYNLT3/SMC4/PPP1CC/CLASP2/DYNC1I2/SMC1A/GOLGA2/ATM/DYNC1H1/SMARCA5/KPNB1/FLNA/MAD1L1/DYNC1LI1/NUDC/TPR/HSPA1A/HSPA1B/MAD2L1/BUB3/MAPRE1/RCC1/CDK1/NUMA1,0.35248785758361917
GO:1902806,regulation of cell cycle G1/S phase transition,68,-0.44071779980404246,-1.3948899977093632,0.027551020408163266,0.17911943553030135,0.17911943553030135,1933,"tags=60%, list=40%, signal=36%",PSMA3/PSMB4/BCL7C/RPS27L/CPSF3/CDC73/APPL1/ARID1A/PSME1/PSMB7/PRKDC/APPL2/ACTB/PSME3/PTPN6/CRLF3/RDX/DPF2/RB1/PKP3/PSMB1/PAF1/PSMA4/ACTL6A/PSMA2/PSMB2/AKT1/RPA2/DDX3X/EIF4G1/EGFR/SMARCC1/PSMB5/SMARCC2/PSMB6/SMARCE1/CDK2/KANK2/FHL1/RRM1/SMARCD2,0.2765005992544716
GO:1900180,regulation of protein localization to nucleus,64,-0.4427843879663984,-1.393195214272403,0.022099693411135306,0.16316461953546002,0.16316461953546002,1664,"tags=58%, list=35%, signal=38%",TARDBP/BYSL/SMAD3/TGFB1/CCT3/LARP7/PRKCD/FERMT2/TCP1/CTNNA1/TRIM28/DTX3L/CCT8/YWHAB/YWHAZ/PARP9/CCT4/IPO7/AKT1/CCT2/PYHIN1/FLNA/APOD/NMD3/PARK7/SIN3A/NPM1/TPR/JUP/PIK3R1/F2/PPP3CB/HSP90AA1/CDK1/CCT5/CCT6A/IPO5,0.35248785758361917
GO:0010720,positive regulation of cell development,119,-0.4216009699284713,-1.3912397740064246,0.007579498476191179,0.08130084686254124,0.08130084686254123,1097,"tags=33%, list=23%, signal=26%",HMGB1/CAPRIN1/PRKCH/PAK1/CTNNB1/PPP1CC/TWF2/GDI1/PNP/PRMT5/SART1/ACTL6A/ACIN1/CORO1C/NRDC/CD74/SHTN1/SMARCC1/SRRT/BIN1/SLC30A1/MAP1B/JUP/CDH5/VIM/HDAC2/HLA-G/ZAP70/SMARCC2/SMARCE1/PPP3CA/FXR1/FXR2/SNW1/ADD1/FMR1/NOTCH2/LILRB2/SMARCD2,0.40701791892395395
GO:0006402,mRNA catabolic process,131,-0.42174760971295433,-1.3911853093498259,0.004487354988285032,0.05906955029189086,0.05906955029189086,2035,"tags=64%, list=43%, signal=38%",PNN/SYNCRIP/PUM2/PUM1/LARP4B/RNH1/THRAP3/YTHDF2/YTHDF1/BCLAF1/HNRNPU/RBM33/GSPT2/MAPK14/CPSF3/UPF1/EXOSC8/TARDBP/MAPKAPK2/CNOT1/AGO2/ZC3H14/POLR2G/EXOSC2/PRKCA/PRKCD/CPSF2/DIS3/DDX6/EXOSC7/PNPT1/SERBP1/ETF1/ELAVL1/SRSF1/MYD88/LRPPRC/HNRNPC/PKP3/CAPRIN1/SNRPF/EXOSC6/LSM2/EDC4/ROCK1/TAF15/FUS/SLIRP/MAGOHB/CSDE1/XRN2/DHX9/SKIC2/ATM/SSB/AKT1/PKP1/SYMPK/KHSRP/ZC3HAV1/ROCK2/NPM1/HSPA1A/HSPA1B/TNKS1BP1/DDX5/HNRNPA0/EXOSC4/GSPT1/HBS1L/CIRBP/ALYREF/VIM/MOV10/YBX1/RBM8A/YBX3/EIF3E/FXR1/FXR2/SNW1/PDE12/EIF4A3/FMR1,0.40701791892395395
GO:0006310,DNA recombination,83,-0.4343550437973507,-1.3909677803042384,0.011304056957134294,0.10710593966884743,0.10710593966884743,1670,"tags=55%, list=35%, signal=37%",MRE11/HMGB2/TGFB1/PRKDC/CHD4/ACTB/XRCC5/MCM7/SMC2/TOP2B/RUVBL2/PRMT1/XRCC1/CSNK2A1/HMGB1/PPP4C/RECQL/PDS5B/SMC4/EXOSC6/MSH2/FUS/C1QBP/NUCKS1/ACTL6A/RPA1/WDR48/ATM/HSPD1/PCYT1A/SAMHD1/HDGFL2/RPA2/NBN/UCHL5/NONO/SFPQ/MCM5/PSMD14/HTATSF1/INTS3/MCM3/MCM4/KPNA1/MCM6/MCM2,0.3807304007227924
GO:0000956,nuclear-transcribed mRNA catabolic process,70,-0.43533578899045455,-1.386476281407562,0.03144016227180527,0.19534133608219997,0.19534133608219997,1902,"tags=56%, list=40%, signal=34%",THRAP3/HNRNPU/GSPT2/CPSF3/UPF1/EXOSC8/CNOT1/AGO2/POLR2G/EXOSC2/CPSF2/DIS3/DDX6/EXOSC7/ETF1/CAPRIN1/SNRPF/EXOSC6/LSM2/EDC4/MAGOHB/CSDE1/XRN2/DHX9/SKIC2/ATM/SSB/SYMPK/TNKS1BP1/DDX5/EXOSC4/GSPT1/HBS1L/ALYREF/YBX1/RBM8A/EIF3E/PDE12/EIF4A3,0.25720646646883816
GO:0009895,negative regulation of catabolic process,139,-0.41987036815800816,-1.385149335660993,0.003324341786989317,0.04908800794554355,0.04908800794554355,2035,"tags=58%, list=43%, signal=34%",PNN/SYNCRIP/RPS7/SLC7A5/LARP4B/RNH1/UBXN1/ANXA2/SNX12/VPS35/THRAP3/USP5/BCLAF1/LYPLA1/EIF4G2/HNRNPU/ACACB/N4BP1/MAPK14/TARDBP/SMAD3/MAPKAPK2/PML/ZC3H14/PSME3IP1/DAPL1/PRKACA/QSOX1/GIT1/SCFD1/USP9X/PHAX/ELAVL1/USP7/BAG5/HP/CSNK2A1/SRSF1/MYD88/LRPPRC/HNRNPC/PKP3/WASHC1/USP14/ROCK1/TAF15/FUS/SLIRP/CSDE1/GOLGA2/DHX9/RPL5/AKT1/PKP1/FLNA/CST3/PHB1/CCAR2/PARK7/EIF4G1/MAD2L1/EGFR/HNRNPA0/NSUN2/UCHL5/CIRBP/WNK1/BAG6/YBX1/YBX3/HSP90AB1/STAT3/FXR1/SNW1/PDCL3/GABARAPL2/TIMP1/CYP51A1/GPLD1/STK38L,0.4317076958033464
GO:0006401,RNA catabolic process,169,-0.41429024398808645,-1.3843619240766327,0.0016816944064604626,0.031635689266302204,0.031635689266302204,1691,"tags=51%, list=35%, signal=34%",UPF1/EXOSC8/TARDBP/MAPKAPK2/CNOT1/RBM26/AGO2/ZC3H14/RBM7/POLR2G/EIF4E2/EXOSC2/PRKCA/PRKCD/SLFN5/CPSF2/DIS3/REXO2/DDX6/EXOSC7/PNPT1/SERBP1/PHAX/ETF1/ELAVL1/MTREX/ELAC2/SRSF1/MYD88/LRPPRC/HNRNPC/PKP3/CAPRIN1/SNRPF/EXOSC6/LSM2/EDC4/ROCK1/TAF15/FUS/C1QBP/ANG/RBM27/SLIRP/MAGOHB/CSDE1/XRN2/DHX9/SKIC2/ATM/SSB/AKT1/PKP1/SYMPK/KHSRP/ZC3HAV1/ROCK2/NPM1/HSPA1A/HSPA1B/TNKS1BP1/DDX5/EXOSC1/HNRNPA0/EXOSC4/PPP2R1A/GSPT1/NSUN2/HBS1L/CIRBP/ALYREF/WDR82/VIM/MOV10/YBX1/RBM8A/YBX3/INTS3/EIF3E/ZC3H4/FXR1/FXR2/SNW1/PDE12/EIF4A3/FMR1,0.45505986738722953
GO:1902903,regulation of supramolecular fiber organization,169,-0.414255654820502,-1.3842463434485965,0.0017036770288893573,0.031635689266302204,0.031635689266302204,1518,"tags=43%, list=32%, signal=31%",NCKAP1L/MECP2/FLII/WASF2/PRKCD/TRIOBP/CYRIA/FERMT2/RDX/GIT1/DRG1/FKBP4/HSPG2/ADD2/CLU/CKAP5/MYADM/PFDN2/CAPZB/PAK1/TUBB4A/WASHC1/SH3BP1/CAPZA1/SVIL/TWF2/ROCK1/LPAR1/SPTB/SPTBN2/CLASP2/ARHGEF2/DCTN1/TBCD/CORO1A/NCKAP1/TACSTD2/CYFIP2/CLIP1/TPM1/ESAM/TMOD3/ACTN2/LIMA1/FLNA/ARHGEF7/TJP1/PARK7/PAK2/ROCK2/HIP1R/HSPA1A/HSPA1B/HSPA8/ARL2/BIN1/MAPRE1/CRYAB/MAP1B/CDH5/SERPINF2/PIK3R1/CTTN/SPTAN1/VBP1/KANK2/ADD3/ADD1/SPTBN1/PDXP/NUMA1/APOA1/ARPC5L,0.45505986738722953
GO:0051983,regulation of chromosome segregation,54,-0.44877835432004287,-1.3828472335436146,0.03329864724245578,0.20355140814339903,0.20355140814339903,1407,"tags=46%, list=29%, signal=33%",DYNLT1/PRP4K/SMC2/CUL3/DPF2/RB1/CSNK2A1/DYNLT3/SMC4/DYNC1I2/ACTL6A/ATM/DYNC1H1/MAD1L1/DYNC1LI1/TPR/MAD2L1/BUB3/SMARCC1/RCC2/SMARCC2/SMARCE1/CDK1/NUMA1/SMARCD2,0.2529611230696109
GO:0051321,meiotic cell cycle,58,-0.44438632162987624,-1.3823191654532045,0.03319502074688797,0.20355140814339903,0.20355140814339903,1202,"tags=41%, list=25%, signal=31%",TUBG1/SUN1/PSMB1/SMC4/PSMA4/SMC1A/GOLGA2/RPA1/PSMA2/ATM/PSMB2/DCAF13/NBN/BUB3/SUN2/NSUN2/PSMB5/HSPA2/YTHDC2/BAG6/PSMB6/CDK2/TUBB8/NUMA1,0.2529611230696109
GO:0048589,developmental growth,98,-0.4200821239511047,-1.3798066569468852,0.01599894130110753,0.1290127394280799,0.1290127394280799,1020,"tags=36%, list=21%, signal=29%",PAK1/CTNNB1/EZR/TWF2/GDI1/FBLN5/CLASP2/CYFIP2/RTN4/STAT5A/STAT5B/DCLK1/SKP1/DCAF13/HDGFL2/CD9/APOD/NBN/SIN3A/TOMM70/SHTN1/MYCBP2/ADAM15/NEDD4L/MAP1B/JUP/VIM/ZNF830/PLEC/PDLIM5/CTTN/PPP3CA/PPP3CB/EPPK1/CDK1,0.35248785758361917
GO:1901991,negative regulation of mitotic cell cycle phase transition,48,-0.45141168608863025,-1.3751269168794744,0.04421052631578947,0.23164685908319185,0.23164685908319185,1828,"tags=62%, list=38%, signal=39%",RAD21/RPS27L/VPS4A/CDC73/MRE11/GTPBP4/PRKDC/CRLF3/DYNLT1/PRP4K/NAE1/RB1/DYNLT3/DYNC1I2/BRCC3/ATM/DYNC1H1/MAD1L1/RPA2/DYNC1LI1/NBN/TPR/MAD2L1/BUB3/ZNF830/INTS3/CDK2/CDK1/KANK2/FHL1,0.21925034670375515
GO:0019079,viral genome replication,60,-0.4386966478548055,-1.3746287063736857,0.018712120682476123,0.14375460281064428,0.14375460281064426,1408,"tags=47%, list=29%, signal=33%",IFIT1/TOP2B/GRK2/OAS1/PCBP3/PCBP1/PCBP2/ILF3/IFITM3/IFIT5/MX1/STAU1/ISG15/CTBP1/CTBP2/IFI16/OAS3/ADAR/PHB1/PPID/DDX3X/ZC3HAV1/DDX5/EIF2AK2/VAPB/PDE12/SRPK2/FMR1,0.35248785758361917
GO:0010959,regulation of metal ion transport,95,-0.42644808681111196,-1.3743772655436386,0.017923484770772612,0.13958220674224972,0.13958220674224972,680,"tags=27%, list=14%, signal=24%",PPP3CC/MS4A1/ACTN2/ACTN4/FLNA/YWHAH/ATP1A2/ATP1B1/BIN1/SLC30A1/NEDD4L/NEDD4/WNK1/OXSR1/F2/CACNA2D1/PPP3CA/PPP3CB/ATP1A1/ATP2B1/FHL1/UTRN/FMR1/STK39/LILRB1/LILRB2,0.35248785758361917
GO:0042770,signal transduction in response to DNA damage,51,-0.45426110008316983,-1.3742853095368464,0.0383419689119171,0.20966254840494192,0.20966254840494192,1822,"tags=59%, list=38%, signal=37%",RPS27L/MAPK14/GRB2/PRPF19/MRE11/PML/PRKDC/CD44/COPS3/CUL1/NDRG1/DTX3L/PARP9/CDC5L/BRCC3/MAPK3/ATM/PPP2R5C/CD74/SKP1/PYHIN1/CCAR2/RPA2/NBN/DDX5/TIPRL/CDK2/CDK1/SP100/STK38,0.23439264729468612
GO:0045727,positive regulation of translation,78,-0.4296900950436879,-1.3722072141470296,0.029522589006813912,0.1854540535952896,0.18545405359528963,1577,"tags=51%, list=33%, signal=35%",AGO2/PCIF1/NIBAN1/PRKDC/EEF2/POLR2G/RBM3/NAT10/KHDRBS1/PRMT1/ELAVL1/EIF6/THBS1/EIF5A/PRKCH/C1QBP/OTUD6B/EIF2B5/CSDE1/RPS6KB1/RPS6KB2/DHX9/SSB/RPL5/PKP1/CNBP/DDX3X/NPM1/EIF4G1/EIF4G3/CIRBP/KRT17/YBX1/POLDIP3/YBX3/EIF3E/FXR1/FXR2/EIF4A3/FMR1,0.35248785758361917
GO:0034340,response to type I interferon,68,-0.4327005039785133,-1.3695149260406443,0.03979591836734694,0.21243173325668296,0.21243173325668294,2259,"tags=74%, list=47%, signal=39%",ADRM1/PSMD3/OAS2/PSMD12/STAT2/PSMA7/PSMA1/PSME2/PSMD6/PSMA3/PSMB4/YTHDF2/PSMD13/PSMC1/PSMC6/SHMT2/PSME1/PSMB7/PTPN6/PSMC2/EIF4E2/IFIT1/STAT1/PSMC3/OAS1/MYD88/PSMB1/PSMC5/IFITM3/PSMA4/MX1/PSMA2/PSMB2/ISG15/OAS3/PSMD11/STING1/SAMHD1/PSMD8/PSMD1/SIN3A/PSMC4/PSMB5/PSMD14/PSMD2/PSMD4/PSMB6/TBK1/SP100/PTPN2,0.22798720285044224
GO:0010638,positive regulation of organelle organization,183,-0.4084858202560546,-1.369187686534014,0.0019435425634407246,0.03338823863281942,0.03338823863281942,1674,"tags=47%, list=35%, signal=32%",CLASP1/MRE11/VASP/SH3GLB1/SMAD3/PML/CNOT1/SEPTIN9/NCKAP1L/MECP2/CCT3/WASF2/FERMT2/SMC2/TCP1/GIT1/CUL3/CASP1/RUVBL2/PDGFRB/DRG1/RB1/GSK3A/CKAP5/PGAM5/PFDN2/CAPRIN1/CCT8/PAK1/SMC4/YME1L1/CTNNB1/LPAR1/PNKP/DCTN1/UBAP2L/MCU/ACTL6A/SNX30/MAPK1/MAPK3/OSBP/NCKAP1/HNRNPA2B1/CCT4/CLIP1/ATM/TPM1/DNM1L/DYNC1H1/ACTN2/CCT2/PDCD6IP/LIMA1/FLNA/HTT/MAD1L1/STXBP1/NBN/ROCK2/HIP1R/TPR/HSPA1A/HSPA1B/RAB3GAP2/ARL2/BIN1/MAPRE1/UCHL5/MAP1B/SERPINF2/PIP4K2C/HNRNPA1/CTTN/PPP3CB/HSP90AA1/CDK2/CDK1/CCT5/ADD3/CCT6A/NES/PDXP/DCN/NUMA1/APOA1,0.45505986738722953
GO:0031640,killing of cells of another organism,40,0.31877294274025353,1.3686626108799491,0.02465228078933953,0.1737215834373924,0.1737215834373924,473,"tags=32%, list=10%, signal=30%",DEFA1/DEFA3/DEFA1B/PLA2G2A/PGLYRP1/MPO/CXCL13/DEFB103A/DEFB103B/PCYOX1L/H2BC12/AZU1/ELANE,0.35248785758361917
GO:0141061,disruption of cell in another organism,40,0.31877294274025353,1.3686626108799491,0.02465228078933953,0.1737215834373924,0.1737215834373924,473,"tags=32%, list=10%, signal=30%",DEFA1/DEFA3/DEFA1B/PLA2G2A/PGLYRP1/MPO/CXCL13/DEFB103A/DEFB103B/PCYOX1L/H2BC12/AZU1/ELANE,0.35248785758361917
GO:0002449,lymphocyte mediated immunity,113,-0.42094483246684955,-1.3681878817629416,0.010570739330965775,0.10542921595884285,0.10542921595884286,1023,"tags=32%, list=21%, signal=26%",YWHAG/IGLL1/MYO1G/EXOSC6/MSH2/ARG1/C1QBP/MAPK3/CORO1A/C1RL/CD74/HLA-A/HLA-C/HSPD1/PCYT1A/C8G/C3/C6/NBN/C2/CRK/C8A/PIK3R1/HLA-G/GNL1/CD274/TUBB4B/TUBB/C4A/C4B/C1S/C1R/CFI/C8B/LILRB1/AZGP1,0.3807304007227924
GO:1904062,regulation of monoatomic cation transmembrane transport,73,-0.4259049192252384,-1.3677867729505877,0.03604531410916581,0.2082114753833476,0.2082114753833476,895,"tags=32%, list=19%, signal=26%",DIAPH1/NIPSNAP2/CAMK2D/PPP3CC/MS4A1/ACTN4/FLNA/ATP1A2/ATP1B1/BIN1/SLC30A1/NEDD4L/NEDD4/WNK1/OXSR1/F2/CACNA2D1/PPP3CA/PPP3CB/FHL1/UTRN/FMR1/STK39,0.24133997681509095
GO:0071357,cellular response to type I interferon,65,-0.433727122624963,-1.3675637052747551,0.03604531410916581,0.2082114753833476,0.2082114753833476,2259,"tags=74%, list=47%, signal=40%",ADRM1/PSMD3/OAS2/PSMD12/STAT2/PSMA7/PSMA1/PSME2/PSMD6/PSMA3/PSMB4/YTHDF2/PSMD13/PSMC1/PSMC6/PSME1/PSMB7/PTPN6/PSMC2/EIF4E2/IFIT1/STAT1/PSMC3/OAS1/MYD88/PSMB1/PSMC5/IFITM3/PSMA4/PSMA2/PSMB2/ISG15/OAS3/PSMD11/STING1/SAMHD1/PSMD8/PSMD1/SIN3A/PSMC4/PSMB5/PSMD14/PSMD2/PSMD4/PSMB6/TBK1/SP100/PTPN2,0.24133997681509095
GO:0141188,nucleic acid catabolic process,176,-0.4055775039555208,-1.3672497666440695,0.0032309507990682597,0.04833672445448173,0.04833672445448173,1668,"tags=49%, list=35%, signal=33%",EXOSC8/TARDBP/MAPKAPK2/CNOT1/RBM26/AGO2/ZC3H14/RBM7/POLR2G/EIF4E2/EXOSC2/PRKCA/PRKCD/SLFN5/CPSF2/DIS3/REXO2/DDX6/EXOSC7/PNPT1/SERBP1/PHAX/ETF1/ELAVL1/MTREX/ELAC2/SRSF1/MYD88/LRPPRC/HNRNPC/PKP3/CAPRIN1/NME1/SNRPF/EXOSC6/LSM2/EDC4/ROCK1/TAF15/FUS/C1QBP/ANG/RBM27/SLIRP/MAGOHB/CSDE1/XRN2/DHX9/SKIC2/ATM/SSB/AKT1/PKP1/SYMPK/KHSRP/ZC3HAV1/ROCK2/NPM1/HSPA1A/HSPA1B/TNKS1BP1/DDX5/EXOSC1/HNRNPA0/EXOSC4/PPP2R1A/GSPT1/NSUN2/HBS1L/CIRBP/ALYREF/WDR82/VIM/MOV10/YBX1/RBM8A/YBX3/INTS3/EIF3E/ZC3H4/FXR1/FXR2/SNW1/PDE12/EIF4A3/FMR1,0.4317076958033464
GO:2000779,regulation of double-strand break repair,48,-0.44882576608100144,-1.3672494774666866,0.04842105263157895,0.24468771929824562,0.24468771929824562,1989,"tags=65%, list=42%, signal=38%",OTUB1/RUVBL1/BCL7C/ACTR2/FH/ARID1A/MRE11/PML/PRKDC/ACTB/TOP2B/RUVBL2/DPF2/PRMT1/CSNK2A1/PPP4C/UBE2V2/PNKP/FUS/C1QBP/ACTL6A/WDR48/ATM/HDGFL2/RPA2/NBN/SMARCC1/PPP4R3A/SMARCC2/SMARCE1/SMARCD2,0.2089550275493539
GO:0007051,spindle organization,79,-0.4259398745587172,-1.3666946865773946,0.027466937945066123,0.17911943553030135,0.17911943553030135,1693,"tags=48%, list=35%, signal=32%",PTPA/RAE1/CLASP1/CHMP5/VCP/RMDN1/GNAI1/CLTC/STAG1/DRG1/KIF2A/CKAP5/TUBG1/MAPRE2/STMN1/EZR/CLASP2/DCTN1/TACC2/SMC1A/GOLGA2/DYNC1H1/KPNB1/FLNA/DCAF13/NUDC/TPR/HSPA1A/HSPA1B/SBDS/SUN2/PPP2R1A/MAPRE1/NTMT1/RCC1/TUBB8/NUMA1/MAP4,0.2765005992544716
GO:0051495,positive regulation of cytoskeleton organization,77,-0.42881272775372625,-1.365882941814083,0.027551020408163266,0.17911943553030135,0.17911943553030135,1858,"tags=52%, list=39%, signal=32%",CFL1/CFL2/SYNPO/PXN/PTK2B/CLASP1/VASP/SMAD3/NCKAP1L/MECP2/WASF2/FERMT2/GIT1/DRG1/CKAP5/PFDN2/PAK1/LPAR1/DCTN1/NCKAP1/CLIP1/TPM1/DYNC1H1/ACTN2/LIMA1/FLNA/ROCK2/HSPA1A/HSPA1B/ARL2/BIN1/MAPRE1/MAP1B/SERPINF2/CTTN/ADD3/NES/PDXP/NUMA1/APOA1,0.2765005992544716
GO:0043487,regulation of RNA stability,85,-0.4167881123777929,-1.3619386796304485,0.025329280648429583,0.1737215834373924,0.1737215834373924,2035,"tags=66%, list=43%, signal=39%",PNN/SYNCRIP/PUM2/PUM1/LARP4B/RNH1/THRAP3/YTHDF2/YTHDF1/BCLAF1/HNRNPU/RBM33/MAPK14/UPF1/TARDBP/MAPKAPK2/CNOT1/AGO2/ZC3H14/POLR2G/PRKCA/PRKCD/DIS3/DDX6/PNPT1/SERBP1/PHAX/ELAVL1/SRSF1/MYD88/HNRNPC/CAPRIN1/LSM2/EDC4/ROCK1/TAF15/FUS/CSDE1/DHX9/AKT1/KHSRP/ROCK2/NPM1/TNKS1BP1/HNRNPA0/NSUN2/CIRBP/VIM/MOV10/YBX1/YBX3/FXR1/FXR2/SNW1/PDE12/FMR1,0.2878571172551493
GO:0014706,striated muscle tissue development,66,-0.43382307700883727,-1.3616973369287528,0.0368474923234391,0.20924021168231738,0.20924021168231735,1793,"tags=59%, list=37%, signal=37%",MYL3/MYLK2/MTPN/COL6A1/TGFB1/NACA/CAV1/EEF2/PDGFRA/DIPK2A/PDGFRB/GSK3A/PRMT1/ENG/CAV2/PGM5/PAK1/CTNNB1/SVIL/DSG2/RPL3L/TPM1/MYH11/ACTA1/ACTN2/MYH14/TOMM70/DDX17/DDX5/MBD2/DSP/PLEC/MYL6B/MYL6/PDLIM5/PPP3CA/PPP3CB/CDK1/NOTCH2,0.2377938344236881
GO:0050792,regulation of viral process,72,-0.4327103021473146,-1.3612630473231,0.02535496957403651,0.1737215834373924,0.1737215834373924,1455,"tags=42%, list=30%, signal=29%",LARP7/IFIT1/DYNLT1/STAT1/TOP2B/OAS1/HMGB1/ILF3/IFITM3/IFIT5/APCS/MX1/DHX9/STAU1/UBP1/TRIM25/ISG15/IFI16/OAS3/ADAR/PPID/DDX3X/ZC3HAV1/DDX5/EIF2AK2/VAPB/PDE12/SRPK2/FMR1/SP100,0.2878571172551493
GO:0043244,regulation of protein-containing complex disassembly,57,-0.4441024005264524,-1.361166970437918,0.04994797086368366,0.2491102088996995,0.24911020889969954,971,"tags=37%, list=20%, signal=30%",SH3BP1/CAPZA1/SVIL/TWF2/SPTB/SPTBN2/CLASP2/ARHGEF2/TMOD3/ACTN2/LIMA1/GSPT1/MAP1B/WNK1/SPTAN1/ADD3/ADD1/NES/SPTBN1/PDXP/SCAF4,0.2042947565168861
GO:0021537,telencephalon development,52,-0.4479578511022676,-1.3604541474297744,0.04665959703075292,0.24208259061200235,0.24208259061200235,1403,"tags=46%, list=29%, signal=33%",EPHB3/SMC2/OGDH/ATIC/AQP1/SUN1/SMC4/LPAR1/TACC2/EIF2B5/XRN2/RTN4/TUBA1A/FLNA/ATP1A2/NEFL/SUN2/UCHL5/SYNE2/SRGAP2/FXR1/FXR2/TUBB2B/TUBB2A,0.21392785549235627
GO:0008154,actin polymerization or depolymerization,91,-0.41784944707850763,-1.3579608793050406,0.02540650406504065,0.1737215834373924,0.1737215834373924,1734,"tags=48%, list=36%, signal=31%",PTK2B/MTPN/VASP/ARPC3/PPP1R9B/MICAL1/NCKAP1L/CORO7/FLII/PRKCD/TRIOBP/CYRIA/DSTN/RDX/ARPC2/ADD2/INF2/MYADM/CAPZB/SH3BP1/CAPZA1/SVIL/TWF2/DIAPH1/SPTB/SPTBN2/ANG/NCKAP1/CYFIP2/ESAM/TMOD3/ACTN2/LIMA1/HIP1R/BIN1/ABI1/CTTN/SPTAN1/KANK2/ADD3/ADD1/SPTBN1/PDXP/ARPC5L,0.2878571172551493
GO:0051052,regulation of DNA metabolic process,160,-0.4045399124699396,-1.3564441226646389,0.005866638348607313,0.07096135959964378,0.07096135959964377,1510,"tags=45%, list=32%, signal=32%",ACTB/CCT3/SRC/XRCC5/MCM7/NAT10/PRKCD/TCP1/TOP2B/RUVBL2/PDGFRB/DPF2/PRMT1/XRCC1/SETD7/USP7/TRIM28/CSNK2A1/CUL2/HNRNPC/HMGB1/CCT8/PPP4C/PDS5A/RFC2/CTNNB1/UBE2V2/MSH2/PNKP/FUS/C1QBP/NUCKS1/ACTL6A/BRCC3/MAPK1/MAPK3/HNRNPA2B1/FAF1/CCT4/DHX9/WDR48/ATM/NIBAN2/SMARCA5/AKT1/CCT2/CUL4A/HDGFL2/RPA2/NBN/RFC3/EGFR/SMARCC1/CUL4B/UCHL5/MCM5/PPP4R3A/SMARCC2/PCNA/SMARCE1/HNRNPA1/HSP90AA1/CDK2/CDK1/CCT5/MCM3/CCT6A/MCM4/KPNA1/SMARCD2/MCM6/MCM2,0.40701791892395395
GO:0002460,adaptive immune response based on somatic recombination of immune receptors built from immunoglobulin superfamily domains,123,-0.41187303675147996,-1.35462668551847,0.01356053984399697,0.11759891349854254,0.11759891349854254,1097,"tags=33%, list=23%, signal=26%",HMGB1/PSMB1/YWHAG/IGLL1/MYO1G/EXOSC6/MSH2/ARG1/C1QBP/PSMA4/PLA2G4A/MAPK3/C1RL/PSMA2/PSMB2/STAT5A/CD74/HLA-A/HLA-C/HSPD1/PCYT1A/C8G/C3/PHB1/C6/NBN/C2/C8A/HLA-G/GNL1/CD274/STAT3/C4A/C4B/C1S/C1R/CFI/C8B/LILRB1/AZGP1,0.3807304007227924
GO:0030833,regulation of actin filament polymerization,63,-0.435790705907163,-1.3537725252025083,0.04145077720207254,0.2188838178949741,0.21888381789497408,1734,"tags=49%, list=36%, signal=32%",PTK2B/MTPN/VASP/ARPC3/NCKAP1L/FLII/PRKCD/TRIOBP/CYRIA/RDX/ADD2/MYADM/CAPZB/CAPZA1/SVIL/TWF2/SPTB/SPTBN2/NCKAP1/CYFIP2/ESAM/TMOD3/HIP1R/BIN1/CTTN/SPTAN1/KANK2/ADD3/ADD1/SPTBN1/ARPC5L,0.22496609354031377
GO:0042391,regulation of membrane potential,75,-0.4254372656652514,-1.3533015904447205,0.03363914373088685,0.20403945677468655,0.20403945677468655,625,"tags=27%, list=13%, signal=24%",AKT1/ACTN2/FLNA/YWHAH/ATP1A2/MYH14/PARK7/ATP1B1/NNT/BIN1/NEDD4L/NEDD4/JUP/DSP/CACNA2D1/ATP1A1/FHL1/EIF4A3/FMR1/DCN,0.24891111443470246
GO:0051607,defense response to virus,119,-0.40933463305236667,-1.3507621258020246,0.014938060614217989,0.1261218386274741,0.12612183862747406,1408,"tags=48%, list=29%, signal=35%",IFIT1/EXOC1/STAT1/PHB2/CASP1/DHX16/USP7/OAS1/PCBP2/TRIM28/MYD88/DTX3L/DHX15/G3BP1/IRF9/ILF3/TLR3/IFITM3/PRKRA/PARP9/IFIT5/C1QBP/IFIT2/MX1/MX2/DHX9/TRIM25/ISG15/RIGI/SMARCA5/GBP5/IFI16/OAS3/STING1/SAMHD1/ADAR/PHB1/DDX60/ZC3HAV1/SIN3A/TOMM70/GBP1/GBP2/DDX17/EXOSC4/DDX21/IFIT3/TRIM22/EIF2AK2/PQBP1/MOV10/VAPB/TBK1/HSP90AA1/UAP1/PDE12/LILRB1,0.3807304007227924
GO:0009615,response to virus,160,-0.4020500360840012,-1.3480954329908639,0.006808710685866801,0.07664855494881735,0.07664855494881735,1229,"tags=41%, list=26%, signal=31%",CLU/USP7/OAS1/PCBP2/TRIM28/MYD88/SAP30BP/DTX3L/EIF5A/DHX15/G3BP1/IRF9/ILF3/ENO1/TLR3/STMN1/IFITM3/PRKRA/PARP9/IFIT5/C1QBP/IFIT2/MX1/MX2/DHX9/PSMA2/TRIM25/ISG15/RIGI/SMARCA5/ACTA2/DCLK1/GBP5/IFI16/OAS3/STING1/SAMHD1/ADAR/PHB1/DDX60/DDX3X/ZC3HAV1/SIN3A/TOMM70/GBP1/GBP2/DDX17/EXOSC4/DDX21/IFIT3/TRIM22/EIF2AK2/PQBP1/MOV10/GBF1/VAPB/TBK1/NFKB1/HSP90AA1/UAP1/CCT5/PDE12/FMR1/LILRB1/APOB,0.40701791892395395
GO:0043488,regulation of mRNA stability,79,-0.41943549436649796,-1.3458243657195623,0.03560528992878942,0.2082114753833476,0.2082114753833476,2035,"tags=67%, list=43%, signal=39%",PNN/SYNCRIP/PUM2/PUM1/LARP4B/THRAP3/YTHDF2/YTHDF1/BCLAF1/HNRNPU/RBM33/MAPK14/UPF1/TARDBP/MAPKAPK2/CNOT1/AGO2/ZC3H14/POLR2G/PRKCA/PRKCD/DIS3/DDX6/PNPT1/SERBP1/ELAVL1/SRSF1/MYD88/HNRNPC/CAPRIN1/LSM2/EDC4/ROCK1/TAF15/FUS/CSDE1/DHX9/AKT1/KHSRP/ROCK2/NPM1/TNKS1BP1/HNRNPA0/CIRBP/VIM/MOV10/YBX1/YBX3/FXR1/FXR2/SNW1/PDE12/FMR1,0.24133997681509095
GO:0008064,regulation of actin polymerization or depolymerization,73,-0.4182997642783136,-1.3433629406042367,0.04840370751802266,0.24468771929824562,0.24468771929824562,1734,"tags=48%, list=36%, signal=31%",PTK2B/MTPN/VASP/ARPC3/NCKAP1L/FLII/PRKCD/TRIOBP/CYRIA/RDX/ADD2/MYADM/CAPZB/SH3BP1/CAPZA1/SVIL/TWF2/SPTB/SPTBN2/NCKAP1/CYFIP2/ESAM/TMOD3/ACTN2/LIMA1/HIP1R/BIN1/CTTN/SPTAN1/KANK2/ADD3/ADD1/SPTBN1/PDXP/ARPC5L,0.2065879226968911
GO:0030832,regulation of actin filament length,73,-0.4182997642783136,-1.3433629406042367,0.04840370751802266,0.24468771929824562,0.24468771929824562,1734,"tags=48%, list=36%, signal=31%",PTK2B/MTPN/VASP/ARPC3/NCKAP1L/FLII/PRKCD/TRIOBP/CYRIA/RDX/ADD2/MYADM/CAPZB/SH3BP1/CAPZA1/SVIL/TWF2/SPTB/SPTBN2/NCKAP1/CYFIP2/ESAM/TMOD3/ACTN2/LIMA1/HIP1R/BIN1/CTTN/SPTAN1/KANK2/ADD3/ADD1/SPTBN1/PDXP/ARPC5L,0.2065879226968911
GO:0016125,sterol metabolic process,60,-0.42782406800248135,-1.340560152509806,0.039337474120082816,0.2112423103918088,0.21124231039180877,643,"tags=20%, list=13%, signal=18%",CYP7B1/KPNB1/LIMA1/ERG28/PMVK/NSDHL/APOL2/APOB/APOA1/CYP51A1/APOA4/APOL1,0.2311267096738343
GO:0044782,cilium organization,73,-0.4171261322740564,-1.3395938403678398,0.04840370751802266,0.24468771929824562,0.24468771929824562,1407,"tags=42%, list=29%, signal=30%",DYNLT1/PCM1/GRK2/CUL1/USP9X/RAB11B/NUDCD3/ODAD4/DYNLT3/EHD2/GDI2/LPAR1/DNAH1/DCTN1/SYNE1/AKT1/EHD1/SKP1/LIMA1/FLNA/CFAP20/HTT/NHERF1/GBF1/SYNE2/TTC39C/PARVA/EXOC4/DNAAF1/MAP4/ABLIM1,0.2065879226968911
GO:0007015,actin filament organization,215,-0.3941108658975486,-1.3353118001526454,0.0036140261711577974,0.052662648033462725,0.05266264803346272,1884,"tags=51%, list=39%, signal=32%",IQGAP1/INPP5K/ACTR2/CFL1/CFL2/ARPC1B/ARHGAP25/SYNPO/INPPL1/IQGAP2/PXN/MYO1C/PTK2B/MTPN/CLASP1/VASP/ARPC3/SMAD3/MYO1D/RHOG/PPP1R9B/DNM2/MICAL1/CD2AP/NCKAP1L/CORO7/SRC/FLII/WASF2/ARPC1A/PRKCD/TRIOBP/MYO5A/CYRIA/FERMT2/DSTN/PAWR/RDX/SH3KBP1/CUL3/ARPC2/DSG3/MYO1F/MYO1E/ADD2/INF2/MYADM/ZYX/CAPZB/DPYSL3/PAK1/POF1B/WASHC1/MYO1G/SH3BP1/CAPZA1/ARHGEF12/EZR/SVIL/TWF2/ROCK1/LPAR1/DIAPH1/SPTB/SPTBN2/CLASP2/ARHGEF2/ANG/PLS3/CNN1/CORO1A/CORO1C/NCKAP1/TACSTD2/CYFIP2/TPM1/TPM2/TPM3/TPM4/ESAM/TMOD3/ACTA1/ACTN1/ACTN2/LIMA1/FLNA/TJP1/PAK2/ROCK2/HIP1R/SHTN1/HIP1/BIN1/LCP1/SERPINF2/PIK3R1/PLEC/ABI1/CTTN/PARVA/SPTAN1/RHOB/KANK2/ADD3/ADD1/SPTBN1/PDLIM1/PDXP/APOA1/ARPC5L,0.4317076958033464
GO:0044092,negative regulation of molecular function,87,-0.415665399174611,-1.3351251141308134,0.04158215010141988,0.2188838178949741,0.21888381789497408,1582,"tags=43%, list=33%, signal=29%",CALM1/CALM2/CALM3/SFN/PSME3IP1/SERPINB1/PPP1R12A/NOSIP/SERPINB8/RB1/XRCC1/SNX6/DTX3L/YWHAG/ABCE1/CNRIP1/PARP9/ECM1/ROCK1/GOLGA2/CORO1C/DNAJA1/GNAI3/CAND1/IFI16/SYMPK/ADAR/CCAR2/MAD2L1/ARL2/PDCD4/RCC2/NES/EIF4A2/FMR1/TIMP1/STK38,0.2220560461452484
GO:0002753,cytoplasmic pattern recognition receptor signaling pathway,81,-0.41875188920728,-1.3302821276557415,0.03790983606557377,0.20924021168231738,0.20924021168231735,1632,"tags=47%, list=34%, signal=31%",WDFY1/NOD1/NAGK/PRKDC/CSNK1A1/SRC/BTK/PHB2/OAS1/PCBP2/USP15/MYD88/HMGB1/TLR3/TKFC/C1QBP/BRCC3/RTN4/TRIM25/RIGI/AKT1/GBP5/IFI16/OAS3/STING1/PHB1/DDX60/DDX3X/ZC3HAV1/GBP2/HSPA1A/HSPA1B/HSPA8/EGFR/XIAP/EIF2AK2/TBK1/IPO5,0.23439264729468612
GO:0002221,pattern recognition receptor signaling pathway,117,-0.40147851214652197,-1.3263232581753557,0.032160804020100506,0.1987327944068167,0.19873279440681674,1678,"tags=45%, list=35%, signal=30%",APPL1/MAPKAPK3/MAPKAPK2/WDFY1/NOD1/NAGK/PRKDC/APPL2/CSNK1A1/SRC/NMI/BTK/PHB2/CASP1/MASP1/OAS1/PCBP2/USP15/MYD88/HMGB1/TLR3/TKFC/GDI1/C1QBP/LBP/BRCC3/RTN4/TRIM25/RIGI/AKT1/HSPD1/GBP5/IFI16/OAS3/STING1/PHB1/DDX60/DDX3X/ZC3HAV1/GBP2/GPR108/HSPA1A/HSPA1B/HSPA8/EGFR/XIAP/IFI35/EIF2AK2/PIK3R1/TBK1/RPS6KA3/CD274/IPO5,0.2529611230696109
GO:0045088,regulation of innate immune response,207,-0.3877371439727713,-1.3145508799432803,0.008658123343254808,0.09031455267230015,0.09031455267230015,1653,"tags=44%, list=35%, signal=30%",HMGB2/CASP8/MAPKAPK3/MAPKAPK2/TGFB1/WDFY1/NOD1/NAGK/SFN/PRKDC/APPL2/CSNK1A1/PTPN6/SRC/EIF4E2/XRCC5/NMI/BTK/PSPC1/PHB2/CASP1/MASP1/OAS1/PCBP2/PARP14/USP15/DDX39A/MYD88/HMGB1/PAK1/YWHAZ/TLR3/TKFC/PARP9/GDI1/ARG1/C1QBP/LBP/BRCC3/DHX9/RTN4/TRIM25/ISG15/RIGI/AKT1/HLA-A/HLA-C/HSPD1/GBP5/PYHIN1/IFI16/RBM14/OAS3/STING1/SAMHD1/C3/PHB1/DDX60/CFP/PAK2/DDX3X/ZC3HAV1/SIN3A/TOMM70/GBP2/GPR108/HSPA1A/HSPA1B/HSPA8/CRK/EGFR/XIAP/IFI35/NONO/SFPQ/EIF2AK2/PQBP1/SERPING1/PIK3R1/HLA-G/CPT1A/CFH/TBK1/RPS6KA3/CD274/HSP90AA1/MATR3/CFI/LILRB1/IPO5/PTPN2/A2M,0.3807304007227924
GO:0007059,chromosome segregation,141,-0.3956837199163855,-1.313771923659508,0.03006012024048096,0.18779316875509258,0.18779316875509258,1407,"tags=38%, list=29%, signal=28%",DYNLT1/PRP4K/STAG1/SMC2/TOP2B/CUL3/DPF2/DRG1/RB1/USP9X/CHAMP1/KIF2A/PPP1R7/TUBG1/CSNK2A1/SUN1/MAPRE2/DYNLT3/SMC4/PPP1CC/CLASP2/DYNC1I2/ACTL6A/SMC1A/GOLGA2/ATM/DYNC1H1/SMARCA5/KPNB1/FLNA/DCAF13/MAD1L1/DYNC1LI1/DDX3X/NUDC/TPR/HSPA1A/HSPA1B/MAD2L1/BUB3/SMARCC1/PPP2R1A/RCC2/MAPRE1/BAG6/SMARCC2/SMARCE1/NTMT1/RCC1/CDK1/TUBB8/MTCL1/NUMA1/SMARCD2,0.26166352171157314
GO:0048285,organelle fission,128,-0.39774495683542965,-1.311570752271317,0.029087261785356068,0.1854540535952896,0.18545405359528963,1407,"tags=43%, list=29%, signal=31%",DYNLT1/PRP4K/STAG1/SMC2/TOP2B/CUL3/PDGFRB/OPA1/DRG1/RB1/CHAMP1/KIF2A/PGAM5/TUBG1/INF2/SUN1/CAV2/DYNLT3/SMC4/PPP1CC/GDAP1/NSFL1C/CLASP2/PRMT5/DYNC1I2/MCU/SMC1A/GOLGA2/CORO1C/ATM/DNM1L/DYNC1H1/SMARCA5/KPNB1/FLNA/TMCC1/DCAF13/MAD1L1/DYNC1LI1/NUDC/TPR/HSPA1A/HSPA1B/MAD2L1/BUB3/MAPRE1/HSPA2/BAG6/RCC1/CDK1/PEX11B/TUBB8/PDXP/DCN/NUMA1,0.2663506570885256
GO:0031032,actomyosin structure organization,88,-0.40632491502541435,-1.3106718061795541,0.038539553752535496,0.20966254840494192,0.20966254840494192,1884,"tags=53%, list=39%, signal=33%",IQGAP1/INPP5K/MYH9/SYNPO/VPS4A/IQGAP2/PXN/EPB41L3/CLASP1/SMAD3/MYO18A/DNM2/CSRP1/SRC/FLII/WASF2/PDGFRA/FERMT2/CUL3/PDGFRB/ZYX/PGM5/PAK1/ROCK1/LPAR1/CLASP2/CNN1/TACSTD2/TPM1/MYH11/TMOD3/ACTA1/ACTN2/PDCD6IP/TJP1/MYH14/PAK2/EPB41L2/ROCK2/FLNC/SERPINF2/PIK3R1/PLEC/KRT8/PDLIM1/APOA1/KRT19,0.2311267096738343
GO:0002758,innate immune response-activating signaling pathway,123,-0.3979089663761478,-1.3086996626716294,0.02506583518943973,0.1737215834373924,0.1737215834373924,1678,"tags=45%, list=35%, signal=30%",APPL1/MAPKAPK3/MAPKAPK2/WDFY1/NOD1/NAGK/PRKDC/APPL2/CSNK1A1/SRC/NMI/BTK/PHB2/CASP1/MASP1/OAS1/PCBP2/USP15/MYD88/HMGB1/PAK1/TLR3/TKFC/GDI1/C1QBP/LBP/BRCC3/RTN4/TRIM25/RIGI/AKT1/HSPD1/GBP5/IFI16/OAS3/STING1/PHB1/DDX60/PAK2/DDX3X/ZC3HAV1/GBP2/GPR108/HSPA1A/HSPA1B/HSPA8/EGFR/XIAP/IFI35/EIF2AK2/PIK3R1/TBK1/RPS6KA3/CD274/IPO5,0.35248785758361917
GO:0007018,microtubule-based movement,106,-0.40112889648906724,-1.3041038122771536,0.03838383838383838,0.20966254840494192,0.20966254840494192,1608,"tags=46%, list=34%, signal=31%",KLC2/KLC4/KIF13B/AP3M1/PSMB7/COPG1/MECP2/BICD2/PSME3/DYNLT1/PCM1/RAB6A/GRK2/OPA1/MAP2K1/KIF2A/PURA/FLOT2/SUN1/LRPPRC/ODAD4/PSMB1/DYNLT3/DNAH1/KTN1/PSMA4/DYNC1I2/HOOK3/PSMA2/KLC1/STAU1/PSMB2/DYNC1H1/TUBA1A/KPNB1/CFAP20/HTT/DYNC1LI1/NEFL/NHERF1/RAB1A/SUN2/PSMB5/SFPQ/SYNE2/PSMB6/TUBB4B/DNAAF1/MAP4,0.2311267096738343
GO:0002833,positive regulation of response to biotic stimulus,175,-0.3878655072169896,-1.3012467617896386,0.015229813431911682,0.1261218386274741,0.12612183862747406,1766,"tags=46%, list=37%, signal=30%",NLRX1/XRCC6/IKBKB/HLA-DRB1/APPL1/HMGB2/MAPKAPK3/MAPKAPK2/WDFY1/NOD1/NAGK/PRKDC/APPL2/CSNK1A1/SRC/XRCC5/NMI/PRKCA/BTK/PSPC1/PHB2/CASP1/MASP1/OAS1/PCBP2/USP15/MYD88/HMGB1/YWHAG/PAK1/TLR3/TKFC/PARP9/GDI1/C1QBP/LBP/BRCC3/DHX9/RTN4/TRIM25/RIGI/AKT1/HLA-C/HSPD1/GBP5/PYHIN1/IFI16/RBM14/OAS3/STING1/PHB1/DDX60/CFP/PAK2/DDX3X/ZC3HAV1/SIN3A/TOMM70/GBP2/GPR108/HSPA1A/HSPA1B/HSPA8/EGFR/XIAP/IFI35/NONO/SFPQ/EIF2AK2/PQBP1/PIK3R1/HLA-G/HRG/CPT1A/TBK1/CD180/RPS6KA3/CD274/HSP90AA1/MATR3/IPO5,0.3807304007227924
GO:0006936,muscle contraction,140,-0.39126244642223124,-1.2959733821556643,0.025075225677031094,0.1737215834373924,0.1737215834373924,1591,"tags=41%, list=33%, signal=28%",KIT/CAV1/CALM1/CALM2/CALM3/MYLK/RPL21/RPL36/EEF2/PRKACA/RPL18A/RPL34/STUB1/GSTO1/GRK2/MAP2K1/RPL9/SYNM/PGAM2/ENO1/DSG2/ROCK1/RPL3L/CAMK2D/CNN1/TPM1/TPM2/TPM3/TPM4/RPL35A/MYH11/TMOD3/ACTA1/ACTA2/RPL5/FLNA/RPL27/ATP1A2/MYH14/ATP1B1/ROCK2/BIN1/NEDD4L/CRYAB/EMD/JUP/DSP/MYL6B/MYL6/CACNA2D1/RAP1GDS1/DES/CTTN/ATP1A1/HSP90AA1/ATP2B1/UTRN/GAA,0.2878571172551493
GO:0110053,regulation of actin filament organization,126,-0.38389272663629637,-1.2673123474213244,0.045090180360721446,0.23517217922082698,0.23517217922082698,1020,"tags=29%, list=21%, signal=24%",PAK1/WASHC1/SH3BP1/CAPZA1/SVIL/TWF2/ROCK1/LPAR1/SPTB/SPTBN2/CLASP2/CORO1A/NCKAP1/TACSTD2/CYFIP2/TPM1/ESAM/TMOD3/ACTN2/LIMA1/FLNA/TJP1/PAK2/ROCK2/HIP1R/BIN1/SERPINF2/PIK3R1/CTTN/SPTAN1/KANK2/ADD3/ADD1/SPTBN1/PDXP/APOA1/ARPC5L,0.21140018938492272
GO:0006417,regulation of translation,188,-0.37483678559817896,-1.26558128425721,0.025025025025025027,0.1737215834373924,0.1737215834373924,2033,"tags=59%, list=42%, signal=35%",RACK1/EIF2S3/SYNCRIP/CYFIP1/PUM2/PUM1/LARP4B/ELP3/APP/ELP2/METAP1/SARS1/IGFBP5/YTHDF2/YTHDF1/GZMB/EIF4G2/LIMD1/HNRNPU/GEMIN5/EIF3C/RPS27L/EIF2B4/MTPN/ACO1/UPF1/SHMT2/PML/TRAP1/CNOT1/AGO2/PCIF1/NIBAN1/PRKDC/DAPL1/SARNP/EEF2/POLR2G/RBM3/EIF4E2/NAT10/PRKCA/KHDRBS1/DDX6/EIF4E/PRMT1/SERBP1/SHMT1/ETF1/ELAVL1/GCN1/EIF6/PURA/CSNK2A1/NCL/THBS1/LRPPRC/CAPRIN1/EIF5A/PRKCH/PA2G4/ILF3/ABCE1/EPRS1/C1QBP/ANG/GAPDH/OTUD6B/EIF2B5/CSDE1/EIF4H/RPS6KB1/RPS6KB2/BZW1/DHX9/TIA1/SSB/EIF3K/RPL5/AKT1/RBM4/EIF2A/PKP1/CNBP/METAP2/DDX3X/RPS6KA1/NPM1/TPR/EIF4G1/EIF4G3/GSPT1/EIF2AK2/HBS1L/CIRBP/KRT13/KRT17/EIF5B/YBX1/RBM8A/POLDIP3/YBX3/RPS6KA3/EIF3E/FXR1/FXR2/BZW2/EIF4A2/EIF4A3/FMR1,0.2878571172551493
GO:0006364,rRNA processing,124,-0.3820084256147973,-1.2599259293642953,0.04819277108433735,0.24468771929824562,0.24468771929824562,1842,"tags=46%, list=38%, signal=29%",EBNA1BP2/MAK16/RPS27L/IMP4/KRI1/RCL1/ERI1/EXOSC8/BYSL/BUD23/PRKDC/SNU13/EXOSC2/NAT10/DIS3/EXOSC7/WDR77/UTP18/EIF6/WDR12/MTREX/NOP56/PWP2/RPS24/PA2G4/NOL6/PNO1/PDCD11/FTSJ3/EXOSC6/PRMT5/SART1/UTP15/HEATR1/XRN2/EMG1/RPS21/RRP1/RPL35A/RPL5/RPS15/UTP6/DCAF13/RPL27/DDX17/SBDS/EXOSC1/EXOSC4/DDX21/PES1/RPS27/NOP2/RRP9/DNTTIP2/IMP3/BOP1/EIF4A3,0.2042947565168861
GO:0003012,muscle system process,169,-0.37618793098421915,-1.2570420267166538,0.039,0.21115714285714288,0.21115714285714285,1591,"tags=41%, list=33%, signal=28%",KIT/CAV1/CALM1/CALM2/CALM3/GNAI1/MYLK/RPL21/RPL36/EEF2/PRKACA/PRKCA/RPL18A/RPL34/STUB1/PDGFRB/GSTO1/GRK2/MAP2K1/GSK3A/RPL9/SYNM/PGAM2/PAK1/ENO1/HMOX1/DSG2/ROCK1/RPL3L/CAMK2D/CNN1/TPM1/TPM2/TPM3/TPM4/RPL35A/MYH11/TMOD3/ACTA1/ACTA2/RPL5/FLNA/RPL27/ATP1A2/MYH14/ATP1B1/PAK2/ROCK2/TOMM70/BIN1/NEDD4L/CRYAB/EMD/JUP/HDAC2/DSP/MYL6B/MYL6/PDLIM5/CACNA2D1/RAP1GDS1/DES/CTTN/PPP3CA/ATP1A1/HSP90AA1/ATP2B1/UTRN/GAA,0.22798720285044224
GO:0051656,establishment of organelle localization,168,-0.37190807861263353,-1.2426294091267447,0.037111334002006016,0.20924021168231738,0.20924021168231735,1595,"tags=42%, list=33%, signal=29%",AP3M1/DNM2/KIT/GNAQ/COPG1/GNAI1/BICD2/MYO5A/DYNLT1/EXOC1/BTK/PCM1/CUL3/RAB6A/HGS/OPA1/MAP2K1/EIF6/EXOC8/RAB11B/DNM1/DNM3/SUN1/LIN7C/LRPPRC/EXOC5/YWHAZ/EXOC2/EZR/NSFL1C/CLASP2/XPO1/STARD3NL/DCTN1/HOOK3/TACC2/SYNE1/EXOC3/SEC16A/MX1/MX2/DYNC1H1/RPS15/ACTN4/TUBA1A/PDCD6IP/KPNB1/LMNB1/LMNB2/HTT/NMD3/STXBP1/NUDC/NPM1/NEFL/NUP88/NHERF1/RAB1A/SAR1A/SUN2/EXOC7/MAPRE1/GBF1/SYNE2/EXOC4/TRAPPC11/SYNE3/NUMA1/RBM10/MAP4,0.23439264729468612
NA,NA,NA,NA,NA,NA,NA,NA,NA,NA,,NA
NA,NA,NA,NA,NA,NA,NA,NA,NA,NA,,NA
NA,NA,NA,NA,NA,NA,NA,NA,NA,NA,,NA
NA,NA,NA,NA,NA,NA,NA,NA,NA,NA,,NA
NA,NA,NA,NA,NA,NA,NA,NA,NA,NA,,NA
NA,NA,NA,NA,NA,NA,NA,NA,NA,NA,,NA
NA,NA,NA,NA,NA,NA,NA,NA,NA,NA,,NA
