Comparison,ID,Description,setSize,enrichmentScore,NES,pvalue,p.adjust,qvalue,rank,leading_edge,core_enrichment,log2err
FC_vs_Healthy,GO:0019217,regulation of fatty acid metabolic process,24,0.6869705498682426,1.813516975509082,8.340738906612224e-5,0.0017389653758125485,0.0017389653758125487,312,"tags=33%, list=7%, signal=31%",NME1/CD74/PLAA/EIF6/CPT1A/FABP5/UBR4/NME2,0.5384340963099162
FC_vs_Healthy,GO:0007601,visual perception,27,-0.38958985986401884,-1.8079463313557729,0.0017389275542067496,0.01746831770362235,0.01746831770362235,332,"tags=30%, list=8%, signal=27%",TGFBI/RDH11/EFEMP1/KRT12/TACSTD2/LUM/COL1A1/COL2A1,0.45505986738722953
FC_vs_Healthy,GO:0050953,sensory perception of light stimulus,27,-0.38958985986401884,-1.8079463313557729,0.0017389275542067496,0.01746831770362235,0.01746831770362235,332,"tags=30%, list=8%, signal=27%",TGFBI/RDH11/EFEMP1/KRT12/TACSTD2/LUM/COL1A1/COL2A1,0.45505986738722953
FC_vs_Healthy,GO:0002695,negative regulation of leukocyte activation,48,0.6317962197864277,1.8008744199363136,1.7812468894198515e-6,9.053700530743908e-5,9.053700530743908e-5,941,"tags=56%, list=22%, signal=44%",PTPRC/LGALS9/PTPN6/HLA-DRB1/MNDA/PSMA4/CSK/HMGB1/PSMB8/HLA-E/HLA-G/GRN/PSMA2/PSMA3/LYN/SRC/PSMB2/PRKAR1A/FN1/PSMB1/FGR/PSMA7/STAT5A/PSMB9/PSMB4/PSMB10/PSMA1,0.6435518361507222
FC_vs_Healthy,GO:0034341,response to type II interferon,48,0.6251003374648472,1.7817884507358102,3.0686894099902115e-6,1.30419299924584e-4,1.30419299924584e-4,964,"tags=62%, list=23%, signal=49%",GBP1/GBP2/STAT1/LGALS9/PSMA4/TRIM21/PSMB8/CD74/IFITM3/RPL13A/PSMA2/CD47/CASP1/PSMA3/HCK/PSMB2/SYNCRIP/EPRS1/CDC37/PSMB1/PSMA7/BST2/PSMB9/PSMB4/RAF1/PSMB10/SEC61A1/SP100/PSMA1/CALM1,0.6272567397185284
FC_vs_Healthy,GO:0042116,macrophage activation,23,0.6778655775092807,1.7532075268437253,1.3524266993666717e-4,0.002410373391613181,0.002410373391613181,1100,"tags=65%, list=26%, signal=49%",PTPRC/ITGB2/ITGAM/HMGB1/CD74/GRN/MYO18A/CLU/DYSF/STK39/KARS1/PLCG2/C1QA/THBS1/PLA2G4A,0.5188480777437918
FC_vs_Healthy,GO:0002709,regulation of T cell mediated immunity,30,0.6397295350666173,1.7356132650657576,1.9018249320650705e-4,0.00323310238451062,0.00323310238451062,758,"tags=47%, list=18%, signal=39%",PTPRC/HLA-A/HLA-C/HLA-DRB1/HMGB1/CYRIB/HLA-B/HLA-E/HLA-G/STX7/NCKAP1L/HLA-DRB3/YWHAG/HLA-DRA,0.5188480777437918
FC_vs_Healthy,GO:1903039,positive regulation of leukocyte cell-cell adhesion,73,0.5961125302277794,1.7332626262108521,3.612913990402754e-7,2.8028290011172168e-5,2.8028290011172168e-5,653,"tags=41%, list=15%, signal=35%",PTPRC/ITGB2/HLA-A/LGALS9/PTPN6/HLA-DPB1/HLA-DRB1/CSK/HMGB1/CYRIB/SMARCC2/HLA-E/HLA-G/AP3B1/CD47/SMARCD2/HSPH1/SART1/HLA-DRB5/TFRC/RELA/LYN/SRC/YES1/CD44/SMARCE1/NCKAP1L/LCK/HLA-DRB3/YWHAG,0.674962860011025
FC_vs_Healthy,GO:0001906,cell killing,74,0.5942501477307285,1.7328615502374787,9.310740135188349e-8,1.1431519832647916e-5,1.1431519832647918e-5,594,"tags=36%, list=14%, signal=32%",CORO1A/GBP1/PTPRC/GBP2/HLA-A/HLA-C/LGALS9/HLA-DRB1/DEFA1/DEFA3/DEFA1B/ITGAM/SERPINB9/CYRIB/HLA-B/HLA-E/HLA-G/ICAM1/H2BC12/CTSC/GRB2/KRT6A/CLU/STX7/RPS19/RAB27A/NCKAP1L,0.7049757151672383
FC_vs_Healthy,GO:1903038,negative regulation of leukocyte cell-cell adhesion,41,0.617038609668155,1.727742596434913,2.8030086824259256e-5,8.016296791409707e-4,8.016296791409706e-4,1028,"tags=54%, list=24%, signal=41%",LGALS9/HLA-DRB1/PSMA4/CSK/HMGB1/PSMB8/HLA-E/HLA-G/PSMA2/PSMA3/WNK1/PSMB2/PRKAR1A/PSMB1/PSMA7/STAT5A/PSMB9/PSMB4/PSMB10/PSMA1/MIA3/CEBPB,0.5756102610711286
FC_vs_Healthy,GO:0051216,cartilage development,23,-0.37912830826603794,-1.7220652161035945,0.0048297994002200395,0.03585003893626204,0.03585003893626204,381,"tags=35%, list=9%, signal=32%",COL3A1/NFIB/TGFBI/EFEMP1/MGP/LUM/COL2A1/OGN,0.40701791892395395
FC_vs_Healthy,GO:0002286,T cell activation involved in immune response,36,0.6218187262713029,1.71874489758032,9.19850011435478e-5,0.0018480622957021875,0.0018480622957021875,941,"tags=56%, list=22%, signal=44%",LGALS9/HLA-DRB1/PSMA4/HMGB1/PSMB8/CD74/ICAM1/PSMA2/PSMA3/PSMB2/LCP1/PSMB1/NCKAP1L/PSMA7/STAT5A/HLA-DRA/PSMB9/PSMB4/PSMB10/PSMA1,0.5384340963099162
FC_vs_Healthy,GO:0002456,T cell mediated immunity,38,0.6196828168830221,1.7186266990709989,7.177227092416664e-5,0.0015550658700236105,0.0015550658700236105,911,"tags=50%, list=21%, signal=40%",PTPRC/HLA-A/HLA-C/HLA-DRB1/HMGB1/CYRIB/HLA-B/HLA-E/HLA-G/CTSC/MYO1G/STX7/NCKAP1L/C4BPA/HLA-DRB3/YWHAG/HLA-DRA/RFTN1/MAPK3,0.5384340963099162
FC_vs_Healthy,GO:0050868,negative regulation of T cell activation,36,0.6208693970514393,1.7161208936965053,9.934365007434855e-5,0.0019387368806196553,0.001938736880619655,1028,"tags=56%, list=24%, signal=42%",LGALS9/HLA-DRB1/PSMA4/CSK/HMGB1/PSMB8/HLA-E/HLA-G/PSMA2/PSMA3/PSMB2/PRKAR1A/PSMB1/PSMA7/STAT5A/PSMB9/PSMB4/PSMB10/PSMA1/CEBPB,0.5384340963099162
FC_vs_Healthy,GO:0042098,T cell proliferation,39,0.6127571743234865,1.7112929787946438,5.598462627968506e-5,0.001316234298703234,0.001316234298703234,594,"tags=36%, list=14%, signal=31%",PTPRC/HLA-A/LGALS9/HLA-DPB1/HLA-DRB1/HMGB1/MSN/CTPS1/HLA-E/HLA-G/RAC2/TFRC/PRKAR1A/NCKAP1L,0.557332238758646
FC_vs_Healthy,GO:0001909,leukocyte mediated cytotoxicity,44,0.6070261419050267,1.7088817188469216,2.50453131974309e-5,7.704699619909228e-4,7.704699619909228e-4,240,"tags=34%, list=6%, signal=32%",CORO1A/PTPRC/HLA-A/HLA-C/LGALS9/HLA-DRB1/ITGAM/SERPINB9/CYRIB/HLA-B/HLA-E/HLA-G/ICAM1/CTSC/GRB2,0.5756102610711286
FC_vs_Healthy,GO:0032944,regulation of mononuclear cell proliferation,44,0.6065874966597588,1.707646857958814,2.5798541713723208e-5,7.704699619909228e-4,7.704699619909228e-4,594,"tags=34%, list=14%, signal=30%",PTPRC/HLA-A/LGALS9/HLA-DPB1/HLA-DRB1/MNDA/HMGB1/CD74/HLA-E/HLA-G/RAC2/TFRC/LYN/PRKAR1A/NCKAP1L,0.5756102610711286
FC_vs_Healthy,GO:0050670,regulation of lymphocyte proliferation,44,0.6065874966597588,1.707646857958814,2.5798541713723208e-5,7.704699619909228e-4,7.704699619909228e-4,594,"tags=34%, list=14%, signal=30%",PTPRC/HLA-A/LGALS9/HLA-DPB1/HLA-DRB1/MNDA/HMGB1/CD74/HLA-E/HLA-G/RAC2/TFRC/LYN/PRKAR1A/NCKAP1L,0.5756102610711286
FC_vs_Healthy,GO:0019882,antigen processing and presentation,57,0.5946206796905364,1.7065180153737953,3.993550303426005e-6,1.6343974389947168e-4,1.6343974389947168e-4,340,"tags=37%, list=8%, signal=34%",TAP2/CTSS/HLA-A/HLA-C/HLA-DPB1/HLA-DRB1/CALR/TAP1/YTHDF1/CD74/HLA-B/HLA-E/HLA-G/AP3B1/PDIA3/RAB10/RAB35/RAB8B/RAB4A/RAB6A/HLA-DRB5,0.610526878385931
FC_vs_Healthy,GO:0050866,negative regulation of cell activation,59,0.5936089341362892,1.7060824053727326,7.692934310330287e-6,2.820711234647558e-4,2.820711234647558e-4,1028,"tags=51%, list=24%, signal=39%",PTPRC/LGALS9/PTPN6/HLA-DRB1/MNDA/PSMA4/CSK/HMGB1/PSMB8/HLA-E/HLA-G/GRN/PSMA2/PSMA3/PRKCD/LYN/SRC/PSMB2/PRKAR1A/FN1/PSMB1/FGR/PSMA7/STAT5A/PSMB9/PSMB4/PSMB10/PSMA1/TMX1/CEBPB,0.5933254763964051
FC_vs_Healthy,GO:0046651,lymphocyte proliferation,50,0.5989371316157599,1.706029241015111,8.168575521151298e-6,2.820711234647558e-4,2.820711234647558e-4,475,"tags=32%, list=11%, signal=29%",PTPRC/HLA-A/LGALS9/HLA-DPB1/HLA-DRB1/MNDA/HMGB1/MSN/CD74/CTPS1/HLA-E/HLA-G/RAC2/TFRC/LYN/PRKAR1A,0.5933254763964051
FC_vs_Healthy,GO:1902369,negative regulation of RNA catabolic process,41,0.6084538186513904,1.7037047017412033,5.5243118963325904e-5,0.001316234298703234,0.001316234298703234,934,"tags=56%, list=22%, signal=44%",THRAP3/BCLAF1/SRSF1/FXR1/HNRNPU/SLIRP/DKC1/PABPC1/SYNCRIP/FUS/CSDE1/NSUN2/PNN/MYD88/YBX1/LARP1/YBX3/PAIP1/HNRNPC/SNW1/TARDBP/TAF15/HNRNPA0,0.557332238758646
FC_vs_Healthy,GO:2000241,regulation of reproductive process,15,0.6974218130255698,1.6946511205952883,8.303698726893185e-4,0.009798784440431928,0.009798784440431928,498,"tags=47%, list=12%, signal=41%",ARHGDIB/CALR/YTHDF2/HVCN1/MYH9/HDAC2/TIMP1,0.47727081536286214
FC_vs_Healthy,GO:0002429,immune response-activating cell surface receptor signaling pathway,90,0.5761071940677066,1.6934781367006095,7.141852140575858e-8,9.864683269170403e-6,9.864683269170403e-6,972,"tags=48%, list=23%, signal=38%",GBP1/PTPRC/HLA-A/PTPN6/HLA-DPB1/HLA-DRB1/MNDA/CSK/ITGAM/HMGB1/UBE2N/BAX/AP3B1/GRB2/WDFY1/PAK2/MYO1G/CD47/PAK1/CLEC2B/WNK1/RELA/PRKCD/HCK/LYN/SRC/YES1/KHDRBS1/RAP1A/NCKAP1L/EIF2B4/FGR/LCK/MYD88/HLA-DRB3/NFKB1/RFTN1/EIF2B5/PLCG2/CYBA/TBK1/SQSTM1/NCK1,0.7049757151672383
FC_vs_Healthy,GO:0002703,regulation of leukocyte mediated immunity,67,0.5845097137062419,1.6886846498025772,9.262920627684736e-7,5.387119628206123e-5,5.387119628206123e-5,936,"tags=49%, list=22%, signal=39%",PTPRC/ITGB2/HLA-A/HLA-C/LGALS9/HLA-DRB1/VAMP8/ITGAM/HMGB1/SERPINB9/CYRIB/HLA-B/HLA-E/HLA-G/RAC2/ICAM1/GRB2/TFRC/LYN/STX7/DDX21/RIGI/NCKAP1L/FGR/C4BPA/HLA-DRB3/YWHAG/BST2/HLA-DRA/VAMP7/MAPK3/PLCG2/AP1G1,0.6594443980379349
FC_vs_Healthy,GO:0007159,leukocyte cell-cell adhesion,124,0.5687649164243243,1.6878425491411746,3.6145179119876843e-10,7.988084585492783e-8,7.988084585492783e-8,1028,"tags=48%, list=24%, signal=38%",PTPRC/ITGB2/HLA-A/LGALS9/PTPN6/HLA-DPB1/HLA-DRB1/PSMA4/CSK/FERMT3/ITGAM/S100A8/HMGB1/CYRIB/MSN/PSMB8/SMARCC2/HLA-E/HLA-G/RAC2/ICAM1/AP3B1/PSMA2/CD47/SMARCD2/HSPH1/PECAM1/SART1/HLA-DRB5/PSMA3/TFRC/WNK1/RELA/LYN/SRC/YES1/PSMB2/STK10/ROCK1/PRKAR1A/CD44/SMARCE1/ITGAX/PSMB1/NCKAP1L/LCK/PSMA7/HLA-DRB3/YWHAG/STAT5A/HLA-DRA/PSMB9/PSMB4/PSMB10/F11R/PSMA1/NCK1/MIA3/NCK2/CEBPB,0.8140358378479079
FC_vs_Healthy,GO:0046634,regulation of alpha-beta T cell activation,23,0.651961896447354,1.6862111633794552,5.253167281507712e-4,0.006829117465960026,0.006829117465960026,758,"tags=48%, list=18%, signal=39%",HLA-A/LGALS9/HLA-DRB1/HMGB1/HLA-E/AP3B1/HSPH1/NCKAP1L/HLA-DRB3/STAT5A/HLA-DRA,0.47727081536286214
FC_vs_Healthy,GO:0050870,positive regulation of T cell activation,69,0.5787827566033525,1.6825735364207768,1.802546712003312e-6,9.053700530743908e-5,9.053700530743908e-5,653,"tags=39%, list=15%, signal=34%",PTPRC/HLA-A/LGALS9/PTPN6/HLA-DPB1/HLA-DRB1/CSK/HMGB1/CYRIB/SMARCC2/HLA-E/HLA-G/AP3B1/CD47/SMARCD2/HSPH1/SART1/HLA-DRB5/TFRC/LYN/SRC/YES1/SMARCE1/NCKAP1L/LCK/HLA-DRB3/YWHAG,0.6435518361507222
FC_vs_Healthy,GO:0050954,sensory perception of mechanical stimulus,23,-0.3704110327375174,-1.6824698689887532,0.0064345453266511305,0.04396222766901241,0.043962227669012414,32,"tags=17%, list=1%, signal=17%",ITGA2/COL1A1/COL2A1/MYH14,0.40701791892395395
FC_vs_Healthy,GO:0051250,negative regulation of lymphocyte activation,43,0.5990898131213457,1.6790799082783863,6.791688091241431e-5,0.0015261094888190324,0.0015261094888190324,1028,"tags=53%, list=24%, signal=41%",LGALS9/HLA-DRB1/MNDA/PSMA4/CSK/HMGB1/PSMB8/HLA-E/HLA-G/PSMA2/PSMA3/LYN/PSMB2/PRKAR1A/PSMB1/FGR/PSMA7/STAT5A/PSMB9/PSMB4/PSMB10/PSMA1/CEBPB,0.5384340963099162
FC_vs_Healthy,GO:0000377,"RNA splicing, via transesterification reactions with bulged adenosine as nucleophile",181,0.5474872428405648,1.6761016104069615,1e-10,3.683333333333333e-8,3.683333333333333e-8,1367,"tags=66%, list=32%, signal=47%",LSM6/SRSF4/SRSF5/SRSF6/NCL/RBMX/RBMXL1/SNRPD2/ACIN1/THRAP3/SNRPF/SRSF3/BUD31/DDX46/RBM25/RBM8A/H1-2/H1-3/SRSF7/CDC5L/TIAL1/SRSF1/PPIE/FMR1/RBM14/TRA2B/SF3B2/PHF5A/ILF3/SF3A2/SAP18/RBM15/PRPF4/SART1/PQBP1/IK/SNRPA1/PRPF3/SNU13/UBL5/PPIL1/HNRNPU/KHDRBS1/PLRG1/RALY/SNRPA/PRPF40A/SNRPB2/PABPC1/HNRNPR/SYNCRIP/CDK11B/SNRPB/SNRNP70/PNN/HNRNPH1/HNRNPH3/SF3B1/NCBP2/HNRNPK/PRPF6/HNRNPF/SRSF10/CELF2/CWC15/ISY1/LUC7L2/LUC7L/PRPF8/SF3A3/HNRNPC/SNW1/XAB2/U2AF1/LUC7L3/HNRNPUL2/HNRNPL/CTNNBL1/DDX23/SF3A1/HNRNPUL1/SON/SF3B3/HSPA8/SF1/SFPQ/LSM2/MAGOHB/NCBP1/SNRNP40/EIF4A3/HNRNPA3/HNRNPA1/RBM17/SMU1/STRAP/LARP7/MTREX/SRSF2/ZNF830/DAZAP1/HTATSF1/SNRPC/RNPS1/C1QBP/TRA2A/RBM22/LSM7/PPWD1/PRMT5/DHX15/SNRNP200/SNRPG/DHX9/HNRNPA2B1/CRNKL1/DDX39A/DDX39B/DDX42,NA
FC_vs_Healthy,GO:0000398,"mRNA splicing, via spliceosome",181,0.5474872428405648,1.6761016104069615,1e-10,3.683333333333333e-8,3.683333333333333e-8,1367,"tags=66%, list=32%, signal=47%",LSM6/SRSF4/SRSF5/SRSF6/NCL/RBMX/RBMXL1/SNRPD2/ACIN1/THRAP3/SNRPF/SRSF3/BUD31/DDX46/RBM25/RBM8A/H1-2/H1-3/SRSF7/CDC5L/TIAL1/SRSF1/PPIE/FMR1/RBM14/TRA2B/SF3B2/PHF5A/ILF3/SF3A2/SAP18/RBM15/PRPF4/SART1/PQBP1/IK/SNRPA1/PRPF3/SNU13/UBL5/PPIL1/HNRNPU/KHDRBS1/PLRG1/RALY/SNRPA/PRPF40A/SNRPB2/PABPC1/HNRNPR/SYNCRIP/CDK11B/SNRPB/SNRNP70/PNN/HNRNPH1/HNRNPH3/SF3B1/NCBP2/HNRNPK/PRPF6/HNRNPF/SRSF10/CELF2/CWC15/ISY1/LUC7L2/LUC7L/PRPF8/SF3A3/HNRNPC/SNW1/XAB2/U2AF1/LUC7L3/HNRNPUL2/HNRNPL/CTNNBL1/DDX23/SF3A1/HNRNPUL1/SON/SF3B3/HSPA8/SF1/SFPQ/LSM2/MAGOHB/NCBP1/SNRNP40/EIF4A3/HNRNPA3/HNRNPA1/RBM17/SMU1/STRAP/LARP7/MTREX/SRSF2/ZNF830/DAZAP1/HTATSF1/SNRPC/RNPS1/C1QBP/TRA2A/RBM22/LSM7/PPWD1/PRMT5/DHX15/SNRNP200/SNRPG/DHX9/HNRNPA2B1/CRNKL1/DDX39A/DDX39B/DDX42,NA
FC_vs_Healthy,GO:0002698,negative regulation of immune effector process,42,0.6025951708395128,1.670111544003114,5.981214915928583e-5,0.0013769255171043925,0.0013769255171043925,681,"tags=40%, list=16%, signal=34%",PTPRC/HLA-A/LGALS9/PTPN6/SERPINB9/HLA-B/HLA-E/HLA-G/GRB2/GRN/CLU/RPS19/NCKAP1L/C4BPA/A2M/BST2/STAT5A,0.557332238758646
FC_vs_Healthy,GO:0006413,translational initiation,86,0.5686900753243871,1.6695340922450475,3.4210829969950343e-7,2.8028290011172168e-5,2.8028290011172168e-5,1118,"tags=59%, list=26%, signal=45%",DNAJC3/RPS3A/YTHDF3/YTHDF2/YTHDF1/RPL13A/EIF6/PML/FMR1/EIF4B/EIF2AK2/EIF2A/EIF3A/EIF4G1/EIF4G3/EIF3H/RPS17/ABCF1/KHDRBS1/EIF3J/SYNCRIP/ABCE1/EIF2S3/EPRS1/EIF4G2/EIF2S2/CSDE1/EIF2B4/EIF3CL/EIF3C/NCBP2/LARP1/EIF3G/MCTS1/BZW1/PAIP1/SH3BGRL/EIF5/EIF5B/EIF2B5/EIF1AX/EIF1AY/METAP2/NCK1/NCK2/NCBP1/EIF4A1/EIF4A2/EIF2S1/EIF3I/EIF4E,0.674962860011025
FC_vs_Healthy,GO:0032943,mononuclear cell proliferation,51,0.5877979921254072,1.6686870182881848,3.2512326898039545e-5,8.354911912170627e-4,8.354911912170627e-4,475,"tags=31%, list=11%, signal=28%",PTPRC/HLA-A/LGALS9/HLA-DPB1/HLA-DRB1/MNDA/HMGB1/MSN/CD74/CTPS1/HLA-E/HLA-G/RAC2/TFRC/LYN/PRKAR1A,0.557332238758646
FC_vs_Healthy,GO:0046631,alpha-beta T cell activation,48,0.5847663718933882,1.666820357262908,8.978771547839121e-5,0.0018373226963633758,0.0018373226963633758,941,"tags=54%, list=22%, signal=43%",HLA-A/LGALS9/HLA-DRB1/PSMA4/HMGB1/PSMB8/HLA-E/AP3B1/PSMA2/HSPH1/PSMA3/CLEC2B/PSMB2/CD44/PSMB1/NCKAP1L/LCK/PSMA7/HLA-DRB3/STAT5A/HLA-DRA/PSMB9/PSMB4/PSMB10/TBK1/PSMA1,0.5384340963099162
FC_vs_Healthy,GO:0050777,negative regulation of immune response,76,0.5715338614269535,1.663982195233125,2.9645524912360186e-6,1.30419299924584e-4,1.30419299924584e-4,681,"tags=39%, list=16%, signal=34%",PTPRC/HLA-A/LGALS9/PTPN6/HLA-DRB1/IFI16/SERPINB9/OAS3/TRIM21/YTHDF3/YTHDF2/HLA-B/HLA-E/HLA-G/SAMHD1/GRB2/GRN/PARP1/HCK/LYN/SRC/YES1/CLU/RPS19/PRKAR1A/NCKAP1L/FGR/C4BPA/A2M/STAT5A,0.6272567397185284
FC_vs_Healthy,GO:0002768,immune response-regulating cell surface receptor signaling pathway,94,0.5681866978299694,1.6636056698506698,1.474875576082451e-7,1.4815795559737348e-5,1.4815795559737348e-5,972,"tags=47%, list=23%, signal=37%",GBP1/PTPRC/HLA-A/PTPN6/HLA-DPB1/HLA-DRB1/MNDA/CSK/ITGAM/HMGB1/UBE2N/BAX/HLA-G/AP3B1/GRB2/WDFY1/PAK2/MYO1G/CD47/PAK1/CLEC2B/WNK1/RELA/PRKCD/HCK/LYN/SRC/YES1/KHDRBS1/RAP1A/NCKAP1L/EIF2B4/FGR/LCK/MYD88/HLA-DRB3/NFKB1/RFTN1/EIF2B5/PLCG2/CYBA/TBK1/SQSTM1/NCK1,0.6901324587967956
FC_vs_Healthy,GO:0022409,positive regulation of cell-cell adhesion,92,0.5573252819889614,1.6621940432920863,5.211513170881001e-7,3.199290029901948e-5,3.199290029901948e-5,758,"tags=37%, list=18%, signal=31%",PTPRC/ITGB2/HLA-A/LGALS9/PTPN6/HLA-DPB1/HLA-DRB1/CSK/HMGB1/CYRIB/FGG/SMARCC2/HLA-E/HLA-G/AP3B1/CD47/SMARCD2/HSPH1/SART1/HLA-DRB5/TFRC/RELA/LYN/SRC/YES1/CD44/SMARCE1/NCKAP1L/LCK/HLA-DRB3/YWHAG/FGB/FGA/HLA-DRA,0.6594443980379349
FC_vs_Healthy,GO:0031640,killing of cells of another organism,29,0.6191021381473779,1.659783509398372,8.601647879836172e-4,0.009798784440431928,0.009798784440431928,459,"tags=28%, list=11%, signal=25%",GBP1/GBP2/DEFA1/DEFA3/DEFA1B/H2BC12/KRT6A/RPS19,0.47727081536286214
FC_vs_Healthy,GO:0141061,disruption of cell in another organism,29,0.6191021381473779,1.659783509398372,8.601647879836172e-4,0.009798784440431928,0.009798784440431928,459,"tags=28%, list=11%, signal=25%",GBP1/GBP2/DEFA1/DEFA3/DEFA1B/H2BC12/KRT6A/RPS19,0.47727081536286214
FC_vs_Healthy,GO:0000375,"RNA splicing, via transesterification reactions",182,0.5446299881444898,1.6594751276941606,1e-10,3.683333333333333e-8,3.683333333333333e-8,1367,"tags=65%, list=32%, signal=46%",LSM6/SRSF4/SRSF5/SRSF6/NCL/RBMX/RBMXL1/SNRPD2/ACIN1/THRAP3/SNRPF/SRSF3/BUD31/DDX46/RBM25/RBM8A/H1-2/H1-3/SRSF7/CDC5L/TIAL1/SRSF1/PPIE/FMR1/RBM14/TRA2B/SF3B2/PHF5A/ILF3/SF3A2/SAP18/RBM15/PRPF4/SART1/PQBP1/IK/SNRPA1/PRPF3/SNU13/UBL5/PPIL1/HNRNPU/KHDRBS1/PLRG1/RALY/SNRPA/PRPF40A/SNRPB2/PABPC1/HNRNPR/SYNCRIP/CDK11B/SNRPB/SNRNP70/PNN/HNRNPH1/HNRNPH3/SF3B1/NCBP2/HNRNPK/PRPF6/HNRNPF/SRSF10/CELF2/CWC15/ISY1/LUC7L2/LUC7L/PRPF8/SF3A3/HNRNPC/SNW1/XAB2/U2AF1/LUC7L3/HNRNPUL2/HNRNPL/CTNNBL1/DDX23/SF3A1/HNRNPUL1/SON/SF3B3/HSPA8/SF1/SFPQ/LSM2/MAGOHB/NCBP1/SNRNP40/EIF4A3/HNRNPA3/HNRNPA1/RBM17/SMU1/STRAP/LARP7/MTREX/SRSF2/ZNF830/DAZAP1/HTATSF1/SNRPC/RNPS1/C1QBP/TRA2A/RBM22/LSM7/PPWD1/PRMT5/DHX15/SNRNP200/SNRPG/DHX9/HNRNPA2B1/CRNKL1/DDX39A/DDX39B/DDX42,NA
FC_vs_Healthy,GO:1903037,regulation of leukocyte cell-cell adhesion,104,0.5595427182772585,1.6584240334919635,1.3252404542912238e-7,1.4643907019918023e-5,1.4643907019918023e-5,1028,"tags=47%, list=24%, signal=37%",PTPRC/ITGB2/HLA-A/LGALS9/PTPN6/HLA-DPB1/HLA-DRB1/PSMA4/CSK/HMGB1/CYRIB/PSMB8/SMARCC2/HLA-E/HLA-G/AP3B1/PSMA2/CD47/SMARCD2/HSPH1/SART1/HLA-DRB5/PSMA3/TFRC/WNK1/RELA/LYN/SRC/YES1/PSMB2/PRKAR1A/CD44/SMARCE1/PSMB1/NCKAP1L/LCK/PSMA7/HLA-DRB3/YWHAG/STAT5A/HLA-DRA/PSMB9/PSMB4/PSMB10/PSMA1/NCK1/MIA3/NCK2/CEBPB,0.6901324587967956
FC_vs_Healthy,GO:1903312,negative regulation of mRNA metabolic process,58,0.5738621369704862,1.649874885616568,1.779590184626726e-5,5.958930769734946e-4,5.958930769734946e-4,934,"tags=55%, list=22%, signal=44%",SRSF4/SRSF6/RBMX/SNRPD2/ACIN1/THRAP3/SNRPF/BCLAF1/SRSF7/SRSF1/FXR1/SAP18/HNRNPU/SLIRP/PABPC1/SYNCRIP/FUS/SNRPB/CSDE1/PNN/MYD88/YBX1/LARP1/SRSF10/YBX3/PAIP1/PRPF8/HNRNPC/SNW1/TARDBP/TAF15/HNRNPA0,0.5756102610711286
FC_vs_Healthy,GO:0050863,regulation of T cell activation,100,0.5514251968597634,1.6445092139829756,4.827848494071649e-7,3.138101521146572e-5,3.138101521146572e-5,1028,"tags=46%, list=24%, signal=36%",PTPRC/HLA-A/LGALS9/PTPN6/HLA-DPB1/HLA-DRB1/PSMA4/CSK/HMGB1/CYRIB/PSMB8/SMARCC2/HLA-E/HLA-G/RAC2/AP3B1/PSMA2/CD47/SMARCD2/HSPH1/SART1/HLA-DRB5/PSMA3/TFRC/LYN/SRC/YES1/PSMB2/CLPTM1/PRKAR1A/SMARCE1/PSMB1/NCKAP1L/LCK/PSMA7/HLA-DRB3/YWHAG/STAT5A/HLA-DRA/PSMB9/PSMB4/PSMB10/PSMA1/NCK1/NCK2/CEBPB,0.6594443980379349
FC_vs_Healthy,GO:0048592,eye morphogenesis,12,-0.4485937130701962,-1.6378654675424167,0.02815615667291742,0.12596175353673583,0.12596175353673583,2346,"tags=100%, list=55%, signal=45%",ALDH1A3/STAT3/THY1/COL5A1/NF1/COL5A2/MFAP5/FBN1/FBN2/MFAP2/EFEMP1/EPHA2,0.35248785758361917
FC_vs_Healthy,GO:0070661,leukocyte proliferation,60,0.5719943176650581,1.634175509564235,3.728643821422289e-5,9.363980506071885e-4,9.363980506071884e-4,1028,"tags=42%, list=24%, signal=32%",PTPRC/HLA-A/LGALS9/HLA-DPB1/HLA-DRB1/MNDA/HMGB1/MSN/CD74/CTPS1/HLA-E/HLA-G/RAC2/TFRC/LYN/CLU/PRKAR1A/NCKAP1L/BST2/PCYT1A/MAPK1/MAPK3/NCK1/NCK2/CEBPB,0.557332238758646
FC_vs_Healthy,GO:0070663,regulation of leukocyte proliferation,51,0.5756347697548547,1.6341571091319742,1.0000724180571977e-4,0.0019387368806196553,0.001938736880619655,1028,"tags=41%, list=24%, signal=32%",PTPRC/HLA-A/LGALS9/HLA-DPB1/HLA-DRB1/MNDA/HMGB1/CD74/HLA-E/HLA-G/RAC2/TFRC/LYN/PRKAR1A/NCKAP1L/BST2/MAPK1/MAPK3/NCK1/NCK2/CEBPB,0.5384340963099162
FC_vs_Healthy,GO:0042129,regulation of T cell proliferation,35,0.5982659895802853,1.628550327998325,3.0999491593502164e-4,0.004692388796002724,0.004692388796002725,594,"tags=34%, list=14%, signal=30%",PTPRC/HLA-A/LGALS9/HLA-DPB1/HLA-DRB1/HMGB1/HLA-E/HLA-G/RAC2/TFRC/PRKAR1A/NCKAP1L,0.49849310876659025
FC_vs_Healthy,GO:0043367,"CD4-positive, alpha-beta T cell differentiation",30,0.5982435185641295,1.6230599490007789,0.001322538543532367,0.013864342660027203,0.013864342660027205,941,"tags=60%, list=22%, signal=47%",HLA-DRB1/PSMA4/HMGB1/PSMB8/AP3B1/PSMA2/PSMA3/PSMB2/PSMB1/NCKAP1L/PSMA7/STAT5A/HLA-DRA/PSMB9/PSMB4/PSMB10/TBK1/PSMA1,0.45505986738722953
FC_vs_Healthy,GO:0050684,regulation of mRNA processing,77,0.5525504403938895,1.6223892596475118,7.766353758975575e-6,2.820711234647558e-4,2.820711234647558e-4,1315,"tags=64%, list=31%, signal=45%",SRSF4/SRSF5/SRSF6/RBMX/SNRPD2/ACIN1/THRAP3/SNRPF/SRSF3/RBM25/RBM8A/H1-2/H1-3/SRSF7/TIAL1/SRSF1/FMR1/RBM14/TRA2B/SAP18/RBM15/HNRNPU/KHDRBS1/CSTF3/CDK11B/SNRPB/PNN/NCBP2/HNRNPK/SRSF10/CELF2/CSTF1/PRPF8/SNW1/HNRNPL/SON/NCBP1/HNRNPA1/IWS1/SMU1/LARP7/SRSF2/DAZAP1/RNPS1/C1QBP/PRMT5/SNRNP200/SNRPG/DHX9,0.5933254763964051
FC_vs_Healthy,GO:1903900,regulation of viral life cycle,47,0.5636357721603463,1.6137621470900545,4.329518352630779e-4,0.005983523928722711,0.005983523928722712,680,"tags=47%, list=16%, signal=40%",LGALS9/IFI16/ADAR/HMGB1/OAS3/TRIM21/IFITM3/VAPB/PPIE/FMR1/EIF2AK2/ILF3/ZC3HAV1/TOP2B/PABPC1/STAU1/BSG/RAD23A/IFIT1/TRIM25/LARP1/BST2,0.49849310876659025
FC_vs_Healthy,GO:0002832,negative regulation of response to biotic stimulus,52,0.5638108224369085,1.6102709967271847,2.747869633868512e-4,0.004276614007640431,0.004276614007640431,336,"tags=33%, list=8%, signal=30%",HLA-A/LGALS9/PTPN6/IFI16/SERPINB9/OAS3/TRIM21/YTHDF3/YTHDF2/HLA-B/HLA-E/HLA-G/PCBP2/SAMHD1/GRB2/GRN/PARP1,0.49849310876659025
FC_vs_Healthy,GO:0002706,regulation of lymphocyte mediated immunity,47,0.5620350104766889,1.6091789592599115,4.7256780261999246e-4,0.0062914147216276105,0.006291414721627611,1260,"tags=55%, list=30%, signal=39%",PTPRC/HLA-A/HLA-C/LGALS9/HLA-DRB1/HMGB1/SERPINB9/CYRIB/HLA-B/HLA-E/HLA-G/GRB2/TFRC/STX7/NCKAP1L/C4BPA/HLA-DRB3/YWHAG/HLA-DRA/MAPK3/AP1G1/SERPINB4/PRKAA1/UFL1/TP53BP1/LAMP1,0.49849310876659025
FC_vs_Healthy,GO:0050851,antigen receptor-mediated signaling pathway,52,0.5619895745964275,1.605069424748302,3.260752486042277e-4,0.004869096617671238,0.004869096617671238,972,"tags=46%, list=23%, signal=36%",GBP1/PTPRC/HLA-A/PTPN6/HLA-DPB1/HLA-DRB1/MNDA/CSK/UBE2N/BAX/GRB2/CLEC2B/WNK1/LYN/KHDRBS1/NCKAP1L/EIF2B4/LCK/HLA-DRB3/NFKB1/RFTN1/EIF2B5/PLCG2/NCK1,0.49849310876659025
FC_vs_Healthy,GO:0035710,"CD4-positive, alpha-beta T cell activation",36,0.580672100274908,1.6050131129040675,7.379707153998297e-4,0.009060640450186798,0.009060640450186798,1220,"tags=64%, list=29%, signal=46%",LGALS9/HLA-DRB1/PSMA4/HMGB1/PSMB8/AP3B1/PSMA2/PSMA3/PSMB2/PSMB1/NCKAP1L/PSMA7/HLA-DRB3/STAT5A/HLA-DRA/PSMB9/PSMB4/PSMB10/TBK1/PSMA1/CEBPB/PIK3R1/PSMA6,0.47727081536286214
FC_vs_Healthy,GO:0048024,"regulation of mRNA splicing, via spliceosome",68,0.549396092488426,1.6018848692777765,2.9417013788279556e-5,8.126450059012227e-4,8.126450059012227e-4,1313,"tags=63%, list=31%, signal=44%",SRSF4/SRSF5/SRSF6/RBMX/SNRPD2/ACIN1/THRAP3/SNRPF/SRSF3/RBM25/RBM8A/H1-2/H1-3/SRSF7/TIAL1/SRSF1/FMR1/RBM14/TRA2B/SAP18/RBM15/HNRNPU/KHDRBS1/CDK11B/SNRPB/HNRNPK/SRSF10/CELF2/PRPF8/SNW1/HNRNPL/SON/NCBP1/HNRNPA1/SMU1/LARP7/SRSF2/DAZAP1/RNPS1/C1QBP/PRMT5/SNRNP200/SNRPG,0.5756102610711286
FC_vs_Healthy,GO:0070828,heterochromatin organization,54,0.5638821102247066,1.6007609182383444,2.198975290763272e-4,0.003521547385932486,0.003521547385932486,741,"tags=44%, list=17%, signal=37%",SMARCA5/LBR/HMGB1/H2AC8/H2AX/H2AZ1/H2AC21/H2AC19/H2AC4/H2AC18/RBBP4/CBX3/H1-2/RBM15/HP1BP3/HNRNPU/CBX1/HDAC1/HDAC2/CDK2/CDK1/HNRNPK/MACROH2A1/ZNF512,0.5188480777437918
FC_vs_Healthy,GO:0001960,negative regulation of cytokine-mediated signaling pathway,23,0.6182433172201385,1.5990026240214859,0.0021531946520982996,0.020511035263522596,0.020511035263522596,202,"tags=22%, list=5%, signal=21%",PTPRC/OAS3/YTHDF3/YTHDF2/SAMHD1,0.4317076958033464
FC_vs_Healthy,GO:0060761,negative regulation of response to cytokine stimulus,23,0.6182433172201385,1.5990026240214859,0.0021531946520982996,0.020511035263522596,0.020511035263522596,202,"tags=22%, list=5%, signal=21%",PTPRC/OAS3/YTHDF3/YTHDF2/SAMHD1,0.4317076958033464
FC_vs_Healthy,GO:0002822,regulation of adaptive immune response based on somatic recombination of immune receptors built from immunoglobulin superfamily domains,45,0.5753402101967973,1.5975755132475542,2.1148591947253622e-4,0.0034366461914287134,0.0034366461914287134,758,"tags=40%, list=18%, signal=33%",PTPRC/HLA-A/HLA-C/LGALS9/HLA-DRB1/HMGB1/CYRIB/HLA-B/HLA-E/HLA-G/TFRC/STX7/NCKAP1L/C4BPA/HLA-DRB3/YWHAG/STAT5A/HLA-DRA,0.5188480777437918
FC_vs_Healthy,GO:0002819,regulation of adaptive immune response,46,0.5675520748538289,1.5953831524208035,3.5336670746497476e-4,0.00513776594406312,0.005137765944063119,758,"tags=39%, list=18%, signal=32%",PTPRC/HLA-A/HLA-C/LGALS9/HLA-DRB1/HMGB1/CYRIB/HLA-B/HLA-E/HLA-G/TFRC/STX7/NCKAP1L/C4BPA/HLA-DRB3/YWHAG/STAT5A/HLA-DRA,0.49849310876659025
FC_vs_Healthy,GO:0043484,regulation of RNA splicing,96,0.5369845048890962,1.5934622285472007,2.198146241669775e-6,1.0560659117587397e-4,1.0560659117587397e-4,1313,"tags=60%, list=31%, signal=43%",SRSF4/SRSF5/SRSF6/RBMX/SNRPD2/ACIN1/THRAP3/SNRPF/SRSF3/RPS26/RBM25/RBM8A/H1-2/H1-3/SRSF7/TIAL1/SRSF1/FMR1/RBM14/TRA2B/SAP18/RBM15/PQBP1/HNRNPU/KHDRBS1/RBM12/CDK11B/FUS/SNRPB/SNRNP70/PTBP3/HNRNPH1/HNRNPH2/HNRNPH3/HNRNPK/HNRNPF/SRSF10/CELF2/PRPF8/SNW1/RPS13/HNRNPL/SON/SF3B3/NCBP1/HNRNPA1/SMU1/LARP7/PIK3R1/SRSF2/DAZAP1/RNPS1/C1QBP/RBM22/PRMT5/MBNL1/SNRNP200/SNRPG,0.6272567397185284
FC_vs_Healthy,GO:0006909,phagocytosis,99,0.5312111672067937,1.5904047094734681,8.152254690939208e-6,2.820711234647558e-4,2.820711234647558e-4,921,"tags=45%, list=22%, signal=36%",CORO1A/PTPRC/ITGB2/CSK/ITGAM/HMGB1/CALR/ELMO1/RAC1/MYO1G/CD47/PECAM1/RAB14/RAB39A/TGM2/PAK1/PRKCD/MYO18A/VIPAS39/HCK/LYN/SRC/YES1/PRKACA/MYH9/TM9SF4/RAB27A/ITGAX/RAP1A/CDC42/NCKAP1L/FGR/MYD88/C4BPA/DOCK2/DYSF/ARAP1/SH3BP1/VAMP7/CFP/SNX3/ELMO2/NCF4/PLCG2/CYBA,0.5933254763964051
FC_vs_Healthy,GO:1903311,regulation of mRNA metabolic process,148,0.523839074993844,1.5893973536315613,5.638323745347863e-8,8.900496769441985e-6,8.900496769441985e-6,1315,"tags=57%, list=31%, signal=41%",LSM6/SRSF4/SRSF5/SRSF6/RBMX/SNRPD2/ACIN1/THRAP3/SNRPF/SRSF3/BCLAF1/YTHDF3/YTHDF2/YTHDF1/RBM25/RBM8A/NPM1/H1-2/H1-3/CAPRIN1/SRSF7/TIAL1/SRSF1/FMR1/FXR1/FXR2/RBM14/TRA2B/SAP18/RBM15/APEX1/ZC3HAV1/PRKCD/DIS3/HNRNPU/KHDRBS1/CSTF3/ROCK1/SLIRP/PABPC1/SYNCRIP/SERBP1/CDK11B/FUS/SNRPB/CSDE1/PNN/MYD88/NCBP2/YBX1/LARP1/HNRNPK/SRSF10/YBX3/CELF2/CSTF1/PAIP1/PRPF8/HNRNPC/SNW1/TARDBP/HNRNPL/TAF15/SON/HNRNPA0/LSM2/NCBP1/EIF4A3/HNRNPA1/IWS1/SMU1/PDE12/LARP7/ALYREF/SRSF2/DAZAP1/RNPS1/C1QBP/LSM7/XRN1/PRMT5/SNRNP200/SNRPG/DHX9,0.7195128263389107
FC_vs_Healthy,GO:0002181,cytoplasmic translation,169,0.5281792306509034,1.5882669754422487,2.4018291857558964e-9,4.423368750433776e-7,4.423368750433776e-7,1127,"tags=56%, list=27%, signal=43%",RPL31/RPL7A/RPL26L1/RPL26/RPL21/RPS3A/RPL34/YTHDF2/RPS21/PKM/RPL23A/RPS26/NPM1/RPL18A/RPL17/RPL32/RPL27/RPS15/RPL3/RPL13A/RPL6/FMR1/RPL10/RPL22/RPS11/EIF2AK2/RPL5/RPL27A/EIF3A/EIF4G1/EIF3H/RPS24/RPS17/RPS20/RPL37A/HNRNPU/RPS23/RPS19/EIF3J/RPL19/RPL7/PABPC1/EEF1D/SYNCRIP/ABCE1/EIF2S3/DDRGK1/RPL24/EPRS1/EIF2S2/CSDE1/EIF2B4/EIF3CL/EIF3C/NCBP2/YBX1/RPS12/EIF3G/MCTS1/RPL35A/YBX3/RPL30/RPS9/RPL4/RPL29/RPS2/PAIP1/SH3BGRL/EIF5/RPL28/RPS13/ETF1/AARS1/RPS27/EIF2B5/FAU/RPL3L/RPL12/NCK1/RPS16/CNBP/RPL14/DRG1/RPL18/NCBP1/EIF4A1/EIF4A2/RPS8/RPS18/EEF2/EIF3I/CDK5RAP3/RPS25/RPL11,0.7749390301364363
FC_vs_Healthy,GO:1903305,regulation of regulated secretory pathway,40,0.5621815089529747,1.5879271868145628,0.0010839489104759164,0.011742779863489095,0.011742779863489093,1269,"tags=57%, list=30%, signal=41%",ITGB2/LGALS9/VAMP8/ITGAM/RAC2/FMR1/RAB3D/RAP1B/LYN/RAB27A/MICAL1/RAP1A/NCKAP1L/CDK5/FGR/RAB3GAP1/VAMP7/AP1G1/CALM3/STXBP2/PRKCB/LAMP1/GNAI2,0.45505986738722953
FC_vs_Healthy,GO:0031507,heterochromatin formation,51,0.5568385023529818,1.5807967917678976,3.657704196768972e-4,0.0052490430356230055,0.0052490430356230055,741,"tags=43%, list=17%, signal=36%",SMARCA5/LBR/HMGB1/H2AC8/H2AX/H2AZ1/H2AC21/H2AC19/H2AC4/H2AC18/RBBP4/CBX3/H1-2/RBM15/HNRNPU/CBX1/HDAC1/HDAC2/CDK2/HNRNPK/MACROH2A1/ZNF512,0.49849310876659025
FC_vs_Healthy,GO:0051251,positive regulation of lymphocyte activation,81,0.5419267494117863,1.58027531473946,2.004869433878688e-5,6.515825660105736e-4,6.515825660105736e-4,653,"tags=37%, list=15%, signal=32%",PTPRC/HLA-A/LGALS9/PTPN6/HLA-DPB1/HLA-DRB1/CSK/HMGB1/CYRIB/CD74/MMP14/SMARCC2/HLA-E/HLA-G/AP3B1/CD47/SMARCD2/HSPH1/SART1/HLA-DRB5/TFRC/LYN/SRC/YES1/DDRGK1/SMARCE1/NCKAP1L/LCK/HLA-DRB3/YWHAG,0.5756102610711286
FC_vs_Healthy,GO:0022408,negative regulation of cell-cell adhesion,63,0.5498690751912628,1.5790444508433608,7.511317610294405e-5,0.001596154992187561,0.001596154992187561,1028,"tags=41%, list=24%, signal=32%",LGALS9/HLA-DRB1/PSMA4/CSK/HMGB1/PSMB8/YTHDF2/HLA-E/HLA-G/PSMA2/PSMA3/WNK1/PRKCD/PSMB2/PRKAR1A/SWAP70/PSMB1/PSMA7/STAT5A/PSMB9/PSMB4/PSMB10/PSMA1/MIA3/TMX1/CEBPB,0.5384340963099162
FC_vs_Healthy,GO:0008380,RNA splicing,226,0.5143121270217383,1.57537195294428,1.3685139443129633e-10,3.780519771164561e-8,3.780519771164561e-8,1367,"tags=59%, list=32%, signal=42%",LSM6/SRSF4/SRSF5/SRSF6/NCL/RBMX/RBMXL1/SNRPD2/ACIN1/THRAP3/SNRPF/SRSF3/TCERG1/BUD31/DDX46/RPS26/RBM25/RBM8A/H1-2/H1-3/SRSF7/CDC5L/TIAL1/SRSF1/PPIE/FMR1/RBM14/TRA2B/SF3B2/PHF5A/THOC6/ILF3/SF3A2/SAP18/RBM15/PRPF4/SART1/PQBP1/IK/SNRPA1/PRPF3/SNU13/UBL5/PPIL1/HNRNPU/KHDRBS1/PLRG1/RBM12/RALY/SNRPA/PRPF40A/SNRPB2/PABPC1/HNRNPR/SYNCRIP/CDK11B/FUS/SNRPB/SNRNP70/PTBP3/PNN/HNRNPH1/HNRNPH2/HNRNPH3/SF3B1/NCBP2/YBX1/PRMT1/HNRNPK/PRPF6/HNRNPF/SRSF10/CELF2/CWC15/ISY1/LUC7L2/LUC7L/PRPF8/SF3A3/HNRNPC/SNW1/XAB2/RPS13/U2AF1/TARDBP/LUC7L3/HNRNPUL2/HNRNPL/CTNNBL1/DDX23/SF3A1/HNRNPUL1/SON/SF3B3/HSPA8/SF1/SFPQ/LSM2/MAGOHB/NCBP1/SNRNP40/EIF4A3/HNRNPA3/HNRNPA1/RBM17/IWS1/SMU1/STRAP/LARP7/PIK3R1/MTREX/ALYREF/SRSF2/ZNF830/DAZAP1/HTATSF1/SNRPC/RNPS1/C1QBP/TRA2A/RBM22/LSM7/PPWD1/PRMT5/DHX15/MBNL1/SNRNP200/SNRPG/DHX9/HNRNPA2B1/CRNKL1/DDX39A/DDX39B/DDX42,0.826657301178302
FC_vs_Healthy,GO:0010565,regulation of ketone metabolic process,31,0.5833808745899737,1.5713223686117919,0.0024801232480412697,0.0226490594139306,0.0226490594139306,312,"tags=26%, list=7%, signal=24%",NME1/CD74/PLAA/EIF6/CPT1A/FABP5/UBR4/NME2,0.4317076958033464
FC_vs_Healthy,GO:0019079,viral genome replication,46,0.5580248770115532,1.5686022954725474,7.63289266879764e-4,0.009268512526397134,0.009268512526397134,680,"tags=46%, list=16%, signal=39%",IFI16/ADAR/OAS3/IFITM3/VAPB/VAPA/PCBP2/PCBP3/PPIE/FMR1/EIF2AK2/ILF3/ZC3HAV1/TOP2B/DEK/PABPC1/STAU1/RAD23A/IFIT1/LARP1/BST2,0.47727081536286214
FC_vs_Healthy,GO:0071826,protein-RNA complex organization,133,0.5205510357748571,1.5664815080911252,3.485026629128015e-7,2.8028290011172168e-5,2.8028290011172168e-5,1444,"tags=63%, list=34%, signal=43%",LSM6/SRSF5/SRSF6/ADAR/SNRPD2/SNRPF/TRIM21/DDX46/RPS15/RPL13A/SRSF1/EIF6/SF3B2/PHF5A/KLC1/RPL5/SF3A2/PRPF4/SART1/EIF3A/SNRPA1/PRPF3/SNU13/EIF3H/RPS19/EIF3J/SNRPA/SNRPB2/SYNCRIP/HSP90AA1/HSP90AB1/EIF2S3/EPRS1/SNRPB/SNRNP70/EIF2S2/SF3B1/EIF3CL/EIF3C/EIF3G/MCTS1/PRPF6/SRSF10/CELF2/ISY1/LUC7L2/LUC7L/EIF5/PRPF8/SF3A3/NOP2/XAB2/LUC7L3/PRKDC/DDX23/SF3A1/RUVBL2/SF3B3/FAU/SF1/KIF5B/BOP1/LSM2/NCBP1/SNRNP40/EIF3I/STRAP/RPL11/PTGES3/HTATSF1/SNRPC/RPS14/LSM7/PRMT5/SNRNP200/SNRPG/DHX9/CRNKL1/DDX39B/DHX29/DDX42/FAF2/SART3/GAPDH,0.674962860011025
FC_vs_Healthy,GO:0022618,protein-RNA complex assembly,128,0.5198210911354915,1.558324725055627,1.0145090528788367e-6,5.605162517155573e-5,5.605162517155573e-5,1367,"tags=61%, list=32%, signal=43%",LSM6/SRSF5/SRSF6/ADAR/SNRPD2/SNRPF/DDX46/RPS15/RPL13A/SRSF1/EIF6/SF3B2/PHF5A/RPL5/SF3A2/PRPF4/SART1/EIF3A/SNRPA1/PRPF3/SNU13/EIF3H/RPS19/EIF3J/SNRPA/SNRPB2/SYNCRIP/HSP90AA1/HSP90AB1/EIF2S3/EPRS1/SNRPB/SNRNP70/EIF2S2/SF3B1/EIF3CL/EIF3C/EIF3G/MCTS1/PRPF6/SRSF10/CELF2/ISY1/LUC7L2/LUC7L/EIF5/PRPF8/SF3A3/NOP2/XAB2/LUC7L3/PRKDC/DDX23/SF3A1/RUVBL2/SF3B3/FAU/SF1/BOP1/LSM2/NCBP1/SNRNP40/EIF3I/STRAP/RPL11/PTGES3/HTATSF1/SNRPC/RPS14/LSM7/PRMT5/SNRNP200/SNRPG/DHX9/CRNKL1/DDX39B/DHX29/DDX42,0.6435518361507222
FC_vs_Healthy,GO:0002366,leukocyte activation involved in immune response,84,0.5306082757834036,1.5579097012303813,3.204015297257457e-5,8.354911912170627e-4,8.354911912170627e-4,941,"tags=45%, list=22%, signal=36%",CORO1A/ITGB2/LGALS9/PTPN6/HLA-DRB1/PSMA4/VAMP8/ITGAM/HMGB1/PSMB8/CD74/RAC2/ICAM1/GRN/PSMA2/PSMA3/TFRC/LYN/PSMB2/DDRGK1/LCP1/PSMB1/NCKAP1L/FGR/PSMA7/DOCK2/DYSF/STAT5A/PCYT1A/HLA-DRA/PSMB9/VAMP7/PSMB4/PSMB10/KARS1/PLCG2/AP1G1/PSMA1,0.557332238758646
FC_vs_Healthy,GO:0009615,response to virus,135,0.5168312303605054,1.5576795287106937,4.5720722850642115e-7,3.138101521146572e-5,3.138101521146572e-5,1206,"tags=52%, list=28%, signal=38%",GBP1/PTPRC/SMARCA5/GBP2/STAT1/LGALS9/DNAJC3/DEFA1/DEFA3/DEFA1B/IFI16/ADAR/VAMP8/CALR/OAS3/TRIM21/UBE2N/BAX/CFL1/NPC2/IFITM3/VAPB/PCBP2/SAMHD1/PML/FMR1/EIF2AK2/ILF3/PSMA2/DDX60/MX2/PQBP1/CASP1/EEF1G/TPT1/ZC3HAV1/EIF5A/RELA/CLU/DDX21/RIGI/STING1/ZMPSTE24/HSP90AA1/CDK6/FGR/MYD88/IFIT1/TRIM25/BST2/STMN1/NT5C2/PPM1B/NFKB1/ENO1/HNRNPUL1/TBK1/TRIM26/NCK1/UAP1/NCBP1/GBF1/PDE12/ATAD3A/MX1/LGALS8/GBP5/ELMOD2/RNASE6/C1QBP,0.674962860011025
FC_vs_Healthy,GO:0045727,positive regulation of translation,72,0.538182515418223,1.5556422694167276,1.0407419657423999e-4,0.0019827928830092275,0.0019827928830092275,1093,"tags=57%, list=26%, signal=43%",RPL26/DNAJC3/YTHDF3/YTHDF2/YTHDF1/PKM/NPM1/SSB/EIF6/FMR1/FXR1/FXR2/RPL5/EIF4G1/EIF4G3/EIF5A/ABCF1/HNRNPU/KHDRBS1/PABPC1/SYNCRIP/CSDE1/EIF2B4/EIF3C/YBX1/LARP1/PRMT1/YBX3/PYM1/PAIP1/SH3BGRL/COA3/PRKDC/EIF2B5/NCK1/CNBP/NCK2/EIF4A3/THBS1/OTUD6B/EEF2,0.5384340963099162
FC_vs_Healthy,GO:0045580,regulation of T cell differentiation,45,0.559834223361644,1.5545192754989245,4.8485637094888487e-4,0.0063781701178394976,0.0063781701178394976,941,"tags=51%, list=22%, signal=40%",HLA-DRB1/PSMA4/HMGB1/PSMB8/SMARCC2/HLA-G/AP3B1/PSMA2/SMARCD2/SART1/PSMA3/PSMB2/CLPTM1/SMARCE1/PSMB1/NCKAP1L/PSMA7/STAT5A/HLA-DRA/PSMB9/PSMB4/PSMB10/PSMA1,0.49849310876659025
FC_vs_Healthy,GO:0002824,positive regulation of adaptive immune response based on somatic recombination of immune receptors built from immunoglobulin superfamily domains,29,0.5793501577343461,1.5532103327123452,0.004777241898540671,0.03585003893626204,0.03585003893626204,758,"tags=41%, list=18%, signal=34%",HLA-A/HLA-C/HLA-DRB1/CYRIB/HLA-B/HLA-E/HLA-G/TFRC/STX7/HLA-DRB3/YWHAG/HLA-DRA,0.40701791892395395
FC_vs_Healthy,GO:0002705,positive regulation of leukocyte mediated immunity,38,0.5584130612205477,1.5487013194118715,0.00241907187929379,0.022462810307728055,0.02246281030772805,936,"tags=47%, list=22%, signal=37%",ITGB2/HLA-A/HLA-C/HLA-DRB1/ITGAM/CYRIB/HLA-B/HLA-E/HLA-G/TFRC/STX7/DDX21/RIGI/HLA-DRB3/YWHAG/HLA-DRA/PLCG2/AP1G1,0.4317076958033464
FC_vs_Healthy,GO:0051607,defense response to virus,98,0.5165548712954597,1.545229744050448,2.8292812204975435e-5,8.016296791409707e-4,8.016296791409706e-4,1362,"tags=57%, list=32%, signal=40%",GBP1/PTPRC/SMARCA5/GBP2/STAT1/DNAJC3/DEFA1/DEFA3/DEFA1B/IFI16/ADAR/VAMP8/OAS3/TRIM21/UBE2N/IFITM3/VAPB/PCBP2/SAMHD1/PML/EIF2AK2/ILF3/DDX60/MX2/PQBP1/CASP1/ZC3HAV1/RELA/DDX21/RIGI/STING1/ZMPSTE24/HSP90AA1/MYD88/IFIT1/TRIM25/BST2/NT5C2/PPM1B/TBK1/TRIM26/NCK1/UAP1/NCBP1/PDE12/ATAD3A/MX1/GBP5/ELMOD2/RNASE6/C1QBP/DHX15/IFIT5/DHX9/PARP9/TRIM56,0.5756102610711286
FC_vs_Healthy,GO:0032946,positive regulation of mononuclear cell proliferation,26,0.5763745325215301,1.5451845832029998,0.00702829311054533,0.046784722211762594,0.04678472221176259,378,"tags=31%, list=9%, signal=28%",PTPRC/HLA-A/LGALS9/HLA-DPB1/HMGB1/CD74/HLA-E/TFRC,0.40701791892395395
FC_vs_Healthy,GO:0050671,positive regulation of lymphocyte proliferation,26,0.5763745325215301,1.5451845832029998,0.00702829311054533,0.046784722211762594,0.04678472221176259,378,"tags=31%, list=9%, signal=28%",PTPRC/HLA-A/LGALS9/HLA-DPB1/HMGB1/CD74/HLA-E/TFRC,0.40701791892395395
FC_vs_Healthy,GO:0002285,lymphocyte activation involved in immune response,54,0.5427976099509977,1.54090577581276,9.546230291133774e-4,0.01054858447170282,0.01054858447170282,1260,"tags=57%, list=30%, signal=41%",CORO1A/LGALS9/HLA-DRB1/PSMA4/HMGB1/PSMB8/CD74/ICAM1/PSMA2/PSMA3/TFRC/PSMB2/DDRGK1/LCP1/PSMB1/NCKAP1L/PSMA7/STAT5A/PCYT1A/HLA-DRA/PSMB9/VAMP7/PSMB4/PSMB10/AP1G1/PSMA1/NBN/DOCK11/PSMA6/TP53BP1/LAMP1,0.47727081536286214
FC_vs_Healthy,GO:0002821,positive regulation of adaptive immune response,30,0.5674547691720467,1.5395287706972487,0.004532727637307125,0.034305918076879265,0.034305918076879265,758,"tags=40%, list=18%, signal=33%",HLA-A/HLA-C/HLA-DRB1/CYRIB/HLA-B/HLA-E/HLA-G/TFRC/STX7/HLA-DRB3/YWHAG/HLA-DRA,0.40701791892395395
FC_vs_Healthy,GO:0043487,regulation of RNA stability,76,0.5286854458864874,1.539231930436437,1.2457650802976503e-4,0.0022566728093916452,0.0022566728093916452,975,"tags=47%, list=23%, signal=37%",LSM6/THRAP3/BCLAF1/YTHDF3/YTHDF2/YTHDF1/NPM1/CAPRIN1/SRSF1/FMR1/FXR1/FXR2/APEX1/PRKCD/DIS3/HNRNPU/ROCK1/DKC1/PABPC1/SYNCRIP/SERBP1/FUS/CSDE1/NSUN2/PNN/MYD88/YBX1/LARP1/YBX3/PAIP1/HNRNPC/SNW1/TARDBP/TAF15/HNRNPA0/LSM2,0.5188480777437918
FC_vs_Healthy,GO:0070665,positive regulation of leukocyte proliferation,32,0.5676882145721729,1.5380703995159748,0.0040918036557870685,0.032066971912373836,0.03206697191237383,1018,"tags=47%, list=24%, signal=36%",PTPRC/HLA-A/LGALS9/HLA-DPB1/HMGB1/CD74/HLA-E/TFRC/LYN/NCKAP1L/BST2/MAPK1/MAPK3/NCK1/NCK2,0.40701791892395395
FC_vs_Healthy,GO:0046632,alpha-beta T cell differentiation,32,0.5672819157322021,1.5369695906510459,0.004179328042131852,0.03252223582081477,0.03252223582081477,941,"tags=56%, list=22%, signal=44%",HLA-DRB1/PSMA4/HMGB1/PSMB8/AP3B1/PSMA2/PSMA3/PSMB2/PSMB1/NCKAP1L/PSMA7/STAT5A/HLA-DRA/PSMB9/PSMB4/PSMB10/TBK1/PSMA1,0.40701791892395395
FC_vs_Healthy,GO:0002263,cell activation involved in immune response,88,0.5230458001555474,1.5355589644601049,4.029177591325125e-5,9.893869418698363e-4,9.893869418698363e-4,1268,"tags=52%, list=30%, signal=37%",CORO1A/ITGB2/LGALS9/PTPN6/HLA-DRB1/PSMA4/VAMP8/ITGAM/HMGB1/PSMB8/CD74/RAC2/ICAM1/GRN/PSMA2/PSMA3/TFRC/LYN/PSMB2/DDRGK1/LCP1/PSMB1/NCKAP1L/FGR/PSMA7/DOCK2/DYSF/STAT5A/PCYT1A/HLA-DRA/PSMB9/VAMP7/PSMB4/PSMB10/KARS1/PLCG2/AP1G1/PSMA1/NBN/GBF1/STXBP2/DOCK11/PSMA6/TP53BP1/LAMP1/GNAI1,0.557332238758646
FC_vs_Healthy,GO:0022407,regulation of cell-cell adhesion,150,0.5057865947214585,1.5313781171071597,3.804745250385362e-7,2.8028290011172168e-5,2.8028290011172168e-5,1028,"tags=39%, list=24%, signal=30%",PTPRC/ITGB2/HLA-A/LGALS9/PTPN6/HLA-DPB1/HLA-DRB1/PSMA4/CSK/FERMT3/HMGB1/CYRIB/PSMB8/YTHDF2/FGG/SMARCC2/HLA-E/HLA-G/AP3B1/PSMA2/CD47/SMARCD2/HSPH1/SART1/HLA-DRB5/PSMA3/TFRC/WNK1/RELA/PRKCD/LYN/SRC/YES1/PSMB2/PRKAR1A/CD44/SMARCE1/SWAP70/PSMB1/NCKAP1L/LCK/PSMA7/HLA-DRB3/YWHAG/FGB/STAT5A/FGA/HLA-DRA/PSMB9/PSMB4/PSMB10/F11R/PSMA1/NCK1/MIA3/TMX1/NCK2/CEBPB,0.674962860011025
FC_vs_Healthy,GO:0002697,regulation of immune effector process,116,0.5131605869434024,1.5290094370678764,6.2227529625145075e-6,2.455765008420904e-4,2.4557650084209036e-4,936,"tags=39%, list=22%, signal=31%",PTPRC/ITGB2/HLA-A/HLA-C/LGALS9/PTPN6/HLA-DRB1/VAMP8/ITGAM/HMGB1/SERPINB9/CYRIB/CD74/HLA-B/HLA-E/HLA-G/RAC2/ICAM1/GALNT2/GRB2/GRN/DDX60/TFRC/MYO18A/LYN/CLU/STX7/RPS19/DDX21/RIGI/DDRGK1/NCKAP1L/FGR/C4BPA/HLA-DRB3/YWHAG/A2M/BST2/STAT5A/HLA-DRA/VAMP7/CFP/MAPK3/PLCG2/AP1G1,0.610526878385931
FC_vs_Healthy,GO:0002699,positive regulation of immune effector process,77,0.520725652687202,1.5289458561292997,1.1280755874473127e-4,0.0021043457948491436,0.0021043457948491436,977,"tags=40%, list=23%, signal=32%",PTPRC/ITGB2/HLA-A/HLA-C/LGALS9/HLA-DRB1/VAMP8/ITGAM/CYRIB/CD74/HLA-B/HLA-E/HLA-G/GALNT2/DDX60/TFRC/MYO18A/STX7/RPS19/DDX21/RIGI/DDRGK1/FGR/HLA-DRB3/YWHAG/HLA-DRA/VAMP7/CFP/PLCG2/AP1G1/GPI,0.5384340963099162
FC_vs_Healthy,GO:0030217,T cell differentiation,59,0.5311178226220596,1.5264776526212616,7.879361417202251e-4,0.009463798223922269,0.009463798223922269,941,"tags=46%, list=22%, signal=36%",PTPRC/HLA-DRB1/PSMA4/HMGB1/PSMB8/CD74/SMARCC2/HLA-G/AP3B1/PSMA2/SMARCD2/SART1/PSMA3/PSMB2/CLPTM1/SMARCE1/PSMB1/NCKAP1L/LCK/PSMA7/STAT5A/HLA-DRA/PSMB9/PSMB4/PSMB10/TBK1/PSMA1,0.47727081536286214
FC_vs_Healthy,GO:0048167,regulation of synaptic plasticity,36,0.5509976976804297,1.5229912536496213,0.0032165610146624012,0.027552712567457,0.027552712567457,1194,"tags=56%, list=28%, signal=40%",YTHDF1/CFL1/FMR1/FXR1/FXR2/RAB8A/STAU1/CDK5/CAMK2D/YWHAG/YWHAH/RAB3GAP1/SQSTM1/LGMN/CALM1/CALM2/CALM3/CREB1/NPTN/UBE3A,0.4317076958033464
FC_vs_Healthy,GO:0002274,myeloid leukocyte activation,59,0.5295991748950644,1.5221129302965282,8.43817231730244e-4,0.009798784440431928,0.009798784440431928,1100,"tags=46%, list=26%, signal=34%",PTPRC/ITGB2/LGALS9/PTPN6/VAMP8/ITGAM/HMGB1/CD74/RAC2/GRN/PRKCD/MYO18A/LYN/SRC/CLU/FN1/FGR/DOCK2/DYSF/STK39/VAMP7/KARS1/PLCG2/C1QA/STXBP2/THBS1/PLA2G4A,0.47727081536286214
FC_vs_Healthy,GO:0032609,type II interferon production,39,0.5448515860373997,1.521647942678669,0.0037588904390885173,0.030996820411886658,0.030996820411886655,941,"tags=46%, list=22%, signal=36%",HLA-A/LGALS9/HLA-DPB1/HLA-DRB1/PSMA4/HMGB1/CYRIB/PSMB8/PSMA2/CD47/PSMA3/PSMB2/PSMB1/PSMA7/PSMB9/PSMB4/PSMB10/PSMA1,0.4317076958033464
FC_vs_Healthy,GO:0032649,regulation of type II interferon production,39,0.5448515860373997,1.521647942678669,0.0037588904390885173,0.030996820411886658,0.030996820411886655,941,"tags=46%, list=22%, signal=36%",HLA-A/LGALS9/HLA-DPB1/HLA-DRB1/PSMA4/HMGB1/CYRIB/PSMB8/PSMA2/CD47/PSMA3/PSMB2/PSMB1/PSMA7/PSMB9/PSMB4/PSMB10/PSMA1,0.4317076958033464
FC_vs_Healthy,GO:0140888,interferon-mediated signaling pathway,33,0.5576166373966838,1.5185852918499834,0.005952281194090249,0.041628295692846366,0.04162829569284636,1045,"tags=48%, list=25%, signal=37%",STAT1/PTPN6/OAS3/YTHDF3/YTHDF2/IFITM3/SAMHD1/PTPN1/HCK/STING1/CDC37/MYD88/RAF1/SP100/TBK1/UBE2K,0.40701791892395395
FC_vs_Healthy,GO:0045814,"negative regulation of gene expression, epigenetic",59,0.5281183333022681,1.5178568660068459,9.108746105803644e-4,0.010270575966237781,0.010270575966237781,741,"tags=39%, list=17%, signal=33%",SMARCA5/LBR/IFI16/HMGB1/H2AC8/H2AX/H2AZ1/H2AC21/H2AC19/H2AC4/H2AC18/RBBP4/CBX3/H1-2/RBM15/HNRNPU/CBX1/HDAC1/HDAC2/CDK2/HNRNPK/MACROH2A1/ZNF512,0.47727081536286214
FC_vs_Healthy,GO:0043488,regulation of mRNA stability,73,0.5202287827865719,1.5126222995825709,3.3640547644162537e-4,0.00495637401957328,0.004956374019573281,975,"tags=47%, list=23%, signal=37%",LSM6/THRAP3/BCLAF1/YTHDF3/YTHDF2/YTHDF1/NPM1/CAPRIN1/SRSF1/FMR1/FXR1/FXR2/APEX1/PRKCD/DIS3/HNRNPU/ROCK1/PABPC1/SYNCRIP/SERBP1/FUS/CSDE1/PNN/MYD88/YBX1/LARP1/YBX3/PAIP1/HNRNPC/SNW1/TARDBP/TAF15/HNRNPA0/LSM2,0.49849310876659025
FC_vs_Healthy,GO:0045619,regulation of lymphocyte differentiation,53,0.5305797442421949,1.5115094139115461,0.00148533634690243,0.015197191327103565,0.015197191327103567,941,"tags=49%, list=22%, signal=39%",HLA-DRB1/PSMA4/HMGB1/PSMB8/MMP14/SMARCC2/HLA-G/AP3B1/PSMA2/SMARCD2/SART1/PSMA3/PSMB2/CLPTM1/DDRGK1/SMARCE1/PSMB1/NCKAP1L/PSMA7/STAT5A/HLA-DRA/PSMB9/PRKDC/PSMB4/PSMB10/PSMA1,0.45505986738722953
FC_vs_Healthy,GO:1903707,negative regulation of hemopoiesis,31,0.5596899981899143,1.5075115622572046,0.006445141070027159,0.04396222766901241,0.043962227669012414,941,"tags=55%, list=22%, signal=43%",PSMA4/HMGB1/PSMB8/HLA-G/PSMA2/PSMA3/LYN/PSMB2/PSMB1/CDK6/PSMA7/STAT5A/PSMB9/PSMB4/PSMB10/HSPA9/PSMA1,0.40701791892395395
FC_vs_Healthy,GO:0014902,myotube differentiation,64,0.5225211359381601,1.5063165984071767,4.4993010141603776e-4,0.006063082464203924,0.006063082464203924,1020,"tags=48%, list=24%, signal=37%",RPL31/RPL7A/RPL21/RPL34/RPL23A/MMP14/RPL18A/RPL17/RPL32/RPL27/RPL13A/RPL6/RPL10/RPL5/RPL27A/EHD1/NACA/RPL37A/RPL19/RPL7/RPL24/DOCK2/RPL35A/RPL30/RPL4/RPL29/RPL28/RPL3L/RPL12/RPL14/RPL18,0.49849310876659025
FC_vs_Healthy,GO:0019730,antimicrobial humoral response,38,0.542770879688969,1.5053193341777042,0.00588434450056488,0.041628295692846366,0.04162829569284636,742,"tags=34%, list=17%, signal=28%",HLA-A/DEFA1/DEFA3/DEFA1B/HLA-E/H2BC12/KRT6A/RPS19/H2BC26/FGB/FGA/RPL30/JCHAIN,0.40701791892395395
FC_vs_Healthy,GO:0051249,regulation of lymphocyte activation,124,0.5062596934154837,1.5023547106839024,2.8636893357864156e-6,1.30419299924584e-4,1.30419299924584e-4,834,"tags=38%, list=20%, signal=31%",PTPRC/HLA-A/LGALS9/PTPN6/HLA-DPB1/HLA-DRB1/MNDA/PSMA4/CSK/HMGB1/CYRIB/PSMB8/CD74/MMP14/SMARCC2/HLA-E/HLA-G/RAC2/AP3B1/PSMA2/CD47/SMARCD2/HSPH1/SART1/HLA-DRB5/PSMA3/TFRC/LYN/SRC/YES1/PSMB2/CLPTM1/PRKAR1A/DDRGK1/SMARCE1/PSMB1/NCKAP1L/FGR/LCK/PSMA7/HLA-DRB3/YWHAG/STAT5A/HLA-DRA/PSMB9/PRKDC/PSMB4,0.6272567397185284
FC_vs_Healthy,GO:0002520,immune system development,25,0.5656248863284676,1.5015650421990452,0.008792413064723273,0.05257521845419551,0.05257521845419551,1427,"tags=72%, list=34%, signal=48%",PTPRC/LGALS9/HMGB1/HLA-B/HLA-E/HLA-G/SAMHD1/TFRC/LYN/PCYT1A/PRKDC/CTNNBL1/SBDS/NBN/TP53BP1/HMGB2/ADAM17/EXOSC6,0.3807304007227924
FC_vs_Healthy,GO:0050806,positive regulation of synaptic transmission,25,0.5651292204326707,1.5002491973702043,0.008879899043645558,0.05257521845419551,0.05257521845419551,1116,"tags=56%, list=26%, signal=42%",YTHDF1/FMR1/FXR1/STAU1/CAMK2D/RAB3GAP1/SQSTM1/LGMN/KIF5B/CALM1/CALM2/CALM3/CREB1/NPTN,0.3807304007227924
FC_vs_Healthy,GO:1902106,negative regulation of leukocyte differentiation,30,0.5521344706266824,1.4979641532728976,0.008417832404254543,0.051390634291167234,0.05139063429116724,941,"tags=53%, list=22%, signal=42%",PSMA4/HMGB1/PSMB8/HLA-G/PSMA2/PSMA3/LYN/PSMB2/PSMB1/CDK6/PSMA7/STAT5A/PSMB9/PSMB4/PSMB10/PSMA1,0.3807304007227924
FC_vs_Healthy,GO:0006612,protein targeting to membrane,43,0.5339673229311463,1.4965599213573735,0.003893160028587399,0.0313957079174507,0.0313957079174507,1343,"tags=58%, list=32%, signal=40%",ITGB2/ITGAM/YIF1B/SRP72/CHMP4B/CHMP4A/NACA/PAK1/SRP9/SRPRA/SEC63/SEC61B/SRP68/SRP14/STOM/SRPRB/SRP54/ARL6IP1/GET4/SEC61A1/SSR1/GDI1/GOLGA7/SSR4/SEC62,0.4317076958033464
FC_vs_Healthy,GO:0007605,sensory perception of sound,19,-0.32824506054045965,-1.4931688372489345,0.036743088735884805,0.14817924471953542,0.14817924471953545,30,"tags=16%, list=1%, signal=16%",COL1A1/COL2A1/MYH14,0.3217759180753611
FC_vs_Healthy,GO:0050852,T cell receptor signaling pathway,41,0.5331667795969554,1.4928967842208365,0.004496356703406967,0.03426533901561861,0.03426533901561861,972,"tags=41%, list=23%, signal=32%",GBP1/PTPRC/HLA-A/HLA-DPB1/HLA-DRB1/CSK/UBE2N/CLEC2B/WNK1/KHDRBS1/EIF2B4/LCK/HLA-DRB3/RFTN1/EIF2B5/PLCG2/NCK1,0.40701791892395395
FC_vs_Healthy,GO:0141060,disruption of anatomical structure in another organism,33,0.5480351718965671,1.4924916073954175,0.008179000685638892,0.05081529759468451,0.05081529759468451,459,"tags=24%, list=11%, signal=22%",GBP1/GBP2/DEFA1/DEFA3/DEFA1B/H2BC12/KRT6A/RPS19,0.3807304007227924
FC_vs_Healthy,GO:0031348,negative regulation of defense response,91,0.5021767586399833,1.4909441678872286,2.108520955380531e-4,0.0034366461914287134,0.0034366461914287134,475,"tags=30%, list=11%, signal=27%",PTPRC/HLA-A/LGALS9/PTPN6/HLA-DRB1/IFI16/SERPINB9/OAS3/TRIM21/YTHDF3/YTHDF2/HLA-B/HLA-E/HLA-G/PCBP2/SAMHD1/GRB2/FXR1/GRN/PARP1/PRKCD/HCK/LYN/SRC/YES1/RPS19/PRKAR1A,0.5188480777437918
FC_vs_Healthy,GO:0050830,defense response to Gram-positive bacterium,32,0.550010065645192,1.4901739717148166,0.009094288008096878,0.053060984000711194,0.0530609840007112,620,"tags=31%, list=15%, signal=27%",GBP2/HLA-A/DEFA1/DEFA3/DEFA1B/HLA-E/H2BC12/KRT6A/FGR/MYD88,0.3807304007227924
FC_vs_Healthy,GO:0050792,regulation of viral process,57,0.5184507770561301,1.4879159459965046,0.0012860081057559682,0.013663836123657161,0.013663836123657161,680,"tags=42%, list=16%, signal=36%",STAT1/LGALS9/IFI16/ADAR/HMGB1/OAS3/TRIM21/IFITM3/VAPB/PPIE/FMR1/EIF2AK2/ILF3/ZC3HAV1/TOP2B/PABPC1/STAU1/BSG/RAD23A/IFIT1/TRIM25/STOM/LARP1/BST2,0.45505986738722953
FC_vs_Healthy,GO:0002696,positive regulation of leukocyte activation,88,0.5062580020193426,1.4862733112459319,1.852189315168701e-4,0.0031979206144709606,0.0031979206144709606,653,"tags=34%, list=15%, signal=29%",PTPRC/HLA-A/LGALS9/PTPN6/HLA-DPB1/HLA-DRB1/CSK/HMGB1/CYRIB/CD74/MMP14/SMARCC2/HLA-E/HLA-G/AP3B1/CD47/SMARCD2/HSPH1/SART1/HLA-DRB5/TFRC/LYN/SRC/YES1/DDRGK1/SMARCE1/NCKAP1L/LCK/HLA-DRB3/YWHAG,0.5188480777437918
FC_vs_Healthy,GO:0006310,DNA recombination,72,0.513996778673312,1.4857322420199233,6.964330571131685e-4,0.008646725034944394,0.008646725034944394,1296,"tags=60%, list=31%, signal=42%",KPNA1/HMGB1/H2AX/UBE2N/H1-2/H1-3/H1-4/SAMHD1/H1-5/H1-1/MCM6/PARP1/APEX1/TFRC/TOP2B/MCM3/FEN1/FUS/MCM2/H1-10/CHD4/PRMT1/HDGFL2/PCYT1A/PRKDC/PPP4C/RUVBL2/MCM4/PDS5B/RECQL/SFPQ/NBN/INTS3/MCM5/XRCC1/MCM7/HTATSF1/C1QBP/RPA1/TP53BP1/ACTB/HMGB2/RAD21,0.47727081536286214
FC_vs_Healthy,GO:0002688,regulation of leukocyte chemotaxis,41,0.5286538887004405,1.480260437462624,0.005952281194090249,0.041628295692846366,0.04162829569284636,1391,"tags=51%, list=33%, signal=35%",LGALS9/HMGB1/CALR/CD74/RAC1/RAC2/WNK1/LYN/SWAP70/NCKAP1L/MCU/STK39/MAPK1/MAPK3/LGMN/THBS1/ANO6/C1QBP/MPP1/ADAM10/ADAM17,0.40701791892395395
FC_vs_Healthy,GO:0034308,primary alcohol metabolic process,36,-0.27892038130691066,-1.4777269465946854,0.011716976895326815,0.06346695818302026,0.06346695818302024,423,"tags=33%, list=10%, signal=30%",ALDH1A1/ALDH1B1/SDR9C7/AKR1C2/RDH11/ACP3/AKR1C3/ACSS2/ADH1B/ALDH3A2/RETSAT/LIPE,0.3807304007227924
FC_vs_Healthy,GO:0002460,adaptive immune response based on somatic recombination of immune receptors built from immunoglobulin superfamily domains,95,0.49885980545177844,1.4776254988051694,6.407196526805676e-4,0.00804540018422758,0.008045400184227582,1247,"tags=49%, list=29%, signal=36%",PTPRC/HLA-A/HLA-C/LGALS9/HLA-DRB1/PSMA4/HMGB1/CYRIB/PSMB8/CD74/HLA-B/HLA-E/HLA-G/CTSC/MYO1G/PSMA2/PSMA3/TFRC/CLU/STX7/PSMB2/C1S/PSMB1/NCKAP1L/PSMA7/C4BPA/HLA-DRB3/YWHAG/STAT5A/PCYT1A/HLA-DRA/PSMB9/PSMB4/RFTN1/C1R/PSMB10/MAPK3/PSMA1/NBN/C1QA/PLA2G4A/C1QBP/PRKAA1/PSMA6/C1RL/UFL1/TP53BP1,0.47727081536286214
FC_vs_Healthy,GO:0043409,negative regulation of MAPK cascade,40,0.5229623247187387,1.4771494257206066,0.008211947314785473,0.05081529759468451,0.05081529759468451,670,"tags=28%, list=16%, signal=23%",GBP1/PTPRC/CSK/NHERF1/EIF3A/PTPN1/PRKCD/LYN/DNAJA1/STK38/PRMT1,0.3807304007227924
FC_vs_Healthy,GO:0071357,cellular response to type I interferon,62,0.5080698788501206,1.4707983933594144,0.0019235034473698456,0.01880948061366088,0.01880948061366088,941,"tags=44%, list=22%, signal=34%",STAT1/PSME1/PSME2/PTPN6/PSMA4/OAS3/YTHDF3/YTHDF2/IFITM3/SAMHD1/PSMC1/PSMA2/PSMA3/PTPN1/PSMB2/STING1/CDC37/PSMB1/PSMA7/MYD88/IFIT1/PSMD4/PSMD3/PSMB4/SP100/TBK1/PSMA1,0.45505986738722953
FC_vs_Healthy,GO:0006334,nucleosome assembly,40,0.5204585729884055,1.4700773762520376,0.00889734466147924,0.05257521845419551,0.05257521845419551,1955,"tags=92%, list=46%, signal=50%",SMARCA5/SET/H2AX/NPM1/H1-2/H1-3/H1-4/H1-5/H1-1/DNAJC9/SUPT16H/HP1BP3/NAP1L1/NAP1L4/H1-10/MACROH2A1/SSRP1/HMGB2/MACROH2A2/SART3/GRWD1/H4C16/H4C15/H4C9/H4C1/H4C4/H4C6/H4C12/H4C11/H4C3/H4C8/H4C2/H4C5/H4C13/H4C14/H3-3A/H3-3B,0.3807304007227924
FC_vs_Healthy,GO:0061013,regulation of mRNA catabolic process,83,0.5014556808860741,1.468258668165859,2.4814513143727704e-4,0.003917148146259874,0.003917148146259873,1077,"tags=47%, list=25%, signal=36%",LSM6/THRAP3/BCLAF1/YTHDF3/YTHDF2/YTHDF1/RBM8A/NPM1/CAPRIN1/SRSF1/FMR1/FXR1/FXR2/APEX1/ZC3HAV1/PRKCD/DIS3/HNRNPU/ROCK1/SLIRP/PABPC1/SYNCRIP/SERBP1/FUS/CSDE1/PNN/MYD88/YBX1/LARP1/YBX3/PAIP1/HNRNPC/SNW1/TARDBP/TAF15/HNRNPA0/LSM2/EIF4A3/PDE12,0.49849310876659025
FC_vs_Healthy,GO:0000724,double-strand break repair via homologous recombination,43,0.5238595649272783,1.4682307242815464,0.0056153421883605,0.040555249138159166,0.040555249138159166,1364,"tags=65%, list=32%, signal=45%",UBE2N/SAMHD1/MCM6/PARP1/MCM3/FEN1/FUS/MCM2/CHD4/PRMT1/HDGFL2/PPP4C/RUVBL2/MCM4/PDS5B/RECQL/SFPQ/NBN/INTS3/MCM5/MCM7/HTATSF1/C1QBP/RPA1/TP53BP1/ACTB/RAD21/RAD50,0.40701791892395395
FC_vs_Healthy,GO:0010212,response to ionizing radiation,34,0.5287406482526396,1.4672590441881006,0.015167703849308021,0.0758385192465401,0.0758385192465401,1219,"tags=47%, list=29%, signal=34%",PTPRC/RPL26/CASP3/TOP1/IFI16/H2AX/GRB2/PARP1/EEF1D/KARS1/CYBA/INTS3/IKBIP/LCN2/PRKAA1/BRCC3,0.3807304007227924
FC_vs_Healthy,GO:0007162,negative regulation of cell adhesion,97,0.4982347767507299,1.4619695844253748,4.386112563136105e-4,0.005983523928722711,0.005983523928722712,1338,"tags=42%, list=32%, signal=30%",GBP1/PTPRC/LGALS9/HLA-DRB1/PSMA4/CSK/HMGB1/PSMB8/YTHDF2/MMP14/HLA-E/HLA-G/CFL1/LAMB1/PSMA2/PSMA3/WNK1/PTPN1/PRKCD/SRC/PSMB2/PRKAR1A/SWAP70/PSMB1/PSMA7/STAT5A/PSMB9/PSMB4/PSMB10/PSMA1/MIA3/TMX1/CEBPB/THBS1/PLXNB2/PSMA6/RCC2/UFL1/PLG/MAP2K1/ADAM10,0.49849310876659025
FC_vs_Healthy,GO:0006302,double-strand break repair,85,0.4982689277179377,1.459474169073319,6.295769855098712e-4,0.00804540018422758,0.008045400184227582,1394,"tags=59%, list=33%, signal=40%",HMGB1/H2AX/UBE2N/UBE2V2/SMARCC2/SAMHD1/PML/MCM6/SMARCD2/PARP1/TOP2B/DEK/MCM3/FEN1/SMARCE1/FUS/MCM2/OTUB1/BCL7C/CHD4/PRMT1/HDGFL2/PRKDC/PPP4C/DPF2/RUVBL2/MCM4/PDS5B/RECQL/SFPQ/NBN/INTS3/MCM5/PPP5C/XRCC1/PAXX/MCM7/SMARCC1/HTATSF1/C1QBP/BRCC3/PPP4R3A/RPA1/TP53BP1/ACTB/HMGB2/RAD21/PARP9/RAD50/SMARCA2,0.47727081536286214
FC_vs_Healthy,GO:0043086,negative regulation of catalytic activity,52,0.5106491406595972,1.458438660602023,0.004834077648419044,0.03585003893626204,0.03585003893626204,1351,"tags=52%, list=32%, signal=36%",PTPRC/ADAR/SERPINB1/PRDX3/PTPN1/LYN/HNRNPU/SNX6/NES/TIMP1/ABCE1/DNAJA1/PPP1R12A/STK38/YWHAG/SERPINB8/GNAI3/TMBIM1/EIF4A2/XRCC1/CDK5RAP3/SFN/RCC2/TMED2/GNAI2/SERPINB13/PARP9,0.40701791892395395
FC_vs_Healthy,GO:0034728,nucleosome organization,45,0.5242193251654278,1.4556256326478234,0.00401559223902265,0.03169449588657163,0.03169449588657163,1955,"tags=93%, list=46%, signal=51%",SMARCA5/SET/H2AX/NPM1/SMARCC2/H1-2/H1-3/H1-4/H1-5/H1-1/DNAJC9/SUPT16H/SMARCD2/HP1BP3/NAP1L1/NAP1L4/SMARCE1/H1-10/MACROH2A1/SSRP1/SMARCC1/MPO/HMGB2/MACROH2A2/SART3/GRWD1/H4C16/H4C15/H4C9/H4C1/H4C4/H4C6/H4C12/H4C11/H4C3/H4C8/H4C2/H4C5/H4C13/H4C14/H3-3A/H3-3B,0.40701791892395395
FC_vs_Healthy,GO:0050764,regulation of phagocytosis,44,0.5169230010873386,1.4552260695682657,0.0081014833469858,0.05081529759468451,0.05081529759468451,921,"tags=45%, list=22%, signal=36%",PTPRC/CSK/HMGB1/CALR/CD47/TGM2/MYO18A/HCK/PRKACA/RAB27A/RAP1A/NCKAP1L/FGR/DOCK2/DYSF/ARAP1/CFP/SNX3/PLCG2/CYBA,0.3807304007227924
FC_vs_Healthy,GO:0034340,response to type I interferon,65,0.5060159386383585,1.4549239716052795,0.0013299731420478584,0.013864342660027203,0.013864342660027205,1578,"tags=62%, list=37%, signal=39%",STAT1/PSME1/PSME2/PTPN6/PSMA4/OAS3/YTHDF3/YTHDF2/IFITM3/SAMHD1/PSMC1/PSMA2/PSMA3/PTPN1/PSMB2/STING1/SHMT2/CDC37/PSMB1/PSMA7/MYD88/IFIT1/PSMD4/PSMD3/PSMB4/SP100/TBK1/PSMA1/UBE2K/MX1/PSMD12/PSMA6/PSMD1/PSMD6/TRIM56/ADRM1/STAT2/PSMD2/ISG15/SIN3A,0.45505986738722953
FC_vs_Healthy,GO:0042326,negative regulation of phosphorylation,33,0.5342199072482696,1.4548678058606097,0.013925321908794185,0.07058477389549346,0.07058477389549346,822,"tags=39%, list=19%, signal=32%",PTPRC/DNAJC3/ADAR/PRDX3/PTPN1/LYN/HNRNPU/SNX6/DNAJA1/STK38/YWHAG/TARDBP/PRKDC,0.3807304007227924
FC_vs_Healthy,GO:0002220,innate immune response activating cell surface receptor signaling pathway,27,0.5383927422153818,1.451425716522747,0.024264164220567666,0.11218368813275008,0.11218368813275009,951,"tags=48%, list=22%, signal=38%",HMGB1/AP3B1/WDFY1/PAK2/PAK1/RELA/LYN/SRC/MYD88/PLCG2/CYBA/TBK1/SQSTM1,0.35248785758361917
FC_vs_Healthy,GO:0034101,erythrocyte homeostasis,41,0.5176635074559854,1.4494867556709508,0.010211956461615731,0.05816604067054321,0.058166040670543206,1320,"tags=54%, list=31%, signal=37%",STAT1/CASP3/ACIN1/RPS24/LYN/RPS17/RPS19/PTBP3/NCKAP1L/CDK6/PRMT1/STAT5B/GLUL/HMOX1/PRKDC/HSPA9/SLC25A5/CDK5RAP3/UFL1/RPS14/HMGB2/SLC1A5,0.3807304007227924
FC_vs_Healthy,GO:0032635,interleukin-6 production,34,0.5223233609325255,1.449451026418504,0.0188713256745668,0.08988282271722549,0.08988282271722549,620,"tags=35%, list=15%, signal=30%",LGALS9/PTPN6/CSK/HMGB1/CD74/HLA-B/CD47/RELA/RIGI/BSG/NCKAP1L/MYD88,0.35248785758361917
FC_vs_Healthy,GO:0032675,regulation of interleukin-6 production,34,0.5223233609325255,1.449451026418504,0.0188713256745668,0.08988282271722549,0.08988282271722549,620,"tags=35%, list=15%, signal=30%",LGALS9/PTPN6/CSK/HMGB1/CD74/HLA-B/CD47/RELA/RIGI/BSG/NCKAP1L/MYD88,0.35248785758361917
FC_vs_Healthy,GO:0071824,protein-DNA complex organization,56,0.5094226159782432,1.4482016730620004,0.002406964412430458,0.022462810307728055,0.02246281030772805,1955,"tags=88%, list=46%, signal=48%",SMARCA5/SET/HMGB1/H2AX/NPM1/SMARCC2/H1-2/H1-3/H1-4/H1-5/H1-1/DNAJC9/SUPT16H/SMARCD2/HP1BP3/NAP1L1/NAP1L4/SMARCE1/DRAP1/H1-10/MACROH2A1/SSRP1/CREB1/UBTF/SMARCC1/MPO/HMGB2/MACROH2A2/SART3/GRWD1/DR1/RPL23/SMARCA4/H4C16/H4C15/H4C9/H4C1/H4C4/H4C6/H4C12/H4C11/H4C3/H4C8/H4C2/H4C5/H4C13/H4C14/H3-3A/H3-3B,0.4317076958033464
FC_vs_Healthy,GO:0002708,positive regulation of lymphocyte mediated immunity,28,0.5439512027844389,1.4477779829824196,0.009434251672876917,0.054296083846505167,0.05429608384650517,1260,"tags=57%, list=30%, signal=40%",HLA-A/HLA-C/HLA-DRB1/CYRIB/HLA-B/HLA-E/HLA-G/TFRC/STX7/HLA-DRB3/YWHAG/HLA-DRA/AP1G1/PRKAA1/TP53BP1/LAMP1,0.3807304007227924
FC_vs_Healthy,GO:0097529,myeloid leukocyte migration,59,0.5033963744999168,1.4468038603771203,0.003972180856134051,0.03157740896423113,0.03157740896423113,1102,"tags=41%, list=26%, signal=31%",ITGB2/S100A8/HMGB1/CD74/MMP14/RAC1/RAC2/CD47/PECAM1/LYN/RPS19/BSG/SWAP70/NCKAP1L/PPIB/MCU/SRP54/MAPK1/MAPK3/LGMN/GBF1/WDR1/THBS1/ANO6,0.40701791892395395
FC_vs_Healthy,GO:0050864,regulation of B cell activation,22,0.5599215009104361,1.4437324170157497,0.030395136778115502,0.1332802624595938,0.1332802624595938,594,"tags=36%, list=14%, signal=31%",PTPRC/MNDA/CD74/MMP14/TFRC/LYN/DDRGK1/NCKAP1L,0.26166352171157314
FC_vs_Healthy,GO:0002443,leukocyte mediated immunity,121,0.4826592916286212,1.4403540017204137,6.90547280008612e-5,0.0015261094888190324,0.0015261094888190324,1268,"tags=47%, list=30%, signal=34%",CORO1A/PTPRC/ITGB2/HLA-A/HLA-C/LGALS9/HLA-DRB1/VAMP8/ITGAM/HMGB1/SERPINB9/CYRIB/CD74/HLA-B/HLA-E/HLA-G/RAC2/ICAM1/CTSC/GRB2/MYO1G/TFRC/LYN/CLU/STX7/DDX21/RIGI/C1S/NCKAP1L/FGR/C4BPA/HLA-DRB3/YWHAG/BST2/PCYT1A/HLA-DRA/VAMP7/RFTN1/C1R/MAPK3/PLCG2/AP1G1/KIF5B/NBN/C1QA/WDR1/STXBP2/PIK3R1/SERPINB4/C1QBP/PRKAA1/C1RL/UFL1/TP53BP1/LAMP1/MPO/GNAI1,0.5384340963099162
FC_vs_Healthy,GO:0002449,lymphocyte mediated immunity,87,0.48653496219651327,1.4398348706116681,6.407196526805676e-4,0.00804540018422758,0.008045400184227582,1260,"tags=48%, list=30%, signal=35%",CORO1A/PTPRC/HLA-A/HLA-C/LGALS9/HLA-DRB1/HMGB1/SERPINB9/CYRIB/CD74/HLA-B/HLA-E/HLA-G/CTSC/GRB2/MYO1G/TFRC/CLU/STX7/C1S/NCKAP1L/C4BPA/HLA-DRB3/YWHAG/PCYT1A/HLA-DRA/VAMP7/RFTN1/C1R/MAPK3/AP1G1/KIF5B/NBN/C1QA/PIK3R1/SERPINB4/C1QBP/PRKAA1/C1RL/UFL1/TP53BP1/LAMP1,0.47727081536286214
FC_vs_Healthy,GO:0003014,renal system process,24,0.5442098350093395,1.4366464096862999,0.031408308004052685,0.13663850529322133,0.13663850529322133,952,"tags=38%, list=22%, signal=29%",NHERF1/MYO1E/PRKACA/PRKACB/PRKAR1A/JCHAIN/STK39/CYBA/LGMN,0.25720646646883816
FC_vs_Healthy,GO:0065004,protein-DNA complex assembly,50,0.5035079628675876,1.4342061334863683,0.004487354988285032,0.03426533901561861,0.03426533901561861,1955,"tags=86%, list=46%, signal=47%",SMARCA5/SET/HMGB1/H2AX/NPM1/H1-2/H1-3/H1-4/H1-5/H1-1/DNAJC9/SUPT16H/HP1BP3/NAP1L1/NAP1L4/DRAP1/H1-10/MACROH2A1/SSRP1/CREB1/UBTF/HMGB2/MACROH2A2/SART3/GRWD1/DR1/SMARCA4/H4C16/H4C15/H4C9/H4C1/H4C4/H4C6/H4C12/H4C11/H4C3/H4C8/H4C2/H4C5/H4C13/H4C14/H3-3A/H3-3B,0.40701791892395395
FC_vs_Healthy,GO:0051209,release of sequestered calcium ion into cytosol,38,0.5167940973955094,1.4332753942955985,0.01718403738697102,0.083282286458785,0.083282286458785,1115,"tags=47%, list=26%, signal=35%",PTPRC/ERO1A/LYN/PRKACA/FKBP1A/GSTO1/DIAPH1/CLIC2/LCK/CAMK2D/GHITM/FLNA/PLCG2/CALM1/CALM2/CALM3/ATP1A2/LETM1,0.35248785758361917
FC_vs_Healthy,GO:0070372,regulation of ERK1 and ERK2 cascade,74,0.49106959925047877,1.431982188445789,0.0013519556728148437,0.013961785219256097,0.013961785219256097,703,"tags=28%, list=17%, signal=24%",GBP1/PTPRC/LGALS9/PTPN6/NAMPT/CSK/HMGB1/NHERF1/CD74/FGG/ICAM1/EIF3A/PTPN1/LYN/SRC/CD44/FN1/RAP1A/FGB/GLIPR2/FGA,0.45505986738722953
FC_vs_Healthy,GO:0006986,response to unfolded protein,57,0.4984267603183375,1.430448477288599,0.003834262842970204,0.031153385599132905,0.031153385599132905,1420,"tags=58%, list=33%, signal=39%",DNAJC3/MANF/DNAJC10/BAX/VAPB/HSPH1/PTPN1/HSP90AA1/HSP90AB1/DDRGK1/STT3B/DNAJA1/TBL2/OPTN/HSPA2/HSPA8/NCK1/NCK2/EIF2S1/HSPA4/THBS1/CDK5RAP3/ATAD3A/TMEM33/PIK3R1/UFL1/DERL1/DNAJB4/DNAJB1/SERPINH1/FBXO6/FAF2/ERP44,0.4317076958033464
FC_vs_Healthy,GO:0071621,granulocyte chemotaxis,34,0.5139151526826939,1.4261181889664314,0.025551289382469568,0.1166701436678879,0.1166701436678879,1330,"tags=47%, list=31%, signal=33%",ITGB2/S100A8/CD74/RAC1/RAC2/BSG/NCKAP1L/PPIB/MCU/SRP54/MAPK1/MAPK3/GBF1/THBS1/C1QBP/MPP1,0.35248785758361917
FC_vs_Healthy,GO:0044703,multi-organism reproductive process,39,0.509680426133447,1.4234228030609264,0.015950800053461268,0.07868586633515491,0.07868586633515492,753,"tags=28%, list=18%, signal=23%",APOL2/ARHGDIB/LGALS9/CALR/YTHDF3/IGFBP7/PARP1/TIMP1/BSG/PZP/RPL29,0.35248785758361917
FC_vs_Healthy,GO:0044706,multi-multicellular organism process,39,0.509680426133447,1.4234228030609264,0.015950800053461268,0.07868586633515491,0.07868586633515492,753,"tags=28%, list=18%, signal=23%",APOL2/ARHGDIB/LGALS9/CALR/YTHDF3/IGFBP7/PARP1/TIMP1/BSG/PZP/RPL29,0.35248785758361917
FC_vs_Healthy,GO:0002687,positive regulation of leukocyte migration,47,0.49673227513597623,1.4222087781616435,0.01287384635750733,0.06872270640118647,0.06872270640118647,1391,"tags=51%, list=33%, signal=35%",LGALS9/HMGB1/CALR/CD74/MMP14/RAC1/RAC2/ICAM1/CD47/WNK1/SWAP70/NCKAP1L/MCU/STK39/MAPK1/MAPK3/LGMN/MIA3/THBS1/ANO6/C1QBP/ADAM10/P4HB/ADAM17,0.3807304007227924
FC_vs_Healthy,GO:0045088,regulation of innate immune response,174,0.46492566829656023,1.4210051161388553,3.091595012668484e-5,8.332225582923597e-4,8.332225582923596e-4,1362,"tags=47%, list=32%, signal=33%",GBP2/CTSS/HLA-A/HLA-C/LGALS9/PTPN6/MNDA/IFI16/S100A8/HMGB1/SERPINB9/OAS3/TRIM21/YTHDF3/YTHDF2/HLA-B/HLA-E/HLA-G/AP3B1/PCBP2/SAMHD1/MATR3/GRB2/RBM14/WDFY1/PAK2/CPT1A/GRN/EIF2AK2/DDX60/PARP1/PQBP1/RALB/CASP1/PAK1/ZC3HAV1/RELA/PTPN1/HCK/LYN/SRC/RPS19/RIGI/STING1/HSP90AA1/CDC37/FGR/MYD88/TRIM25/A2M/RPS6KA3/ERAP1/PRKDC/CFP/RFTN1/HSP90B1/USP15/PLCG2/CYBA/HSPA8/TBK1/AP1G1/SQSTM1/SFPQ/UBE2K/SFN/YWHAE/YWHAZ/PIK3R1/GBP5/SERPINB4/C1QBP/BRCC3/GDI1/LAMP1/HMGB2/MASP1/PYHIN1/DHX9/PARP9/DDX39A/TRIM56,0.557332238758646
FC_vs_Healthy,GO:0003341,cilium movement,31,0.5271837369960098,1.4199567287707293,0.021674268715277584,0.10148333445077004,0.10148333445077004,941,"tags=39%, list=22%, signal=30%",PSMA4/YIF1B/NHERF1/PSMA2/PSMA3/PSMB2/PSMB1/PSMA7/CFAP20/PSMB4/PSME3/PSMA1,0.35248785758361917
FC_vs_Healthy,GO:0048872,homeostasis of number of cells,80,0.48187588503625767,1.4190495822152058,0.0024045574480180275,0.022462810307728055,0.02246281030772805,1320,"tags=51%, list=31%, signal=36%",STAT1/LGALS9/CASP3/PSMA4/HMGB1/ACIN1/PSMB8/CD74/PSMA2/PSMA3/RPS24/OCIAD1/LYN/RPS17/PSMB2/RPS19/PTBP3/PSMB1/NCKAP1L/CDK6/PSMA7/PRMT1/STAT5B/GLUL/PSMB9/HMOX1/PRKDC/PSMB4/PSMB10/HSPA9/PSMA1/SLC25A5/DOCK11/CDK5RAP3/FAS/PSMA6/UFL1/RPS14/WDR37/HMGB2/SLC1A5,0.4317076958033464
FC_vs_Healthy,GO:1902105,regulation of leukocyte differentiation,77,0.48329558708089315,1.4190443304255322,0.0020972675182775644,0.020328777260497446,0.020328777260497446,941,"tags=42%, list=22%, signal=33%",LGALS9/HLA-DRB1/PSMA4/HMGB1/ACIN1/PSMB8/CD74/MMP14/SMARCC2/HLA-B/HLA-G/AP3B1/PSMA2/SMARCD2/SART1/PSMA3/LYN/PSMB2/CLPTM1/DDRGK1/SMARCE1/PSMB1/NCKAP1L/CDK6/PSMA7/STAT5A/HLA-DRA/PSMB9/PRKDC/PSMB4/PSMB10/PSMA1,0.4317076958033464
FC_vs_Healthy,GO:0097530,granulocyte migration,38,0.5110787283720282,1.417424404835853,0.02118797102682598,0.10005430762667823,0.10005430762667825,1206,"tags=45%, list=28%, signal=32%",ITGB2/S100A8/CD74/RAC1/RAC2/PECAM1/BSG/NCKAP1L/PPIB/MCU/SRP54/MAPK1/MAPK3/GBF1/WDR1/THBS1/C1QBP,0.35248785758361917
FC_vs_Healthy,GO:0051052,regulation of DNA metabolic process,144,0.465769379835834,1.4160399917719564,1.1426312008230644e-4,0.0021043457948491436,0.0021043457948491436,1394,"tags=53%, list=33%, signal=37%",SMARCA5/CASP3/PCNA/KPNA1/HMGB1/UBE2V1/H2AX/UBE2N/UBE2V2/BAX/SMARCC2/SUB1/H1-2/H1-3/H1-4/H1-5/H1-1/PML/MCM6/SMARCD2/PARP1/TFRC/TOP2B/PRKCD/DEK/SRC/HNRNPU/MCM3/CACYBP/DKC1/S100A11/HSP90AA1/SMARCE1/SSBP1/FUS/MCM2/OTUB1/CDK2/CDK1/H1-10/BCL7C/PRMT1/HDGFL2/YLPM1/HNRNPC/PRKDC/PPP4C/DPF2/RUVBL2/SF3B3/MAPK1/MAPK3/MCM4/CCT7/NBN/MCM5/HNRNPA1/CCT4/XRCC1/RFC2/MCM7/CUL4B/SMARCC1/PTGES3/C1QBP/BRCC3/PPP4R3A/SMC3/TP53BP1/ACTB/XRN1/DHX9/HNRNPA2B1/CCT8/RAD50/PDS5A/SMARCA2,0.5384340963099162
FC_vs_Healthy,GO:0007565,female pregnancy,38,0.5105385127362774,1.4159261722085117,0.021521633020099573,0.1011974659030214,0.1011974659030214,753,"tags=29%, list=18%, signal=24%",APOL2/ARHGDIB/LGALS9/CALR/YTHDF3/IGFBP7/PARP1/TIMP1/BSG/PZP/RPL29,0.35248785758361917
FC_vs_Healthy,GO:2000045,regulation of G1/S transition of mitotic cell cycle,55,0.4964786425944946,1.4158798774430894,0.003920911939011943,0.0313957079174507,0.0313957079174507,941,"tags=40%, list=22%, signal=32%",PSME1/PSME2/PTPN6/PSMA4/SMARCC2/RDX/PSMA2/SMARCD2/EIF4G1/PSMA3/PSMB2/SMARCE1/PSMB1/CDK2/PSMA7/BCL7C/PRKDC/PSMB4/PSME3/DPF2/RRM1/PSMA1,0.40701791892395395
FC_vs_Healthy,GO:2000779,regulation of double-strand break repair,44,0.5026829407512374,1.4151378804381052,0.013601384843527081,0.07009363407322584,0.07009363407322584,1394,"tags=59%, list=33%, signal=40%",UBE2N/UBE2V2/SMARCC2/PML/SMARCD2/PARP1/TOP2B/DEK/SMARCE1/FUS/OTUB1/BCL7C/PRMT1/HDGFL2/PRKDC/PPP4C/DPF2/RUVBL2/NBN/SMARCC1/C1QBP/PPP4R3A/TP53BP1/ACTB/RAD50/SMARCA2,0.3807304007227924
FC_vs_Healthy,GO:0044092,negative regulation of molecular function,72,0.48918905283467484,1.414024325435722,0.0031379330368183685,0.02708918754440857,0.02708918754440857,1351,"tags=49%, list=32%, signal=34%",PTPRC/IFI16/ADAR/SERPINB1/PRDX3/UBLCP1/BAX/FMR1/PTPN1/LYN/HNRNPU/SNX6/NES/ROCK1/TIMP1/ABCE1/DNAJA1/PPP1R12A/STK38/YWHAG/SERPINB8/GNAI3/TMBIM1/CALM1/CALM2/CALM3/EIF4A2/XRCC1/CDK5RAP3/SFN/RCC2/TMED2/GNAI2/SERPINB13/PARP9,0.4317076958033464
FC_vs_Healthy,GO:0050867,positive regulation of cell activation,94,0.48245812955600864,1.412599208781741,0.0011541132334276498,0.012381506047937408,0.012381506047937408,690,"tags=33%, list=16%, signal=28%",PTPRC/HLA-A/LGALS9/PTPN6/HLA-DPB1/HLA-DRB1/CSK/HMGB1/CYRIB/CD74/MMP14/SMARCC2/HLA-E/HLA-G/AP3B1/CD47/SMARCD2/HSPH1/SART1/HLA-DRB5/TFRC/LYN/SRC/YES1/DDRGK1/SMARCE1/NCKAP1L/LCK/HLA-DRB3/YWHAG/FLNA,0.45505986738722953
FC_vs_Healthy,GO:0032760,positive regulation of tumor necrosis factor production,54,0.4966882198048633,1.4100094264316405,0.008675456923521585,0.05238458962017132,0.05238458962017132,1469,"tags=56%, list=35%, signal=37%",PTPRC/LGALS9/PSMA4/HMGB1/OAS3/CYBB/PSMB8/HLA-E/PSMA2/PSMA3/CLU/PSMB2/RIGI/HDAC2/PSMB1/PSMA7/PSMB9/PSMB4/PSMB10/PLCG2/CYBA/PSMA1/THBS1/FRMD8/PSMA6/DHX9/ADAM10/ADAM17/CD14/AKAP12,0.3807304007227924
FC_vs_Healthy,GO:1903557,positive regulation of tumor necrosis factor superfamily cytokine production,54,0.4966882198048633,1.4100094264316405,0.008675456923521585,0.05238458962017132,0.05238458962017132,1469,"tags=56%, list=35%, signal=37%",PTPRC/LGALS9/PSMA4/HMGB1/OAS3/CYBB/PSMB8/HLA-E/PSMA2/PSMA3/CLU/PSMB2/RIGI/HDAC2/PSMB1/PSMA7/PSMB9/PSMB4/PSMB10/PLCG2/CYBA/PSMA1/THBS1/FRMD8/PSMA6/DHX9/ADAM10/ADAM17/CD14/AKAP12,0.3807304007227924
FC_vs_Healthy,GO:0006941,striated muscle contraction,91,0.4746329717304815,1.4091676863043936,0.001789817738772801,0.017817554967062568,0.017817554967062568,1024,"tags=47%, list=24%, signal=37%",RPL31/RPL7A/RPL21/RPL34/RPL23A/RPL18A/RPL17/RPL32/RPL27/RPL13A/RPL6/RPL10/RPL5/RPL27A/ATP2A1/ATP2A2/EHD3/RPL37A/PRKACA/FKBP1A/RPL19/RPL7/GSTO1/HSP90AA1/RPL24/CLIC2/CAMK2D/RPL35A/FLNA/RPL30/RPL4/RPL29/RPL28/ATP1A1/RPL3L/DSC2/CALM1/CALM2/CALM3/RPL12/RPL14/RPL18/ATP1A2,0.45505986738722953
FC_vs_Healthy,GO:0050729,positive regulation of inflammatory response,43,0.5019554511350524,1.4068396664273872,0.014277221568199465,0.07203803576648588,0.07203803576648589,1166,"tags=44%, list=27%, signal=32%",GBP1/GBP2/CASP3/VAMP8/S100A8/HLA-E/GRN/CD47/CASP1/RPS19/VAMP7/MAPK1/MAPK3/KARS1/PLCG2/TRADD/CEBPB/GBP5/MGST2,0.3807304007227924
FC_vs_Healthy,GO:0045055,regulated exocytosis,70,0.4853444026859386,1.4048443270458404,0.0027078272193617734,0.024130234495119033,0.024130234495119026,1269,"tags=46%, list=30%, signal=33%",CORO1A/ITGB2/LGALS9/VAMP8/ITGAM/RAC2/FMR1/RAB10/RAB3D/RAP1B/HCK/LYN/MYH9/RAB27A/MICAL1/RAP1A/NCKAP1L/CDK5/FGR/RAB3GAP1/NAPA/VAMP7/AP1G1/CALM3/SYNGR2/PLEK/STXBP2/PRKCB/TMED10/LAMP1/GNAI1/GNAI2,0.4317076958033464
FC_vs_Healthy,GO:0050900,leukocyte migration,112,0.4698215963522248,1.4043342519903446,3.985967359152649e-4,0.005646787092132919,0.00564678709213292,1102,"tags=40%, list=26%, signal=31%",ITGB2/LGALS9/DEFA1/DEFA1B/S100A8/HMGB1/CALR/MSN/CD74/MMP14/RAC1/RAC2/ICAM1/MYO1G/CD47/PECAM1/WNK1/HCK/LYN/SRC/YES1/STK10/MYH9/RPS19/ROCK1/BSG/SWAP70/NCKAP1L/LCK/PPIB/MCU/STK39/HMOX1/SRP54/MAPK1/MAPK3/F11R/SBDS/LGMN/MIA3/GBF1/WDR1/THBS1/ANKRD22/ANO6,0.49849310876659025
FC_vs_Healthy,GO:1902806,regulation of cell cycle G1/S phase transition,62,0.484980642040664,1.4039579570003407,0.007983691152045475,0.05041130698862999,0.05041130698862999,941,"tags=39%, list=22%, signal=31%",PSME1/PSME2/PTPN6/PSMA4/SMARCC2/RDX/PSMA2/SMARCD2/EIF4G1/PSMA3/PSMB2/DDRGK1/SMARCE1/PSMB1/CDK2/PSMA7/BCL7C/PRKDC/PSMB4/PSME3/DPF2/RRM1/PLCG2/PSMA1,0.3807304007227924
FC_vs_Healthy,GO:0042254,ribosome biogenesis,140,0.46508300049718604,1.402446283777329,1.9650864488974116e-4,0.0032900311000479392,0.0032900311000479392,1780,"tags=66%, list=42%, signal=40%",LSM6/RPL7A/RPL26/RPS3A/YTHDF2/RPS21/NPM1/RPL27/RPS15/EIF6/RPS11/RPL5/EIF2A/SART1/SNU13/RPS24/NOP58/RPS17/DIS3/NMD3/RPS23/PA2G4/RPS19/DDX21/RPL7/DKC1/RRP1/XRN2/RPS12/GLUL/RPL35A/RPS9/EIF5/FBL/FTSJ3/NOP2/RPS13/PRKDC/EIF5B/RPS27/IMP3/MYBBP1A/NOP56/EIF1AX/NUP88/FAU/EXOSC1/SBDS/BOP1/RPS16/RPL14/EIF4A3/RPS8/RPS25/RPL11/MTREX/WDR12/EXOSC7/CUL4B/EXOSC9/PIN4/C1QBP/RPS14/PRMT5/UTP6/RPS7/RPL35/DHX29/TBL3/NOC2L/EXOSC2/DCAF13/EXOSC6/DDX3X/GRWD1/TCOF1/UTP18/GTPBP4/LAS1L/GAR1/DDX18/CUL4A/HEATR1/RPS5/EMG1/ZNF622/ERI1/EFL1/EXOSC8/NOP16/PNO1/MAK16/RPS15A,0.5188480777437918
FC_vs_Healthy,GO:0008154,actin polymerization or depolymerization,85,0.4786931949039376,1.402135100162148,0.002705122097264509,0.024130234495119033,0.024130234495119026,1018,"tags=41%, list=24%, signal=32%",COTL1/LIMA1/ARPC5L/CYRIB/CORO7/ARPC3/VASP/RAC1/CFL1/CYRIA/RDX/ARPC5/ENAH/PRKCD/HCK/TWF1/CFL2/DSTN/CAPZA1/DIAPH1/SWAP70/MICAL1/NCKAP1/NCKAP1L/CAPZB/FLII/ARPC2/SH3BP1/PDXP/TMOD3/WASHC5/NCK1/PLEK/TWF2/NCK2,0.4317076958033464
FC_vs_Healthy,GO:0045785,positive regulation of cell adhesion,162,0.46227793223961333,1.4021197523298086,1.764278464021706e-4,0.003094488417053945,0.0030944884170539446,703,"tags=27%, list=17%, signal=24%",PTPRC/ITGB2/HLA-A/LGALS9/PTPN6/HLA-DPB1/HLA-DRB1/CSK/HMGB1/CALR/CYRIB/FGG/SMARCC2/HLA-E/HLA-G/RAC1/CFL1/AP3B1/LAMB1/CD47/SMARCD2/HSPH1/SART1/HLA-DRB5/CD63/TGM2/TFRC/RELA/LYN/SRC/YES1/ROCK1/CD44/FN1/SMARCE1/CDC42/NCKAP1L/CDK6/LCK/HLA-DRB3/YWHAG/FGB/FLNA/FGA,0.5188480777437918
FC_vs_Healthy,GO:0007163,establishment or maintenance of cell polarity,70,0.4843283658936315,1.4019033772463922,0.0027944758706562,0.02470316669660081,0.02470316669660081,848,"tags=36%, list=20%, signal=29%",CYRIB/MSN/NHERF1/CAP2/CAP1/RAC1/RAC2/CFL1/CLIC4/RAB10/RAP1B/PAK1/MYO18A/SHTN1/ROCK1/MAP4/RHOG/CDC42/NCKAP1L/SH3BP1/MAPRE1/PDLIM1/SNX27/CYTH1/CKAP5,0.4317076958033464
FC_vs_Healthy,GO:0030595,leukocyte chemotaxis,67,0.4846919364446343,1.4003049286679452,0.0036140261711577974,0.030253779690373985,0.030253779690373985,1102,"tags=40%, list=26%, signal=30%",ITGB2/LGALS9/DEFA1/DEFA1B/S100A8/HMGB1/CALR/CD74/RAC1/RAC2/WNK1/LYN/RPS19/BSG/SWAP70/NCKAP1L/PPIB/MCU/STK39/SRP54/MAPK1/MAPK3/SBDS/LGMN/GBF1/THBS1/ANO6,0.4317076958033464
FC_vs_Healthy,GO:0000082,G1/S transition of mitotic cell cycle,70,0.4833756036661389,1.3991455776242905,0.0030110977243548824,0.026198921144977523,0.02619892114497752,1394,"tags=51%, list=33%, signal=35%",PSME1/PSME2/PTPN6/PSMA4/SMARCC2/RDX/GSPT1/PSMA2/SMARCD2/EIF4G1/PSMA3/KHDRBS1/PSMB2/SMARCE1/CUL1/PSMB1/RCC1/CDK2/CDK6/CDK1/PSMA7/BCL7C/PRKDC/PSMB4/PSME3/DPF2/RRM1/PSMA1/EIF4E/CUL4B/SMARCC1/PSMA6/ACTB/CRLF3/ADAM17/SMARCA2,0.4317076958033464
FC_vs_Healthy,GO:0000086,G2/M transition of mitotic cell cycle,31,0.5184725648260405,1.3964933958372974,0.03175515406324489,0.13691734621967178,0.1369173462196718,1707,"tags=68%, list=40%, signal=41%",KHDRBS1/NES/CDK2/CDK6/CDK1/RRM1/TAOK3/TAOK1/NBN/INTS3/CDK5RAP3/ZNF830/BRCC3/RCC2/RAD21/RAD50/DNM2/GTPBP4/MRE11/VPS4A/VPS4B,0.3217759180753611
FC_vs_Healthy,GO:1902749,regulation of cell cycle G2/M phase transition,25,0.523441757604594,1.3895814414181415,0.03483606557377049,0.1450348758718968,0.1450348758718968,1707,"tags=72%, list=40%, signal=43%",NPM1/CDK1/MACROH2A1/RRM1/TAOK3/TAOK1/NBN/INTS3/CDK5RAP3/ZNF830/BRCC3/RCC2/RAD21/RAD50/GTPBP4/MRE11/VPS4A/VPS4B,0.24504178543099617
FC_vs_Healthy,GO:0051053,negative regulation of DNA metabolic process,40,0.49190528400670014,1.389426299820395,0.025176233635448138,0.11543459820402568,0.1154345982040257,1651,"tags=68%, list=39%, signal=42%",SUB1/H1-2/H1-3/H1-4/H1-5/H1-1/PML/PARP1/SRC/HNRNPU/S100A11/OTUB1/H1-10/HNRNPC/NBN/HNRNPA1/XRCC1/C1QBP/TP53BP1/XRN1/RAD50/PDS5A/RPS3/GTPBP4/MSH2/MRE11/CUL2,0.2878571172551493
FC_vs_Healthy,GO:0034620,cellular response to unfolded protein,36,0.5016627384723752,1.3866264163928854,0.027303773989994874,0.12264500105261926,0.12264500105261926,1281,"tags=50%, list=30%, signal=35%",DNAJC3/MANF/DNAJC10/BAX/VAPB/PTPN1/DDRGK1/TBL2/OPTN/NCK1/NCK2/EIF2S1/CDK5RAP3/ATAD3A/TMEM33/PIK3R1/UFL1/DERL1,0.35248785758361917
FC_vs_Healthy,GO:0000725,recombinational repair,45,0.4988104192160212,1.3850714713989563,0.015428954870120724,0.07679727536704234,0.07679727536704234,1364,"tags=62%, list=32%, signal=43%",UBE2N/SAMHD1/MCM6/PARP1/MCM3/FEN1/FUS/MCM2/CHD4/PRMT1/HDGFL2/PPP4C/RUVBL2/MCM4/PDS5B/RECQL/SFPQ/NBN/INTS3/MCM5/MCM7/HTATSF1/C1QBP/RPA1/TP53BP1/ACTB/RAD21/RAD50,0.3807304007227924
FC_vs_Healthy,GO:0042742,defense response to bacterium,88,0.4706030827064816,1.3815975238451281,0.0033143687616283488,0.027957080012208587,0.02795708001220859,921,"tags=34%, list=22%, signal=27%",GBP1/GBP2/HLA-A/DEFA1/DEFA3/DEFA1B/S100A8/OAS3/HLA-E/RNF213/H2BC12/KRT6A/GRN/RAB14/RAB1A/CASP1/PRKCD/RPS19/H2BC26/FGR/MYD88/FGB/FGA/RPL30/OPTN/JCHAIN/NFKB1/CFP/FAU/CYBA,0.4317076958033464
FC_vs_Healthy,GO:0044843,cell cycle G1/S phase transition,77,0.47049580248857437,1.3814618193455006,0.004393089195555563,0.03394659832929299,0.03394659832929299,941,"tags=39%, list=22%, signal=31%",PSME1/PSME2/PTPN6/PSMA4/SMARCC2/RDX/GSPT1/PSMA2/SMARCD2/EIF4G1/PSMA3/KHDRBS1/PSMB2/DDRGK1/SMARCE1/CUL1/PSMB1/RCC1/CDK2/CDK6/CDK1/PSMA7/BCL7C/PRKDC/PSMB4/PSME3/DPF2/RRM1/PLCG2/PSMA1,0.40701791892395395
FC_vs_Healthy,GO:0099072,regulation of postsynaptic membrane neurotransmitter receptor levels,40,0.48903340014496227,1.3813144313423285,0.027190332326283987,0.12263394783895432,0.1226339478389543,1463,"tags=52%, list=34%, signal=35%",AP3M1/RDX/SACM1L/RAB8A/GRIPAP1/TFRC/SNX6/HSP90AA1/RAP1A/EPB41L3/HIP1/SNX27/RALA/VPS35/AP2S1/AP2M1/MAP2K1/AP2A1/ADAM10/AP2B1/GIT1,0.2765005992544716
FC_vs_Healthy,GO:1903131,mononuclear cell differentiation,110,0.4621659755841694,1.3794064953416048,0.0010307149499154537,0.011276633857985904,0.011276633857985902,986,"tags=40%, list=23%, signal=32%",PTPRC/LGALS9/HLA-DRB1/PSMA4/IFI16/HMGB1/ACIN1/PSMB8/CD74/MMP14/NPM1/SMARCC2/HLA-B/HLA-G/AP3B1/PSMA2/SMARCD2/SART1/PARP1/PSMA3/TOP2B/LYN/PSMB2/CLPTM1/MYH9/DDRGK1/SMARCE1/PSMB1/CDC42/NCKAP1L/CDK6/LCK/PSMA7/STAT5A/HLA-DRA/PSMB9/PRKDC/PSMB4/PSMB10/PLCG2/TBK1/PSMA1/SLC25A5/SYVN1,0.45505986738722953
FC_vs_Healthy,GO:1903313,positive regulation of mRNA metabolic process,59,0.47983870532393996,1.379097121846972,0.0107075834097577,0.060060302882143445,0.060060302882143445,1315,"tags=51%, list=31%, signal=36%",LSM6/RBMX/THRAP3/YTHDF3/YTHDF2/YTHDF1/CAPRIN1/FXR1/FXR2/TRA2B/ZC3HAV1/DIS3/HNRNPU/ROCK1/PABPC1/SYNCRIP/CSDE1/NCBP2/YBX1/PAIP1/SNW1/TARDBP/LSM2/NCBP1/PDE12/DAZAP1/LSM7/XRN1/PRMT5/DHX9,0.3807304007227924
FC_vs_Healthy,GO:0050829,defense response to Gram-negative bacterium,23,0.5330049745293909,1.37854519272633,0.046153846153846156,0.17352213004386918,0.17352213004386918,724,"tags=30%, list=17%, signal=25%",DEFA1/DEFA3/DEFA1B/H2BC12/RPS19/RPL30/OPTN,0.21140018938492272
FC_vs_Healthy,GO:0006417,regulation of translation,177,0.4496360981750419,1.3740899150940984,2.88306933109515e-4,0.004424710570639084,0.004424710570639085,1508,"tags=53%, list=36%, signal=35%",RPL26/DNAJC3/NCL/CALR/YTHDF3/YTHDF2/YTHDF1/PKM/RBM8A/NPM1/CAPRIN1/SSB/GSPT1/RPL13A/EIF6/PML/FMR1/FXR1/FXR2/EIF4B/RPL10/EIF2AK2/ILF3/RPL5/EIF2A/EIF4G1/EIF4G3/EIF5A/EIF3H/ABCF1/HNRNPU/KHDRBS1/SRP9/PA2G4/PABPC1/SYNCRIP/ABCE1/SERBP1/EIF2S3/SHMT2/EPRS1/EIF4G2/EIF2S2/CSDE1/EIF2B4/EIF3C/NCBP2/YBX1/LARP1/PRMT1/BZW1/YBX3/RPS6KA3/PYM1/PAIP1/SH3BGRL/EIF5/ETF1/COA3/AARS1/PRKDC/EIF5B/EIF2B5/METAP2/NCK1/CNBP/NCK2/NCBP1/EIF4A2/EIF4A3/EIF2S1/THBS1/OTUD6B/EEF2/EIF4E/BZW2/PLXNB2/C1QBP/XRN1/KRT17/DHX9/EIF4H/DHX29/QKI/PRKCH/ELP1/RPS6KA1/GAPDH/RPS3/DDX3X/PELO/PRKCA/TCOF1,0.49849310876659025
FC_vs_Healthy,GO:0007229,integrin-mediated signaling pathway,59,0.4775974608017344,1.3726555950680053,0.012393784541873062,0.06648122290664919,0.06648122290664919,694,"tags=29%, list=16%, signal=24%",ITGB2/FERMT3/ITGAM/LAMB1/CD47/NME2/CD63/HCK/SRC/MYH9/TIMP1/FN1/ITGAX/CDC42/FGR/FLNA/ZYX,0.3807304007227924
FC_vs_Healthy,GO:0001539,cilium or flagellum-dependent cell motility,29,0.5119886348714824,1.372617280408709,0.036290322580645164,0.146889400921659,0.146889400921659,941,"tags=38%, list=22%, signal=30%",PSMA4/YIF1B/PSMA2/PSMA3/PSMB2/PSMB1/PSMA7/CFAP20/PSMB4/PSME3/PSMA1,0.2377938344236881
FC_vs_Healthy,GO:0030317,flagellated sperm motility,29,0.5119886348714824,1.372617280408709,0.036290322580645164,0.146889400921659,0.146889400921659,941,"tags=38%, list=22%, signal=30%",PSMA4/YIF1B/PSMA2/PSMA3/PSMB2/PSMB1/PSMA7/CFAP20/PSMB4/PSME3/PSMA1,0.2377938344236881
FC_vs_Healthy,GO:0060285,cilium-dependent cell motility,29,0.5119886348714824,1.372617280408709,0.036290322580645164,0.146889400921659,0.146889400921659,941,"tags=38%, list=22%, signal=30%",PSMA4/YIF1B/PSMA2/PSMA3/PSMB2/PSMB1/PSMA7/CFAP20/PSMB4/PSME3/PSMA1,0.2377938344236881
FC_vs_Healthy,GO:0060294,cilium movement involved in cell motility,29,0.5119886348714824,1.372617280408709,0.036290322580645164,0.146889400921659,0.146889400921659,941,"tags=38%, list=22%, signal=30%",PSMA4/YIF1B/PSMA2/PSMA3/PSMB2/PSMB1/PSMA7/CFAP20/PSMB4/PSME3/PSMA1,0.2377938344236881
FC_vs_Healthy,GO:0097722,sperm motility,29,0.5119886348714824,1.372617280408709,0.036290322580645164,0.146889400921659,0.146889400921659,941,"tags=38%, list=22%, signal=30%",PSMA4/YIF1B/PSMA2/PSMA3/PSMB2/PSMB1/PSMA7/CFAP20/PSMB4/PSME3/PSMA1,0.2377938344236881
FC_vs_Healthy,GO:0030010,establishment of cell polarity,44,0.4874722380516061,1.3723171681494368,0.02847126696573045,0.1268578628916619,0.12685786289166187,806,"tags=36%, list=19%, signal=30%",CYRIB/MSN/NHERF1/CFL1/RAB10/RAP1B/PAK1/MYO18A/SHTN1/ROCK1/MAP4/CDC42/SH3BP1/MAPRE1/SNX27/CYTH1,0.35248785758361917
FC_vs_Healthy,GO:0030218,erythrocyte differentiation,38,0.4943642915906616,1.3710686297041803,0.025150905432595575,0.11543459820402568,0.1154345982040257,1320,"tags=50%, list=31%, signal=35%",STAT1/CASP3/ACIN1/LYN/RPS19/PTBP3/NCKAP1L/CDK6/PRMT1/STAT5B/GLUL/PRKDC/HSPA9/SLC25A5/CDK5RAP3/UFL1/RPS14/HMGB2/SLC1A5,0.2878571172551493
FC_vs_Healthy,GO:0032640,tumor necrosis factor production,65,0.47607421778296316,1.3688339414357713,0.007300601398668183,0.046902119450746176,0.046902119450746176,1469,"tags=52%, list=35%, signal=35%",PTPRC/LGALS9/PTPN6/PSMA4/HMGB1/OAS3/CYBB/PSMB8/HLA-E/FXR1/PSMA2/CD47/PSMA3/CLU/PSMB2/RIGI/HDAC2/PSMB1/PSMA7/PSMB9/PSMB4/PSMB10/PLCG2/CYBA/PSMA1/THBS1/FRMD8/PSMA6/RAD21/DHX9/ADAM10/ADAM17/CD14/AKAP12,0.40701791892395395
FC_vs_Healthy,GO:0032680,regulation of tumor necrosis factor production,65,0.47607421778296316,1.3688339414357713,0.007300601398668183,0.046902119450746176,0.046902119450746176,1469,"tags=52%, list=35%, signal=35%",PTPRC/LGALS9/PTPN6/PSMA4/HMGB1/OAS3/CYBB/PSMB8/HLA-E/FXR1/PSMA2/CD47/PSMA3/CLU/PSMB2/RIGI/HDAC2/PSMB1/PSMA7/PSMB9/PSMB4/PSMB10/PLCG2/CYBA/PSMA1/THBS1/FRMD8/PSMA6/RAD21/DHX9/ADAM10/ADAM17/CD14/AKAP12,0.40701791892395395
FC_vs_Healthy,GO:0071706,tumor necrosis factor superfamily cytokine production,65,0.47607421778296316,1.3688339414357713,0.007300601398668183,0.046902119450746176,0.046902119450746176,1469,"tags=52%, list=35%, signal=35%",PTPRC/LGALS9/PTPN6/PSMA4/HMGB1/OAS3/CYBB/PSMB8/HLA-E/FXR1/PSMA2/CD47/PSMA3/CLU/PSMB2/RIGI/HDAC2/PSMB1/PSMA7/PSMB9/PSMB4/PSMB10/PLCG2/CYBA/PSMA1/THBS1/FRMD8/PSMA6/RAD21/DHX9/ADAM10/ADAM17/CD14/AKAP12,0.40701791892395395
FC_vs_Healthy,GO:1903555,regulation of tumor necrosis factor superfamily cytokine production,65,0.47607421778296316,1.3688339414357713,0.007300601398668183,0.046902119450746176,0.046902119450746176,1469,"tags=52%, list=35%, signal=35%",PTPRC/LGALS9/PTPN6/PSMA4/HMGB1/OAS3/CYBB/PSMB8/HLA-E/FXR1/PSMA2/CD47/PSMA3/CLU/PSMB2/RIGI/HDAC2/PSMB1/PSMA7/PSMB9/PSMB4/PSMB10/PLCG2/CYBA/PSMA1/THBS1/FRMD8/PSMA6/RAD21/DHX9/ADAM10/ADAM17/CD14/AKAP12,0.40701791892395395
FC_vs_Healthy,GO:0044839,cell cycle G2/M phase transition,35,0.5023894175173005,1.367563032046454,0.035175879396984924,0.1450348758718968,0.1450348758718968,1707,"tags=66%, list=40%, signal=40%",NPM1/KHDRBS1/NES/CDK2/CDK6/CDK1/MACROH2A1/RRM1/TAOK3/TAOK1/NBN/INTS3/CDK5RAP3/ZNF830/BRCC3/RCC2/RAD21/RAD50/DNM2/GTPBP4/MRE11/VPS4A/VPS4B,0.24133997681509095
FC_vs_Healthy,GO:0002444,myeloid leukocyte mediated immunity,39,0.4888241132063835,1.3651758116404955,0.03510531594784353,0.1450348758718968,0.1450348758718968,616,"tags=28%, list=15%, signal=24%",ITGB2/LGALS9/VAMP8/ITGAM/SERPINB9/HLA-E/RAC2/LYN/DDX21/RIGI/FGR,0.24133997681509095
FC_vs_Healthy,GO:0002793,positive regulation of peptide secretion,30,0.5025075281222108,1.3633241609104263,0.046511627906976744,0.17352213004386918,0.17352213004386918,810,"tags=37%, list=19%, signal=30%",HLA-DRB1/FGG/RAC1/ACSL4/RAB8B/PRKACA/PRKACB/FGB/MCU/FGA/TARDBP,0.2089550275493539
FC_vs_Healthy,GO:0090277,positive regulation of peptide hormone secretion,30,0.5025075281222108,1.3633241609104263,0.046511627906976744,0.17352213004386918,0.17352213004386918,810,"tags=37%, list=19%, signal=30%",HLA-DRB1/FGG/RAC1/ACSL4/RAB8B/PRKACA/PRKACB/FGB/MCU/FGA/TARDBP,0.2089550275493539
FC_vs_Healthy,GO:0030098,lymphocyte differentiation,85,0.46543876450625715,1.3633116903224212,0.005928495854653325,0.041628295692846366,0.04162829569284636,986,"tags=40%, list=23%, signal=31%",PTPRC/HLA-DRB1/PSMA4/HMGB1/PSMB8/CD74/MMP14/SMARCC2/HLA-G/AP3B1/PSMA2/SMARCD2/SART1/PSMA3/TOP2B/PSMB2/CLPTM1/DDRGK1/SMARCE1/PSMB1/NCKAP1L/LCK/PSMA7/STAT5A/HLA-DRA/PSMB9/PRKDC/PSMB4/PSMB10/PLCG2/TBK1/PSMA1/SLC25A5/SYVN1,0.40701791892395395
FC_vs_Healthy,GO:0001818,negative regulation of cytokine production,77,0.4642368844669417,1.363084490086524,0.006013796492158659,0.041793994489530306,0.041793994489530306,836,"tags=30%, list=20%, signal=24%",GBP1/PTPRC/LGALS9/CASP3/PTPN6/HLA-DRB1/CSK/SERPINB1/HMGB1/OAS3/CTPS1/RAC1/PML/FXR1/RELA/PRKACA/FN1/NCKAP1L/BST2/PPM1B/HMOX1/SIGLEC1/NFKB1,0.40701791892395395
FC_vs_Healthy,GO:0006605,protein targeting,79,0.46683578502016465,1.3630726756213742,0.004995180668996367,0.036554136683715134,0.036554136683715134,1432,"tags=53%, list=34%, signal=36%",ITGB2/M6PR/ITGAM/YIF1B/IGF2R/AP3M1/SRP72/CHMP4B/HGS/CHMP4A/PML/NACA/PAK1/CLU/SRP9/SRPRA/SEC63/SEC61B/SRP68/CDC37/SPCS1/SRP14/STOM/SRPRB/SRP54/AP3D1/SPCS3/ARL6IP1/GET4/HSPA8/SEC61A1/SQSTM1/RPL11/SSR1/GBP5/GDI1/GOLGA7/SSR4/SEC62/PIK3C3/ZFYVE16/SPCS2,0.40701791892395395
FC_vs_Healthy,GO:0006364,rRNA processing,101,0.4596068084163531,1.3625155604160988,0.002834965251557229,0.024862195261672528,0.024862195261672524,1427,"tags=52%, list=34%, signal=36%",LSM6/RPL7A/RPL26/YTHDF2/RPS21/RPL27/RPS15/EIF6/RPL5/SART1/SNU13/RPS24/NOP58/RPS17/DIS3/PA2G4/RPS19/DDX21/RPL7/DKC1/RRP1/XRN2/RPL35A/FBL/FTSJ3/NOP2/RPS13/PRKDC/RPS27/IMP3/NOP56/EXOSC1/SBDS/BOP1/RPS16/RPL14/EIF4A3/RPS25/RPL11/MTREX/WDR12/EXOSC7/EXOSC9/PIN4/RPS14/PRMT5/UTP6/RPS7/RPL35/TBL3/EXOSC2/DCAF13/EXOSC6,0.4317076958033464
FC_vs_Healthy,GO:0042770,signal transduction in response to DNA damage,47,0.4755310132945865,1.3615068221820892,0.027,0.12227459016393442,0.12227459016393442,1395,"tags=55%, list=33%, signal=38%",RPL26/H2AX/CD74/CDC5L/GRB2/PML/LYN/CD44/CUL1/CDK2/CDK1/STK38/PRKDC/MAPK3/SP100/TAOK3/TAOK1/NBN/CDK5RAP3/BRCC3/UFL1/TP53BP1/COPS3/PYHIN1/PARP9/FBXO6,0.2765005992544716
FC_vs_Healthy,GO:0141188,nucleic acid catabolic process,161,0.4486866096119082,1.3613043250675407,4.3817308323038014e-4,0.005983523928722711,0.005983523928722712,1206,"tags=44%, list=28%, signal=33%",LSM6/NME1/CASP3/THRAP3/SNRPF/BCLAF1/YTHDF3/YTHDF2/YTHDF1/RBM8A/BAX/NPM1/CAPRIN1/SSB/GSPT1/SRSF1/FMR1/FXR1/FXR2/APEX1/GSPT2/ZC3HAV1/PRKCD/DIS3/HNRNPU/ROCK1/SLIRP/FEN1/DKC1/PABPC1/PABPC4/SYNCRIP/SERBP1/SLFN5/FUS/SNRPB/CSDE1/NSUN2/PNN/XRN2/MYD88/NCBP2/YBX1/LARP1/PABPN1/YBX3/PYM1/PAIP1/HNRNPC/SNW1/ETF1/TARDBP/WDR82/TAF15/EXOSC1/HNRNPA0/SND1/LSM2/MAGOHB/INTS3/NCBP1/EIF4A3/PDE12/CPSF2/MTREX/ALYREF/EXOSC7/EXOSC9/RNASE6/RNPS1/C1QBP,0.49849310876659025
FC_vs_Healthy,GO:0008360,regulation of cell shape,55,0.47694376003091465,1.360169430392545,0.008835063248848885,0.05257521845419551,0.05257521845419551,675,"tags=29%, list=16%, signal=25%",ITGB2/MSN/NHERF1/RAC1/RAC2/CFL1/FMNL1/RDX/HCK/MYH9/FN1/PALM2AKAP2/EPB41L3/RHOG/FGR/ARAP1,0.3807304007227924
FC_vs_Healthy,GO:0051146,striated muscle cell differentiation,102,0.45713987235478803,1.3601317626528284,0.002445436209607126,0.02251839176346562,0.022518391763465616,1076,"tags=43%, list=25%, signal=33%",RPL31/RPL7A/RPL21/CASP3/RPL34/CALR/RPL23A/MMP14/RPL18A/RPL17/RPL32/RPL27/RPL13A/RPL6/RPL10/KRT8/RPL5/RPL27A/EHD1/NACA/PAK1/RPL37A/RPL19/CACYBP/RPL7/RPL24/MYL9/CDK1/DOCK2/RPL35A/FLII/FLNC/RPL30/RPL4/RPL29/RPL28/CSRP2/TMOD3/RPL3L/RPL12/RPL14/RPL18/AKAP13/WDR1,0.4317076958033464
FC_vs_Healthy,GO:0035966,response to topologically incorrect protein,66,0.47176798708404477,1.359459800282723,0.009162464634131333,0.053060984000711194,0.0530609840007112,1478,"tags=55%, list=35%, signal=36%",DNAJC3/MANF/DNAJC10/BAX/VAPB/UBR4/HSPH1/PTPN1/CLU/HSP90AA1/HSP90AB1/DDRGK1/STT3B/DNAJA1/TBL2/OPTN/HSPA2/HSPA8/NCK1/NCK2/EIF2S1/HSPA4/THBS1/CDK5RAP3/ATAD3A/TMEM33/PIK3R1/UFL1/DERL1/DNAJB4/DNAJB1/SERPINH1/FBXO6/FAF2/ERP44/DNAJB12,0.3807304007227924
FC_vs_Healthy,GO:0032637,interleukin-8 production,27,0.5042703188374426,1.359436804122057,0.04742684157416751,0.17410850478224285,0.17410850478224285,620,"tags=30%, list=15%, signal=25%",PTPRC/LGALS9/HMGB1/CD74/RAB1A/RELA/RIGI/MYD88,0.2065879226968911
FC_vs_Healthy,GO:0032677,regulation of interleukin-8 production,27,0.5042703188374426,1.359436804122057,0.04742684157416751,0.17410850478224285,0.17410850478224285,620,"tags=30%, list=15%, signal=25%",PTPRC/LGALS9/HMGB1/CD74/RAB1A/RELA/RIGI/MYD88,0.2065879226968911
FC_vs_Healthy,GO:0006282,regulation of DNA repair,64,0.4710564250679945,1.3579548520889735,0.010854450906336272,0.06027220226885216,0.06027220226885217,1394,"tags=55%, list=33%, signal=37%",PCNA/HMGB1/UBE2V1/H2AX/UBE2N/UBE2V2/SMARCC2/PML/SMARCD2/PARP1/TOP2B/PRKCD/DEK/SMARCE1/FUS/OTUB1/BCL7C/PRMT1/HDGFL2/PRKDC/PPP4C/DPF2/RUVBL2/SF3B3/NBN/XRCC1/SMARCC1/C1QBP/BRCC3/PPP4R3A/TP53BP1/ACTB/DHX9/RAD50/SMARCA2,0.3807304007227924
FC_vs_Healthy,GO:0001933,negative regulation of protein phosphorylation,30,0.500392732610818,1.3575866313119334,0.04853387259858443,0.17597142597142595,0.17597142597142598,822,"tags=37%, list=19%, signal=30%",PTPRC/DNAJC3/ADAR/PTPN1/LYN/SNX6/DNAJA1/STK38/YWHAG/TARDBP/PRKDC,0.2042947565168861
FC_vs_Healthy,GO:0015833,peptide transport,57,0.4727284471268798,1.3566961912955113,0.013883545943067803,0.07058477389549346,0.07058477389549346,872,"tags=33%, list=21%, signal=27%",TAP2/HLA-DRB1/NHERF1/TAP1/CD74/FGG/RAC1/EIPR1/CPT1A/ACSL4/RAB8B/RAB1A/PRKACA/PRKACB/FGB/MCU/FGA/TARDBP/SLC16A1,0.3807304007227924
FC_vs_Healthy,GO:0071248,cellular response to metal ion,44,0.4816061905464764,1.355803247823132,0.029116465863453816,0.12869477911646587,0.12869477911646587,1350,"tags=50%, list=32%, signal=34%",MT1H/MT2A/MT1E/CALR/CYBB/HVCN1/PPIF/CLIC4/PARP1/CACYBP/CAMK2D/STK39/HSP90B1/PLCG2/LGMN/ALOX5AP/EIF2S1/PPP5C/PRKAA1/FBP1/SLC25A24/IQGAP1,0.2663506570885256
FC_vs_Healthy,GO:0002702,positive regulation of production of molecular mediator of immune response,31,0.503094606315453,1.355073234080617,0.0486322188449848,0.17597142597142595,0.17597142597142598,472,"tags=29%, list=11%, signal=26%",PTPRC/HLA-A/CD74/HLA-E/HLA-G/GALNT2/TFRC/DDX21/RIGI,0.2042947565168861
FC_vs_Healthy,GO:0070371,ERK1 and ERK2 cascade,80,0.4595883700754491,1.353416314861786,0.009171627098765464,0.053060984000711194,0.0530609840007112,703,"tags=28%, list=17%, signal=23%",GBP1/PTPRC/LGALS9/PTPN6/NAMPT/CSK/HMGB1/NHERF1/CD74/FGG/ICAM1/EIF3A/PTPN1/LYN/SRC/CD44/FN1/RAP1A/CDK1/FGB/GLIPR2/FGA,0.3807304007227924
FC_vs_Healthy,GO:0051054,positive regulation of DNA metabolic process,87,0.4561927002877378,1.3500410219800019,0.005075490820370595,0.036897482608615174,0.03689748260861518,1394,"tags=53%, list=33%, signal=36%",SMARCA5/CASP3/PCNA/HMGB1/H2AX/UBE2N/UBE2V2/BAX/SMARCC2/PML/SMARCD2/PARP1/TFRC/TOP2B/PRKCD/CACYBP/DKC1/HSP90AA1/SMARCE1/SSBP1/FUS/CDK2/CDK1/BCL7C/PRMT1/HDGFL2/PRKDC/DPF2/RUVBL2/MAPK1/MAPK3/CCT7/NBN/HNRNPA1/CCT4/RFC2/SMARCC1/PTGES3/BRCC3/TP53BP1/ACTB/DHX9/HNRNPA2B1/CCT8/RAD50/SMARCA2,0.40701791892395395
FC_vs_Healthy,GO:0002262,myeloid cell homeostasis,46,0.4802195776846494,1.3498923845852175,0.030969030969030968,0.13525999692007598,0.13525999692007598,1391,"tags=52%, list=33%, signal=35%",STAT1/CASP3/HMGB1/ACIN1/RPS24/LYN/RPS17/RPS19/PTBP3/NCKAP1L/CDK6/PRMT1/STAT5B/GLUL/HMOX1/PRKDC/HSPA9/SLC25A5/CDK5RAP3/UFL1/RPS14/HMGB2/SLC1A5/ADAM17,0.25720646646883816
FC_vs_Healthy,GO:0002791,regulation of peptide secretion,43,0.47950401629464,1.3439146219233806,0.03815261044176707,0.15274867586287177,0.15274867586287177,872,"tags=35%, list=21%, signal=28%",HLA-DRB1/CD74/FGG/RAC1/EIPR1/CPT1A/ACSL4/RAB8B/PRKACA/PRKACB/FGB/MCU/FGA/TARDBP/SLC16A1,0.2311267096738343
FC_vs_Healthy,GO:0090087,regulation of peptide transport,43,0.47950401629464,1.3439146219233806,0.03815261044176707,0.15274867586287177,0.15274867586287177,872,"tags=35%, list=21%, signal=28%",HLA-DRB1/CD74/FGG/RAC1/EIPR1/CPT1A/ACSL4/RAB8B/PRKACA/PRKACB/FGB/MCU/FGA/TARDBP/SLC16A1,0.2311267096738343
FC_vs_Healthy,GO:0017157,regulation of exocytosis,66,0.4656843045928514,1.3419288909991562,0.013701561049607947,0.07009363407322584,0.07009363407322584,1998,"tags=70%, list=47%, signal=37%",ITGB2/LGALS9/VAMP8/ITGAM/FGG/RAC2/HGS/FMR1/RAB3D/RAP1B/LYN/RAB27A/MICAL1/RAP1A/NCKAP1L/CDK5/FGR/RAB3GAP1/FGB/FGA/VAMP7/AP1G1/CALM3/RALA/STXBP2/PRKCB/NSF/RAB9A/LAMP1/GNAI2/GIT1/STXBP5/PRKCA/RAB7A/VPS4A/VPS4B/CLASP2/VAMP2/HLA-F/VPS18/RAB21/PPP3CA/CLASP1/RAB5A/ANXA1/CHMP2A,0.3807304007227924
FC_vs_Healthy,GO:0006402,mRNA catabolic process,124,0.4521507097562827,1.341783194626028,9.527156903938701e-4,0.01054858447170282,0.01054858447170282,1315,"tags=48%, list=31%, signal=34%",LSM6/THRAP3/SNRPF/BCLAF1/YTHDF3/YTHDF2/YTHDF1/RBM8A/NPM1/CAPRIN1/SSB/GSPT1/SRSF1/FMR1/FXR1/FXR2/APEX1/GSPT2/ZC3HAV1/PRKCD/DIS3/HNRNPU/ROCK1/SLIRP/PABPC1/SYNCRIP/SERBP1/FUS/SNRPB/CSDE1/PNN/XRN2/MYD88/NCBP2/YBX1/LARP1/YBX3/PYM1/PAIP1/HNRNPC/SNW1/ETF1/TARDBP/TAF15/HNRNPA0/SND1/LSM2/MAGOHB/NCBP1/EIF4A3/PDE12/CPSF2/ALYREF/EXOSC7/EXOSC9/RNPS1/LSM7/XRN1/SNRPG/DHX9,0.47727081536286214
FC_vs_Healthy,GO:0046887,positive regulation of hormone secretion,36,0.48531073069023556,1.3414284692206033,0.043434343434343436,0.16664913019079686,0.16664913019079686,810,"tags=36%, list=19%, signal=29%",HLA-DRB1/VAMP8/FGG/RAC1/ACSL4/RAB8B/PRKACA/PRKACB/FGB/MCU/FGA/VAMP7/TARDBP,0.2165428367353482
FC_vs_Healthy,GO:1902107,positive regulation of leukocyte differentiation,45,0.483008693390185,1.341194040621482,0.033066132264529056,0.13945830592482675,0.13945830592482675,822,"tags=36%, list=19%, signal=29%",LGALS9/HLA-DRB1/HMGB1/ACIN1/CD74/MMP14/SMARCC2/HLA-G/AP3B1/SMARCD2/SART1/DDRGK1/SMARCE1/NCKAP1L/HLA-DRA/PRKDC,0.24891111443470246
FC_vs_Healthy,GO:1903708,positive regulation of hemopoiesis,45,0.483008693390185,1.341194040621482,0.033066132264529056,0.13945830592482675,0.13945830592482675,822,"tags=36%, list=19%, signal=29%",LGALS9/HLA-DRB1/HMGB1/ACIN1/CD74/MMP14/SMARCC2/HLA-G/AP3B1/SMARCD2/SART1/DDRGK1/SMARCE1/NCKAP1L/HLA-DRA/PRKDC,0.24891111443470246
FC_vs_Healthy,GO:0022604,regulation of cell morphogenesis,74,0.4589543023411736,1.3383324629873907,0.010854450906336272,0.06027220226885216,0.06027220226885217,675,"tags=28%, list=16%, signal=24%",ITGB2/MSN/NHERF1/PLAA/RAC1/RAC2/CFL1/FMNL1/RDX/CAPRIN1/HCK/SRC/MYH9/CD44/FN1/PALM2AKAP2/EPB41L3/RHOG/FGR/ARPIN/ARAP1,0.3807304007227924
FC_vs_Healthy,GO:2001242,regulation of intrinsic apoptotic signaling pathway,67,0.46313926941825667,1.3380379429937919,0.013197215557263227,0.06944249138464698,0.06944249138464698,1465,"tags=49%, list=35%, signal=33%",SOD2/RPL26/S100A8/NHERF1/BCLAF1/CD74/BAX/PPIF/HYOU1/PARP1/TPT1/EIF5A/PTPN1/SRC/CLU/ERP29/CD44/DNAJA1/LCK/YBX3/ENO1/SFPQ/NCK1/SYVN1/NCK2/TP53BP1/MAP2K1/RPS7/BCAP31/P4HB/NOC2L/RPS3/DDX3X,0.3807304007227924
FC_vs_Healthy,GO:0007015,actin filament organization,201,0.43619897390405526,1.3359555279361386,8.524310386411072e-4,0.009798784440431928,0.009798784440431928,1018,"tags=37%, list=24%, signal=30%",CORO1A/COTL1/ARPC1B/CNN2/LIMA1/ARPC5L/EFHD2/CYRIB/ELMO1/CAP2/CAP1/CORO7/ARPC3/VASP/RAC1/RAC2/CFL1/CYRIA/RDX/MYO1B/PAK2/MYO1G/MARCKS/ARPC5/CD47/PAK1/ENAH/CNN3/PRKCD/SHTN1/CALD1/HCK/SRC/MYO1F/MYO1E/TWF1/CFL2/DSTN/ROCK1/CAPZA1/DIAPH1/SWAP70/MICAL1/LCP1/MYL9/MYO5A/RHOG/CDC42/NCKAP1/NCKAP1L/CAPZB/ARPIN/ARAP1/HIP1/FLII/FLNA/MARCKSL1/ZYX/ARPC2/SH3BP1/WASHC4/PDLIM1/TPM4/PDXP/HSP90B1/ELMO2/TMOD3/F11R/WASHC5/NCK1/LUZP1/IQGAP2/PLEK/TWF2/NCK2,0.47727081536286214
FC_vs_Healthy,GO:0070588,calcium ion transmembrane transport,74,0.45758548305934577,1.3343409211901172,0.011022733621996983,0.060900603261533334,0.06090060326153333,1167,"tags=45%, list=28%, signal=33%",PTPRC/ERO1A/PML/FMR1/TMCO1/ATP2A1/ATP2A2/LYN/PRKACA/FKBP1A/ATP2A3/GSTO1/DIAPH1/CLIC2/LCK/CAMK2D/GHITM/PMPCB/MCU/FLNA/TMEM165/PLCG2/HSPA9/SEC61A1/TMBIM1/CALM1/CALM2/CALM3/ATP1A2/ANO6/LETM1/YWHAE/BIN1,0.3807304007227924
FC_vs_Healthy,GO:0006401,RNA catabolic process,155,0.43802746527996606,1.334234425673888,0.0018117784187858556,0.01787513529248545,0.01787513529248545,1315,"tags=46%, list=31%, signal=33%",LSM6/THRAP3/SNRPF/BCLAF1/YTHDF3/YTHDF2/YTHDF1/RBM8A/NPM1/CAPRIN1/SSB/GSPT1/SRSF1/FMR1/FXR1/FXR2/APEX1/GSPT2/ZC3HAV1/PRKCD/DIS3/HNRNPU/ROCK1/SLIRP/FEN1/DKC1/PABPC1/PABPC4/SYNCRIP/SERBP1/SLFN5/FUS/SNRPB/CSDE1/NSUN2/PNN/XRN2/MYD88/NCBP2/YBX1/LARP1/PABPN1/YBX3/PYM1/PAIP1/HNRNPC/SNW1/ETF1/TARDBP/WDR82/TAF15/EXOSC1/HNRNPA0/SND1/LSM2/MAGOHB/INTS3/NCBP1/EIF4A3/PDE12/CPSF2/MTREX/ALYREF/EXOSC7/EXOSC9/RNASE6/RNPS1/C1QBP/LSM7/XRN1/SNRPG/DHX9,0.45505986738722953
FC_vs_Healthy,GO:0008064,regulation of actin polymerization or depolymerization,70,0.46081261483093433,1.3338363112746239,0.011695864962153388,0.06346695818302026,0.06346695818302024,1339,"tags=47%, list=32%, signal=33%",COTL1/LIMA1/ARPC5L/CYRIB/ARPC3/VASP/CFL1/CYRIA/RDX/ARPC5/PRKCD/HCK/TWF1/CFL2/CAPZA1/SWAP70/NCKAP1/NCKAP1L/CAPZB/FLII/SH3BP1/PDXP/TMOD3/NCK1/PLEK/TWF2/NCK2/WDR1/BIN1/EVL/ARHGAP18/TRIOBP/HIP1R,0.3807304007227924
FC_vs_Healthy,GO:0030832,regulation of actin filament length,70,0.46081261483093433,1.3338363112746239,0.011695864962153388,0.06346695818302026,0.06346695818302024,1339,"tags=47%, list=32%, signal=33%",COTL1/LIMA1/ARPC5L/CYRIB/ARPC3/VASP/CFL1/CYRIA/RDX/ARPC5/PRKCD/HCK/TWF1/CFL2/CAPZA1/SWAP70/NCKAP1/NCKAP1L/CAPZB/FLII/SH3BP1/PDXP/TMOD3/NCK1/PLEK/TWF2/NCK2/WDR1/BIN1/EVL/ARHGAP18/TRIOBP/HIP1R,0.3807304007227924
FC_vs_Healthy,GO:0017148,negative regulation of translation,60,0.4664998242123135,1.3327800021786007,0.023690435577663756,0.10999130803915316,0.10999130803915315,647,"tags=30%, list=15%, signal=26%",DNAJC3/NCL/CALR/CAPRIN1/RPL13A/EIF6/PML/FMR1/FXR1/EIF2AK2/ILF3/EIF4G1/SRP9/SYNCRIP/SERBP1/EPRS1/YBX1/LARP1,0.35248785758361917
FC_vs_Healthy,GO:0030518,nuclear receptor-mediated steroid hormone signaling pathway,43,0.47552288581561003,1.3327566351688638,0.04216867469879518,0.16292442497261775,0.16292442497261772,1243,"tags=42%, list=29%, signal=30%",DEFA1/DEFA3/DEFA1B/CALR/SAFB/PARP1/PAK1/SRC/HDAC1/HDAC2/DDRGK1/YWHAH/SAFB2/VPS11/CARM1/PPP5C/UBE3A/UFL1,0.21925034670375515
FC_vs_Healthy,GO:0043401,steroid hormone receptor signaling pathway,43,0.47552288581561003,1.3327566351688638,0.04216867469879518,0.16292442497261775,0.16292442497261772,1243,"tags=42%, list=29%, signal=30%",DEFA1/DEFA3/DEFA1B/CALR/SAFB/PARP1/PAK1/SRC/HDAC1/HDAC2/DDRGK1/YWHAH/SAFB2/VPS11/CARM1/PPP5C/UBE3A/UFL1,0.21925034670375515
FC_vs_Healthy,GO:0060326,cell chemotaxis,88,0.4533509476727648,1.3309486693868344,0.01034960308312588,0.05834852758599029,0.05834852758599029,1102,"tags=38%, list=26%, signal=28%",ITGB2/LGALS9/DEFA1/DEFA1B/S100A8/HMGB1/CALR/CD74/RAC1/RAC2/WNK1/PRKCD/LYN/RPS19/BSG/RAB13/SWAP70/RHOG/NCKAP1L/ENG/PPIB/MCU/STK39/SRP54/ELMO2/MAPK1/MAPK3/SBDS/LGMN/GBF1/THBS1/CORO1B/ANO6,0.3807304007227924
FC_vs_Healthy,GO:0034502,protein localization to chromosome,43,0.4748132720643738,1.33076778781035,0.04216867469879518,0.16292442497261775,0.16292442497261772,1940,"tags=79%, list=46%, signal=43%",H2AC8/H2AX/H2AC4/PML/PARP1/IK/PRKACA/VCPIP1/CDK2/CDK1/MACROH2A1/VRK1/NBN/HTATSF1/RCC2/RPA1/TP53BP1/RAD21/BUB3/H4C16/H4C15/H4C9/H4C1/H4C4/H4C6/H4C12/H4C11/H4C3/H4C8/H4C2/H4C5/H4C13/H4C14/TERF2,0.21925034670375515
FC_vs_Healthy,GO:0000956,nuclear-transcribed mRNA catabolic process,67,0.4594828116434407,1.3274742107371775,0.01471025270990982,0.07388558747477432,0.07388558747477433,1586,"tags=60%, list=37%, signal=38%",LSM6/THRAP3/SNRPF/RBM8A/CAPRIN1/SSB/GSPT1/GSPT2/DIS3/HNRNPU/PABPC1/SYNCRIP/SNRPB/CSDE1/XRN2/NCBP2/YBX1/PYM1/PAIP1/ETF1/LSM2/MAGOHB/NCBP1/EIF4A3/PDE12/CPSF2/ALYREF/EXOSC7/EXOSC9/RNPS1/LSM7/XRN1/SNRPG/DHX9/EXOSC2/EXOSC6/SKIC3/PELO/EDC4/SYMPK,0.3807304007227924
FC_vs_Healthy,GO:0051168,nuclear export,83,0.45318012571943456,1.3269081858885607,0.007122706360547275,0.0468487531452663,0.0468487531452663,1406,"tags=52%, list=33%, signal=35%",ADAR/CALR/SRSF3/RBM8A/NPM1/RPS15/SSB/EIF6/FMR1/THOC6/WNK1/RANBP2/RGPD2/KHDRBS1/NMD3/NSUN2/NCBP2/PABPN1/ANP32B/CPSF6/WASHC4/NUP88/SP100/NUP153/MAGOHB/NCBP1/EIF4A3/HNRNPA1/CHTOP/IWS1/NUP93/EIF4E/SFN/YWHAE/NUP85/RANBP3/ALYREF/RBM22/DHX9/HNRNPA2B1/DDX39A/DDX39B/RANBP1,0.40701791892395395
FC_vs_Healthy,GO:0045089,positive regulation of innate immune response,135,0.43900223032629115,1.3231104218694605,0.0033110577039244245,0.027957080012208587,0.02795708001220859,1362,"tags=46%, list=32%, signal=32%",GBP2/CTSS/HLA-C/MNDA/IFI16/S100A8/HMGB1/OAS3/HLA-E/HLA-G/AP3B1/PCBP2/MATR3/RBM14/WDFY1/PAK2/CPT1A/EIF2AK2/DDX60/PARP1/PQBP1/RALB/CASP1/PAK1/ZC3HAV1/RELA/HCK/LYN/SRC/RPS19/RIGI/STING1/HSP90AA1/MYD88/TRIM25/RPS6KA3/PRKDC/CFP/RFTN1/HSP90B1/USP15/PLCG2/CYBA/HSPA8/TBK1/AP1G1/SQSTM1/SFPQ/UBE2K/YWHAE/PIK3R1/GBP5/C1QBP/BRCC3/GDI1/LAMP1/HMGB2/MASP1/PYHIN1/DHX9/PARP9/TRIM56,0.4317076958033464
FC_vs_Healthy,GO:0032984,protein-containing complex disassembly,114,0.441610476754742,1.3201434840337383,0.006781503050758442,0.04569244433590292,0.045692444335902915,1763,"tags=61%, list=42%, signal=37%",LIMA1/VAMP8/SET/TRIM21/SMARCC2/CFL1/CHMP4B/RDX/GSPT1/CHMP4A/KLC1/SUPT16H/SMARCD2/ATP2A2/GSPT2/WNK1/TWF1/CFL2/DSTN/NES/CAPZA1/ABCE1/SMARCE1/VPS16/SWAP70/MICAL1/CAPZB/IST1/FLII/SH3BP1/PYM1/STMN1/SSRP1/NAPA/ETF1/CKAP5/PDXP/CHMP5/TMOD3/HSPA8/KIF5B/CHMP1B/CALM1/TAOK1/PLEK/TWF2/GABARAPL2/WDR1/NSF/SMARCC1/VTA1/MPO/KIF2A/VPS33A/TRIOBP/FAF2/PIK3C3/GRWD1/CHMP6/SCAF4/RPL23/ACTN2/MAP1LC3B2/PPP1R9B/VPS4A/VPS4B/CLASP2/EPS8/PIK3R4/CHMP3,0.40701791892395395
FC_vs_Healthy,GO:0098771,inorganic ion homeostasis,99,0.4404490514306913,1.318670029777067,0.013701561049607947,0.07009363407322584,0.07009363407322584,1130,"tags=36%, list=27%, signal=27%",MT1H/MT2A/MT1E/CALR/BAX/VAPB/PML/TMCO1/ATP13A1/ATP2A1/ATP2A2/TGM2/TPT1/TFRC/WNK1/PRKACA/ATP2A3/SLC30A7/CUL1/CAMK2D/MCU/GLUL/STK39/HMOX1/ATP6V1G1/ATP1A1/TMEM165/GLRX3/TBXAS1/ATP1A2/ATP4A/LCN2/PICALM/LETM1/NPTN/YWHAE,0.3807304007227924
FC_vs_Healthy,GO:0035967,cellular response to topologically incorrect protein,43,0.4701651589270528,1.317740436636379,0.04618473895582329,0.17352213004386918,0.17352213004386918,1281,"tags=44%, list=30%, signal=31%",DNAJC3/MANF/DNAJC10/BAX/VAPB/UBR4/PTPN1/DDRGK1/TBL2/OPTN/NCK1/NCK2/EIF2S1/CDK5RAP3/ATAD3A/TMEM33/PIK3R1/UFL1/DERL1,0.2089550275493539
FC_vs_Healthy,GO:0016072,rRNA metabolic process,121,0.44112607080347194,1.3164103796718583,0.0026185600671995014,0.02371728585455286,0.02371728585455286,1767,"tags=60%, list=42%, signal=36%",LSM6/RPL7A/RPL26/TOP1/NCL/YTHDF2/RPS21/RPL27/RPS15/EIF6/RPL5/SART1/SNU13/RPS24/NOP58/RPS17/DIS3/PA2G4/RPS19/DDX21/RPL7/DKC1/RRP1/SLFN5/XRN2/RPL35A/MACROH2A1/FBL/FTSJ3/NOP2/RPS13/PRKDC/RPS27/IMP3/NOP56/EXOSC1/SBDS/BOP1/RPS16/RPL14/EIF4A3/RPS25/RPL11/MTREX/WDR12/EXOSC7/EXOSC9/PIN4/RPS14/POLR2E/XRN1/PRMT5/UTP6/RPS7/MACROH2A2/RPL35/TBL3/EXOSC2/DCAF13/EXOSC6/TCOF1/UTP18/LAS1L/GAR1/DDX18/POLR1C/HEATR1/EMG1/ERI1/SMARCA4/EXOSC8/PNO1/MAK16,0.4317076958033464
FC_vs_Healthy,GO:0070374,positive regulation of ERK1 and ERK2 cascade,50,0.46162240967597035,1.3148981548205279,0.042042042042042045,0.16292442497261775,0.16292442497261772,703,"tags=26%, list=17%, signal=22%",PTPRC/LGALS9/NAMPT/HMGB1/CD74/FGG/ICAM1/SRC/CD44/RAP1A/FGB/GLIPR2/FGA,0.21925034670375515
FC_vs_Healthy,GO:0019058,viral life cycle,133,0.4361106633468295,1.312377159325517,0.0038304324105596444,0.031153385599132905,0.031153385599132905,680,"tags=31%, list=16%, signal=27%",LGALS9/CTSB/IFI16/ADAR/VAMP8/HMGB1/OAS3/TRIM21/ICAM1/CHMP4B/IFITM3/VAPB/VAPA/PCBP2/PCBP3/CHMP4A/PPIE/FMR1/EIF2AK2/ILF3/RAB43/RAB1A/RAB1B/ZC3HAV1/TFRC/TOP2B/DEK/SRC/MYH9/SLC3A2/PABPC1/STAU1/HSP90AB1/BSG/SPCS1/RAD23A/CDK1/IFIT1/TRIM25/LARP1/BST2,0.4317076958033464
FC_vs_Healthy,GO:0002685,regulation of leukocyte migration,65,0.45641563805180707,1.312310546193445,0.027,0.12227459016393442,0.12227459016393442,1391,"tags=45%, list=33%, signal=30%",LGALS9/HMGB1/CALR/MSN/CD74/MMP14/RAC1/RAC2/ICAM1/CD47/WNK1/LYN/STK10/SWAP70/NCKAP1L/MCU/STK39/HMOX1/MAPK1/MAPK3/LGMN/MIA3/THBS1/ANO6/C1QBP/MPP1/ADAM10/P4HB/ADAM17,0.2765005992544716
FC_vs_Healthy,GO:0043549,regulation of kinase activity,58,0.456341855418685,1.3119997260765044,0.03,0.13207171314741034,0.13207171314741034,653,"tags=31%, list=15%, signal=27%",PTPRC/ADAR/NHERF1/PRDX3/HGS/PTPN1/LYN/HNRNPU/SNX6/PRKAR1A/RAP2B/CDC37/DNAJA1/RAP1A/FGR/MYD88/STK38/YWHAG,0.26166352171157314
FC_vs_Healthy,GO:0071675,regulation of mononuclear cell migration,47,0.4579510530158599,1.3111731211531117,0.049,0.17597142597142595,0.17597142597142598,1391,"tags=43%, list=33%, signal=29%",LGALS9/HMGB1/CALR/MSN/MMP14/CD47/WNK1/LYN/STK10/STK39/MAPK1/MAPK3/LGMN/MIA3/THBS1/ANO6/C1QBP/ADAM10/P4HB/ADAM17,0.20207170902115992
FC_vs_Healthy,GO:1901990,regulation of mitotic cell cycle phase transition,98,0.43634580792125494,1.305291186976312,0.019051833703009884,0.09035311691770782,0.09035311691770782,1718,"tags=54%, list=40%, signal=33%",PSME1/PSME2/PTPN6/PSMA4/SMARCC2/RDX/PSMA2/SMARCD2/IK/EIF4G1/PSMA3/PSMB2/SMARCE1/PSMB1/CDK2/CDK1/PSMA7/BCL7C/PRKDC/PSMB4/PSME3/DPF2/RRM1/DYNLRB1/PSMA1/TAOK3/TAOK1/NBN/INTS3/CDK5RAP3/XPC/ZNF830/DYNLT1/SMARCC1/BRCC3/PSMA6/RCC2/ACTB/RAD21/RAD50/CRLF3/ADAM17/SMARCA2/DDX3X/DYNLT3/GTPBP4/MRE11/PPP2CA/PPP1R9B/PSMB3/VPS4A/VPS4B/SMARCA4,0.35248785758361917
FC_vs_Healthy,GO:1903706,regulation of hemopoiesis,115,0.43259330178278965,1.3047168062938193,0.007122706360547275,0.0468487531452663,0.0468487531452663,2112,"tags=75%, list=50%, signal=39%",STAT1/LGALS9/HLA-DRB1/PSMA4/HMGB1/ACIN1/PSMB8/CD74/MMP14/SMARCC2/HLA-B/HLA-G/AP3B1/EIF6/PSMA2/SMARCD2/RBM15/SART1/PSMA3/LYN/PSMB2/CLPTM1/DDRGK1/SMARCE1/PSMB1/NCKAP1L/CDK6/PSMA7/PRMT1/STAT5A/STAT5B/GLUL/HLA-DRA/PSMB9/PRKDC/PSMB4/PSMB10/HSPA9/PSMA1/CEBPB/SMARCC1/PSMA6/ACTB/HMGB2/QKI/SMARCA2/C1QC/PRKCA/ISG15/RHOA/BTK/XRCC6/PSMB3/PAF1/SMARCA4/TLR3/PNP/MTOR/H4C16/H4C15/H4C9/H4C1/H4C4/H4C6/H4C12/H4C11/H4C3/H4C8/H4C2/H4C5/H4C13/H4C14/CORO1C/STAT3/PPP3CA/SKIC8/INPP5D/ANXA1/TRAF6/RIPK1/PSMA5/NOTCH2/SMARCB1/LGALS1/PCID2/CASP8,0.40701791892395395
FC_vs_Healthy,GO:1901987,regulation of cell cycle phase transition,130,0.4300223543760007,1.3028771442755045,0.007890414484713558,0.050108666698899317,0.050108666698899317,1718,"tags=55%, list=40%, signal=34%",PSME1/PSME2/PTPN6/PSMA4/H2AX/NPM1/SMARCC2/RDX/CDC5L/PSMA2/SMARCD2/IK/EIF4G1/PSMA3/LYN/PSMB2/DDRGK1/SMARCE1/CUL1/PSMB1/NSUN2/CDK2/CDK5/CDK1/PSMA7/BCL7C/STK38/MACROH2A1/PRKDC/PSMB4/PSME3/DPF2/RRM1/PLCG2/DYNLRB1/PSMA1/TAOK3/TAOK1/NBN/INTS3/CDK5RAP3/XPC/RFC2/ZNF830/DYNLT1/CUL4B/SMARCC1/BRCC3/PSMA6/RCC2/UFL1/TP53BP1/ACTB/RAD21/PARP9/RAD50/CRLF3/ADAM17/SMARCA2/FBXO6/DDX3X/DYNLT3/GTPBP4/CUL4A/MRE11/PPP2CA/PPP1R9B/PSMB3/PAF1/VPS4A/VPS4B/SMARCA4,0.3807304007227924
FC_vs_Healthy,GO:0034976,response to endoplasmic reticulum stress,110,0.4363844550651803,1.302457523018999,0.006269698523083828,0.04330010542504768,0.04330010542504768,1478,"tags=50%, list=35%, signal=33%",DNAJC3/CALR/MANF/DNAJC10/BAX/VAPB/ERO1A/PDIA3/HM13/TMCO1/MARCKS/ATP2A1/ATP2A2/HYOU1/EIF4G1/PTPN1/UBXN1/CLU/ERP29/ATP2A3/SEC61B/DDRGK1/STT3B/TRIM25/TBL2/PDIA4/USP14/TARDBP/HSP90B1/EIF2B5/GET4/NCK1/SYVN1/TMX1/NCK2/CEBPB/EIF2S1/GORASP2/THBS1/EEF2/CDK5RAP3/ATAD3A/TMEM33/PIK3R1/CANX/UFL1/DERL1/BCAP31/P4HB/SEL1L/FBXO6/FAF2/ERP44/DDX3X/DNAJB12,0.40701791892395395
FC_vs_Healthy,GO:0040029,epigenetic regulation of gene expression,81,0.44643205991627,1.301809819795224,0.02203378977918719,0.10273138272574617,0.10273138272574618,741,"tags=31%, list=17%, signal=26%",SMARCA5/LBR/IFI16/HMGB1/H2AC8/H2AX/H2AZ1/H2AC21/H2AC19/H2AC4/H2AC18/RBBP4/CBX3/H1-2/RBM14/RBM15/APEX1/HNRNPU/CBX1/HDAC1/HDAC2/CDK2/HNRNPK/MACROH2A1/ZNF512,0.35248785758361917
FC_vs_Healthy,GO:0045927,positive regulation of growth,66,0.4509962215378219,1.2996033008718015,0.03196803196803197,0.13691734621967178,0.1369173462196718,1465,"tags=48%, list=35%, signal=32%",S100A8/MMP14/PLAA/BASP1/CFL1/CDKN2AIP/ACSL4/NACA/PAK1/EIF4G1/SHTN1/EIF4G2/CDC42/CDK1/PPIB/HDGFL2/RPS6KA3/RFTN1/CYBA/TWF2/NCBP1/SFN/EXOSC9/GDI1/EZR/KRT17/ADAM10/PAFAH1B1/ADAM17/EXOSC2/RPS6KA1/DDX3X,0.2529611230696109
FC_vs_Healthy,GO:0030041,actin filament polymerization,71,0.4489982221212532,1.298618530873262,0.028971028971028972,0.12856621290356232,0.1285662129035623,1018,"tags=37%, list=24%, signal=28%",COTL1/ARPC5L/CYRIB/CORO7/ARPC3/VASP/RAC1/CFL1/CYRIA/RDX/ARPC5/PRKCD/HCK/TWF1/CAPZA1/DIAPH1/NCKAP1/NCKAP1L/CAPZB/FLII/ARPC2/TMOD3/WASHC5/NCK1/TWF2/NCK2,0.2663506570885256
FC_vs_Healthy,GO:0045859,regulation of protein kinase activity,53,0.4554701727257292,1.2975381388035057,0.04904904904904905,0.17597142597142595,0.17597142597142598,653,"tags=30%, list=15%, signal=26%",PTPRC/ADAR/NHERF1/HGS/PTPN1/LYN/SNX6/PRKAR1A/RAP2B/CDC37/DNAJA1/RAP1A/FGR/MYD88/STK38/YWHAG,0.20207170902115992
FC_vs_Healthy,GO:0007346,regulation of mitotic cell cycle,130,0.4274893064768792,1.2952025427587777,0.010171149442788097,0.05816604067054321,0.058166040670543206,1718,"tags=53%, list=40%, signal=33%",PSME1/PSME2/PTPN6/PSMA4/NHERF1/SMARCC2/RDX/PML/PSMA2/SMARCD2/IK/EIF4G1/PSMA3/HNRNPU/PSMB2/SMARCE1/CUL1/PSMB1/RCC1/CDK2/CDK1/PSMA7/BCL7C/PRKDC/PSMB4/PSME3/PDXP/DPF2/NEK9/RRM1/DYNLRB1/PSMA1/LGMN/TAOK3/TAOK1/NBN/INTS3/GBF1/CDK5RAP3/EIF4E/YWHAE/XPC/ZNF830/DYNLT1/SMARCC1/YTHDC2/BRCC3/PSMA6/RCC2/ACTB/PRMT5/RAD21/IQGAP1/PAFAH1B1/RAD50/CRLF3/ADAM17/SMARCA2/DDX3X/DYNLT3/PRKCA/GTPBP4/MRE11/PPP2CA/PPP1R9B/PSMB3/VPS4A/VPS4B/SMARCA4,0.3807304007227924
FC_vs_Healthy,GO:0002833,positive regulation of response to biotic stimulus,149,0.43174231137276675,1.2944782716491503,0.00499019047851785,0.036554136683715134,0.036554136683715134,1362,"tags=45%, list=32%, signal=32%",GBP2/CTSS/HLA-C/HLA-DRB1/MNDA/IFI16/S100A8/HMGB1/OAS3/HLA-E/HLA-G/AP3B1/PCBP2/MATR3/RBM14/WDFY1/PAK2/CPT1A/GRN/EIF2AK2/DDX60/PARP1/PQBP1/RALB/CASP1/PAK1/ZC3HAV1/RELA/HCK/LYN/SRC/RPS19/RIGI/STING1/HSP90AA1/MYD88/TRIM25/HLA-DRB3/YWHAG/RPS6KA3/PRKDC/CFP/RFTN1/HSP90B1/USP15/PLCG2/CYBA/HSPA8/TBK1/AP1G1/SQSTM1/SFPQ/UBE2K/YWHAE/PIK3R1/GBP5/C1QBP/PRKAA1/BRCC3/GDI1/LAMP1/HMGB2/MASP1/PYHIN1/DHX9/PARP9/TRIM56,0.40701791892395395
FC_vs_Healthy,GO:2001233,regulation of apoptotic signaling pathway,107,0.43246606498661366,1.2922184607471259,0.011684180781372016,0.06346695818302026,0.06346695818302024,1385,"tags=44%, list=33%, signal=30%",SOD2/RPL26/S100A8/NHERF1/BCLAF1/CD74/FGG/BAX/ICAM1/PPIF/PML/PAK2/HYOU1/PARP1/TPT1/EIF5A/RELA/PTPN1/SRC/CLU/ERP29/CD44/DNAJA1/LCK/GHITM/FGB/FGA/YBX3/HMOX1/PSME3/ENO1/SP100/SFPQ/SLC25A5/TMBIM1/NCK1/SYVN1/NCK2/THBS1/FAS/TP53BP1/GNAI2/MAP2K1/RPS7/BCAP31/P4HB/NOC2L,0.3807304007227924
FC_vs_Healthy,GO:0002218,activation of innate immune response,116,0.43354680145227753,1.291792798779844,0.010339263819306574,0.05834852758599029,0.05834852758599029,954,"tags=34%, list=22%, signal=27%",GBP2/CTSS/MNDA/IFI16/S100A8/HMGB1/OAS3/AP3B1/PCBP2/MATR3/RBM14/WDFY1/PAK2/EIF2AK2/DDX60/PARP1/PQBP1/CASP1/PAK1/ZC3HAV1/RELA/HCK/LYN/SRC/RIGI/STING1/HSP90AA1/MYD88/TRIM25/RPS6KA3/PRKDC/RFTN1/HSP90B1/USP15/PLCG2/CYBA/HSPA8/TBK1/SQSTM1/SFPQ,0.3807304007227924
FC_vs_Healthy,GO:0006935,chemotaxis,122,0.4278308138289161,1.285761338706272,0.013701561049607947,0.07009363407322584,0.07009363407322584,1102,"tags=34%, list=26%, signal=26%",CORO1A/ITGB2/LGALS9/DEFA1/DEFA1B/S100A8/HMGB1/CALR/CYRIB/YTHDF1/CD74/RAC1/RAC2/TYMP/MYCBP2/WNK1/PRKCD/LYN/S100A4/RPS19/BSG/RAB13/SWAP70/RHOG/NCKAP1L/ENG/PPIB/MCU/STK39/USP14/SRP54/ELMO2/MAPK1/MAPK3/SBDS/LGMN/RALA/CREB1/GBF1/THBS1/CORO1B/ANO6,0.3807304007227924
FC_vs_Healthy,GO:0042330,taxis,122,0.4278308138289161,1.285761338706272,0.013701561049607947,0.07009363407322584,0.07009363407322584,1102,"tags=34%, list=26%, signal=26%",CORO1A/ITGB2/LGALS9/DEFA1/DEFA1B/S100A8/HMGB1/CALR/CYRIB/YTHDF1/CD74/RAC1/RAC2/TYMP/MYCBP2/WNK1/PRKCD/LYN/S100A4/RPS19/BSG/RAB13/SWAP70/RHOG/NCKAP1L/ENG/PPIB/MCU/STK39/USP14/SRP54/ELMO2/MAPK1/MAPK3/SBDS/LGMN/RALA/CREB1/GBF1/THBS1/CORO1B/ANO6,0.3807304007227924
FC_vs_Healthy,GO:0002758,innate immune response-activating signaling pathway,102,0.43054377741636923,1.2810001977295251,0.013029100449650518,0.06888591386059245,0.06888591386059245,1223,"tags=39%, list=29%, signal=29%",GBP2/CTSS/IFI16/S100A8/HMGB1/OAS3/AP3B1/PCBP2/WDFY1/PAK2/EIF2AK2/DDX60/PARP1/CASP1/PAK1/ZC3HAV1/RELA/HCK/LYN/SRC/RIGI/STING1/MYD88/TRIM25/RPS6KA3/PRKDC/RFTN1/HSP90B1/USP15/PLCG2/CYBA/HSPA8/TBK1/SQSTM1/YWHAE/PIK3R1/GBP5/C1QBP/BRCC3/GDI1,0.3807304007227924
FC_vs_Healthy,GO:0097193,intrinsic apoptotic signaling pathway,113,0.42661785055169044,1.2799873009866016,0.013533445858294677,0.07009363407322584,0.07009363407322584,1028,"tags=35%, list=24%, signal=28%",SOD2/RPL26/CASP3/IFI16/S100A8/NHERF1/BCLAF1/CD74/DNAJC10/BAX/ERO1A/PPIF/PML/STK24/ATP2A1/HYOU1/PARP1/TPT1/EIF5A/PTPN1/PRKCD/SRC/CLU/ERP29/ATP2A3/CD44/CUL1/DNAJA1/LCK/YBX3/SNW1/PRKDC/MYBBP1A/ENO1/SFPQ/TRADD/NCK1/SYVN1/NCK2/CEBPB,0.3807304007227924
FC_vs_Healthy,GO:0015931,nucleobase-containing compound transport,101,0.43152246065564726,1.2792588285153073,0.01672763816263809,0.08215128964317818,0.08215128964317818,1411,"tags=49%, list=33%, signal=33%",SRSF3/RBM8A/SRSF7/SSB/SRSF1/FMR1/FXR1/FXR2/SLC25A4/SLC25A6/THOC6/CD47/MX2/WNK1/RANBP2/KHDRBS1/NSUN2/NCBP2/YBX1/PABPN1/SEC13/NUP37/CPSF6/MVP/CKAP5/RFTN1/NUP88/NUP153/SLC25A5/MAGOHB/NCBP1/EIF4A3/HNRNPA1/CHTOP/IWS1/NUP93/EIF4E/NUP85/ALYREF/NUP43/NUP50/SLC25A24/DHX9/NUP210/HNRNPA2B1/DDX39A/DDX39B/QKI/G3BP2,0.35248785758361917
FC_vs_Healthy,GO:0042274,ribosomal small subunit biogenesis,56,0.4492159465236028,1.2770443732113301,0.04504504504504504,0.17104733599578958,0.17104733599578958,1418,"tags=52%, list=33%, signal=35%",LSM6/RPS3A/RPS21/NPM1/RPS15/RPS11/SNU13/RPS24/NOP58/RPS17/RPS23/RPS19/RPS12/RPS9/FBL/RPS13/PRKDC/RPS27/IMP3/NOP56/FAU/RPS16/RPS8/RPS25/RPS14/UTP6/RPS7/TBL3/DCAF13,0.21140018938492272
FC_vs_Healthy,GO:0016032,viral process,166,0.4199461641102473,1.2765940467345624,0.008231618343392333,0.05081529759468451,0.05081529759468451,680,"tags=30%, list=16%, signal=26%",STAT1/LGALS9/CTSB/IFI16/ADAR/VAMP8/HMGB1/OAS3/TRIM21/ICAM1/CHMP4B/IFITM3/VAPB/VAPA/PCBP2/PCBP3/SSB/CHMP4A/PPIE/FMR1/EIF2AK2/ILF3/RAB43/RAB1A/RAB1B/EIF3A/ZC3HAV1/TFRC/TOP2B/DEK/SRC/MYH9/SLC3A2/PABPC1/STAU1/HSP90AB1/BSG/SPCS1/CSDE1/RAD23A/RCC1/CDK1/IFIT1/TRIM25/STOM/LARP1/EIF3G/MCTS1/PRMT1/BST2,0.3807304007227924
FC_vs_Healthy,GO:0044772,mitotic cell cycle phase transition,123,0.42568418464452185,1.2762351475466833,0.007378608972856789,0.047129265404663306,0.047129265404663306,1745,"tags=54%, list=41%, signal=33%",PSME1/PSME2/PTPN6/PSMA4/SMARCC2/CHMP4B/RDX/GSPT1/PSMA2/SMARCD2/IK/EIF4G1/PSMA3/KHDRBS1/PSMB2/NES/SMARCE1/CUL1/PSMB1/RCC1/CDK2/CDK6/CDK1/PSMA7/BCL7C/PRKDC/PSMB4/PSME3/DPF2/RRM1/DYNLRB1/PSMA1/TAOK3/TAOK1/NBN/INTS3/CDK5RAP3/EIF4E/XPC/ZNF830/DYNLT1/CUL4B/SMARCC1/BRCC3/PSMA6/RCC2/ACTB/RAD21/RAD50/CRLF3/ADAM17/SMARCA2/DNM2/DDX3X/DYNLT3/GTPBP4/CUL4A/MRE11/PPP2CA/PPP1R9B/CUL2/PSMB3/VPS4A/VPS4B/SMARCA4/CLASP2/EPS8,0.40701791892395395
FC_vs_Healthy,GO:0009895,negative regulation of catabolic process,128,0.42412102772534094,1.2714341437680015,0.008402220321235642,0.051390634291167234,0.05139063429116724,1127,"tags=40%, list=27%, signal=30%",THRAP3/BCLAF1/SRSF1/PML/FXR1/RPL5/TPT1/EIF4G1/WNK1/EIF3H/UBXN1/HNRNPU/PRKACA/ROCK1/SLIRP/DKC1/PABPC1/TIMP1/SYNCRIP/HSP90AB1/DDRGK1/FUS/EIF4G2/SNRNP70/CSDE1/NSUN2/PNN/CST3/MYD88/YBX1/LARP1/STK38L/FLNA/VPS13C/YBX3/PAIP1/USP14/HNRNPC/SNW1/TARDBP/TAF15/SNX3/SF3B3/USP9X/HNRNPA0/VPS35/GABARAPL2/SNX12/CTSA/CDK5RAP3/RPL11,0.3807304007227924
FC_vs_Healthy,GO:0043434,response to peptide hormone,142,0.42089864650378395,1.2710711267477315,0.0058431952383231674,0.041628295692846366,0.04162829569284636,921,"tags=30%, list=22%, signal=25%",STAT1/TOP1/SRSF4/SRSF5/SRSF6/CSK/CYBB/PKLR/PKM/CFL1/GRB2/EIF6/NUDC/RAB8A/RAB10/PARP1/PAK1/RELA/PTPN1/PRKCD/LYN/SRC/PRKACA/ROCK1/CACYBP/PRKAR1A/TIMP1/BSG/RAB13/EPRS1/MYO5A/EIF2B4/YWHAG/OSBPL8/STAT5A/STAT5B/PRKDC/NFKB1/EIF2B5/RAF1/MAPK1/MAPK3/CYBA,0.40701791892395395
FC_vs_Healthy,GO:0042692,muscle cell differentiation,125,0.4233837728210495,1.2700592168298173,0.009162464634131333,0.053060984000711194,0.0530609840007112,1076,"tags=38%, list=25%, signal=30%",RPL31/RPL7A/RPL21/CASP3/RPL34/CALR/RPL23A/MMP14/RPL18A/RPL17/RPL32/RPL27/RPL13A/RPL6/RPL10/LAMB1/KRT8/RPL5/RPL27A/EHD1/NACA/PAK1/RPL37A/RPL19/CACYBP/RPL7/RPL24/MYL9/ENG/CDK1/DOCK2/RPL35A/FLII/HDGFL2/FLNC/RPL30/RPL4/RPL29/RPL28/CSRP2/TMOD3/RPL3L/MECP2/RPL12/RPL14/RPL18/AKAP13/WDR1,0.3807304007227924
FC_vs_Healthy,GO:0006887,exocytosis,135,0.41886483135785846,1.262418241730254,0.013029100449650518,0.06888591386059245,0.06888591386059245,2018,"tags=61%, list=48%, signal=33%",CORO1A/ITGB2/LGALS9/VAMP8/ITGAM/SCAMP2/FGG/RAC2/HGS/FMR1/SACM1L/RAB8A/RAB10/RAB12/RAB8B/RAB3D/RAP1B/RALB/PAK1/HCK/LYN/MYH9/RAB27A/RAB13/MICAL1/RAP1A/NCKAP1L/CDK5/FGR/RAB3GAP1/VTI1B/FGB/FGA/NAPA/SCAMP3/VAMP7/AP1G1/VPS11/CALM3/SYNGR2/RALA/MIA3/PLEK/STXBP2/PRKCB/TMED10/YKT6/NSF/RAB9A/LAMP1/SCAMP4/GNAI1/GNAI2/TNFAIP2/EXOC3/GIT1/STXBP5/PRKCA/RAB31/RAB7A/TXLNA/RAB25/RAB11B/ANXA3/BTK/SCRN1/VPS4A/VPS4B/CLASP2/VAMP2/VAMP3/HLA-F/WASHC1/VPS18/RAB21/PPP3CA/PPP3CB/CLASP1/RAB5A/ANXA1/CHMP2A/ARFGEF1,0.3807304007227924
FC_vs_Healthy,GO:0006913,nucleocytoplasmic transport,138,0.420382014054419,1.2620265691569579,0.01706386929335584,0.083064209555763,0.083064209555763,1360,"tags=45%, list=32%, signal=32%",KPNA1/ADAR/CALR/SRSF3/RBM8A/NPM1/CFL1/RPS15/SSB/EIF6/FMR1/THOC6/MX2/WNK1/PRKCD/RANBP2/RGPD2/KHDRBS1/NMD3/HSP90AA1/NSUN2/CDK1/NCBP2/YWHAB/PABPN1/SEC13/NUP37/FLNA/ANP32B/CPSF6/WASHC4/TARDBP/NUP88/SP100/IPO7/SQSTM1/NUP153/MAGOHB/ANP32A/NCBP1/EIF4A3/HNRNPA1/CHTOP/IWS1/NUP93/EIF4E/SFN/YWHAE/NUP85/PIK3R1/RANBP3/ALYREF/STK3/STK4/NUP43/RBM22/NUP50/DHX9/NUP210/HNRNPA2B1/DDX39A/DDX39B,0.35248785758361917
FC_vs_Healthy,GO:0051169,nuclear transport,138,0.420382014054419,1.2620265691569579,0.01706386929335584,0.083064209555763,0.083064209555763,1360,"tags=45%, list=32%, signal=32%",KPNA1/ADAR/CALR/SRSF3/RBM8A/NPM1/CFL1/RPS15/SSB/EIF6/FMR1/THOC6/MX2/WNK1/PRKCD/RANBP2/RGPD2/KHDRBS1/NMD3/HSP90AA1/NSUN2/CDK1/NCBP2/YWHAB/PABPN1/SEC13/NUP37/FLNA/ANP32B/CPSF6/WASHC4/TARDBP/NUP88/SP100/IPO7/SQSTM1/NUP153/MAGOHB/ANP32A/NCBP1/EIF4A3/HNRNPA1/CHTOP/IWS1/NUP93/EIF4E/SFN/YWHAE/NUP85/PIK3R1/RANBP3/ALYREF/STK3/STK4/NUP43/RBM22/NUP50/DHX9/NUP210/HNRNPA2B1/DDX39A/DDX39B,0.35248785758361917
FC_vs_Healthy,GO:0006457,protein folding,125,0.4193577678647865,1.257982077766045,0.012020410480213324,0.06479294429578403,0.06479294429578401,1664,"tags=57%, list=39%, signal=36%",DNAJC3/TBCB/CALR/SDF2L1/PFDN2/CD74/DNAJC10/DNAJB11/ERO1A/ERO1B/PDIA3/PPIF/PPIE/NUDC/GRN/HSPH1/RP2/TXNDC5/RANBP2/CLU/PPIL1/ERP29/FKBP1A/TBCA/VBP1/HSP90AA1/HSP90AB1/CDC37/SNRNP70/DNAJA1/PPIB/AHSA1/DNAJA2/P3H1/PDIA4/DNAJC7/FKBP5/COA3/HSP90B1/RUVBL2/DNAJB6/CRTAP/HSPA2/HSPA8/HSPA9/CCT7/PDIA5/HSPA4/CCT4/PTGES3/FKBP4/CANX/FKBP10/TBCC/DNAJB4/DNAJB1/CCT8/P4HB/CHORDC1/NAA10/ERP44/MPDU1/DNAJB12/PPIG/LMAN1/PDCL3/UGGT1/PPID/NUDCD2/CCDC47/DNAJC2,0.3807304007227924
FC_vs_Healthy,GO:0032970,regulation of actin filament-based process,156,0.41712436671259506,1.2557762867898385,0.006781503050758442,0.04569244433590292,0.045692444335902915,1091,"tags=37%, list=26%, signal=28%",CORO1A/COTL1/CNN2/LIMA1/ARPC5L/CYRIB/ARPC3/VASP/RAC1/RAC2/CFL1/CYRIA/RDX/PAK2/ARPC5/CD47/ATP2A1/ATP2A2/PAK1/PRKCD/HCK/TWF1/MYH9/CFL2/ROCK1/CAPZA1/SWAP70/RHOG/CDC42/NCKAP1/NCKAP1L/CAPZB/ARPIN/CAMK2D/ARAP1/BST2/FLII/FLNA/SH3BP1/WASHC4/ARHGAP17/PDXP/TMOD3/F11R/WASHC5/DSC2/NCK1/RALA/TAOK1/IQGAP2/PLEK/TWF2/NCK2/ATP1A2/AKAP13/WDR1/CORO1B,0.40701791892395395
FC_vs_Healthy,GO:0034765,regulation of monoatomic ion transmembrane transport,70,0.4333806285631704,1.2544335818424996,0.049,0.17597142597142595,0.17597142597142598,1167,"tags=37%, list=28%, signal=27%",CTSS/PML/FMR1/YWHAQ/ATP2A1/CD63/WNK1/LYN/PRKACA/FKBP1A/GSTO1/DIAPH1/CLIC2/STOM/CAMK2D/FLNA/CAB39/STK39/CALM1/CALM2/CALM3/ATP1A2/LCN2/ANO6/YWHAE/BIN1,0.20207170902115992
FC_vs_Healthy,GO:0032102,negative regulation of response to external stimulus,134,0.41527810893615896,1.2537083310709862,0.017395196251102245,0.08393751902824445,0.08393751902824446,1131,"tags=34%, list=27%, signal=25%",PTPRC/HLA-A/LGALS9/PTPN6/HLA-DRB1/IFI16/SERPINB9/OAS3/TRIM21/YTHDF3/YTHDF2/FGG/HLA-B/HLA-E/HLA-G/PCBP2/SAMHD1/GRB2/FXR1/GRN/PARP1/PRKCD/HCK/LYN/SRC/YES1/RPS19/PRKAR1A/FGR/FGB/A2M/FGA/NT5C2/PPM1B/PSMB4/NFKB1/USP15/PSMA1/VPS35/TMX1/THBS1/PROS1/CORO1B/SFN/YWHAZ,0.35248785758361917
FC_vs_Healthy,GO:0051028,mRNA transport,74,0.42990423232965763,1.2536210842070974,0.049,0.17597142597142595,0.17597142597142598,1411,"tags=51%, list=33%, signal=35%",SRSF3/RBM8A/SRSF7/SRSF1/FMR1/FXR1/FXR2/THOC6/MX2/WNK1/RANBP2/NSUN2/NCBP2/PABPN1/SEC13/NUP37/MVP/NUP88/NUP153/MAGOHB/NCBP1/EIF4A3/HNRNPA1/CHTOP/IWS1/NUP93/EIF4E/NUP85/ALYREF/NUP43/NUP50/DHX9/NUP210/HNRNPA2B1/DDX39A/DDX39B/QKI/G3BP2,0.20207170902115992
FC_vs_Healthy,GO:0043123,positive regulation of canonical NF-kappaB signal transduction,83,0.42708114415909143,1.2504905534498114,0.03496503496503497,0.1450348758718968,0.1450348758718968,1309,"tags=43%, list=31%, signal=31%",LGALS9/NAMPT/UBE2V1/CD74/UBE2N/PRDX3/VAPA/EIF2AK2/PARP1/CASP1/ZC3HAV1/TFRC/RELA/S100A4/FKBP1A/DDX21/DDRGK1/TFG/CUL1/MYD88/TRIM25/BST2/FLNA/HMOX1/PLCG2/TBK1/TRADD/PPM1A/AKAP13/PPP5C/MTDH/PRKCB/PSMA6/DHX15/IFIT5/ATP2C1,0.24133997681509095
FC_vs_Healthy,GO:0010720,positive regulation of cell development,98,0.4173538349759072,1.2484783232823662,0.04195804195804196,0.16292442497261775,0.16292442497261772,2115,"tags=65%, list=50%, signal=34%",LGALS9/HLA-DRB1/HMGB1/ACIN1/CD74/MMP14/SMARCC2/HLA-G/SRRT/AP3B1/CAPRIN1/FMR1/FXR1/FXR2/SMARCD2/SART1/TGM2/PAK1/NAP1L1/SHTN1/LYN/HDAC2/DDRGK1/SMARCE1/NCKAP1L/HLA-DRA/SNW1/PRKDC/F11R/TWF2/NPTN/BIN1/SMARCC1/PLXNB2/GDI1/ACTB/SLC7A5/PRMT5/PAFAH1B1/QKI/SMARCA2/PRKCH/PRKCA/RHOA/BTK/XRCC6/VIM/SMARCA4/PNP/TSPO/DHX36/CORO1C/RAB21/PPP3CA/NUMB/INPP5D/ANXA1/TRAF6/RIPK1/NOTCH2/SMARCB1/PCID2/CASP8/SLC30A1,0.21925034670375515
FC_vs_Healthy,GO:0050657,nucleic acid transport,88,0.42405575659615513,1.2449437855700027,0.041,0.16238351254480288,0.16238351254480288,1411,"tags=50%, list=33%, signal=34%",SRSF3/RBM8A/SRSF7/SSB/SRSF1/FMR1/FXR1/FXR2/THOC6/MX2/WNK1/RANBP2/KHDRBS1/NSUN2/NCBP2/YBX1/PABPN1/SEC13/NUP37/CPSF6/MVP/CKAP5/RFTN1/NUP88/NUP153/MAGOHB/NCBP1/EIF4A3/HNRNPA1/CHTOP/IWS1/NUP93/EIF4E/NUP85/ALYREF/NUP43/NUP50/DHX9/NUP210/HNRNPA2B1/DDX39A/DDX39B/QKI/G3BP2,0.2220560461452484
FC_vs_Healthy,GO:0050658,RNA transport,88,0.42405575659615513,1.2449437855700027,0.041,0.16238351254480288,0.16238351254480288,1411,"tags=50%, list=33%, signal=34%",SRSF3/RBM8A/SRSF7/SSB/SRSF1/FMR1/FXR1/FXR2/THOC6/MX2/WNK1/RANBP2/KHDRBS1/NSUN2/NCBP2/YBX1/PABPN1/SEC13/NUP37/CPSF6/MVP/CKAP5/RFTN1/NUP88/NUP153/MAGOHB/NCBP1/EIF4A3/HNRNPA1/CHTOP/IWS1/NUP93/EIF4E/NUP85/ALYREF/NUP43/NUP50/DHX9/NUP210/HNRNPA2B1/DDX39A/DDX39B/QKI/G3BP2,0.2220560461452484
FC_vs_Healthy,GO:0110053,regulation of actin filament organization,116,0.41543714596801773,1.2378334050890436,0.03296703296703297,0.13945830592482675,0.13945830592482675,1167,"tags=38%, list=28%, signal=28%",CORO1A/COTL1/LIMA1/ARPC5L/CYRIB/ARPC3/VASP/RAC1/CFL1/CYRIA/RDX/PAK2/ARPC5/CD47/PAK1/PRKCD/HCK/TWF1/CFL2/ROCK1/CAPZA1/SWAP70/CDC42/NCKAP1/NCKAP1L/CAPZB/ARPIN/ARAP1/FLII/FLNA/SH3BP1/WASHC4/PDXP/TMOD3/F11R/WASHC5/NCK1/PLEK/TWF2/NCK2/WDR1/CORO1B/PIK3R1/BIN1,0.24891111443470246
FC_vs_Healthy,GO:0006959,humoral immune response,82,0.421110940817532,1.2369954284432256,0.04995004995004995,0.1772264777961687,0.1772264777961687,1453,"tags=40%, list=34%, signal=27%",HLA-A/HLA-DRB1/DEFA1/DEFA3/DEFA1B/YTHDF2/HLA-E/H2BC12/KRT6A/CLU/RPS19/C1S/H2BC26/C4BPA/FGB/A2M/FGA/RPL30/JCHAIN/CFP/C1R/PSMB10/FAU/GPI/C1QA/RNASE6/C1QBP/C1RL/MASP1/C1QC/SPRR2A/GAPDH/C1QB,0.19991523130966152
FC_vs_Healthy,GO:0006873,intracellular monoatomic ion homeostasis,114,0.4133624952780741,1.2356994079837955,0.04195804195804196,0.16292442497261775,0.16292442497261772,1130,"tags=34%, list=27%, signal=26%",MT1H/MT2A/MT1E/CALR/BAX/HVCN1/VAPB/PML/TMCO1/ATP13A1/GRN/ATP2A1/ATP2A2/RAB39A/TGM2/TPT1/TFRC/PRKACA/ATP2A3/SLC30A7/TM9SF4/CUL1/CAMK2D/MCU/STK39/HMOX1/ATP6V1G1/ATP1A1/ATP6V1D/TMEM165/GLRX3/TBXAS1/ATP1A2/ATP4A/LCN2/PICALM/LETM1/NPTN/YWHAE,0.21925034670375515
FC_vs_Healthy,GO:0007249,canonical NF-kappaB signal transduction,109,0.41691354741679615,1.2350177487160452,0.04195804195804196,0.16292442497261775,0.16292442497261772,1309,"tags=42%, list=31%, signal=30%",STAT1/LGALS9/NAMPT/UBE2V1/CD74/UBE2N/PRDX3/NPM1/VAPA/EIF2AK2/PARP1/CASP1/ZC3HAV1/TFRC/RELA/MYO18A/S100A4/FKBP1A/DDX21/DDRGK1/TFG/CUL1/MYD88/TRIM25/BST2/FLNA/PRDX4/OPTN/PPM1B/HMOX1/NFKB1/PLCG2/TBK1/SQSTM1/TRADD/PPM1A/AKAP13/PPP5C/MTDH/PRKCB/PSMA6/UFL1/HACD3/DHX15/IFIT5/ATP2C1,0.21925034670375515
FC_vs_Healthy,GO:0002221,pattern recognition receptor signaling pathway,99,0.4123543134708539,1.2345565805103758,0.04295704295704296,0.1653920991900086,0.1653920991900086,1223,"tags=37%, list=29%, signal=27%",GBP2/CTSS/IFI16/S100A8/HMGB1/OAS3/AP3B1/PCBP2/WDFY1/EIF2AK2/DDX60/PARP1/CASP1/ZC3HAV1/RELA/LYN/SRC/RIGI/STING1/MYD88/TRIM25/RPS6KA3/PRKDC/RFTN1/HSP90B1/USP15/PLCG2/CYBA/HSPA8/TBK1/SQSTM1/YWHAE/PIK3R1/GBP5/C1QBP/BRCC3/GDI1,0.2165428367353482
FC_vs_Healthy,GO:0032956,regulation of actin cytoskeleton organization,139,0.4079602203774648,1.2262274521841185,0.018720505888955876,0.08988282271722549,0.08988282271722549,1091,"tags=36%, list=26%, signal=28%",CORO1A/COTL1/LIMA1/ARPC5L/CYRIB/ARPC3/VASP/RAC1/RAC2/CFL1/CYRIA/RDX/PAK2/ARPC5/CD47/PAK1/PRKCD/HCK/TWF1/CFL2/ROCK1/CAPZA1/SWAP70/RHOG/CDC42/NCKAP1/NCKAP1L/CAPZB/ARPIN/ARAP1/BST2/FLII/FLNA/SH3BP1/WASHC4/ARHGAP17/PDXP/TMOD3/F11R/WASHC5/NCK1/RALA/TAOK1/IQGAP2/PLEK/TWF2/NCK2/AKAP13/WDR1/CORO1B,0.35248785758361917
FC_vs_Healthy,GO:0090150,establishment of protein localization to membrane,114,0.40975155196260876,1.2249049102532215,0.04695304695304695,0.17352213004386918,0.17352213004386918,1343,"tags=42%, list=32%, signal=30%",ITGB2/CSK/ITGAM/YIF1B/SRP72/CHMP4B/RDX/CHMP4A/SACM1L/RAB8A/TMCO1/ATP13A1/RAB10/RAB8B/NACA/PAK1/GRIPAP1/WNK1/SRP9/SRPRA/SEC63/SEC61B/SRP68/ACSL3/SRP14/EMC3/STOM/SRPRB/RAB3GAP1/OPTN/SRP54/ARL6IP1/RFTN1/GET4/SEC61A1/NDUFA13/ANXA13/VPS35/GORASP2/RAB3GAP2/EMC2/SSR1/NSF/GDI1/ATP2C1/GOLGA7/SSR4/SEC62,0.2065879226968911
FC_vs_Healthy,GO:0010038,response to metal ion,109,0.413196121870584,1.2240056658572636,0.04695304695304695,0.17352213004386918,0.17352213004386918,1278,"tags=39%, list=30%, signal=28%",SOD2/MT1H/MT2A/MT1E/CASP3/PCNA/S100A8/CALR/CYBB/PKLR/FGG/HVCN1/PPIF/CLIC4/PARP1/TFRC/CACYBP/BSG/CDK1/CAMK2D/FGB/FGA/STK39/SEC31A/HSP90B1/GSTK1/PLCG2/LGMN/CALM1/CALM2/CALM3/GPI/ANXA11/ALOX5AP/EIF2S1/LCN2/PPP5C/THBS1/ANXA7/PRKAA1/GDI1/FBP1/SLC25A24,0.2065879226968911
FC_vs_Healthy,GO:0006936,muscle contraction,136,0.4074207017442137,1.2235577192555316,0.03396603396603397,0.1421684376229831,0.1421684376229831,1785,"tags=60%, list=42%, signal=36%",RPL31/RPL7A/RPL21/RPL34/RPL23A/RPL18A/RPL17/RPL32/RPL27/RPL13A/RPL6/RPL10/RPL5/RPL27A/ATP2A1/ATP2A2/EHD3/CALD1/RPL37A/PRKACA/FKBP1A/RPL19/ROCK1/RPL7/GSTO1/HSP90AA1/RPL24/MYL9/CLIC2/CAMK2D/PABPN1/RPL35A/FLNA/RPL30/RPL4/RPL29/RPL28/TPM4/ATP1A1/ENO1/TMOD3/RPL3L/DSC2/CALM1/CALM2/CALM3/RPL12/RPL14/RPL18/ATP1A2/EEF2/RPL11/BIN1/RPL8/TPM3/MAP2K1/RPL35/RPL10A/RPL15/GRK2/RPL36/GNAO1/RPL23/RAP1GDS1/RPL36A/DES/TNNC2/PGAM2/ATP2B1/MYH1/MYH2/MYH3/MYH4/MYH6/MYH7/MYH7B/MYH13/RPL13/MYL6B/MYL6/RPL38,0.24504178543099617
FC_vs_Healthy,GO:0050727,regulation of inflammatory response,111,0.41292477809301187,1.222819117951226,0.03396603396603397,0.1421684376229831,0.1421684376229831,1028,"tags=33%, list=24%, signal=26%",GBP1/PTPRC/GBP2/TNC/CASP3/PTPN6/HLA-DRB1/IFI16/VAMP8/S100A8/HLA-E/FXR1/GRN/CD47/CASP1/RELA/PRKCD/HCK/LYN/SRC/YES1/RPS19/PRKAR1A/CUL1/FGR/MYD88/VAMP7/PSMB4/NFKB1/MAPK1/MAPK3/KARS1/PLCG2/PSMA1/TRADD/VPS35/CEBPB,0.24504178543099617
FC_vs_Healthy,GO:0030100,regulation of endocytosis,121,0.4096148882991882,1.2223745688914656,0.03296703296703297,0.13945830592482675,0.13945830592482675,1502,"tags=46%, list=35%, signal=31%",PTPRC/CSK/HMGB1/CALR/ARPC3/RAC1/H1-1/FMR1/LRPAP1/CD47/RAB4B/RAB4A/CD63/TGM2/PTPN1/MYO18A/HCK/SRC/CLU/PRKACA/ROCK1/RAB27A/RAP1A/CDC42/NCKAP1L/FGR/TBC1D5/DOCK2/DYSF/ARAP1/HIP1/CFP/SNX3/PLCG2/CYBA/CALM3/RALA/SNX12/AP2S1/PICALM/AP2M1/ANO6/BIN1/ANKRD13A/ACTB/LMAN2/MASP1/AP2A1/HIP1R/ARRB1/ZFYVE16/AP2B1/CD14/SNX17/RUFY1/RAB31,0.24891111443470246
FC_vs_Healthy,GO:0071375,cellular response to peptide hormone stimulus,107,0.4074693041159108,1.217527569435218,0.04695304695304695,0.17352213004386918,0.17352213004386918,1240,"tags=36%, list=29%, signal=26%",TOP1/SRSF5/CSK/PKLR/PKM/CFL1/GRB2/RAB8A/RAB10/PARP1/PAK1/RELA/PTPN1/PRKCD/LYN/SRC/PRKACA/ROCK1/PRKAR1A/RAB13/EPRS1/MYO5A/YWHAG/OSBPL8/STAT5A/STAT5B/PRKDC/NFKB1/RAF1/MAPK1/MAPK3/CYBA/NCK1/CREB1/PRKCB/PIK3R1/LEPROT/PRKAA1/FBP1,0.2065879226968911
FC_vs_Healthy,GO:0043065,positive regulation of apoptotic process,149,0.4025057082579126,1.2068191600168596,0.03196803196803197,0.13691734621967178,0.1369173462196718,1548,"tags=44%, list=36%, signal=29%",SOD2/LGALS9/RPL26/CASP3/MNDA/S100A8/CCAR1/HMGB1/IGF2R/NHERF1/ACIN1/BCLAF1/BAX/HLA-G/PML/PAK2/GRN/SAP18/TGM2/CASP1/EIF5A/PTPN1/LYN/CLU/DNAJA1/PNN/CDK5/LCK/CAMK2D/MCU/UBE2Z/CTNNBL1/MYBBP1A/EIF2B5/SQSTM1/SFPQ/TRADD/NCK1/NDUFA13/CREB1/NCK2/CARM1/EIF2S1/LCN2/THBS1/ANO6/FAS/BIN1/RNPS1/C1QBP/STK3/STK4/TP53BP1/FAP/RPS7/BCAP31/DNM2/PTRH2/RPS3/DDX3X/AKAP12/DDX19A/GSK3A/ARHGEF7/HTT,0.2529611230696109
FC_vs_Healthy,GO:0072594,establishment of protein localization to organelle,158,0.3997289976266793,1.2036321364721836,0.03196803196803197,0.13691734621967178,0.1369173462196718,1550,"tags=47%, list=37%, signal=31%",M6PR/KPNA1/ADAR/IGF2R/AP3M1/NPM1/SRP72/CFL1/CHMP4B/HGS/H1-5/CHMP4A/RAB10/RAB8B/PARP1/PRKCD/RANBP2/RGPD2/CLU/SRP9/SRPRA/SEC63/SEC61B/HSP90AA1/SRP68/SPCS1/SRP14/CDK1/TIMM44/YWHAB/SEC13/SRPRB/RAB3GAP1/FLNA/MACROH2A1/TARDBP/SRP54/AP3D1/SPCS3/GET4/RUVBL2/NUP88/HSPA8/SEC61A1/USP9X/IPO7/SQSTM1/NUP153/NDUFA13/HSPA4/NUP93/RAB3GAP2/YWHAE/SSR1/NUP85/PIK3R1/MVB12A/STK3/STK4/RBM22/NUP50/LAMP1/SSR4/SEC62/MACROH2A2/TIMM50/PIK3C3/ZFYVE16/SPCS2/KPNA6/SSR3/RPL23/RAB7A/VPS25,0.2529611230696109
FC_vs_Healthy,GO:0042176,regulation of protein catabolic process,168,0.3945510747899386,1.1988947096178373,0.03996003996003996,0.15940737962398613,0.15940737962398613,1693,"tags=50%, list=40%, signal=31%",PSME1/PSME2/PSMA4/MSN/SUMO2/RDX/HGS/CTSC/PML/FMR1/PSMC1/RPL5/PSMA2/PSMA3/EIF3H/UBXN1/CLU/PRKACA/PSMB2/ROCK1/TIMP1/HSP90AA1/HSP90AB1/DDRGK1/SNRNP70/PSMB1/RAD23A/RAD23B/CST3/CDK2/CDK1/PSMA7/C4BPA/PSMD4/FLNA/STX5/USP14/PSMD3/PSMB4/PSME3/ARAF/SNX3/SF3B3/USP9X/VPS11/PSMA1/NDUFA13/VPS35/TMX1/EEF1A1/EEF1A2/GABARAPL2/SNX12/CTSA/CDK5RAP3/RPL11/PSMD12/NSF/UBE3A/PSMA6/EZR/UFL1/PSMD1/FBXO22/PYHIN1/RPS7/PSMD6/BCAP31/ADRM1/SNX9/GSK3A/CHMP6/PSMD2/RPL23/RAB7A/PDCL3/SEC22B/CSNK2B/CUL4A/SNX1/PSMB3/NUB1/USP7/PSMC2,0.22496609354031377
FC_vs_Healthy,GO:0090066,regulation of anatomical structure size,143,0.39796241700148727,1.1957463536205504,0.04495504495504495,0.17104733599578958,0.17104733599578958,1636,"tags=48%, list=39%, signal=31%",SOD2/COTL1/LIMA1/ARPC5L/CYRIB/MSN/NHERF1/ARPC3/FGG/VASP/CFL1/CYRIA/RDX/ARPC5/PECAM1/HP1BP3/PAK1/PEX11B/WNK1/PRKCD/SHTN1/HCK/SRC/TWF1/CFL2/ROCK1/CAPZA1/HSP90AA1/SWAP70/NCKAP1/NCKAP1L/CAPZB/FGB/FLII/FGA/SH3BP1/STK39/PDXP/TBXAS1/TMOD3/NCK1/PLEK/TWF2/NCK2/WDR1/PICALM/AP2M1/ANO6/BIN1/GCLM/GDI1/EZR/EVL/ARHGAP18/MAP2K1/TRIOBP/HIP1R/PAFAH1B1/DNM1/DNM2/ACE/SNX9/RAB22A/RAP1GDS1/PFN1/SIN3A/RHOA/ACTN2/VIM,0.21140018938492272
FC_vs_Healthy,GO:0001819,positive regulation of cytokine production,151,0.39341209512558045,1.191062817025232,0.04695304695304695,0.17352213004386918,0.17352213004386918,1469,"tags=42%, list=35%, signal=29%",PTPRC/STAT1/HLA-A/LGALS9/HLA-DPB1/PSMA4/IFI16/HMGB1/CYRIB/OAS3/CYBB/PSMB8/CD74/HLA-E/HLA-G/EIF2AK2/PSMA2/RAB1A/PQBP1/CASP1/ZC3HAV1/PSMA3/RELA/CLU/PSMB2/DDX21/RIGI/HDAC2/STING1/HSP90AA1/BSG/PSMB1/FGR/PSMA7/MYD88/PSMB9/HMOX1/PSMB4/RFTN1/PSMB10/PLCG2/CYBA/TBK1/PSMA1/TRADD/UAP1/CREB1/CEBPB/THBS1/FRMD8/TMED10/GBP5/PSMA6/SLC7A5/HMGB2/RAD21/DHX9/ADAM10/TRIM56/ADAM17/GAPDH/CD14/DDX3X/AKAP12,0.2065879226968911
FC_vs_Healthy,GO:0003012,muscle system process,165,0.39301575982899656,1.1836247836263667,0.04795204795204795,0.17545368538746023,0.17545368538746023,1785,"tags=58%, list=42%, signal=35%",RPL31/RPL7A/RPL21/RPL34/RPL23A/RPL18A/RPL17/RPL32/RPL27/RPL13A/RPL6/PAK2/RPL10/RPL5/RPL27A/ATP2A1/ATP2A2/EHD3/PARP1/PAK1/CALD1/RPL37A/TWF1/PRKACA/FKBP1A/RPL19/ROCK1/HDAC2/RPL7/GSTO1/HSP90AA1/RPL24/MYL9/CLIC2/CAMK2D/PABPN1/RPL35A/FLNA/RPL30/RPL4/RPL29/RPL28/TPM4/HMOX1/ATP1A1/ENO1/GLRX3/TMOD3/RPL3L/CYBA/DSC2/CALM1/CALM2/CALM3/RPL12/RPL14/LMCD1/RPL18/ATP1A2/EEF2/RPL11/BIN1/RPL8/GNAI1/TPM3/MAP2K1/RPL35/ARRB1/RPL10A/RPL15/GRK2/RPL36/GNAO1/PRKCA/GSK3A/RPL23/RAP1GDS1/RPL36A/DES/TNNC2/TOMM70/PGAM2/ATP2B1/MYH1/MYH2/MYH3/MYH4/MYH6/MYH7/MYH7B/MYH13/RPL13/ARRB2/MYL6B/MYL6/RPL38,0.2042947565168861
FC_vs_Healthy,GO:0048193,Golgi vesicle transport,177,0.385967290921388,1.1795177570569615,0.04995004995004995,0.1772264777961687,0.1772264777961687,1369,"tags=42%, list=32%, signal=30%",CSK/YIF1B/AP3M1/SCAMP2/CORO7/VAPB/VAPA/MYO1B/AP1M1/RAB8A/EHD3/RAB10/RAB43/RAB14/RAB4B/RAB1A/RAB6A/RAB1B/HYOU1/RP2/ARCN1/MYO18A/TMED7/TM9SF4/ACSL3/YIPF6/TFG/RAB13/RABGGTA/MYO5A/SEC13/VTI1B/ACBD3/VPS13C/OPTN/COPG1/STX5/PITPNB/NAPA/SCAMP3/SEC31A/VAMP7/AP1G2/AP3D1/SNX3/AP1G1/COPG2/ANXA13/MIA3/GABARAPL2/SNX12/SEC23B/GBF1/TMED5/GLTP/AP2M1/TMED10/CCDC93/YKT6/COPB2/NSF/COPA/SCYL1/SEC23IP/TMED3/TMED2/LAMP1/LMAN2/TRAPPC1/ATP2C1/AP2A1/GOLGA7/TRAPPC3/BCAP31/SURF4,0.19991523130966152
FC_vs_Healthy,GO:0022411,cellular component disassembly,202,0.3857006893500965,1.1769779447428999,0.04395604395604396,0.16806722689075632,0.16806722689075632,1529,"tags=46%, list=36%, signal=31%",CTSS/NME1/LIMA1/CASP3/VAMP8/SET/ITGAM/ACIN1/TRIM21/MMP14/BAX/SMARCC2/CFL1/CHMP4B/RDX/GSPT1/CHMP4A/KLC1/SUPT16H/SMARCD2/ATP2A2/GSPT2/WNK1/TWF1/CFL2/DSTN/NES/MAP4/CAPZA1/ABCE1/DDRGK1/SH3PXD2B/SMARCE1/VPS16/SWAP70/MICAL1/CAPZB/CST3/ENG/CDK1/IST1/MCTS1/FLII/SH3BP1/PYM1/STX5/STMN1/SSRP1/NAPA/VRK1/ETF1/CKAP5/PDXP/CHMP5/TMOD3/HSPA8/KIF5B/CHMP1B/CALM1/TAOK1/PLEK/TWF2/GABARAPL2/GBF1/C1QA/WDR1/PRKCB/CDK5RAP3/PIK3R1/NSF/SMARCC1/VTA1/PRKAA1/UFL1/MPO/KIF2A/PLG/FAP/VPS33A/TRIOBP/ADAM10/FAF2/C1QC/PIK3C3/SKIC3/C1QB/GRWD1/PELO/PRKCA/CHMP6/SCAF4/RPL23/UFSP2,0.21392785549235627
FC_vs_Healthy,NA,NA,NA,NA,NA,NA,NA,NA,NA,NA,,NA
FC_vs_Healthy,NA,NA,NA,NA,NA,NA,NA,NA,NA,NA,,NA
FC_vs_Healthy,NA,NA,NA,NA,NA,NA,NA,NA,NA,NA,,NA
FC_vs_Healthy,NA,NA,NA,NA,NA,NA,NA,NA,NA,NA,,NA
FC_vs_Healthy,NA,NA,NA,NA,NA,NA,NA,NA,NA,NA,,NA
FC_vs_Healthy,NA,NA,NA,NA,NA,NA,NA,NA,NA,NA,,NA
FC_vs_Healthy,NA,NA,NA,NA,NA,NA,NA,NA,NA,NA,,NA
FC_vs_Healthy,NA,NA,NA,NA,NA,NA,NA,NA,NA,NA,,NA
FC_vs_Healthy,NA,NA,NA,NA,NA,NA,NA,NA,NA,NA,,NA
FC_vs_Healthy,NA,NA,NA,NA,NA,NA,NA,NA,NA,NA,,NA
FC_vs_Healthy,NA,NA,NA,NA,NA,NA,NA,NA,NA,NA,,NA
FC_vs_Healthy,NA,NA,NA,NA,NA,NA,NA,NA,NA,NA,,NA
FC_vs_Healthy,NA,NA,NA,NA,NA,NA,NA,NA,NA,NA,,NA
FC_vs_Healthy,NA,NA,NA,NA,NA,NA,NA,NA,NA,NA,,NA
FC_vs_Healthy,NA,NA,NA,NA,NA,NA,NA,NA,NA,NA,,NA
FC_vs_Healthy,NA,NA,NA,NA,NA,NA,NA,NA,NA,NA,,NA
FC_vs_Healthy,NA,NA,NA,NA,NA,NA,NA,NA,NA,NA,,NA
FC_vs_Healthy,NA,NA,NA,NA,NA,NA,NA,NA,NA,NA,,NA
FC_vs_Healthy,NA,NA,NA,NA,NA,NA,NA,NA,NA,NA,,NA
FC_vs_Healthy,NA,NA,NA,NA,NA,NA,NA,NA,NA,NA,,NA
FC_vs_Healthy,NA,NA,NA,NA,NA,NA,NA,NA,NA,NA,,NA
FC_vs_Healthy,NA,NA,NA,NA,NA,NA,NA,NA,NA,NA,,NA
FC_vs_Healthy,NA,NA,NA,NA,NA,NA,NA,NA,NA,NA,,NA
FC_vs_Healthy,NA,NA,NA,NA,NA,NA,NA,NA,NA,NA,,NA
FC_vs_Healthy,NA,NA,NA,NA,NA,NA,NA,NA,NA,NA,,NA
FC_vs_Healthy,NA,NA,NA,NA,NA,NA,NA,NA,NA,NA,,NA
FC_vs_Healthy,NA,NA,NA,NA,NA,NA,NA,NA,NA,NA,,NA
FC_vs_Healthy,NA,NA,NA,NA,NA,NA,NA,NA,NA,NA,,NA
FC_vs_Healthy,NA,NA,NA,NA,NA,NA,NA,NA,NA,NA,,NA
FC_vs_Healthy,NA,NA,NA,NA,NA,NA,NA,NA,NA,NA,,NA
FC_vs_Healthy,NA,NA,NA,NA,NA,NA,NA,NA,NA,NA,,NA
FC_vs_Healthy,NA,NA,NA,NA,NA,NA,NA,NA,NA,NA,,NA
FC_vs_Healthy,NA,NA,NA,NA,NA,NA,NA,NA,NA,NA,,NA
FC_vs_Healthy,NA,NA,NA,NA,NA,NA,NA,NA,NA,NA,,NA
FC_vs_Healthy,NA,NA,NA,NA,NA,NA,NA,NA,NA,NA,,NA
FC_vs_Healthy,NA,NA,NA,NA,NA,NA,NA,NA,NA,NA,,NA
FC_vs_Healthy,NA,NA,NA,NA,NA,NA,NA,NA,NA,NA,,NA
FC_vs_Healthy,NA,NA,NA,NA,NA,NA,NA,NA,NA,NA,,NA
FC_vs_Healthy,NA,NA,NA,NA,NA,NA,NA,NA,NA,NA,,NA
LC_vs_Healthy,GO:0048705,skeletal system morphogenesis,18,-0.6531549451059712,-2.399688678350907,1.4080617285861332e-4,0.002592218559347914,0.0019715579384779673,476,"tags=39%, list=11%, signal=35%",LAMA5/FBN2/MAPK14/COL3A1/COL28A1/CTNNB1/COL2A1,0.5188480777437918
LC_vs_Healthy,GO:0006721,terpenoid metabolic process,37,-0.5579630288450514,-2.3944488967997164,2.5336697015729395e-6,1.4160528960050473e-4,1.0770042203253749e-4,393,"tags=43%, list=9%, signal=40%",MVD/SDR9C7/PMVK/RDH11/SDR16C5/ACAT2/FDFT1/LIPE/MVK/FDPS/RETSAT/HMGCS2/ALDH3A2/AKR1C3/ADH1B/HMGCS1,0.6272567397185284
LC_vs_Healthy,GO:0007601,visual perception,27,-0.5380347406787485,-2.2122560974665393,1.648647742231548e-4,0.002892861585196919,0.002200217339948246,337,"tags=33%, list=8%, signal=31%",RDH11/TGFBI/ABLIM1/KRT12/EFEMP1/TACSTD2/COL1A1/COL2A1/LUM,0.5188480777437918
LC_vs_Healthy,GO:0050953,sensory perception of light stimulus,27,-0.5380347406787485,-2.2122560974665393,1.648647742231548e-4,0.002892861585196919,0.002200217339948246,337,"tags=33%, list=8%, signal=31%",RDH11/TGFBI/ABLIM1/KRT12/EFEMP1/TACSTD2/COL1A1/COL2A1/LUM,0.5188480777437918
LC_vs_Healthy,GO:0006637,acyl-CoA metabolic process,57,-0.4494260801178602,-2.141556715906875,2.717471452397731e-6,1.4160528960050473e-4,1.0770042203253749e-4,464,"tags=35%, list=11%, signal=32%",FITM2/SUCLG2/TECR/MVD/PMVK/ALDH7A1/BCKDHA/PDHB/MVK/ACSL5/HMGCS2/ACSL1/ACAT1/DBT/ACOT1/ACACA/ACACB/ACSS2/HMGCS1/FASN,0.6272567397185284
LC_vs_Healthy,GO:0007517,muscle organ development,59,-0.43858570070870256,-2.0945941145450693,4.44936285730761e-6,1.9327797581521677e-4,1.470010027423384e-4,395,"tags=42%, list=9%, signal=39%",UNC45A/IGSF8/MYLK2/COL3A1/CAV2/ACTA1/CAV1/FHL1/FLNB/EFEMP2/GPC1/SGCD/MYLK/LAMA2/CTNNB1/UTRN/ASS1/DSP/DES/TPM1/COL6A1/PLEC/LMNA/COL6A3/MYH14,0.610526878385931
LC_vs_Healthy,GO:0051216,cartilage development,23,-0.5456643092244156,-2.079863349246249,4.758239307469896e-4,0.006072162207146243,0.004618290984783549,380,"tags=39%, list=9%, signal=36%",MAPK14/COL3A1/NFIB/TGFBI/GPLD1/EFEMP1/COL2A1/LUM/OGN,0.49849310876659025
LC_vs_Healthy,GO:0001578,microtubule bundle formation,12,-0.663932147793264,-2.0390061121290786,0.0026528965196623735,0.019861351943872303,0.015105904535957261,470,"tags=58%, list=11%, signal=52%",ODAD4/DNAH1/MAP1B/TPPP3/MTCL1/NUMA1/DNAAF1,0.4317076958033464
LC_vs_Healthy,GO:0030216,keratinocyte differentiation,63,-0.3870704399613576,-2.029204822936648,1.0460079708878908e-4,0.0020608192128194758,0.0015673927123738473,300,"tags=37%, list=7%, signal=34%",ALOX15B/KRT78/KRT79/PKP1/KLK5/KRT80/KRT4/KRT7/DSP/NUMA1/PLEC/KRT14/AKR1C3/KRT71/KRT74/KRT72/KRT73/SCEL/KRT5/PPL/EVPL/KRT75/KRT77,0.5384340963099162
LC_vs_Healthy,GO:0006720,isoprenoid metabolic process,39,-0.4344366203261104,-1.9707655871517946,2.9170323598168307e-4,0.004310299131676712,0.0032782746808238377,393,"tags=41%, list=9%, signal=38%",MVD/SDR9C7/PMVK/RDH11/SDR16C5/ACAT2/FDFT1/LIPE/MVK/FDPS/RETSAT/HMGCS2/ALDH3A2/AKR1C3/ADH1B/HMGCS1,0.49849310876659025
LC_vs_Healthy,GO:0042098,T cell proliferation,39,0.6755840352622253,1.9189549522553744,1.0754587868582008e-6,1.0979456524015995e-4,8.350620973697052e-5,716,"tags=44%, list=17%, signal=37%",PTPRC/LGALS9/HLA-A/HLA-DPB1/HLA-DRB1/MSN/HMGB1/RAC2/TFRC/HLA-E/HLA-G/CTPS1/NCK1/NCKAP1L/NCK2/PRKAR1A/CEBPB,0.6435518361507222
LC_vs_Healthy,GO:0016125,sterol metabolic process,58,-0.40036376757463643,-1.8920546705107923,8.645436498591749e-5,0.001801115480172567,0.0013698704186205092,484,"tags=41%, list=11%, signal=37%",APOE/GBA1/SULT2B1/MVD/CYB5R3/PMVK/MSMO1/CYB5R1/APOL1/FDXR/NSDHL/TM7SF2/FDFT1/LIPE/MVK/FDPS/HMGCS2/DHCR24/APOB/CYP51A1/DHCR7/APOA1/APOA4/HMGCS1,0.5384340963099162
LC_vs_Healthy,GO:0032944,regulation of mononuclear cell proliferation,44,0.6545755500072212,1.8715010167330515,1.7722138205584961e-6,1.1574621234970607e-4,8.803284082042239e-5,716,"tags=41%, list=17%, signal=34%",PTPRC/LGALS9/MNDA/HLA-A/HLA-DPB1/HLA-DRB1/HMGB1/RAC2/TFRC/HLA-E/HLA-G/CD74/LYN/NCK1/NCKAP1L/NCK2/PRKAR1A/CEBPB,0.6435518361507222
LC_vs_Healthy,GO:0050670,regulation of lymphocyte proliferation,44,0.6545755500072212,1.8715010167330515,1.7722138205584961e-6,1.1574621234970607e-4,8.803284082042239e-5,716,"tags=41%, list=17%, signal=34%",PTPRC/LGALS9/MNDA/HLA-A/HLA-DPB1/HLA-DRB1/HMGB1/RAC2/TFRC/HLA-E/HLA-G/CD74/LYN/NCK1/NCKAP1L/NCK2/PRKAR1A/CEBPB,0.6435518361507222
LC_vs_Healthy,GO:0046651,lymphocyte proliferation,50,0.6443115175504327,1.8632488485199734,1.4902406808782312e-6,1.1574621234970607e-4,8.803284082042239e-5,716,"tags=40%, list=17%, signal=34%",PTPRC/LGALS9/MNDA/HLA-A/HLA-DPB1/HLA-DRB1/MSN/HMGB1/RAC2/TFRC/HLA-E/HLA-G/CTPS1/CD74/LYN/NCK1/NCKAP1L/NCK2/PRKAR1A/CEBPB,0.6435518361507222
LC_vs_Healthy,GO:0042129,regulation of T cell proliferation,35,0.6658029672351974,1.8549414779737752,1.2482399266326866e-5,3.893815104468075e-4,2.9615103450654284e-4,716,"tags=43%, list=17%, signal=36%",PTPRC/LGALS9/HLA-A/HLA-DPB1/HLA-DRB1/HMGB1/RAC2/TFRC/HLA-E/HLA-G/NCK1/NCKAP1L/NCK2/PRKAR1A/CEBPB,0.5933254763964051
LC_vs_Healthy,GO:0032943,mononuclear cell proliferation,51,0.6293357874016234,1.848516337486534,2.529479316941755e-6,1.4160528960050473e-4,1.0770042203253749e-4,716,"tags=39%, list=17%, signal=33%",PTPRC/LGALS9/MNDA/HLA-A/HLA-DPB1/HLA-DRB1/MSN/HMGB1/RAC2/TFRC/HLA-E/HLA-G/CTPS1/CD74/LYN/NCK1/NCKAP1L/NCK2/PRKAR1A/CEBPB,0.6272567397185284
LC_vs_Healthy,GO:0002832,negative regulation of response to biotic stimulus,52,0.6351974582428734,1.8412197563213586,1.8525659938369086e-6,1.1574621234970607e-4,8.803284082042239e-5,407,"tags=37%, list=10%, signal=33%",LGALS9/HLA-A/IFI16/GRN/SERPINB9/PTPN6/TRIM21/YTHDF3/YTHDF2/HLA-B/HLA-E/HLA-G/OAS3/PCBP2/GRB2/RPS19/PARP1/SERPINB4/SAMHD1,0.6435518361507222
LC_vs_Healthy,GO:0001906,cell killing,74,0.6079821638603035,1.8341807747832541,9.035377438843343e-8,5.042591247445413e-5,3.8352324762698337e-5,460,"tags=36%, list=11%, signal=33%",DEFA1/DEFA3/DEFA1B/CORO1A/GBP1/PTPRC/ITGAM/LGALS9/GBP2/HLA-A/HLA-C/SERPINB9/HLA-DRB1/CYRIB/H2BC12/ICAM1/HLA-B/HLA-E/HLA-G/CTSC/GRB2/RPS19/STX7/KRT6A/RAB27A/SERPINB4/NCKAP1L,0.7049757151672383
LC_vs_Healthy,GO:0070663,regulation of leukocyte proliferation,51,0.6243681504739952,1.8339251475315888,3.832873610834644e-6,1.793465443736377e-4,1.3640520473219063e-4,716,"tags=37%, list=17%, signal=31%",PTPRC/LGALS9/MNDA/HLA-A/HLA-DPB1/HLA-DRB1/HMGB1/RAC2/TFRC/HLA-E/HLA-G/CD74/LYN/NCK1/BST2/NCKAP1L/NCK2/PRKAR1A/CEBPB,0.610526878385931
LC_vs_Healthy,GO:0048562,embryonic organ morphogenesis,20,-0.4953690390862434,-1.8331273243518886,0.008299160597265258,0.04931194365465018,0.03750507596032347,462,"tags=30%, list=11%, signal=27%",FBN2/FBN1/CTNNB1/EFEMP1/DNAAF1/COL2A1,0.3807304007227924
LC_vs_Healthy,GO:0060538,skeletal muscle organ development,29,-0.455781721352312,-1.8268393053073584,0.0010515802703188035,0.010358988101473827,0.007878712677374368,389,"tags=41%, list=9%, signal=38%",IGSF8/MYLK2/CAV2/ACTA1/CAV1/GPC1/CTNNB1/ASS1/DES/COL6A1/PLEC/MYH14,0.45505986738722953
LC_vs_Healthy,GO:0032946,positive regulation of mononuclear cell proliferation,26,0.6751476098313104,1.8209106735094351,2.1265422003743882e-4,0.003461024479739765,0.0026323437364841737,460,"tags=38%, list=11%, signal=34%",PTPRC/LGALS9/HLA-A/HLA-DPB1/HMGB1/TFRC/HLA-E/CD74/NCK1/NCKAP1L,0.5188480777437918
LC_vs_Healthy,GO:0050671,positive regulation of lymphocyte proliferation,26,0.6751476098313104,1.8209106735094351,2.1265422003743882e-4,0.003461024479739765,0.0026323437364841737,460,"tags=38%, list=11%, signal=34%",PTPRC/LGALS9/HLA-A/HLA-DPB1/HMGB1/TFRC/HLA-E/CD74/NCK1/NCKAP1L,0.5188480777437918
LC_vs_Healthy,GO:0009063,amino acid catabolic process,46,-0.3884652101560266,-1.8203572084736683,0.0011196550004609015,0.010839418668255107,0.00824411269135443,567,"tags=39%, list=13%, signal=34%",GLUD1/ALDH4A1/HIBCH/GPT/MCCC2/MCCC1/ARG1/ALDH5A1/HMGCL/ALDH7A1/BCKDHA/SHMT1/BLMH/ACAD8/ACAT1/ASS1/DBT/ALDH6A1,0.45505986738722953
LC_vs_Healthy,GO:0008203,cholesterol metabolic process,55,-0.3985529390940354,-1.8089847486231823,1.2889307165663547e-4,0.0024407391269011965,0.001856347561451892,484,"tags=42%, list=11%, signal=38%",APOE/GBA1/SULT2B1/MVD/CYB5R3/PMVK/MSMO1/APOL1/FDXR/NSDHL/TM7SF2/FDFT1/LIPE/MVK/FDPS/HMGCS2/DHCR24/APOB/CYP51A1/DHCR7/APOA1/APOA4/HMGCS1,0.5188480777437918
LC_vs_Healthy,GO:0002181,cytoplasmic translation,169,0.569901151949467,1.7965340505755776,1e-10,1.123e-7,8.54117627129294e-8,1211,"tags=59%, list=29%, signal=44%",RPL7A/RPL31/RPL26L1/RPL26/RPS3A/RPL21/RPL23A/PKM/RPL34/RPL10/RPS23/RPL6/YTHDF2/RPL13A/RPL19/RPL32/RPS26/RPL3/RPL27A/RPL17/RPL22/RPS21/RPS11/RPL18A/DDRGK1/RPL24/RPS19/NCBP2/NPM1/EIF2S2/RPS17/RPL37A/RPL7/RPL27/NCK1/RPS15/EIF3H/RPL4/RPL28/RPS20/RPS24/PABPC1/EIF2AK2/RPS18/SH3BGRL/HNRNPU/EIF3A/PAIP1/RPL29/RPL5/FAU/RPL14/SYNCRIP/RPS12/EIF2S3/MCTS1/EEF1D/RPS16/FMR1/RPS13/RPS9/RPL30/EIF2B4/EIF3CL/EIF3C/RPL36AL/RPL36A/EIF4G1/EIF3J/RPS14/RPS25/ABCE1/CDK5RAP3/AARS1/EIF5/SKIC8/RPL18/EPRS1/CSDE1/RPL12/RPS8/ZC3H15/YBX1/RPL15/DHX29/EIF3G/RPL13/PELO/NCBP1/RPL23/RPL11/RPL35/RPS2/RPL10A/RPS29/ETF1/RPS10/RPL35A/EIF2B3,NA
LC_vs_Healthy,GO:1903039,positive regulation of leukocyte cell-cell adhesion,73,0.6012074506810735,1.7954088659038543,3.839264108503778e-7,6.828810127756642e-5,5.193773020869095e-5,682,"tags=41%, list=16%, signal=35%",ITGB2/PTPRC/LGALS9/HLA-A/HLA-DPB1/HLA-DRB1/PTPN6/CSK/CYRIB/AP3B1/HMGB1/CD47/TFRC/HLA-E/HLA-G/SMARCC2/RELA/HLA-DRB5/LYN/SRC/YES1/NCK1/SART1/NCKAP1L/HSPH1/HLA-DRB3/HLA-DRA/LCK/CD44/NCK2,0.674962860011025
LC_vs_Healthy,GO:0070661,leukocyte proliferation,60,0.6091815422148954,1.79240311736914,1.855237597769109e-6,1.1574621234970607e-4,8.803284082042239e-5,716,"tags=37%, list=17%, signal=31%",PTPRC/LGALS9/MNDA/HLA-A/HLA-DPB1/HLA-DRB1/MSN/HMGB1/RAC2/TFRC/HLA-E/HLA-G/CTPS1/CD74/LYN/NCK1/BST2/NCKAP1L/CLU/NCK2/PRKAR1A/CEBPB,0.6435518361507222
LC_vs_Healthy,GO:0046165,alcohol biosynthetic process,56,-0.3603379950589123,-1.792078798692625,0.0012191214395402188,0.011602316750878524,0.008824348399343564,484,"tags=29%, list=11%, signal=26%",APOE/GBA1/MVD/CYB5R3/PMVK/MSMO1/NSDHL/TM7SF2/FDFT1/MVK/FDPS/HMGCS2/DHCR24/CYP51A1/DHCR7/HMGCS1,0.45505986738722953
LC_vs_Healthy,GO:0070665,positive regulation of leukocyte proliferation,32,0.6487489207956724,1.7916770815537404,2.3109988987530974e-4,0.0036045163379162895,0.00274147902180751,460,"tags=38%, list=11%, signal=34%",PTPRC/LGALS9/HLA-A/HLA-DPB1/HMGB1/TFRC/HLA-E/CD74/LYN/NCK1/BST2/NCKAP1L,0.5188480777437918
LC_vs_Healthy,GO:0006909,phagocytosis,99,0.5733090454599983,1.7798784299121186,1.3470858185517577e-7,5.042591247445413e-5,3.8352324762698337e-5,821,"tags=46%, list=19%, signal=38%",ITGB2/CORO1A/PTPRC/ITGAM/CALR/CSK/ELMO1/HMGB1/RAC1/CD47/RAB14/RAB39A/TGM2/PECAM1/PRKCD/ITGAX/MYO1G/RAP1A/RAB27A/HCK/LYN/SRC/YES1/NCKAP1L/ANXA3/MYO18A/TM9SF4/MYH9/NCF4/VIPAS39/PAK1/PLCG2/PRKACA/CDC42/ARAP1/FGR/C4BPA/DOCK2/LMAN2/CYBA/ELMO2/ANXA11/SNX3/MYD88/DYSF/VAMP7,0.6901324587967956
LC_vs_Healthy,GO:0061448,connective tissue development,41,-0.392169691850759,-1.773006730710517,0.0014683206150604144,0.012983297735493653,0.009874678053564538,380,"tags=29%, list=9%, signal=27%",MAPK14/COL3A1/ACTA2/NFIB/TGFBI/HMGCS2/GPLD1/ACAT1/EFEMP1/COL2A1/LUM/OGN,0.45505986738722953
LC_vs_Healthy,GO:0019882,antigen processing and presentation,57,0.6014335169591274,1.7668836371768237,8.489380532653803e-6,3.0083805646484516e-4,2.2880773547457e-4,381,"tags=39%, list=9%, signal=36%",CTSS/TAP2/CALR/HLA-A/HLA-C/HLA-DPB1/HLA-DRB1/TAP1/AP3B1/YTHDF1/RAB10/RAB35/RAB8B/RAB4A/RAB6A/HLA-B/HLA-E/HLA-G/PDIA3/CD74/HLA-DRB5/RAB27A,0.5933254763964051
LC_vs_Healthy,GO:0002768,immune response-regulating cell surface receptor signaling pathway,94,0.575000533497619,1.7649065323540216,2.331492805891601e-7,6.54566605254067e-5,4.978422757592885e-5,717,"tags=39%, list=17%, signal=33%",GBP1/PTPRC/ITGAM/MNDA/HLA-A/HLA-DPB1/HLA-DRB1/PTPN6/CSK/BAX/UBE2N/AP3B1/HMGB1/CD47/HLA-G/PRKCD/WDFY1/GRB2/RELA/MYO1G/RAP1A/HCK/LYN/SRC/YES1/NCK1/PAK2/NCKAP1L/PAK1/PLCG2/HLA-DRB3/KHDRBS1/FGR/CLEC2B/LCK/EIF2B4/CYBA,0.6901324587967956
LC_vs_Healthy,GO:0002695,negative regulation of leukocyte activation,48,0.602056531994736,1.7598355720114982,5.9682540014146974e-5,0.0014260317539550437,0.0010845938182538798,1194,"tags=62%, list=28%, signal=45%",PTPRC/LGALS9/MNDA/GRN/HLA-DRB1/PTPN6/CSK/PSMA4/HMGB1/PSMB8/HLA-E/HLA-G/LYN/SRC/PSMA3/FN1/PSMA2/PSMB9/FGR/PSMA7/PRKAR1A/CEBPB/PSMB2/PSMB1/PSMB10/PSMB4/PSMA1/PSMA6/BTK/STAT5A,0.557332238758646
LC_vs_Healthy,GO:0002444,myeloid leukocyte mediated immunity,39,0.6182526911520483,1.7561087910713273,6.534542194827914e-5,0.001497610384651377,0.0011390342191474829,1182,"tags=56%, list=28%, signal=41%",ITGB2/ITGAM/LGALS9/SERPINB9/VAMP8/RAC2/HLA-E/LYN/ANXA3/FGR/DDX21/RIGI/VAMP2/VAMP7/MPO/ACE/WDR1/JAGN1/ADAM17/STXBP2/GNAI1/BTK,0.5384340963099162
LC_vs_Healthy,GO:0050870,positive regulation of T cell activation,69,0.585628156407923,1.754339580925888,3.5318051495247633e-6,1.7244422534418738e-4,1.3115552320848314e-4,682,"tags=39%, list=16%, signal=33%",PTPRC/LGALS9/HLA-A/HLA-DPB1/HLA-DRB1/PTPN6/CSK/CYRIB/AP3B1/HMGB1/CD47/TFRC/HLA-E/HLA-G/SMARCC2/HLA-DRB5/LYN/SRC/YES1/NCK1/SART1/NCKAP1L/HSPH1/HLA-DRB3/HLA-DRA/LCK/NCK2,0.6272567397185284
LC_vs_Healthy,GO:0019079,viral genome replication,46,0.6096708517564335,1.7530455627342885,3.0388473479946166e-5,7.755967208631715e-4,5.898938831993886e-4,783,"tags=48%, list=18%, signal=39%",IFI16/PPIE/ADAR/VAPB/VAPA/OAS3/PCBP2/PCBP3/IFITM3/RAD23A/DEK/BST2/ILF3/PABPC1/EIF2AK2/LARP1/TOP2B/FMR1/ZC3HAV1/TMEM41B/STAU1/IFIT1,0.5756102610711286
LC_vs_Healthy,GO:0034308,primary alcohol metabolic process,36,-0.4198465662129648,-1.7490295487446748,0.001101240461295311,0.010753852504648992,0.008179033823481044,449,"tags=31%, list=11%, signal=28%",ACP3/SDR9C7/RDH11/SDR16C5/LIPE/RETSAT/AKR1C2/ALDH3A2/AKR1C3/ADH1B/ACSS2,0.45505986738722953
LC_vs_Healthy,GO:0034341,response to type II interferon,48,0.5975937728885722,1.746790746804928,7.816464888212614e-5,0.0017160702884134232,0.0013051877851529442,961,"tags=58%, list=23%, signal=46%",GBP1/LGALS9/GBP2/STAT1/TRIM21/PSMA4/CD47/PSMB8/RPL13A/CD74/CASP1/IFITM3/HCK/BST2/PSMA3/CDC37/PSMA2/PSMB9/SYNCRIP/SEC61A1/PSMA7/RAF1/PSMB2/SP100/PSMB1/EPRS1/PSMB10/PSMB4,0.5384340963099162
LC_vs_Healthy,GO:0002429,immune response-activating cell surface receptor signaling pathway,90,0.572386674015209,1.7467170509982743,5.301940539896598e-7,7.315307696987055e-5,5.563787401488197e-5,717,"tags=40%, list=17%, signal=34%",GBP1/PTPRC/ITGAM/MNDA/HLA-A/HLA-DPB1/HLA-DRB1/PTPN6/CSK/BAX/UBE2N/AP3B1/HMGB1/CD47/PRKCD/WDFY1/GRB2/RELA/MYO1G/RAP1A/HCK/LYN/SRC/YES1/NCK1/PAK2/NCKAP1L/PAK1/PLCG2/HLA-DRB3/KHDRBS1/FGR/CLEC2B/LCK/EIF2B4/CYBA,0.6594443980379349
LC_vs_Healthy,GO:0002703,regulation of leukocyte mediated immunity,67,0.5847721773273382,1.7399088426511382,4.4748240170931754e-6,1.9327797581521677e-4,1.470010027423384e-4,1182,"tags=60%, list=28%, signal=44%",ITGB2/PTPRC/ITGAM/LGALS9/HLA-A/HLA-C/SERPINB9/HLA-DRB1/VAMP8/CYRIB/ICAM1/HMGB1/RAC2/TFRC/HLA-B/HLA-E/HLA-G/GRB2/STX7/LYN/SERPINB4/BST2/NCKAP1L/PLCG2/HLA-DRB3/HLA-DRA/FGR/DDX21/C4BPA/RIGI/AP1G1/VAMP7/YWHAG/LAMP1/TP53BP1/PIK3C3/STXBP2/HLA-F/PRKAA1/BTK,0.610526878385931
LC_vs_Healthy,GO:0002274,myeloid leukocyte activation,59,0.589864668136147,1.7395956854682166,1.8994080596121314e-5,5.332588127361058e-4,4.055794762065426e-4,821,"tags=42%, list=19%, signal=35%",ITGB2/PTPRC/ITGAM/LGALS9/GRN/PTPN6/VAMP8/HMGB1/RAC2/CD74/PRKCD/LYN/SRC/FN1/ANXA3/MYO18A/PLCG2/FGR/CLU/ADAM10/DOCK2/VAMP2/C1QA/DYSF/VAMP7,0.5756102610711286
LC_vs_Healthy,GO:1903305,regulation of regulated secretory pathway,40,0.6090132147193079,1.7270730820515452,2.8267272930729867e-4,0.004232553000161285,0.0032191434774681486,1275,"tags=65%, list=30%, signal=46%",ITGB2/ITGAM/LGALS9/VAMP8/RAC2/RAB3D/RAP1B/RAP1A/RAB27A/LYN/NCKAP1L/FGR/CDK5/FMR1/RAB3GAP1/MICAL1/AP1G1/VAMP7/PRKCB/LAMP1/STXBP2/HLA-F/GNAI2/CALM3/RAB5A/GIT1,0.49849310876659025
LC_vs_Healthy,GO:0001909,leukocyte mediated cytotoxicity,44,0.6031807102413246,1.7245577114482045,1.00825390447353e-4,0.0020219091691495964,0.0015377989864871022,460,"tags=41%, list=11%, signal=37%",CORO1A/PTPRC/ITGAM/LGALS9/HLA-A/HLA-C/SERPINB9/HLA-DRB1/CYRIB/ICAM1/HLA-B/HLA-E/HLA-G/CTSC/GRB2/STX7/SERPINB4/NCKAP1L,0.5384340963099162
LC_vs_Healthy,GO:0022409,positive regulation of cell-cell adhesion,92,0.5609706640245375,1.7235712423189173,1.566455479937565e-6,1.1574621234970607e-4,8.803284082042239e-5,708,"tags=37%, list=17%, signal=31%",ITGB2/PTPRC/LGALS9/HLA-A/HLA-DPB1/HLA-DRB1/PTPN6/CSK/CYRIB/AP3B1/HMGB1/CD47/TFRC/FGG/HLA-E/HLA-G/SMARCC2/RELA/HLA-DRB5/LYN/SRC/YES1/NCK1/SART1/NCKAP1L/FGB/HSPH1/HLA-DRB3/HLA-DRA/LCK/FGA/CD44/NCK2/F11R,0.6435518361507222
LC_vs_Healthy,GO:0006334,nucleosome assembly,40,0.6071880956895566,1.721897309389081,3.095064422044203e-4,0.004513970579163169,0.0034331806233359667,703,"tags=48%, list=17%, signal=40%",SMARCA5/H2AX/SET/H1-2/H1-3/H1-4/H1-5/H1-1/HP1BP3/NPM1/DNAJC9/H1-10/NAP1L1/NAP1L4/HMGB2/SUPT16H/MACROH2A1/MACROH2A2/SSRP1,0.49849310876659025
LC_vs_Healthy,GO:1902652,secondary alcohol metabolic process,61,-0.35380060103826205,-1.7104767807134507,6.082318715632646e-4,0.006697295880169268,0.00509374752034993,484,"tags=38%, list=11%, signal=34%",APOE/GBA1/SULT2B1/MVD/CYB5R3/PMVK/MSMO1/APOL1/FDXR/NSDHL/TM7SF2/FDFT1/LIPE/MVK/FDPS/HMGCS2/DHCR24/APOB/CYP51A1/DHCR7/APOA1/APOA4/HMGCS1,0.47727081536286214
LC_vs_Healthy,GO:0006694,steroid biosynthetic process,58,-0.3615492663432722,-1.7086235903627645,7.483455251050561e-4,0.007891887361321851,0.0060023153220159255,393,"tags=29%, list=9%, signal=27%",MVD/CYB5R3/PMVK/MSMO1/CYB5R1/FDXR/NSDHL/TM7SF2/FDFT1/MVK/FDPS/HMGCS2/AKR1C3/DHCR24/CYP51A1/DHCR7/HMGCS1,0.47727081536286214
LC_vs_Healthy,GO:0002366,leukocyte activation involved in immune response,84,0.5629978230691215,1.706820708688715,5.889809113618495e-6,2.44972430910873e-4,1.8631814016178958e-4,1325,"tags=57%, list=31%, signal=40%",ITGB2/CORO1A/ITGAM/LGALS9/GRN/HLA-DRB1/PTPN6/VAMP8/PSMA4/ICAM1/HMGB1/RAC2/TFRC/PSMB8/CD74/DDRGK1/LYN/PSMA3/NCKAP1L/ANXA3/PSMA2/PSMB9/PLCG2/HLA-DRA/FGR/DOCK2/PSMA7/VAMP2/PSMB2/DYSF/AP1G1/VAMP7/PSMB1/PSMB10/LAMP1/PSMB4/TP53BP1/PSMA1/STXBP2/HLA-F/GNAI1/PSMA6/BTK/STAT5A/DOCK11/LCP1/PCYT1A/NBN,0.610526878385931
LC_vs_Healthy,GO:0006413,translational initiation,86,0.5612777533449039,1.7064227050283338,2.774101844355391e-6,1.4160528960050473e-4,1.0770042203253749e-4,1058,"tags=51%, list=25%, signal=39%",DNAJC3/RPS3A/YTHDF3/YTHDF2/YTHDF1/RPL13A/EIF4B/PML/NCBP2/ABCF1/EIF2S2/RPS17/EIF6/NCK1/EIF3H/EIF2AK2/SH3BGRL/LARP1/EIF3A/PAIP1/SYNCRIP/EIF2S3/EIF2A/KHDRBS1/EIF1AX/EIF1AY/MCTS1/FMR1/EIF4G2/NCK2/EIF2B4/EIF3CL/EIF3C/EIF4G1/EIF4G3/EIF3J/ABCE1/EIF5/EPRS1/CSDE1/DHX29/EIF3G/NCBP1/EIF2S1,0.6272567397185284
LC_vs_Healthy,GO:0042116,macrophage activation,23,0.645901609146307,1.6947883196734592,0.001634197148188907,0.013903056041031384,0.010574216594489155,792,"tags=48%, list=19%, signal=39%",ITGB2/PTPRC/ITGAM/GRN/HMGB1/CD74/MYO18A/PLCG2/CLU/C1QA/DYSF,0.45505986738722953
LC_vs_Healthy,GO:0051251,positive regulation of lymphocyte activation,81,0.5584283757938171,1.6930350576532922,1.3567592371241073e-5,4.1179476305145204e-4,3.131978324859983e-4,682,"tags=37%, list=16%, signal=32%",PTPRC/LGALS9/HLA-A/HLA-DPB1/HLA-DRB1/PTPN6/CSK/CYRIB/AP3B1/HMGB1/CD47/TFRC/HLA-E/HLA-G/MMP14/CD74/DDRGK1/SMARCC2/HLA-DRB5/LYN/SRC/YES1/NCK1/SART1/NCKAP1L/HSPH1/HLA-DRB3/HLA-DRA/LCK/NCK2,0.5933254763964051
LC_vs_Healthy,GO:0050777,negative regulation of immune response,76,0.5624603359700875,1.6921672662415095,8.572411226068607e-6,3.0083805646484516e-4,2.2880773547457e-4,684,"tags=38%, list=16%, signal=33%",PTPRC/LGALS9/HLA-A/IFI16/GRN/SERPINB9/HLA-DRB1/PTPN6/TRIM21/YTHDF3/YTHDF2/HLA-B/HLA-E/HLA-G/OAS3/GRB2/RPS19/PARP1/HCK/LYN/SRC/YES1/SERPINB4/SAMHD1/NCKAP1L/FGR/CLU/C4BPA/PRKAR1A,0.5933254763964051
LC_vs_Healthy,GO:0045055,regulated exocytosis,70,0.5649450841786328,1.6905694429744913,2.5850450248358462e-5,6.751175727652686e-4,5.134726796826e-4,1314,"tags=54%, list=31%, signal=38%",ITGB2/CORO1A/ITGAM/LGALS9/VAMP8/RAC2/RAB10/RAB3D/RAP1B/RAP1A/RAB27A/HCK/LYN/NCKAP1L/ANXA3/MYH9/FGR/CDK5/FMR1/RAB3GAP1/MICAL1/VAMP2/TMED10/PLEK/AP1G1/VAMP7/PRKCB/SYNGR2/LAMP1/STXBP2/HLA-F/GNAI1/GNAI2/BTK/CALM3/RAB5A/GIT1/NAPA,0.5756102610711286
LC_vs_Healthy,GO:0031640,killing of cells of another organism,29,0.6236435164583207,1.6846906981540453,4.22664547299979e-4,0.005718702248408149,0.004349460725440184,369,"tags=28%, list=9%, signal=25%",DEFA1/DEFA3/DEFA1B/GBP1/GBP2/H2BC12/RPS19/KRT6A,0.49849310876659025
LC_vs_Healthy,GO:0141061,disruption of cell in another organism,29,0.6236435164583207,1.6846906981540453,4.22664547299979e-4,0.005718702248408149,0.004349460725440184,369,"tags=28%, list=9%, signal=25%",DEFA1/DEFA3/DEFA1B/GBP1/GBP2/H2BC12/RPS19/KRT6A,0.49849310876659025
LC_vs_Healthy,GO:0046634,regulation of alpha-beta T cell activation,23,0.639583000995608,1.6782088544131823,0.00204576595623603,0.016647791078645374,0.012661773653639198,577,"tags=43%, list=14%, signal=38%",LGALS9/HLA-A/HLA-DRB1/AP3B1/HMGB1/HLA-E/NCKAP1L/HSPH1/HLA-DRB3/HLA-DRA,0.4317076958033464
LC_vs_Healthy,GO:0002263,cell activation involved in immune response,88,0.5493157397337651,1.677911752917957,1.0296037915078364e-5,3.492533089681835e-4,2.656308170284586e-4,1325,"tags=55%, list=31%, signal=38%",ITGB2/CORO1A/ITGAM/LGALS9/GRN/HLA-DRB1/PTPN6/VAMP8/PSMA4/ICAM1/HMGB1/RAC2/TFRC/PSMB8/CD74/DDRGK1/LYN/PSMA3/NCKAP1L/ANXA3/PSMA2/PSMB9/PLCG2/HLA-DRA/FGR/DOCK2/PSMA7/VAMP2/PSMB2/DYSF/AP1G1/VAMP7/PSMB1/PSMB10/LAMP1/PSMB4/TP53BP1/PSMA1/STXBP2/HLA-F/GNAI1/PSMA6/BTK/STAT5A/DOCK11/LCP1/PCYT1A/NBN,0.5933254763964051
LC_vs_Healthy,GO:0070828,heterochromatin organization,54,0.5766324867268133,1.6771303415722962,7.946184772706857e-5,0.0017160702884134232,0.0013051877851529442,674,"tags=43%, list=16%, signal=36%",SMARCA5/LBR/H2AC8/H2AX/H2AZ1/H2AC21/H2AC19/H2AC4/H2AC18/HMGB1/H1-2/HP1BP3/RBBP4/CBX3/HNRNPU/CBX1/RBM15/HDAC1/HDAC2/CDK2/CDK1/MACROH2A1/MACROH2A2,0.5384340963099162
LC_vs_Healthy,GO:0051607,defense response to virus,98,0.538789101166437,1.6644974011010223,1.057400935433503e-5,3.492533089681835e-4,2.656308170284586e-4,783,"tags=39%, list=18%, signal=32%",DEFA1/DEFA3/DEFA1B/GBP1/PTPRC/SMARCA5/GBP2/DNAJC3/STAT1/IFI16/VAMP8/TRIM21/UBE2N/ADAR/VAPB/OAS3/PCBP2/CASP1/IFITM3/PML/RELA/NCK1/SAMHD1/MX2/BST2/ILF3/PQBP1/EIF2AK2/ZMPSTE24/ELMOD2/DDX60/DDX21/RIGI/ZC3HAV1/NT5C2/STING1/MYD88/IFIT1,0.5933254763964051
LC_vs_Healthy,GO:0014902,myotube differentiation,64,0.5579342720617468,1.6597677995049256,7.08550380458438e-5,0.0015914041545096519,0.0012103707393174392,1241,"tags=61%, list=29%, signal=44%",RPL7A/RPL31/RPL21/RPL23A/RPL34/RPL10/RPL6/RPL13A/RPL19/RPL32/MMP14/RPL27A/RPL17/RPL18A/RPL24/RPL37A/RPL7/RPL27/RPL4/RPL28/NACA/RPL29/RPL5/RPL14/EHD1/DOCK2/RPL30/RPL36A/RPL18/RPL12/RPL15/RPL13/FBXO22/RPL23/RPL11/RPL35/RPL10A/RPL35A/RPL8,0.5384340963099162
LC_vs_Healthy,GO:0031507,heterochromatin formation,51,0.5636703585189794,1.6556405777926646,6.557877017722373e-4,0.007102720146449845,0.005402100158191605,674,"tags=41%, list=16%, signal=35%",SMARCA5/LBR/H2AC8/H2AX/H2AZ1/H2AC21/H2AC19/H2AC4/H2AC18/HMGB1/H1-2/RBBP4/CBX3/HNRNPU/CBX1/RBM15/HDAC1/HDAC2/CDK2/MACROH2A1/MACROH2A2,0.47727081536286214
LC_vs_Healthy,GO:0050868,negative regulation of T cell activation,36,0.5811735703392478,1.651721343045215,0.0012788895400882945,0.01206884834890046,0.009179177305383934,1194,"tags=58%, list=28%, signal=42%",LGALS9/HLA-DRB1/CSK/PSMA4/HMGB1/PSMB8/HLA-E/HLA-G/PSMA3/PSMA2/PSMB9/PSMA7/PRKAR1A/CEBPB/PSMB2/PSMB1/PSMB10/PSMB4/PSMA1/PSMA6/STAT5A,0.45505986738722953
LC_vs_Healthy,GO:0001501,skeletal system development,71,-0.3438204357174627,-1.650872400584807,2.782535938502295e-4,0.004222686295862267,0.0032116391799940046,476,"tags=30%, list=11%, signal=27%",LAMA5/FBN2/FBN1/ANXA2/MAPK14/COL3A1/VCAN/NFIB/COL28A1/TGFBI/PLS3/CTNNB1/GPLD1/EFEMP1/COL1A2/FBLN5/COL1A1/COL2A1/LUM/OGN/PRELP,0.49849310876659025
LC_vs_Healthy,GO:0046631,alpha-beta T cell activation,48,0.5642388572964273,1.6492929806632415,6.913208400319225e-4,0.007393840984341419,0.005623517290219961,1039,"tags=52%, list=25%, signal=40%",LGALS9/HLA-A/HLA-DRB1/PSMA4/AP3B1/HMGB1/PSMB8/HLA-E/PSMA3/NCKAP1L/HSPH1/PSMA2/PSMB9/HLA-DRB3/HLA-DRA/CLEC2B/LCK/PSMA7/CD44/CEBPB/PSMB2/PSMB1/PSMB10/PSMB4/PSMA1,0.47727081536286214
LC_vs_Healthy,GO:0050764,regulation of phagocytosis,44,0.5768531936090794,1.6492845452800522,4.681894915879685e-4,0.006043411483371133,0.004596424110367658,792,"tags=45%, list=19%, signal=37%",PTPRC/CALR/CSK/HMGB1/CD47/TGM2/RAP1A/RAB27A/HCK/NCKAP1L/MYO18A/PLCG2/PRKACA/ARAP1/FGR/DOCK2/LMAN2/CYBA/SNX3/DYSF,0.49849310876659025
LC_vs_Healthy,GO:0007159,leukocyte cell-cell adhesion,124,0.5325785907253179,1.649141627836134,5.862668679686866e-7,7.315307696987055e-5,5.563787401488197e-5,961,"tags=44%, list=23%, signal=35%",ITGB2/PTPRC/ITGAM/LGALS9/FERMT3/HLA-A/S100A8/HLA-DPB1/HLA-DRB1/PTPN6/CSK/CYRIB/MSN/PSMA4/ICAM1/AP3B1/HMGB1/RAC2/CD47/TFRC/PSMB8/HLA-E/HLA-G/PECAM1/ITGAX/SMARCC2/RELA/HLA-DRB5/LYN/SRC/YES1/NCK1/PSMA3/SART1/NCKAP1L/HSPH1/PSMA2/PSMB9/HLA-DRB3/HLA-DRA/LCK/PSMA7/CD44/NCK2/PRKAR1A/F11R/CEBPB/ROCK1/PSMB2/PSMB1/WNK1/STK10/PSMB10/YWHAG/PSMB4,0.6594443980379349
LC_vs_Healthy,GO:2000241,regulation of reproductive process,15,0.6870660740710588,1.647987448625124,0.002650093458292894,0.019861351943872303,0.015105904535957261,596,"tags=40%, list=14%, signal=34%",ARHGDIB/CALR/HVCN1/YTHDF2/MYH9/HDAC2,0.4317076958033464
LC_vs_Healthy,GO:0002709,regulation of T cell mediated immunity,30,0.6023107237202525,1.6474696325870364,0.0021186916199295125,0.017117199202739877,0.013018790352754784,577,"tags=43%, list=14%, signal=38%",PTPRC/HLA-A/HLA-C/HLA-DRB1/CYRIB/HMGB1/HLA-B/HLA-E/HLA-G/STX7/NCKAP1L/HLA-DRB3/HLA-DRA,0.4317076958033464
LC_vs_Healthy,GO:0001508,action potential,31,-0.4059535413277667,-1.64645878632876,0.009573959943554405,0.05402792470659094,0.041091899242309535,474,"tags=42%, list=11%, signal=38%",CD36/GBA1/ANK2/ANK3/CAV1/GPD1L/DSP/GNA11/ATP1B1/JUP/DSG2/CACNA2D1/MYH14,0.3807304007227924
LC_vs_Healthy,GO:0002705,positive regulation of leukocyte mediated immunity,38,0.5820640236154158,1.6455239495119274,0.0015077338963689457,0.013125466400173069,0.009982806960535263,1182,"tags=63%, list=28%, signal=46%",ITGB2/ITGAM/HLA-A/HLA-C/HLA-DRB1/CYRIB/TFRC/HLA-B/HLA-E/HLA-G/STX7/PLCG2/HLA-DRB3/HLA-DRA/DDX21/RIGI/AP1G1/YWHAG/LAMP1/TP53BP1/PIK3C3/HLA-F/PRKAA1/BTK,0.45505986738722953
LC_vs_Healthy,GO:0035710,"CD4-positive, alpha-beta T cell activation",36,0.5789109421777894,1.6452908523684373,0.0013710593496368037,0.012620488931492873,0.009598737363649343,1194,"tags=58%, list=28%, signal=42%",LGALS9/HLA-DRB1/PSMA4/AP3B1/HMGB1/PSMB8/PSMA3/NCKAP1L/PSMA2/PSMB9/HLA-DRB3/HLA-DRA/PSMA7/CEBPB/PSMB2/PSMB1/PSMB10/PSMB4/PSMA1/PSMA6/STAT5A,0.45505986738722953
LC_vs_Healthy,GO:0034728,nucleosome organization,45,0.5661172191751065,1.6440554935685256,5.993770497691063e-4,0.006697295880169268,0.00509374752034993,703,"tags=44%, list=17%, signal=37%",SMARCA5/H2AX/SET/H1-2/H1-3/H1-4/H1-5/H1-1/HP1BP3/SMARCC2/NPM1/DNAJC9/H1-10/NAP1L1/NAP1L4/HMGB2/SUPT16H/MACROH2A1/MACROH2A2/SSRP1,0.47727081536286214
LC_vs_Healthy,GO:0002698,negative regulation of immune effector process,42,0.5689293202044159,1.6432724446632527,0.0013271497479421755,0.012343469739832604,0.009388045489517424,644,"tags=38%, list=15%, signal=33%",PTPRC/LGALS9/HLA-A/GRN/SERPINB9/PTPN6/HLA-B/HLA-E/HLA-G/GRB2/RPS19/SERPINB4/BST2/NCKAP1L/CLU/C4BPA,0.45505986738722953
LC_vs_Healthy,GO:0070555,response to interleukin-1,35,0.5897164075550695,1.6429626758169211,0.0012110317244781216,0.011602316750878524,0.008824348399343564,782,"tags=43%, list=18%, signal=35%",GBP1/LGALS9/GBP2/RBMX/CD47/CFL1/LCN2/RELA/SRC/FGB/CHI3L1/YY1/CEBPB/CYBA/MYD88,0.45505986738722953
LC_vs_Healthy,GO:0050866,negative regulation of cell activation,59,0.5567822267058995,1.642030810869675,2.2190999967154013e-4,0.0035600704233019944,0.0027076748907959754,961,"tags=47%, list=23%, signal=37%",PTPRC/LGALS9/MNDA/GRN/HLA-DRB1/PTPN6/CSK/PSMA4/HMGB1/PSMB8/HLA-E/HLA-G/PRKCD/LYN/SRC/PSMA3/FN1/PSMA2/PSMB9/FGR/PSMA7/PRKAR1A/CEBPB/PSMB2/PSMB1/PSMB10/TMX1/PSMB4,0.5188480777437918
LC_vs_Healthy,GO:0009615,response to virus,135,0.5221338857797119,1.633977769823994,1.3053018309149625e-6,1.1574621234970607e-4,8.803284082042239e-5,783,"tags=38%, list=18%, signal=32%",DEFA1/DEFA3/DEFA1B/GBP1/PTPRC/SMARCA5/LGALS9/GBP2/DNAJC3/STAT1/CALR/IFI16/VAMP8/NPC2/BAX/TRIM21/UBE2N/ADAR/VAPB/OAS3/CFL1/PCBP2/TPT1/CASP1/IFITM3/PML/EEF1G/RELA/NCK1/SAMHD1/MX2/BST2/ILF3/PQBP1/EIF2AK2/ZMPSTE24/PSMA2/ELMOD2/DDX60/EIF5A/FGR/CLU/CDK6/DDX21/FMR1/RIGI/ZC3HAV1/NT5C2/STING1/MYD88/IFIT1,0.6435518361507222
LC_vs_Healthy,GO:0051250,negative regulation of lymphocyte activation,43,0.571705617559461,1.6336339795000183,5.671118691015349e-4,0.0064986390714390175,0.00494265555054961,1194,"tags=58%, list=28%, signal=42%",LGALS9/MNDA/HLA-DRB1/CSK/PSMA4/HMGB1/PSMB8/HLA-E/HLA-G/LYN/PSMA3/PSMA2/PSMB9/FGR/PSMA7/PRKAR1A/CEBPB/PSMB2/PSMB1/PSMB10/PSMB4/PSMA1/PSMA6/BTK/STAT5A,0.47727081536286214
LC_vs_Healthy,GO:1903037,regulation of leukocyte cell-cell adhesion,104,0.5265005471025515,1.6264912641175704,2.0902565231809407e-5,5.725263598859015e-4,4.3544510772459353e-4,1516,"tags=61%, list=36%, signal=40%",ITGB2/PTPRC/LGALS9/HLA-A/HLA-DPB1/HLA-DRB1/PTPN6/CSK/CYRIB/PSMA4/AP3B1/HMGB1/CD47/TFRC/PSMB8/HLA-E/HLA-G/SMARCC2/RELA/HLA-DRB5/LYN/SRC/YES1/NCK1/PSMA3/SART1/NCKAP1L/HSPH1/PSMA2/PSMB9/HLA-DRB3/HLA-DRA/LCK/PSMA7/CD44/NCK2/PRKAR1A/CEBPB/PSMB2/PSMB1/WNK1/PSMB10/YWHAG/PSMB4/PSMA1/MIA3/PSMA6/PRKAA1/STAT5A/ACTB/SMARCD2/SMARCA2/SMARCE1/RHOA/DPP4/THY1/HLA-DRB4/UFL1/HLA-DQA1/PYCARD/PSMB3/IL18/ALOX5,0.5756102610711286
LC_vs_Healthy,GO:0007605,sensory perception of sound,19,-0.4421401777717221,-1.6255854887611725,0.0358001863922312,0.14008226243371302,0.10654205662759217,14,"tags=16%, list=0%, signal=16%",COL1A1/COL2A1/MYH14,0.3217759180753611
LC_vs_Healthy,GO:0002456,T cell mediated immunity,38,0.5749262892214675,1.6253452193139288,0.002336398827559879,0.018220665856595444,0.013858051545993807,644,"tags=42%, list=15%, signal=36%",PTPRC/HLA-A/HLA-C/HLA-DRB1/CYRIB/HMGB1/HLA-B/HLA-E/HLA-G/CTSC/MYO1G/STX7/NCKAP1L/HLA-DRB3/HLA-DRA/C4BPA,0.4317076958033464
LC_vs_Healthy,GO:0065004,protein-DNA complex assembly,50,0.5618339253119016,1.624736460364326,5.827645070775312e-4,0.006610550923717854,0.00502777210060842,703,"tags=42%, list=17%, signal=35%",SMARCA5/H2AX/SET/HMGB1/H1-2/H1-3/H1-4/H1-5/H1-1/HP1BP3/NPM1/DNAJC9/H1-10/NAP1L1/NAP1L4/DRAP1/HMGB2/SUPT16H/MACROH2A1/MACROH2A2/SSRP1,0.47727081536286214
LC_vs_Healthy,GO:0050863,regulation of T cell activation,100,0.5314724550229807,1.6247115290621137,7.5220152244523345e-6,2.912835550710335e-4,2.2154088947378108e-4,1470,"tags=58%, list=35%, signal=39%",PTPRC/LGALS9/HLA-A/HLA-DPB1/HLA-DRB1/PTPN6/CSK/CYRIB/PSMA4/AP3B1/HMGB1/RAC2/CD47/TFRC/PSMB8/HLA-E/HLA-G/CLPTM1/SMARCC2/HLA-DRB5/LYN/SRC/YES1/NCK1/PSMA3/SART1/NCKAP1L/HSPH1/PSMA2/PSMB9/HLA-DRB3/HLA-DRA/LCK/PSMA7/NCK2/PRKAR1A/CEBPB/PSMB2/PSMB1/PSMB10/YWHAG/PSMB4/PSMA1/PSMA6/PRKAA1/STAT5A/ACTB/SMARCD2/SMARCA2/SMARCE1/RHOA/DPP4/THY1/HLA-DRB4/UFL1/HLA-DQA1/PYCARD/PSMB3,0.610526878385931
LC_vs_Healthy,GO:0002696,positive regulation of leukocyte activation,88,0.5311561761004949,1.6224424789756275,5.6437484732907996e-5,0.001377810768588167,0.0010479184900264594,682,"tags=34%, list=16%, signal=29%",PTPRC/LGALS9/HLA-A/HLA-DPB1/HLA-DRB1/PTPN6/CSK/CYRIB/AP3B1/HMGB1/CD47/TFRC/HLA-E/HLA-G/MMP14/CD74/DDRGK1/SMARCC2/HLA-DRB5/LYN/SRC/YES1/NCK1/SART1/NCKAP1L/HSPH1/HLA-DRB3/HLA-DRA/LCK/NCK2,0.557332238758646
LC_vs_Healthy,GO:0141060,disruption of anatomical structure in another organism,33,0.5839085420608235,1.6161655408049385,0.0031398307866057173,0.022896298528300132,0.017414187149631038,369,"tags=24%, list=9%, signal=22%",DEFA1/DEFA3/DEFA1B/GBP1/GBP2/H2BC12/RPS19/KRT6A,0.4317076958033464
LC_vs_Healthy,GO:0002699,positive regulation of immune effector process,77,0.5299367204262355,1.6154225677861132,1.0040968543471661e-4,0.0020219091691495964,0.0015377989864871022,1182,"tags=47%, list=28%, signal=34%",ITGB2/PTPRC/ITGAM/LGALS9/HLA-A/HLA-C/HLA-DRB1/VAMP8/CYRIB/TFRC/HLA-B/HLA-E/HLA-G/GALNT2/CD74/DDRGK1/RPS19/STX7/MYO18A/PLCG2/HLA-DRB3/DDX60/HLA-DRA/FGR/DDX21/RIGI/AP1G1/VAMP7/YWHAG/LAMP1/TP53BP1/PIK3C3/GPI/HLA-F/PRKAA1/BTK,0.5384340963099162
LC_vs_Healthy,GO:1901605,alpha-amino acid metabolic process,62,-0.31187183709575894,-1.6150418373833928,0.009338295994212402,0.053271782399261475,0.040516801759399194,652,"tags=39%, list=15%, signal=33%",PSPH/ACADSB/HIBADH/MTAP/MMUT/GLUD1/ALDH4A1/HIBCH/GPT/FH/MCCC2/MCCC1/ARG1/ALDH5A1/HMGCL/PSAT1/ALDH7A1/SHMT1/BLMH/ACAD8/ACAT1/ASS1/ALDH6A1/PHGDH,0.3807304007227924
LC_vs_Healthy,GO:1903900,regulation of viral life cycle,47,0.5698054380904344,1.6148685720800204,5.327605373386394e-4,0.006268055956918762,0.0047672814609413085,783,"tags=45%, list=18%, signal=37%",LGALS9/IFI16/PPIE/TRIM21/HMGB1/ADAR/VAPB/OAS3/BSG/IFITM3/RAD23A/BST2/ILF3/PABPC1/EIF2AK2/LARP1/TOP2B/FMR1/ZC3HAV1/STAU1/IFIT1,0.47727081536286214
LC_vs_Healthy,GO:0002443,leukocyte mediated immunity,121,0.5169466742494052,1.611128475689247,7.991237212141646e-6,2.991386463078356e-4,2.2751521884872456e-4,1182,"tags=48%, list=28%, signal=36%",ITGB2/CORO1A/PTPRC/ITGAM/LGALS9/HLA-A/HLA-C/SERPINB9/HLA-DRB1/VAMP8/CYRIB/ICAM1/HMGB1/RAC2/TFRC/HLA-B/HLA-E/HLA-G/CTSC/CD74/GRB2/MYO1G/STX7/LYN/SERPINB4/BST2/NCKAP1L/ANXA3/PLCG2/HLA-DRB3/HLA-DRA/FGR/CLU/DDX21/C4BPA/RIGI/VAMP2/C1QA/AP1G1/VAMP7/MPO/YWHAG/LAMP1/TP53BP1/RFTN1/ACE/C1QC/WDR1/PIK3C3/JAGN1/ADAM17/KIF5B/STXBP2/HLA-F/GNAI1/BTN3A3/PRKAA1/BTK,0.5933254763964051
LC_vs_Healthy,GO:0140888,interferon-mediated signaling pathway,33,0.5813107276368545,1.6089752055880453,0.003456067530373669,0.024564328079807785,0.01868283669773011,806,"tags=42%, list=19%, signal=35%",STAT1/PTPN6/YTHDF3/YTHDF2/OAS3/PTPN1/IFITM3/HCK/SAMHD1/CDC37/RAF1/STING1/MYD88/SP100,0.4317076958033464
LC_vs_Healthy,GO:0002697,regulation of immune effector process,116,0.5178321699426612,1.6089006270151622,7.098118774791072e-6,2.8468526371751334e-4,2.1652244160737293e-4,644,"tags=33%, list=15%, signal=29%",ITGB2/PTPRC/ITGAM/LGALS9/HLA-A/HLA-C/GRN/SERPINB9/HLA-DRB1/PTPN6/VAMP8/CYRIB/ICAM1/HMGB1/RAC2/TFRC/HLA-B/HLA-E/HLA-G/GALNT2/CD74/DDRGK1/GRB2/RPS19/STX7/LYN/SERPINB4/BST2/NCKAP1L/MYO18A/PLCG2/HLA-DRB3/DDX60/HLA-DRA/FGR/CLU/DDX21/C4BPA,0.610526878385931
LC_vs_Healthy,GO:0032760,positive regulation of tumor necrosis factor production,54,0.5527078111388815,1.6075456402861126,4.4133724287775527e-4,0.005763043299438594,0.004383185100587595,1182,"tags=52%, list=28%, signal=38%",PTPRC/LGALS9/CYBB/PSMA4/HMGB1/PSMB8/HLA-E/OAS3/PSMA3/PSMA2/PSMB9/PLCG2/HDAC2/CLU/ADAM10/PSMA7/RIGI/CYBA/PSMB2/PSMB1/PSMB10/PSMB4/PSMA1/FRMD8/ADAM17/PSMA6/CD14/BTK,0.49849310876659025
LC_vs_Healthy,GO:1903557,positive regulation of tumor necrosis factor superfamily cytokine production,54,0.5527078111388815,1.6075456402861126,4.4133724287775527e-4,0.005763043299438594,0.004383185100587595,1182,"tags=52%, list=28%, signal=38%",PTPRC/LGALS9/CYBB/PSMA4/HMGB1/PSMB8/HLA-E/OAS3/PSMA3/PSMA2/PSMB9/PLCG2/HDAC2/CLU/ADAM10/PSMA7/RIGI/CYBA/PSMB2/PSMB1/PSMB10/PSMB4/PSMA1/FRMD8/ADAM17/PSMA6/CD14/BTK,0.49849310876659025
LC_vs_Healthy,GO:0050851,antigen receptor-mediated signaling pathway,52,0.5542508539704314,1.6065832900391521,9.457417729861439e-4,0.009568180279850807,0.00727724972090069,700,"tags=38%, list=17%, signal=33%",GBP1/PTPRC/MNDA/HLA-A/HLA-DPB1/HLA-DRB1/PTPN6/CSK/BAX/UBE2N/GRB2/LYN/NCK1/NCKAP1L/PLCG2/HLA-DRB3/KHDRBS1/CLEC2B/LCK/EIF2B4,0.47727081536286214
LC_vs_Healthy,GO:0070372,regulation of ERK1 and ERK2 cascade,74,0.5314344364121616,1.6032490495048946,1.238626655483937e-4,0.002398237472600795,0.0018240221722086788,660,"tags=30%, list=16%, signal=26%",GBP1/PTPRC/LGALS9/PTPN6/CSK/ICAM1/HMGB1/FGG/NHERF1/NAMPT/PTPN1/CD74/RAP1A/LYN/SRC/GLIPR2/FN1/FGB/EIF3A/CHI3L1/FGA/CD44,0.5188480777437918
LC_vs_Healthy,GO:0050792,regulation of viral process,57,0.5450142894920686,1.6011359576365798,5.550207447926168e-4,0.0064256525402279245,0.004887144345874261,806,"tags=42%, list=19%, signal=35%",LGALS9/STAT1/IFI16/PPIE/TRIM21/HMGB1/ADAR/VAPB/OAS3/BSG/IFITM3/RAD23A/BST2/ILF3/PABPC1/EIF2AK2/STOM/LARP1/TOP2B/FMR1/ZC3HAV1/STAU1/IFIT1/SP100,0.47727081536286214
LC_vs_Healthy,GO:0050954,sensory perception of mechanical stimulus,23,-0.4196352973334678,-1.5994890268972706,0.018124223711588908,0.08516110137286335,0.06477079058620419,285,"tags=22%, list=7%, signal=20%",ALDH7A1/ITGA2/COL1A1/COL2A1/MYH14,0.35248785758361917
LC_vs_Healthy,GO:0050864,regulation of B cell activation,22,0.6217433508270767,1.5990436734711213,0.0051177364615036134,0.03302998877165838,0.025121545533175492,460,"tags=36%, list=11%, signal=33%",PTPRC/MNDA/TFRC/MMP14/CD74/DDRGK1/LYN/NCKAP1L,0.40701791892395395
LC_vs_Healthy,GO:0045814,"negative regulation of gene expression, epigenetic",59,0.5418573621174176,1.5980152401009444,5.358266891043644e-4,0.006268055956918762,0.0047672814609413085,674,"tags=37%, list=16%, signal=32%",SMARCA5/LBR/IFI16/H2AC8/H2AX/H2AZ1/H2AC21/H2AC19/H2AC4/H2AC18/HMGB1/H1-2/RBBP4/CBX3/HNRNPU/CBX1/RBM15/HDAC1/HDAC2/CDK2/MACROH2A1/MACROH2A2,0.47727081536286214
LC_vs_Healthy,GO:0045580,regulation of T cell differentiation,45,0.5495725090688717,1.5960081623474616,0.0013837826743243028,0.012634048319237335,0.009609050197207333,1354,"tags=60%, list=32%, signal=41%",HLA-DRB1/PSMA4/AP3B1/HMGB1/PSMB8/HLA-G/CLPTM1/SMARCC2/PSMA3/SART1/NCKAP1L/PSMA2/PSMB9/HLA-DRA/PSMA7/PSMB2/PSMB1/PSMB10/PSMB4/PSMA1/PSMA6/STAT5A/ACTB/SMARCD2/SMARCA2/SMARCE1/RHOA,0.45505986738722953
LC_vs_Healthy,GO:0019730,antimicrobial humoral response,38,0.5640980900909929,1.5947333617237525,0.003788104918669063,0.025782071658577925,0.0196090132390935,706,"tags=37%, list=17%, signal=31%",DEFA1/DEFA3/DEFA1B/HLA-A/H2BC12/HLA-E/RPS19/H2BC26/KRT6A/FGB/FAU/FGA/RPL30/JCHAIN,0.4317076958033464
LC_vs_Healthy,GO:0002285,lymphocyte activation involved in immune response,54,0.5481377211677678,1.594253575182779,6.083029205496575e-4,0.006697295880169268,0.00509374752034993,1325,"tags=59%, list=31%, signal=41%",CORO1A/LGALS9/HLA-DRB1/PSMA4/ICAM1/HMGB1/TFRC/PSMB8/CD74/DDRGK1/PSMA3/NCKAP1L/PSMA2/PSMB9/HLA-DRA/PSMA7/PSMB2/AP1G1/VAMP7/PSMB1/PSMB10/LAMP1/PSMB4/TP53BP1/PSMA1/HLA-F/PSMA6/STAT5A/DOCK11/LCP1/PCYT1A/NBN,0.47727081536286214
LC_vs_Healthy,GO:0002708,positive regulation of lymphocyte mediated immunity,28,0.5831335741995746,1.5935217239775612,0.004118434847443828,0.027694624752571367,0.02106363951727735,1182,"tags=68%, list=28%, signal=49%",HLA-A/HLA-C/HLA-DRB1/CYRIB/TFRC/HLA-B/HLA-E/HLA-G/STX7/HLA-DRB3/HLA-DRA/AP1G1/YWHAG/LAMP1/TP53BP1/PIK3C3/HLA-F/PRKAA1/BTK,0.40701791892395395
LC_vs_Healthy,GO:0032609,type II interferon production,39,0.5606658084879255,1.5925367883220691,0.0016901114690303658,0.01416414313224702,0.010772791026210607,1526,"tags=67%, list=36%, signal=43%",LGALS9/HLA-A/HLA-DPB1/HLA-DRB1/CYRIB/PSMA4/HMGB1/CD47/PSMB8/PSMA3/PSMA2/PSMB9/PSMA7/PSMB2/PSMB1/PSMB10/PSMB4/PSMA1/PSMA6/CD14/SLC7A5/PYCARD/PSMB3/UFSP2/IL18/C1QBP,0.45505986738722953
LC_vs_Healthy,GO:0032649,regulation of type II interferon production,39,0.5606658084879255,1.5925367883220691,0.0016901114690303658,0.01416414313224702,0.010772791026210607,1526,"tags=67%, list=36%, signal=43%",LGALS9/HLA-A/HLA-DPB1/HLA-DRB1/CYRIB/PSMA4/HMGB1/CD47/PSMB8/PSMA3/PSMA2/PSMB9/PSMA7/PSMB2/PSMB1/PSMB10/PSMB4/PSMA1/PSMA6/CD14/SLC7A5/PYCARD/PSMB3/UFSP2/IL18/C1QBP,0.45505986738722953
LC_vs_Healthy,GO:0042742,defense response to bacterium,88,0.5202364431424038,1.589087621388647,1.8727900052261894e-4,0.0031865805694985014,0.00242361053844735,717,"tags=34%, list=17%, signal=29%",DEFA1/DEFA3/DEFA1B/GBP1/GBP2/HLA-A/S100A8/GRN/H2BC12/RAB14/RAB1A/HLA-E/OAS3/RNF213/PRKCD/CASP1/LCN2/RPS19/H2BC26/KRT6A/ANXA3/FGB/FAU/HMGB2/FGR/FGA/RPL30/JCHAIN/CEBPB/CYBA,0.5188480777437918
LC_vs_Healthy,GO:0050684,regulation of mRNA processing,77,0.5208416374343023,1.5876977437557285,2.094480759586333e-4,0.003461024479739765,0.0026323437364841737,1062,"tags=47%, list=25%, signal=36%",SRSF4/SRSF5/SRSF6/SRSF3/THRAP3/SNRPD2/H1-2/H1-3/RBMX/SNRPF/ACIN1/SRSF7/RBM25/NCBP2/SRSF1/TRA2B/TIAL1/SNRPB/SAP18/RBM8A/RBM14/HNRNPU/RBM15/KHDRBS1/PNN/FMR1/CSTF1/CDK11B/CSTF3/RNPS1/CELF2/IWS1/SON/SRSF10/NCBP1/PRPF8,0.5188480777437918
LC_vs_Healthy,GO:1903038,negative regulation of leukocyte cell-cell adhesion,41,0.5569247246407734,1.584378775550735,0.003610420996650856,0.025027794933573527,0.019035334658007465,1194,"tags=56%, list=28%, signal=41%",LGALS9/HLA-DRB1/CSK/PSMA4/HMGB1/PSMB8/HLA-E/HLA-G/PSMA3/PSMA2/PSMB9/PSMA7/PRKAR1A/CEBPB/PSMB2/PSMB1/WNK1/PSMB10/PSMB4/PSMA1/MIA3/PSMA6/STAT5A,0.4317076958033464
LC_vs_Healthy,GO:0006612,protein targeting to membrane,43,0.5541738256403472,1.5835373386399005,0.0014798415940722952,0.012983297735493653,0.009874678053564538,651,"tags=42%, list=15%, signal=36%",ITGB2/ITGAM/YIF1B/SRP72/CHMP4B/CHMP4A/SRP9/SEC61B/SEC63/SRP14/NACA/STOM/SEC62/SRPRB/PAK1/SRP68/SEC61A1/SRP54,0.45505986738722953
LC_vs_Healthy,GO:0017157,regulation of exocytosis,66,0.5252965920427994,1.5816634751731815,0.0010196342122724368,0.010133178941433155,0.00770696950376974,1275,"tags=53%, list=30%, signal=38%",ITGB2/ITGAM/LGALS9/VAMP8/RAC2/FGG/RAB3D/HGS/RAP1B/RAP1A/RAB27A/LYN/NCKAP1L/FGB/FGR/CDK5/FMR1/FGA/RAB3GAP1/MICAL1/VAMP2/AP1G1/VAMP7/NSF/PRKCB/LAMP1/CHMP2A/RALA/STXBP2/HLA-F/GNAI2/CALM3/RAB7A/RAB5A/GIT1,0.45505986738722953
LC_vs_Healthy,GO:0002520,immune system development,25,0.5976612570319575,1.5813179554416248,0.008844320698028173,0.051519318568153775,0.03918393421794272,1080,"tags=60%, list=25%, signal=45%",PTPRC/LGALS9/HMGB1/TFRC/HLA-B/HLA-E/HLA-G/LYN/SAMHD1/HMGB2/YY1/CTNNBL1/TP53BP1/PRKDC/ADAM17,0.3807304007227924
LC_vs_Healthy,GO:0045727,positive regulation of translation,72,0.5309708302202725,1.5807302658726827,2.354481373363295e-4,0.003622030934639699,0.0027548000599139436,1007,"tags=49%, list=24%, signal=38%",DNAJC3/RPL26/PKM/YTHDF3/YTHDF2/YTHDF1/COA3/ABCF1/NPM1/EIF6/NCK1/SSB/PABPC1/SH3BGRL/HNRNPU/LARP1/PAIP1/RPL5/SYNCRIP/PYM1/EIF5A/KHDRBS1/FMR1/FXR1/FXR2/NCK2/EIF2B4/EIF3C/EIF4G1/EIF4G3/PRMT1/CSDE1/YBX1/DHX29/PLXNB2,0.5188480777437918
LC_vs_Healthy,GO:0002286,T cell activation involved in immune response,36,0.5555454673196573,1.578885125261757,0.0037012486174317926,0.02550001348083376,0.01939448887445658,1278,"tags=58%, list=30%, signal=41%",LGALS9/HLA-DRB1/PSMA4/ICAM1/HMGB1/PSMB8/CD74/PSMA3/NCKAP1L/PSMA2/PSMB9/HLA-DRA/PSMA7/PSMB2/PSMB1/PSMB10/PSMB4/PSMA1/PSMA6/STAT5A/LCP1,0.4317076958033464
LC_vs_Healthy,GO:0032635,interleukin-6 production,34,0.5708771962568233,1.5787252177888274,0.003542726778397879,0.024711069392178996,0.01879444341324599,782,"tags=41%, list=18%, signal=34%",LGALS9/PTPN6/CSK/HMGB1/CD47/HLA-B/BSG/CD74/RELA/NCKAP1L/PLCG2/RIGI/CYBA/MYD88,0.4317076958033464
LC_vs_Healthy,GO:0032675,regulation of interleukin-6 production,34,0.5708771962568233,1.5787252177888274,0.003542726778397879,0.024711069392178996,0.01879444341324599,782,"tags=41%, list=18%, signal=34%",LGALS9/PTPN6/CSK/HMGB1/CD47/HLA-B/BSG/CD74/RELA/NCKAP1L/PLCG2/RIGI/CYBA/MYD88,0.4317076958033464
LC_vs_Healthy,GO:0050830,defense response to Gram-positive bacterium,32,0.5715832757406427,1.578565485839885,0.0071377680811145735,0.04404238217083333,0.03349721723319118,591,"tags=34%, list=14%, signal=30%",DEFA1/DEFA3/DEFA1B/GBP2/HLA-A/H2BC12/HLA-E/KRT6A/FAU/HMGB2/FGR,0.40701791892395395
LC_vs_Healthy,GO:0014706,striated muscle tissue development,63,-0.3009232789510853,-1.5775809928611806,0.011595558537838347,0.06231395383308761,0.047393986095245914,389,"tags=27%, list=9%, signal=25%",IGSF8/MYLK2/CAV2/ACTA1/CAV1/GPC1/SORBS2/SGCD/CTNNB1/DSP/TPM1/COL6A1/PLEC/DSG2/MYH11/PGM5/MYH14,0.3807304007227924
LC_vs_Healthy,GO:0002822,regulation of adaptive immune response based on somatic recombination of immune receptors built from immunoglobulin superfamily domains,45,0.5431607431966998,1.5773878156267256,0.0019012850442807732,0.015584986165892762,0.01185343847093072,644,"tags=36%, list=15%, signal=30%",PTPRC/LGALS9/HLA-A/HLA-C/HLA-DRB1/CYRIB/HMGB1/TFRC/HLA-B/HLA-E/HLA-G/STX7/NCKAP1L/HLA-DRB3/HLA-DRA/C4BPA,0.45505986738722953
LC_vs_Healthy,GO:0072329,monocarboxylic acid catabolic process,53,-0.34220924167699895,-1.5760534731313292,0.002627124731640284,0.019861351943872303,0.015105904535957261,658,"tags=36%, list=16%, signal=31%",ACADS/ACAA2/CES1/ECI2/ACAA1/ACADM/PCCA/DECR1/PCCB/ECI1/HACL1/BDH2/SORD/ECH1/ACAT1/DCXR/ACACB/HADH/CRAT,0.4317076958033464
LC_vs_Healthy,GO:0043367,"CD4-positive, alpha-beta T cell differentiation",30,0.5759442819175535,1.5753508565489478,0.005956209605545323,0.037455788055823544,0.0284876659096151,1194,"tags=60%, list=28%, signal=43%",HLA-DRB1/PSMA4/AP3B1/HMGB1/PSMB8/PSMA3/NCKAP1L/PSMA2/PSMB9/HLA-DRA/PSMA7/PSMB2/PSMB1/PSMB10/PSMB4/PSMA1/PSMA6/STAT5A,0.40701791892395395
LC_vs_Healthy,GO:0031348,negative regulation of defense response,91,0.5194430942633177,1.5731302867951014,6.284730722591031e-5,0.0014703651253061933,0.0011183123524845884,407,"tags=29%, list=10%, signal=26%",PTPRC/LGALS9/HLA-A/IFI16/GRN/SERPINB9/HLA-DRB1/PTPN6/TRIM21/YTHDF3/YTHDF2/HLA-B/HLA-E/HLA-G/OAS3/PCBP2/PRKCD/GRB2/RPS19/PARP1/HCK/LYN/SRC/YES1/SERPINB4/SAMHD1,0.5384340963099162
LC_vs_Healthy,GO:0000375,"RNA splicing, via transesterification reactions",182,0.4958737089088567,1.5728801645534143,7.372561559276271e-7,8.279386631067252e-5,6.297034784873696e-5,1446,"tags=54%, list=34%, signal=37%",LSM6/PPIE/SRSF4/SRSF5/SRSF6/NCL/SRSF3/THRAP3/BUD31/SNRPD2/H1-2/H1-3/RBMX/SNRPF/ACIN1/DDX46/PHF5A/SRSF7/SF3A2/RBM25/IK/NCBP2/SF3B2/CDC5L/SRSF1/TRA2B/TIAL1/SNRPB/SNRPA/SAP18/RBM8A/SNRPB2/SNRNP70/SART1/SNRPA1/ILF3/RBM14/UBL5/PRPF3/SNU13/PABPC1/PQBP1/PLRG1/HNRNPU/RBM15/HNRNPR/SYNCRIP/KHDRBS1/PNN/PRPF4/PRPF40A/FMR1/PPIL1/CWC15/PRPF6/CDK11B/SF3B3/CTNNBL1/RBMXL1/HNRNPH1/HNRNPH3/MFAP1/RALY/RNPS1/CELF2/RBM17/HNRNPF/LSM7/LUC7L2/LUC7L/XAB2/SON/SRSF10/SF3B1/NCBP1/PRPF8/DDX23/HNRNPUL2/LUC7L3/HNRNPUL1/PPWD1/SRSF2/HNRNPC/QKI/RBM22/SNRPC/U2AF1/SNRPG/SF3A1/LARP7/ZNF830/HNRNPK/HNRNPA3/HNRNPA1/SNRPD1/LSM2/SMU1/TRA2A,0.6594443980379349
LC_vs_Healthy,GO:0034440,lipid oxidation,45,-0.36399583270174435,-1.5700057843171422,0.005798991376316427,0.03679247070962343,0.027983168102161723,658,"tags=33%, list=16%, signal=28%",ACADS/ACAA2/ECI2/ACAA1/ACADM/DECR1/ECI1/HACL1/ALOX15B/BDH2/ECH1/ACAT1/ACACB/HADH/CRAT,0.40701791892395395
LC_vs_Healthy,GO:0120254,olefinic compound metabolic process,47,-0.3441631980611134,-1.5663928660917357,0.0025012687642280364,0.019239211111151264,0.014632724258322412,376,"tags=23%, list=9%, signal=22%",SDR9C7/MGLL/RDH11/ALOX15B/SDR16C5/LIPE/RETSAT/AKR1C2/GSTM2/AKR1C3/ADH1B,0.4317076958033464
LC_vs_Healthy,GO:0034340,response to type I interferon,65,0.5230750456882943,1.5657874299801187,4.964970457869111e-4,0.006203263721785635,0.004718002573916989,1494,"tags=57%, list=35%, signal=37%",PSME1/STAT1/PSME2/PTPN6/PSMA4/YTHDF3/YTHDF2/OAS3/PTPN1/IFITM3/PSMC1/SAMHD1/PSMA3/CDC37/PSMA2/PSMA7/SHMT2/STING1/PSMB2/MYD88/IFIT1/SP100/PSMD3/PSMB1/PSMD7/PSMB4/UBE2K/PSMA1/PSMA6/PSMD12/MX1/TRIM56/STAT2/PSMB3/PSMD4/PSMD6/ADRM1,0.47727081536286214
LC_vs_Healthy,GO:0032640,tumor necrosis factor production,65,0.5227324120625124,1.564761780928878,5.137164079484096e-4,0.006203263721785635,0.004718002573916989,1182,"tags=48%, list=28%, signal=35%",PTPRC/LGALS9/CYBB/PTPN6/PSMA4/HMGB1/CD47/PSMB8/HLA-E/OAS3/PSMA3/PSMA2/PSMB9/PLCG2/HDAC2/CLU/ADAM10/FXR1/PSMA7/RIGI/CYBA/PSMB2/PSMB1/PSMB10/PSMB4/PSMA1/FRMD8/ADAM17/PSMA6/CD14/BTK,0.47727081536286214
LC_vs_Healthy,GO:0032680,regulation of tumor necrosis factor production,65,0.5227324120625124,1.564761780928878,5.137164079484096e-4,0.006203263721785635,0.004718002573916989,1182,"tags=48%, list=28%, signal=35%",PTPRC/LGALS9/CYBB/PTPN6/PSMA4/HMGB1/CD47/PSMB8/HLA-E/OAS3/PSMA3/PSMA2/PSMB9/PLCG2/HDAC2/CLU/ADAM10/FXR1/PSMA7/RIGI/CYBA/PSMB2/PSMB1/PSMB10/PSMB4/PSMA1/FRMD8/ADAM17/PSMA6/CD14/BTK,0.47727081536286214
LC_vs_Healthy,GO:0071706,tumor necrosis factor superfamily cytokine production,65,0.5227324120625124,1.564761780928878,5.137164079484096e-4,0.006203263721785635,0.004718002573916989,1182,"tags=48%, list=28%, signal=35%",PTPRC/LGALS9/CYBB/PTPN6/PSMA4/HMGB1/CD47/PSMB8/HLA-E/OAS3/PSMA3/PSMA2/PSMB9/PLCG2/HDAC2/CLU/ADAM10/FXR1/PSMA7/RIGI/CYBA/PSMB2/PSMB1/PSMB10/PSMB4/PSMA1/FRMD8/ADAM17/PSMA6/CD14/BTK,0.47727081536286214
LC_vs_Healthy,GO:1903555,regulation of tumor necrosis factor superfamily cytokine production,65,0.5227324120625124,1.564761780928878,5.137164079484096e-4,0.006203263721785635,0.004718002573916989,1182,"tags=48%, list=28%, signal=35%",PTPRC/LGALS9/CYBB/PTPN6/PSMA4/HMGB1/CD47/PSMB8/HLA-E/OAS3/PSMA3/PSMA2/PSMB9/PLCG2/HDAC2/CLU/ADAM10/FXR1/PSMA7/RIGI/CYBA/PSMB2/PSMB1/PSMB10/PSMB4/PSMA1/FRMD8/ADAM17/PSMA6/CD14/BTK,0.47727081536286214
LC_vs_Healthy,GO:0051249,regulation of lymphocyte activation,124,0.5051488190527653,1.564204720692269,1.6861119788160768e-5,4.982904611080143e-4,3.7898367432122787e-4,1470,"tags=55%, list=35%, signal=37%",PTPRC/LGALS9/MNDA/HLA-A/HLA-DPB1/HLA-DRB1/PTPN6/CSK/CYRIB/PSMA4/AP3B1/HMGB1/RAC2/CD47/TFRC/PSMB8/HLA-E/HLA-G/MMP14/CD74/DDRGK1/CLPTM1/SMARCC2/HLA-DRB5/LYN/SRC/YES1/NCK1/PSMA3/SART1/NCKAP1L/HSPH1/PSMA2/PSMB9/HLA-DRB3/HLA-DRA/FGR/LCK/PSMA7/NCK2/PRKAR1A/CEBPB/PSMB2/CUL4B/CUL4A/PSMB1/PSMB10/YWHAG/PSMB4/TP53BP1/PSMA1/PRKDC/PSMA6/PRKAA1/BTK/STAT5A/ACTB/SMARCD2/SMARCA2/SMARCE1/RHOA/DPP4/THY1/HLA-DRB4/UFL1/HLA-DQA1/PYCARD/PSMB3,0.5756102610711286
LC_vs_Healthy,GO:0002706,regulation of lymphocyte mediated immunity,47,0.551777690076882,1.5637766699212292,0.001549211511716444,0.013382804058904357,0.010178529694681812,1182,"tags=57%, list=28%, signal=42%",PTPRC/LGALS9/HLA-A/HLA-C/SERPINB9/HLA-DRB1/CYRIB/HMGB1/TFRC/HLA-B/HLA-E/HLA-G/GRB2/STX7/SERPINB4/NCKAP1L/HLA-DRB3/HLA-DRA/C4BPA/AP1G1/YWHAG/LAMP1/TP53BP1/PIK3C3/HLA-F/PRKAA1/BTK,0.45505986738722953
LC_vs_Healthy,GO:0000377,"RNA splicing, via transesterification reactions with bulged adenosine as nucleophile",181,0.49733659032625566,1.5612654454735748,4.256604710088735e-7,6.828810127756642e-5,5.193773020869095e-5,1446,"tags=54%, list=34%, signal=37%",LSM6/PPIE/SRSF4/SRSF5/SRSF6/NCL/SRSF3/THRAP3/BUD31/SNRPD2/H1-2/H1-3/RBMX/SNRPF/ACIN1/DDX46/PHF5A/SRSF7/SF3A2/RBM25/IK/NCBP2/SF3B2/CDC5L/SRSF1/TRA2B/TIAL1/SNRPB/SNRPA/SAP18/RBM8A/SNRPB2/SNRNP70/SART1/SNRPA1/ILF3/RBM14/UBL5/PRPF3/SNU13/PABPC1/PQBP1/PLRG1/HNRNPU/RBM15/HNRNPR/SYNCRIP/KHDRBS1/PNN/PRPF4/PRPF40A/FMR1/PPIL1/CWC15/PRPF6/CDK11B/SF3B3/CTNNBL1/RBMXL1/HNRNPH1/HNRNPH3/MFAP1/RALY/RNPS1/CELF2/RBM17/HNRNPF/LSM7/LUC7L2/LUC7L/XAB2/SON/SRSF10/SF3B1/NCBP1/PRPF8/DDX23/HNRNPUL2/LUC7L3/HNRNPUL1/PPWD1/SRSF2/HNRNPC/QKI/RBM22/SNRPC/U2AF1/SNRPG/SF3A1/LARP7/ZNF830/HNRNPK/HNRNPA3/HNRNPA1/SNRPD1/LSM2/SMU1/TRA2A,0.674962860011025
LC_vs_Healthy,GO:0000398,"mRNA splicing, via spliceosome",181,0.49733659032625566,1.5612654454735748,4.256604710088735e-7,6.828810127756642e-5,5.193773020869095e-5,1446,"tags=54%, list=34%, signal=37%",LSM6/PPIE/SRSF4/SRSF5/SRSF6/NCL/SRSF3/THRAP3/BUD31/SNRPD2/H1-2/H1-3/RBMX/SNRPF/ACIN1/DDX46/PHF5A/SRSF7/SF3A2/RBM25/IK/NCBP2/SF3B2/CDC5L/SRSF1/TRA2B/TIAL1/SNRPB/SNRPA/SAP18/RBM8A/SNRPB2/SNRNP70/SART1/SNRPA1/ILF3/RBM14/UBL5/PRPF3/SNU13/PABPC1/PQBP1/PLRG1/HNRNPU/RBM15/HNRNPR/SYNCRIP/KHDRBS1/PNN/PRPF4/PRPF40A/FMR1/PPIL1/CWC15/PRPF6/CDK11B/SF3B3/CTNNBL1/RBMXL1/HNRNPH1/HNRNPH3/MFAP1/RALY/RNPS1/CELF2/RBM17/HNRNPF/LSM7/LUC7L2/LUC7L/XAB2/SON/SRSF10/SF3B1/NCBP1/PRPF8/DDX23/HNRNPUL2/LUC7L3/HNRNPUL1/PPWD1/SRSF2/HNRNPC/QKI/RBM22/SNRPC/U2AF1/SNRPG/SF3A1/LARP7/ZNF830/HNRNPK/HNRNPA3/HNRNPA1/SNRPD1/LSM2/SMU1/TRA2A,0.674962860011025
LC_vs_Healthy,GO:0006887,exocytosis,135,0.4977275961700317,1.5576001667757813,2.3069594891323528e-5,6.168370253084838e-4,4.6914637255741275e-4,1411,"tags=48%, list=33%, signal=33%",ITGB2/CORO1A/ITGAM/LGALS9/VAMP8/SCAMP2/RAC2/FGG/RAB10/RAB12/RAB8A/RAB8B/RAB3D/RAB13/RALB/HGS/RAP1B/SACM1L/RAP1A/RAB27A/HCK/LYN/NCKAP1L/ANXA3/FGB/MYH9/PAK1/FGR/CDK5/FMR1/FGA/RAB3GAP1/MICAL1/VPS11/VAMP2/VAMP3/VTI1B/TMED10/SCRN1/PLEK/AP1G1/VAMP7/NSF/PRKCB/SYNGR2/LAMP1/CHMP2A/RALA/JAGN1/MIA3/STXBP2/HLA-F/GNAI1/GNAI2/BTK/CALM3/RAB7A/YKT6/RAB5A/GIT1/NAPA/TMEM167A/SCAMP4/CASK/RAB31,0.5756102610711286
LC_vs_Healthy,GO:1903311,regulation of mRNA metabolic process,148,0.4930670704273933,1.5571945349210412,1.819475401191809e-5,5.239156091124107e-4,3.9847333648360724e-4,1062,"tags=43%, list=25%, signal=33%",LSM6/SRSF4/SRSF5/SRSF6/SRSF3/THRAP3/BCLAF1/SNRPD2/H1-2/H1-3/YTHDF3/YTHDF2/YTHDF1/RBMX/SNRPF/ACIN1/PRKCD/SRSF7/RBM25/NCBP2/NPM1/APEX1/CAPRIN1/SRSF1/TRA2B/TIAL1/SNRPB/SAP18/RBM8A/RBM14/PABPC1/HNRNPU/LARP1/PAIP1/DIS3/RBM15/SYNCRIP/KHDRBS1/PNN/FMR1/FXR1/FXR2/CSTF1/ZC3HAV1/ROCK1/SERBP1/SLIRP/CDK11B/MYD88/CSTF3/RNPS1/FUS/CELF2/IWS1/CSDE1/LSM7/YBX1/SON/TARDBP/SRSF10/XRN1/NCBP1/PRPF8,0.5756102610711286
LC_vs_Healthy,GO:0048167,regulation of synaptic plasticity,36,0.5478376230221479,1.5569790861973274,0.004967530359908119,0.03224587626691802,0.024525174819060407,1408,"tags=67%, list=33%, signal=45%",YTHDF1/RAB8A/CFL1/CDK5/FMR1/FXR1/FXR2/RAB3GAP1/VAMP2/STAU1/CREB1/YWHAG/YWHAH/ACE/CAMK2D/NPTN/LGMN/SQSTM1/CALM1/CALM2/CALM3/RAB5A/UBE3A/GIPC1,0.40701791892395395
LC_vs_Healthy,GO:0071357,cellular response to type I interferon,62,0.5238659153808756,1.5562296167924723,0.0018522430284159028,0.01529462441846367,0.011632598678657121,1039,"tags=44%, list=25%, signal=33%",PSME1/STAT1/PSME2/PTPN6/PSMA4/YTHDF3/YTHDF2/OAS3/PTPN1/IFITM3/PSMC1/SAMHD1/PSMA3/CDC37/PSMA2/PSMA7/STING1/PSMB2/MYD88/IFIT1/SP100/PSMD3/PSMB1/PSMD7/PSMB4/UBE2K/PSMA1,0.45505986738722953
LC_vs_Healthy,GO:0051146,striated muscle cell differentiation,101,0.5013473143594233,1.5521277951578438,1.4394961256256706e-4,0.00260734540173811,0.0019830629275503385,1250,"tags=56%, list=29%, signal=41%",RPL7A/RPL31/CALR/RPL21/CASP3/RPL23A/RPL34/RPL10/RPL6/RPL13A/RPL19/RPL32/MMP14/RPL27A/RPL17/RPL18A/RPL24/RPL37A/RPL7/RPL27/RPL4/KRT8/RPL28/NACA/CSRP2/CACYBP/RPL29/RPL5/PAK1/MYL9/RPL14/EHD1/CDK1/DOCK2/RPL30/YY1/RPL36A/FLNC/RPL18/FLII/RPL12/RPL15/RPL13/WDR1/FBXO22/RPL23/RPL11/AKAP13/RPL35/NEBL/MYH3/MYH6/FHL2/RPL10A/RPL35A/RPL8/G6PD,0.5188480777437918
LC_vs_Healthy,GO:0070371,ERK1 and ERK2 cascade,80,0.5095322660035173,1.5517729680633086,6.577763982464682e-4,0.007102720146449845,0.005402100158191605,660,"tags=29%, list=16%, signal=25%",GBP1/PTPRC/LGALS9/PTPN6/CSK/ICAM1/HMGB1/FGG/NHERF1/NAMPT/PTPN1/CD74/RAP1A/LYN/SRC/GLIPR2/FN1/FGB/EIF3A/CHI3L1/CDK1/FGA/CD44,0.47727081536286214
LC_vs_Healthy,GO:0048024,"regulation of mRNA splicing, via spliceosome",68,0.5149650997352961,1.549606098395902,8.40218126404058e-4,0.008656559228915202,0.006583900113717938,1445,"tags=57%, list=34%, signal=38%",SRSF4/SRSF5/SRSF6/SRSF3/THRAP3/SNRPD2/H1-2/H1-3/RBMX/SNRPF/ACIN1/SRSF7/RBM25/SRSF1/TRA2B/TIAL1/SNRPB/SAP18/RBM8A/RBM14/HNRNPU/RBM15/KHDRBS1/FMR1/CDK11B/RNPS1/CELF2/SON/SRSF10/NCBP1/PRPF8/SRSF2/QKI/SNRPG/LARP7/HNRNPK/HNRNPA1/SNRPD1/SMU1,0.47727081536286214
LC_vs_Healthy,GO:0006605,protein targeting,79,0.5111251491542566,1.5488429573301097,7.582061468055352e-4,0.007891887361321851,0.0060023153220159255,651,"tags=37%, list=15%, signal=32%",ITGB2/M6PR/ITGAM/IGF2R/YIF1B/SRP72/AP3M1/CHMP4B/SPCS1/CHMP4A/HGS/SRP9/PML/SEC61B/SPCS3/SPCS2/SEC63/SRP14/NACA/STOM/SEC62/CDC37/SRPRB/PAK1/SRP68/CLU/SEC61A1/AP3D1/SRP54,0.47727081536286214
LC_vs_Healthy,GO:0030217,T cell differentiation,59,0.5237228265778037,1.5445338883828226,0.0014737828772081302,0.012983297735493653,0.009874678053564538,1354,"tags=53%, list=32%, signal=36%",PTPRC/HLA-DRB1/PSMA4/AP3B1/HMGB1/PSMB8/HLA-G/CD74/CLPTM1/SMARCC2/PSMA3/SART1/NCKAP1L/PSMA2/PSMB9/HLA-DRA/LCK/PSMA7/PSMB2/PSMB1/PSMB10/PSMB4/PSMA1/ADAM17/PSMA6/STAT5A/ACTB/SMARCD2/SMARCA2/SMARCE1/RHOA,0.45505986738722953
LC_vs_Healthy,GO:0048872,homeostasis of number of cells,80,0.5070955870001321,1.5443520982546939,7.589704675180409e-4,0.007891887361321851,0.0060023153220159255,1422,"tags=59%, list=34%, signal=40%",LGALS9/STAT1/CASP3/PSMA4/HMGB1/PSMB8/ACIN1/CD74/RPS19/RPS17/GLUL/LYN/PSMA3/NCKAP1L/RPS24/PSMA2/PSMB9/HMGB2/OCIAD1/CDK6/PSMA7/PTBP3/PSMB2/WDR37/RPS14/CDK5RAP3/PSMB1/PRMT1/PSMB10/PSMB4/PSMA1/PRKDC/ADAM17/HMOX1/SLC25A5/PSMA6/SPRR2A/BTK/STAT5B/PPP2CA/DOCK11/HSPA9/G6PD/FAS/HBD/UFL1/SLC1A5,0.47727081536286214
LC_vs_Healthy,GO:0050867,positive regulation of cell activation,94,0.5026941197995042,1.5429692393733645,2.2632606111113243e-4,0.0035797769947577707,0.0027226630742783102,682,"tags=32%, list=16%, signal=27%",PTPRC/LGALS9/HLA-A/HLA-DPB1/HLA-DRB1/PTPN6/CSK/CYRIB/AP3B1/HMGB1/CD47/TFRC/HLA-E/HLA-G/MMP14/CD74/DDRGK1/SMARCC2/HLA-DRB5/LYN/SRC/YES1/NCK1/SART1/NCKAP1L/HSPH1/HLA-DRB3/HLA-DRA/LCK/NCK2,0.5188480777437918
LC_vs_Healthy,GO:0002819,regulation of adaptive immune response,46,0.5331244195616073,1.5329442032618978,0.004046348750270323,0.027373793051527547,0.020819625259749834,644,"tags=35%, list=15%, signal=30%",PTPRC/LGALS9/HLA-A/HLA-C/HLA-DRB1/CYRIB/HMGB1/TFRC/HLA-B/HLA-E/HLA-G/STX7/NCKAP1L/HLA-DRB3/HLA-DRA/C4BPA,0.40701791892395395
LC_vs_Healthy,GO:0010212,response to ionizing radiation,33,0.553650497416804,1.5324161082085102,0.009037311226901004,0.05226817917060519,0.03975349347067328,738,"tags=36%, list=17%, signal=30%",PTPRC/RPL26/TOP1/CASP3/IFI16/H2AX/GRB2/LCN2/PARP1/EEF1D/CYBA/IKBIP,0.3807304007227924
LC_vs_Healthy,GO:0002688,regulation of leukocyte chemotaxis,41,0.5380964568754312,1.5308147901359452,0.007380775431581597,0.04515457796738427,0.034343117531190515,1634,"tags=59%, list=39%, signal=36%",LGALS9/CALR/HMGB1/RAC1/RAC2/CD74/SWAP70/LYN/NCKAP1L/ADAM10/MPP1/WNK1/MCU/ANO6/ADAM17/LGMN/DPP4/MAPK1/MAPK3/C1QBP/THBS1/CSF1R/STK39/S100A7,0.40701791892395395
LC_vs_Healthy,GO:0034620,cellular response to unfolded protein,36,0.5385678876042902,1.530634082543565,0.008100138805842335,0.048385403611494376,0.03680037944821259,911,"tags=44%, list=21%, signal=35%",DNAJC3/MANF/BAX/DNAJC10/VAPB/PTPN1/DDRGK1/DERL1/NCK1/TBL2/TMEM33/NCK2/CDK5RAP3/ERLEC1/ATAD3A/OPTN,0.3807304007227924
LC_vs_Healthy,GO:1902105,regulation of leukocyte differentiation,77,0.5019676490728311,1.5301635786978136,9.706461731591916e-4,0.00973246118265868,0.007402196483936236,1354,"tags=53%, list=32%, signal=37%",LGALS9/HLA-DRB1/PSMA4/AP3B1/HMGB1/PSMB8/HLA-B/HLA-G/ACIN1/MMP14/CD74/DDRGK1/CLPTM1/SMARCC2/LYN/PSMA3/SART1/NCKAP1L/PSMA2/PSMB9/HLA-DRA/CDK6/PSMA7/CEBPB/PSMB2/PSMB1/PSMB10/PSMB4/C1QC/PSMA1/PRKDC/PSMA6/BTK/STAT5A/ACTB/QKI/SMARCD2/CORO1C/SMARCA2/SMARCE1/RHOA,0.47727081536286214
LC_vs_Healthy,GO:1903312,negative regulation of mRNA metabolic process,58,0.5189557544272653,1.5298127265670742,0.0021646402686948175,0.01724036185634241,0.013112463899901667,1094,"tags=50%, list=26%, signal=38%",SRSF4/SRSF6/THRAP3/BCLAF1/SNRPD2/RBMX/SNRPF/ACIN1/SRSF7/SRSF1/SNRPB/SAP18/PABPC1/HNRNPU/LARP1/PAIP1/SYNCRIP/PNN/FXR1/SLIRP/MYD88/RNPS1/FUS/CSDE1/YBX1/TARDBP/SRSF10/PRPF8/TAF15,0.4317076958033464
LC_vs_Healthy,GO:0071826,protein-RNA complex organization,133,0.4911990403763736,1.5290869017816675,4.615984989029028e-5,0.0011519446983732442,8.761320323764252e-4,1348,"tags=50%, list=32%, signal=35%",LSM6/SRSF5/SRSF6/TRIM21/SNRPD2/ADAR/RPL13A/SNRPF/DDX46/PHF5A/SF3A2/RPS19/EIF2S2/SF3B2/SRSF1/EIF6/SNRPB/SNRPA/RPS15/SNRPB2/EIF3H/SNRNP70/SART1/KLC1/SNRPA1/PRPF3/SNU13/EIF3A/RPL5/FAU/SYNCRIP/EIF2S3/MCTS1/PRPF4/EIF3CL/EIF3C/PRPF6/EIF3J/SF3B3/RPS14/EIF5/CELF2/EPRS1/LSM7/LUC7L2/LUC7L/XAB2/DHX29/EIF3G/SRSF10/SF3B1/NCBP1/PRPF8/PRKDC/RPL11/KIF5B/DDX23/NOP2/HSP90AB1/LUC7L3/RUVBL2/SNRPC/PTGES3/SNRPG/HSP90AA1/SF3A1,0.557332238758646
LC_vs_Healthy,GO:0045619,regulation of lymphocyte differentiation,53,0.5227408785219433,1.5244006306203093,0.0022908222590551173,0.01799016361481746,0.013682738965588291,1354,"tags=58%, list=32%, signal=40%",HLA-DRB1/PSMA4/AP3B1/HMGB1/PSMB8/HLA-G/MMP14/DDRGK1/CLPTM1/SMARCC2/PSMA3/SART1/NCKAP1L/PSMA2/PSMB9/HLA-DRA/PSMA7/PSMB2/PSMB1/PSMB10/PSMB4/PSMA1/PRKDC/PSMA6/BTK/STAT5A/ACTB/SMARCD2/SMARCA2/SMARCE1/RHOA,0.4317076958033464
LC_vs_Healthy,GO:0071824,protein-DNA complex organization,56,0.5192506403535129,1.5231233705454346,0.0026304636278409507,0.019861351943872303,0.015105904535957261,703,"tags=39%, list=17%, signal=33%",SMARCA5/H2AX/SET/HMGB1/H1-2/H1-3/H1-4/H1-5/H1-1/HP1BP3/SMARCC2/NPM1/DNAJC9/H1-10/NAP1L1/NAP1L4/DRAP1/HMGB2/SUPT16H/MACROH2A1/MACROH2A2/SSRP1,0.4317076958033464
LC_vs_Healthy,GO:0046632,alpha-beta T cell differentiation,32,0.5496958194547831,1.5181179805819376,0.014242224933185416,0.0723711248867295,0.05504314644784612,1194,"tags=56%, list=28%, signal=41%",HLA-DRB1/PSMA4/AP3B1/HMGB1/PSMB8/PSMA3/NCKAP1L/PSMA2/PSMB9/HLA-DRA/PSMA7/PSMB2/PSMB1/PSMB10/PSMB4/PSMA1/PSMA6/STAT5A,0.3807304007227924
LC_vs_Healthy,GO:0022618,protein-RNA complex assembly,128,0.48751315480427726,1.5177724503722503,1.3040458380594104e-4,0.0024407391269011965,0.001856347561451892,1348,"tags=49%, list=32%, signal=35%",LSM6/SRSF5/SRSF6/SNRPD2/ADAR/RPL13A/SNRPF/DDX46/PHF5A/SF3A2/RPS19/EIF2S2/SF3B2/SRSF1/EIF6/SNRPB/SNRPA/RPS15/SNRPB2/EIF3H/SNRNP70/SART1/SNRPA1/PRPF3/SNU13/EIF3A/RPL5/FAU/SYNCRIP/EIF2S3/MCTS1/PRPF4/EIF3CL/EIF3C/PRPF6/EIF3J/SF3B3/RPS14/EIF5/CELF2/EPRS1/LSM7/LUC7L2/LUC7L/XAB2/DHX29/EIF3G/SRSF10/SF3B1/NCBP1/PRPF8/PRKDC/RPL11/DDX23/NOP2/HSP90AB1/LUC7L3/RUVBL2/SNRPC/PTGES3/SNRPG/HSP90AA1/SF3A1,0.5188480777437918
LC_vs_Healthy,GO:0043484,regulation of RNA splicing,96,0.4930830531466852,1.5165917075174877,3.160003261854878e-4,0.0045495944398243945,0.0034602749842773304,1062,"tags=46%, list=25%, signal=35%",SRSF4/SRSF5/SRSF6/SRSF3/THRAP3/SNRPD2/H1-2/H1-3/RBMX/SNRPF/ACIN1/RPS26/SRSF7/RBM25/SRSF1/TRA2B/TIAL1/SNRPB/SAP18/RBM8A/SNRNP70/RBM14/PQBP1/HNRNPU/RBM15/KHDRBS1/RBM12/FMR1/RPS13/PTBP3/CDK11B/HNRNPH2/SF3B3/HNRNPH1/HNRNPH3/RNPS1/FUS/CELF2/HNRNPF/SON/MBNL1/SRSF10/NCBP1/PRPF8,0.49849310876659025
LC_vs_Healthy,GO:0050806,positive regulation of synaptic transmission,25,0.5676265323359861,1.5018507842143187,0.018525957877059865,0.08668604456640927,0.06593061325938177,1232,"tags=60%, list=29%, signal=43%",YTHDF1/FMR1/FXR1/RAB3GAP1/VAMP2/STAU1/CREB1/CAMK2D/NPTN/LGMN/KIF5B/SQSTM1/CALM1/CALM2/CALM3,0.35248785758361917
LC_vs_Healthy,GO:0050907,detection of chemical stimulus involved in sensory perception,2,-0.9490205333962709,-1.4969735118757674,0.017759615062907227,0.08379851981363369,0.06373445494226887,219,"tags=100%, list=5%, signal=95%",PIP/AZGP1,0.35248785758361917
LC_vs_Healthy,GO:1905952,regulation of lipid localization,44,-0.3392752351455134,-1.495709694183858,0.004307421323135921,0.028793060392152615,0.021899074283112958,484,"tags=27%, list=11%, signal=24%",APOE/CD36/ANXA2/PON1/CAV1/PLIN3/ACSL5/ACSL1/ACACB/APOB/APOA1/APOA4,0.40701791892395395
LC_vs_Healthy,GO:0002824,positive regulation of adaptive immune response based on somatic recombination of immune receptors built from immunoglobulin superfamily domains,29,0.5536466264988548,1.4956033328526124,0.011676624599573075,0.06239144768641581,0.04745292542393851,577,"tags=38%, list=14%, signal=33%",HLA-A/HLA-C/HLA-DRB1/CYRIB/TFRC/HLA-B/HLA-E/HLA-G/STX7/HLA-DRB3/HLA-DRA,0.3807304007227924
LC_vs_Healthy,GO:0002460,adaptive immune response based on somatic recombination of immune receptors built from immunoglobulin superfamily domains,95,0.4889406816043366,1.4952025669925748,3.498097233092149e-4,0.004910453990953104,0.0037347331352452695,1526,"tags=57%, list=36%, signal=37%",PTPRC/LGALS9/HLA-A/HLA-C/HLA-DRB1/CYRIB/PSMA4/HMGB1/TFRC/PSMB8/HLA-B/HLA-E/HLA-G/CTSC/CD74/MYO1G/STX7/PSMA3/NCKAP1L/PSMA2/PSMB9/HLA-DRB3/HLA-DRA/CLU/C4BPA/PSMA7/C1QA/PSMB2/PSMB1/PSMB10/YWHAG/PSMB4/TP53BP1/RFTN1/C1QC/PSMA1/ADAM17/HLA-F/PSMA6/BTN3A3/PRKAA1/BTK/STAT5A/PCYT1A/NBN/C1RL/C1R/C1QB/UFL1/C1S/PSMB3/MAPK3/IL18/C1QBP,0.49849310876659025
LC_vs_Healthy,GO:0000018,regulation of DNA recombination,32,0.5408316202815635,1.4936373502550206,0.02049242393486808,0.09431554130679039,0.07173336272695523,1325,"tags=56%, list=31%, signal=39%",H1-2/H1-3/H1-4/TFRC/H1-5/H1-1/KPNA1/PARP1/H1-10/FUS/PRMT1/TP53BP1/PPP4C/HDGFL2/ACTB/RUVBL2/RAD50/NBN,0.35248785758361917
LC_vs_Healthy,GO:1903707,negative regulation of hemopoiesis,31,0.5497366142331379,1.4930321707448806,0.017418045112435904,0.08325707824163381,0.06332265192294056,1243,"tags=65%, list=29%, signal=46%",PSMA4/HMGB1/PSMB8/HLA-G/LYN/PSMA3/PSMA2/PSMB9/CDK6/PSMA7/PSMB2/PSMB1/PSMB10/PSMB4/C1QC/PSMA1/PSMA6/STAT5A/HSPA9/QKI,0.35248785758361917
LC_vs_Healthy,GO:1902106,negative regulation of leukocyte differentiation,30,0.5452682853038004,1.4914443762552754,0.016398399318829054,0.07972035686166679,0.06063273556241083,1243,"tags=63%, list=29%, signal=45%",PSMA4/HMGB1/PSMB8/HLA-G/LYN/PSMA3/PSMA2/PSMB9/CDK6/PSMA7/PSMB2/PSMB1/PSMB10/PSMB4/C1QC/PSMA1/PSMA6/STAT5A/QKI,0.35248785758361917
LC_vs_Healthy,GO:1902107,positive regulation of leukocyte differentiation,45,0.5131902983540865,1.4903509391296865,0.008608620820426691,0.050615084719053266,0.03849620307852713,577,"tags=29%, list=14%, signal=25%",LGALS9/HLA-DRB1/AP3B1/HMGB1/HLA-G/ACIN1/MMP14/CD74/DDRGK1/SMARCC2/SART1/NCKAP1L/HLA-DRA,0.3807304007227924
LC_vs_Healthy,GO:1903708,positive regulation of hemopoiesis,45,0.5131902983540865,1.4903509391296865,0.008608620820426691,0.050615084719053266,0.03849620307852713,577,"tags=29%, list=14%, signal=25%",LGALS9/HLA-DRB1/AP3B1/HMGB1/HLA-G/ACIN1/MMP14/CD74/DDRGK1/SMARCC2/SART1/NCKAP1L/HLA-DRA,0.3807304007227924
LC_vs_Healthy,GO:0034976,response to endoplasmic reticulum stress,110,0.4829962753481869,1.4901365220011173,4.224779522693259e-4,0.005718702248408149,0.004349460725440184,1595,"tags=57%, list=38%, signal=37%",DNAJC3/MANF/CALR/HM13/ERO1A/BAX/DNAJC10/VAPB/PDIA3/STT3B/MARCKS/TMCO1/PTPN1/DDRGK1/HYOU1/ERP29/ATP2A1/ATP2A2/SEC61B/DERL1/NCK1/ATP2A3/UBXN1/TBL2/TMEM33/HSP90B1/PDIA4/SYVN1/CLU/NCK2/BCAP31/CEBPB/EIF4G1/SEL1L/CDK5RAP3/ERLEC1/ATAD3A/TMX1/TARDBP/CANX/EIF2S1/UBXN6/TRIM25/ERP44/GORASP2/GET4/PDIA6/P4HB/FBXO6/USP14/DNAJB12/ITPR1/EIF2B5/TXNDC12/CCDC47/UFL1/WFS1/EEF2/AUP1/ALOX5/NPLOC4/THBS1/FAF2,0.49849310876659025
LC_vs_Healthy,GO:0002220,innate immune response activating cell surface receptor signaling pathway,27,0.5481547648429055,1.4832607089307404,0.017443087933339617,0.08325707824163381,0.06332265192294056,782,"tags=41%, list=18%, signal=33%",AP3B1/HMGB1/WDFY1/RELA/LYN/SRC/PAK2/PAK1/PLCG2/CYBA/MYD88,0.35248785758361917
LC_vs_Healthy,GO:0006892,post-Golgi vesicle-mediated transport,66,0.49260978130235145,1.48324377199747,0.006253113358603653,0.039012479453955015,0.029671635244561345,974,"tags=39%, list=23%, signal=31%",CSK/SCAMP2/AP3M1/RAB10/RAB14/MYO1B/CORO7/ACSL3/RAB13/AP1M1/RP2/TM9SF4/EHD3/AP3D1/VPS13C/VAMP2/ANXA13/VTI1B/MYO5A/AP1G2/AP1G1/NSF/CCDC93/OPTN/LAMP1/AP2M1,0.40701791892395395
LC_vs_Healthy,GO:1903131,mononuclear cell differentiation,110,0.4801447404817553,1.48133898780654,5.245517788125891e-4,0.006266719655388698,0.004766265113041052,1354,"tags=50%, list=32%, signal=35%",PTPRC/LGALS9/IFI16/HLA-DRB1/PSMA4/AP3B1/HMGB1/PSMB8/HLA-B/HLA-G/ACIN1/MMP14/CD74/DDRGK1/CLPTM1/SMARCC2/PARP1/NPM1/LYN/PSMA3/SART1/NCKAP1L/TOP2B/PSMA2/MYH9/PSMB9/PLCG2/CDC42/HLA-DRA/SYVN1/CDK6/LCK/PSMA7/YY1/CEBPB/PSMB2/PSMB1/PSMB10/PSMB4/C1QC/PSMA1/PRKDC/ADAM17/SLC25A5/PSMA6/BTK/STAT5A/DOCK11/ACTB/QKI/SMARCD2/SMARCA2/SMARCE1/SLC39A7/RHOA,0.47727081536286214
LC_vs_Healthy,GO:0045471,response to ethanol,32,0.5360263525195432,1.4803664409032464,0.02290324358148118,0.10413094146560067,0.07919863992461108,1474,"tags=59%, list=35%, signal=39%",SOD2/S100A8/CASP3/CYBB/EEF1B2/PARP1/TBXAS1/HDAC2/CPT1A/CDK1/MYD88/CREB1/FGF2/RPL10A/PRKAA1/G6PD/MT-ND4/EEF2/GOT2,0.35248785758361917
LC_vs_Healthy,GO:0044703,multi-organism reproductive process,39,0.5208196906947143,1.4793563384054949,0.009769779452037813,0.05431416992395279,0.041309608134411244,522,"tags=23%, list=12%, signal=20%",APOL2/ARHGDIB/LGALS9/CALR/YTHDF3/IGFBP7/BSG/PARP1/RPL29,0.3807304007227924
LC_vs_Healthy,GO:0044706,multi-multicellular organism process,39,0.5208196906947143,1.4793563384054949,0.009769779452037813,0.05431416992395279,0.041309608134411244,522,"tags=23%, list=12%, signal=20%",APOL2/ARHGDIB/LGALS9/CALR/YTHDF3/IGFBP7/BSG/PARP1/RPL29,0.3807304007227924
LC_vs_Healthy,GO:0006888,endoplasmic reticulum to Golgi vesicle-mediated transport,78,0.488199689010931,1.478988627174538,0.0024166406512743997,0.018716465181938972,0.014235140542694358,1256,"tags=49%, list=30%, signal=35%",YIF1B/RAB43/RAB1A/RAB1B/VAPB/VAPA/TMED7/HYOU1/SEC13/ARCN1/YIPF6/RABGGTA/STX5/TFG/ACBD3/SEC23B/LMAN2/LMAN1/BCAP31/TMED5/TMED10/SEC31A/VAMP7/COPG1/COPG2/GLTP/COPA/TRAPPC1/BCAP29/SEC22B/CNIH4/SURF4/MIA3/TRAPPC3/TMED2/STX18/TMED3/YKT6,0.4317076958033464
LC_vs_Healthy,GO:0030098,lymphocyte differentiation,85,0.48686789033346256,1.4780987451264902,0.001401526865063902,0.012692860237635177,0.009653780647954338,1354,"tags=49%, list=32%, signal=34%",PTPRC/HLA-DRB1/PSMA4/AP3B1/HMGB1/PSMB8/HLA-G/MMP14/CD74/DDRGK1/CLPTM1/SMARCC2/PSMA3/SART1/NCKAP1L/TOP2B/PSMA2/PSMB9/PLCG2/HLA-DRA/SYVN1/LCK/PSMA7/YY1/PSMB2/PSMB1/PSMB10/PSMB4/PSMA1/PRKDC/ADAM17/SLC25A5/PSMA6/BTK/STAT5A/DOCK11/ACTB/SMARCD2/SMARCA2/SMARCE1/SLC39A7/RHOA,0.45505986738722953
LC_vs_Healthy,GO:0006638,neutral lipid metabolic process,33,-0.3428330900799723,-1.4764160884205138,0.042176516214061426,0.1558033806197072,0.11849903272807348,500,"tags=36%, list=12%, signal=32%",AGPAT2/APOE/FITM2/PLIN1/ABHD5/CAV1/MGLL/LIPE/ACSL1/GPLD1/APOB/APOA4,0.3217759180753611
LC_vs_Healthy,GO:0006639,acylglycerol metabolic process,33,-0.3428330900799723,-1.4764160884205138,0.042176516214061426,0.1558033806197072,0.11849903272807348,500,"tags=36%, list=12%, signal=32%",AGPAT2/APOE/FITM2/PLIN1/ABHD5/CAV1/MGLL/LIPE/ACSL1/GPLD1/APOB/APOA4,0.3217759180753611
LC_vs_Healthy,GO:0007565,female pregnancy,38,0.5215446090886343,1.4744325541089056,0.019969513651008266,0.09266844557885241,0.07048063477076538,522,"tags=24%, list=12%, signal=21%",APOL2/ARHGDIB/LGALS9/CALR/YTHDF3/IGFBP7/BSG/PARP1/RPL29,0.35248785758361917
LC_vs_Healthy,GO:0002821,positive regulation of adaptive immune response,30,0.5390037937085254,1.474309433674366,0.020309782254220334,0.09385961099378369,0.07138659681682022,577,"tags=37%, list=14%, signal=32%",HLA-A/HLA-C/HLA-DRB1/CYRIB/TFRC/HLA-B/HLA-E/HLA-G/STX7/HLA-DRB3/HLA-DRA,0.35248785758361917
LC_vs_Healthy,GO:1903313,positive regulation of mRNA metabolic process,59,0.49941440938922904,1.4728448723320329,0.004588400852913763,0.03031043622248327,0.023053141463580777,1055,"tags=41%, list=25%, signal=31%",LSM6/THRAP3/YTHDF3/YTHDF2/YTHDF1/RBMX/NCBP2/CAPRIN1/TRA2B/PABPC1/HNRNPU/PAIP1/DIS3/SYNCRIP/FXR1/FXR2/ZC3HAV1/ROCK1/CSDE1/LSM7/YBX1/TARDBP/XRN1/NCBP1,0.40701791892395395
LC_vs_Healthy,GO:0002449,lymphocyte mediated immunity,87,0.48265316988579915,1.47218019177586,0.001579679757917079,0.013541834871304425,0.010299483408063458,1526,"tags=56%, list=36%, signal=37%",CORO1A/PTPRC/LGALS9/HLA-A/HLA-C/SERPINB9/HLA-DRB1/CYRIB/HMGB1/TFRC/HLA-B/HLA-E/HLA-G/CTSC/CD74/GRB2/MYO1G/STX7/SERPINB4/NCKAP1L/HLA-DRB3/HLA-DRA/CLU/C4BPA/C1QA/AP1G1/VAMP7/YWHAG/LAMP1/TP53BP1/RFTN1/C1QC/PIK3C3/KIF5B/HLA-F/BTN3A3/PRKAA1/BTK/PCYT1A/NBN/C1RL/C1R/C1QB/UFL1/C1S/MAPK3/IL18/ARRB2/C1QBP,0.45505986738722953
LC_vs_Healthy,GO:0022407,regulation of cell-cell adhesion,149,0.4678715511571705,1.4712825422829212,1.7069048398724474e-4,0.0029490063618103973,0.0022429192485651727,716,"tags=31%, list=17%, signal=27%",ITGB2/PTPRC/LGALS9/FERMT3/HLA-A/HLA-DPB1/HLA-DRB1/PTPN6/CSK/CYRIB/PSMA4/AP3B1/HMGB1/YTHDF2/CD47/TFRC/FGG/PSMB8/HLA-E/HLA-G/SWAP70/PRKCD/SMARCC2/RELA/HLA-DRB5/LYN/SRC/YES1/NCK1/PSMA3/SART1/NCKAP1L/FGB/HSPH1/PSMA2/PSMB9/HLA-DRB3/HLA-DRA/LCK/FGA/PSMA7/CD44/NCK2/PRKAR1A/F11R/CEBPB,0.5188480777437918
LC_vs_Healthy,GO:0006641,triglyceride metabolic process,29,-0.3668712430614086,-1.4704732011257762,0.015096400356119566,0.07568418571393871,0.05756295379626193,500,"tags=41%, list=12%, signal=37%",AGPAT2/APOE/FITM2/PLIN1/ABHD5/CAV1/MGLL/LIPE/ACSL1/GPLD1/APOB/APOA4,0.3807304007227924
LC_vs_Healthy,GO:0002262,myeloid cell homeostasis,46,0.5112312465335773,1.4699926455149732,0.011722702993618642,0.06239144768641581,0.04745292542393851,1422,"tags=59%, list=34%, signal=39%",STAT1/CASP3/HMGB1/ACIN1/RPS19/RPS17/GLUL/LYN/NCKAP1L/RPS24/HMGB2/CDK6/PTBP3/RPS14/CDK5RAP3/PRMT1/PRKDC/ADAM17/HMOX1/SLC25A5/BTK/STAT5B/HSPA9/G6PD/HBD/UFL1/SLC1A5,0.3807304007227924
LC_vs_Healthy,GO:0050829,defense response to Gram-negative bacterium,23,0.5596383413048269,1.4684411846232237,0.033056927250629524,0.13258189036591772,0.10083751522676208,973,"tags=39%, list=23%, signal=30%",DEFA1/DEFA3/DEFA1B/H2BC12/RPS19/HMGB2/RPL30/OPTN/RNASE6,0.3217759180753611
LC_vs_Healthy,GO:2001242,regulation of intrinsic apoptotic signaling pathway,67,0.49340065555611456,1.4680455002075188,0.004393700997288862,0.02919601313583072,0.022205547160473228,686,"tags=33%, list=16%, signal=28%",SOD2/RPL26/S100A8/PPIF/BAX/BCLAF1/NHERF1/TPT1/PTPN1/CD74/HYOU1/ERP29/PARP1/SRC/NCK1/EIF5A/SYVN1/CLU/LCK/CD44/NCK2/BCAP31,0.40701791892395395
LC_vs_Healthy,GO:0097529,myeloid leukocyte migration,59,0.49699842967571206,1.4657198009167658,0.005200170226398122,0.033370235224257666,0.02538032602536896,460,"tags=25%, list=11%, signal=23%",ITGB2/S100A8/HMGB1/RAC1/RAC2/CD47/MMP14/PECAM1/BSG/CD74/SWAP70/RPS19/LYN/PPIB/NCKAP1L,0.40701791892395395
LC_vs_Healthy,GO:0030595,leukocyte chemotaxis,67,0.49137043032244404,1.4620048454472643,0.004782062526087131,0.031222419865092135,0.023746766846310798,460,"tags=24%, list=11%, signal=22%",ITGB2/DEFA1/DEFA1B/LGALS9/CALR/S100A8/HMGB1/RAC1/RAC2/BSG/CD74/SWAP70/RPS19/LYN/PPIB/NCKAP1L,0.40701791892395395
LC_vs_Healthy,GO:0042274,ribosomal small subunit biogenesis,56,0.4979508051430982,1.4606443396564943,0.009358803162005574,0.053271782399261475,0.040516801759399194,820,"tags=36%, list=19%, signal=29%",LSM6/RPS3A/RPS23/RPS21/RPS11/RPS19/NPM1/RPS17/NOP58/RPS15/RPS24/SNU13/FAU/RPS12/RPS16/RPS13/RPS9/RPS14/RPS25/FBL,0.3807304007227924
LC_vs_Healthy,GO:0043487,regulation of RNA stability,76,0.48507036610416815,1.4593388064059167,0.0021938771392995583,0.017350169207277492,0.013195979834026353,1246,"tags=46%, list=29%, signal=33%",LSM6/THRAP3/BCLAF1/YTHDF3/YTHDF2/YTHDF1/PRKCD/NPM1/APEX1/CAPRIN1/SRSF1/DKC1/PABPC1/HNRNPU/LARP1/PAIP1/DIS3/SYNCRIP/PNN/FMR1/FXR1/FXR2/ROCK1/SERBP1/MYD88/FUS/CSDE1/LSM7/YBX1/TARDBP/XRN1/TAF15/HNRNPC/QKI/NSUN2,0.4317076958033464
LC_vs_Healthy,GO:0050852,T cell receptor signaling pathway,41,0.5129448346761422,1.4592616795985598,0.019742117532829083,0.09199335265297535,0.06996718083671206,700,"tags=34%, list=17%, signal=29%",GBP1/PTPRC/HLA-A/HLA-DPB1/HLA-DRB1/CSK/UBE2N/NCK1/PLCG2/HLA-DRB3/KHDRBS1/CLEC2B/LCK/EIF2B4,0.35248785758361917
LC_vs_Healthy,GO:0060326,cell chemotaxis,88,0.47670402520903055,1.4561157249002172,0.003526457717658976,0.024711069392178996,0.01879444341324599,657,"tags=27%, list=15%, signal=24%",ITGB2/DEFA1/DEFA1B/LGALS9/CALR/S100A8/HMGB1/RAC1/RAC2/RAB13/BSG/CD74/SWAP70/PRKCD/RPS19/LYN/PPIB/NCKAP1L/HMGB2/RHOG/ADAM10/CORO1B/SRP54/ENG,0.4317076958033464
LC_vs_Healthy,GO:0050729,positive regulation of inflammatory response,43,0.5093841056463269,1.4555518750251184,0.013404038592086505,0.07001272250657277,0.05324942156382516,821,"tags=33%, list=19%, signal=27%",GBP1/GBP2/S100A8/CASP3/GRN/VAMP8/CD47/HLA-E/CASP1/RPS19/PLCG2/MGST2/CEBPB/VAMP7,0.3807304007227924
LC_vs_Healthy,GO:0007043,cell-cell junction assembly,57,-0.3054048335523537,-1.4552821950006651,0.008854166058462759,0.051519318568153775,0.03918393421794272,398,"tags=30%, list=9%, signal=27%",ANK2/CLDN1/CTNNA1/CAV1/VCL/CDH13/PKP1/PKP3/DSG1/CTNNB1/PDCD6IP/MYO1C/JUP/POF1B/CD9/DSG2/TLN2,0.3807304007227924
LC_vs_Healthy,GO:0008380,RNA splicing,226,0.45866486480803825,1.4518796201060988,1.1693705264579411e-5,3.75200886060648e-4,2.853657083694828e-4,1446,"tags=50%, list=34%, signal=35%",LSM6/PPIE/SRSF4/SRSF5/SRSF6/NCL/SRSF3/THRAP3/BUD31/TCERG1/SNRPD2/H1-2/H1-3/RBMX/SNRPF/ACIN1/RPS26/DDX46/PHF5A/SRSF7/SF3A2/RBM25/IK/NCBP2/SF3B2/CDC5L/THOC6/SRSF1/TRA2B/TIAL1/SNRPB/SNRPA/SAP18/RBM8A/SNRPB2/SNRNP70/SART1/SNRPA1/ILF3/RBM14/UBL5/PRPF3/SNU13/PABPC1/PQBP1/PLRG1/HNRNPU/RBM15/HNRNPR/SYNCRIP/KHDRBS1/PNN/PRPF4/RBM12/PRPF40A/FMR1/RPS13/PPIL1/CWC15/PTBP3/PRPF6/CDK11B/HNRNPH2/SF3B3/CTNNBL1/RBMXL1/HNRNPH1/HNRNPH3/MFAP1/RALY/RNPS1/FUS/CELF2/RBM17/IWS1/HNRNPF/PRMT1/LSM7/YBX1/LUC7L2/LUC7L/XAB2/SON/MBNL1/TARDBP/SRSF10/SF3B1/NCBP1/PRPF8/DDX23/HNRNPUL2/LUC7L3/HNRNPUL1/PPWD1/SRSF2/HNRNPC/FAM98A/QKI/RBM22/SNRPC/U2AF1/SNRPG/SF3A1/LARP7/ZNF830/HNRNPK/HNRNPA3/HNRNPA1/SNRPD1/LSM2/FAM98B/SMU1/TRA2A,0.5933254763964051
LC_vs_Healthy,GO:0043488,regulation of mRNA stability,73,0.4861198747059651,1.4517184242318248,0.004777241898540671,0.031222419865092135,0.023746766846310798,1094,"tags=42%, list=26%, signal=32%",LSM6/THRAP3/BCLAF1/YTHDF3/YTHDF2/YTHDF1/PRKCD/NPM1/APEX1/CAPRIN1/SRSF1/PABPC1/HNRNPU/LARP1/PAIP1/DIS3/SYNCRIP/PNN/FMR1/FXR1/FXR2/ROCK1/SERBP1/MYD88/FUS/CSDE1/LSM7/YBX1/TARDBP/XRN1/TAF15,0.40701791892395395
LC_vs_Healthy,GO:0040029,epigenetic regulation of gene expression,81,0.47849090436106484,1.4506817901220284,0.00530974488905395,0.03387979267277037,0.025767879007390092,1086,"tags=41%, list=26%, signal=31%",SMARCA5/LBR/IFI16/H2AC8/H2AX/H2AZ1/H2AC21/H2AC19/H2AC4/H2AC18/HMGB1/H1-2/RBBP4/CBX3/APEX1/RBM14/HNRNPU/CBX1/RBM15/HDAC1/HDAC2/CDK2/MACROH2A1/MACROH2A2/ZNF512/CUL4B/CUL4A/DCAF8/RBBP7/H3-7/GPX1/WDR5/MECP2,0.40701791892395395
LC_vs_Healthy,GO:0002687,positive regulation of leukocyte migration,47,0.5102376693523771,1.4460493379807624,0.012552174807964129,0.06617883713306909,0.05033349184173908,1634,"tags=62%, list=39%, signal=38%",LGALS9/CALR/ICAM1/HMGB1/RAC1/RAC2/CD47/MMP14/CD74/SWAP70/NCKAP1L/ADAM10/WNK1/MCU/ANO6/ADAM17/LGMN/MIA3/P4HB/RHOA/THY1/PYCARD/MAPK1/MAPK3/C1QBP/THBS1/CSF1R/STK39/S100A7,0.3807304007227924
LC_vs_Healthy,GO:0070374,positive regulation of ERK1 and ERK2 cascade,50,0.49987534640077913,1.4455618721915382,0.013880101746058372,0.07117513361106645,0.054133514007564144,660,"tags=28%, list=16%, signal=24%",PTPRC/LGALS9/ICAM1/HMGB1/FGG/NAMPT/CD74/RAP1A/SRC/GLIPR2/FGB/CHI3L1/FGA/CD44,0.3807304007227924
LC_vs_Healthy,GO:0060537,muscle tissue development,71,-0.3009469107956221,-1.445012853982945,0.0030364008028487283,0.022286784977772037,0.01695061077609568,389,"tags=28%, list=9%, signal=26%",IGSF8/MYLK2/COL3A1/CAV2/ACTA1/CAV1/EFEMP2/GPC1/SORBS2/SGCD/MYLK/CTNNB1/DSP/TPM1/COL6A1/PLEC/DSG2/MYH11/PGM5/MYH14,0.4317076958033464
LC_vs_Healthy,GO:0043549,regulation of kinase activity,58,0.48786841892737165,1.438171385128855,0.009873952564016776,0.05462290014478246,0.04154441839588777,1637,"tags=62%, list=39%, signal=39%",PTPRC/PRDX3/ADAR/NHERF1/PTPN1/HGS/RAP1A/LYN/HNRNPU/CDC37/EEF1A2/FGR/SNX6/PRKAR1A/RAP2B/MYD88/CDK5RAP3/TAOK3/YWHAG/DNAJA1/STK38/CHMP6/FGF2/CORO1C/RHOA/SFN/THY1/SNX9/MAP2K1/MAP2K2/PYCARD/BCCIP/VPS25/ZNF622/CSF1R/MTOR,0.3807304007227924
LC_vs_Healthy,GO:0097193,intrinsic apoptotic signaling pathway,113,0.4592023300532338,1.4352136311723174,0.0034547063103516316,0.024564328079807785,0.01868283669773011,716,"tags=29%, list=17%, signal=25%",SOD2/RPL26/S100A8/CASP3/IFI16/PPIF/ERO1A/BAX/BCLAF1/DNAJC10/NHERF1/TPT1/PTPN1/CD74/PRKCD/HYOU1/ERP29/PML/PARP1/ATP2A1/SRC/NCK1/ATP2A3/EIF5A/STK24/SYVN1/CLU/LCK/CD44/NCK2/BCAP31/CUL1/CEBPB,0.4317076958033464
LC_vs_Healthy,GO:0001932,regulation of protein phosphorylation,95,0.4688697491989599,1.4338247541340026,0.0017785175067362117,0.014794630815294559,0.01125231964934401,1514,"tags=54%, list=36%, signal=35%",ITGB2/PTPRC/DNAJC3/MYDGF/RAC1/ADAR/NHERF1/PTPN1/DDRGK1/HGS/RAP1A/LYN/FN1/CDC37/FGR/SNX6/PRKAR1A/RAP2B/ARAF/RAF1/MYD88/STK4/CDK5RAP3/NDUFS4/TAOK3/YWHAG/DNAJA1/UBE2K/PLXNB2/STK38/TARDBP/CHMP6/NPTN/PRKDC/FGF2/ARRB1/CORO1C/RHOA/SFN/THY1/SNX9/MAP2K1/STAT2/MAP2K2/PYCARD/CNOT9/MMP9/MAPK1/BCCIP/PARP9/IL18,0.45505986738722953
LC_vs_Healthy,GO:0035967,cellular response to topologically incorrect protein,43,0.5016711481807884,1.433512299042062,0.01755491589172579,0.08325707824163381,0.06332265192294056,911,"tags=40%, list=21%, signal=31%",DNAJC3/MANF/BAX/DNAJC10/VAPB/PTPN1/DDRGK1/DERL1/NCK1/TBL2/TMEM33/UBR4/NCK2/CDK5RAP3/ERLEC1/ATAD3A/OPTN,0.35248785758361917
LC_vs_Healthy,GO:0001818,negative regulation of cytokine production,77,0.4702306002483776,1.433418546829262,0.005970245825460743,0.037455788055823544,0.0284876659096151,693,"tags=27%, list=16%, signal=23%",GBP1/PTPRC/LGALS9/CASP3/HLA-DRB1/PTPN6/CSK/SERPINB1/HMGB1/RAC1/OAS3/CTPS1/PML/RELA/BST2/FN1/NCKAP1L/PRKACA/FXR1/YY1/SIGLEC1,0.40701791892395395
LC_vs_Healthy,GO:0170039,proteinogenic amino acid metabolic process,51,-0.3146628079766095,-1.4314509314598758,0.009392531536111996,0.053271782399261475,0.040516801759399194,691,"tags=43%, list=16%, signal=37%",DLST/HAL/PSPH/ACADSB/HIBADH/MTAP/GLUD1/ALDH4A1/HIBCH/GPT/MCCC2/MCCC1/ARG1/HMGCL/PSAT1/ALDH7A1/SHMT1/ACAD8/ACAT1/ASS1/ALDH6A1/PHGDH,0.3807304007227924
LC_vs_Healthy,GO:0034101,erythrocyte homeostasis,41,0.5031300318934571,1.4313398357171756,0.025879917184265012,0.11352791796066253,0.08634567756143387,1422,"tags=59%, list=34%, signal=39%",STAT1/CASP3/ACIN1/RPS19/RPS17/GLUL/LYN/NCKAP1L/RPS24/HMGB2/CDK6/PTBP3/RPS14/CDK5RAP3/PRMT1/PRKDC/HMOX1/SLC25A5/STAT5B/HSPA9/G6PD/HBD/UFL1/SLC1A5,0.2878571172551493
LC_vs_Healthy,GO:0071248,cellular response to metal ion,44,0.5003655424965532,1.4305982273706275,0.021570430059621473,0.09887180798757109,0.07519871240278485,537,"tags=32%, list=13%, signal=28%",MT1H/MT2A/CALR/CYBB/HVCN1/PPIF/MT1E/CLIC4/FBP1/PARP1/ALOX5AP/CACYBP/HSP90B1/PLCG2,0.35248785758361917
LC_vs_Healthy,GO:0043086,negative regulation of catalytic activity,52,0.4934159217278253,1.4302436689244697,0.017381962461271536,0.08325707824163381,0.06332265192294056,1569,"tags=58%, list=37%, signal=37%",PTPRC/PRDX3/SERPINB1/ADAR/PTPN1/LYN/HNRNPU/SERPINB13/TMBIM1/SNX6/PPP1R12A/ABCE1/CDK5RAP3/YWHAG/DNAJA1/SERPINB8/STK38/CHMP6/TMED2/GNAI2/GNAI3/CORO1C/SFN/THY1/NES/XRCC1/PYCARD/PARP9/TIMP1/VPS25,0.35248785758361917
LC_vs_Healthy,GO:0045088,regulation of innate immune response,175,0.45490939595985574,1.4294204425148376,8.660751195843153e-5,0.001801115480172567,0.0013698704186205092,805,"tags=31%, list=19%, signal=26%",CTSS/LGALS9/GBP2/MNDA/HLA-A/HLA-C/S100A8/IFI16/GRN/SERPINB9/PTPN6/TRIM21/AP3B1/HMGB1/YTHDF3/YTHDF2/HLA-B/HLA-E/HLA-G/OAS3/RALB/PCBP2/PTPN1/CASP1/WDFY1/GRB2/RPS19/PARP1/RELA/HCK/LYN/SRC/SERPINB4/SAMHD1/PAK2/RBM14/PQBP1/EIF2AK2/CDC37/HSP90B1/PAK1/PLCG2/HMGB2/DDX60/FGR/MATR3/CPT1A/RIGI/ERAP1/CYBA/ZC3HAV1/STING1/MYD88/AP1G1,0.5384340963099162
LC_vs_Healthy,GO:0061844,antimicrobial humoral immune response mediated by antimicrobial peptide,29,0.5290260498916831,1.4290940927199713,0.037076271186440676,0.1437104416698371,0.10930153288757263,678,"tags=31%, list=16%, signal=26%",DEFA1/DEFA3/DEFA1B/H2BC12/RPS19/H2BC26/KRT6A/FAU/RPL30,0.24133997681509095
LC_vs_Healthy,GO:1901606,alpha-amino acid catabolic process,40,-0.35209117055419265,-1.4268154645647444,0.01367708563364915,0.07045581269077063,0.053586421685580594,691,"tags=48%, list=16%, signal=40%",DLST/HAL/ACADSB/HIBADH/GLUD1/ALDH4A1/HIBCH/GPT/MCCC2/MCCC1/ARG1/HMGCL/ALDH7A1/SHMT1/BLMH/ACAD8/ACAT1/ASS1/ALDH6A1,0.3807304007227924
LC_vs_Healthy,GO:0022408,negative regulation of cell-cell adhesion,62,0.4794505970614281,1.4242866295154024,0.017570727999347474,0.08325707824163381,0.06332265192294056,1194,"tags=44%, list=28%, signal=32%",LGALS9/HLA-DRB1/CSK/PSMA4/HMGB1/YTHDF2/PSMB8/HLA-E/HLA-G/SWAP70/PRKCD/PSMA3/PSMA2/PSMB9/PSMA7/PRKAR1A/CEBPB/PSMB2/PSMB1/WNK1/PSMB10/TMX1/PSMB4/PSMA1/MIA3/PSMA6/STAT5A,0.35248785758361917
LC_vs_Healthy,GO:0010563,negative regulation of phosphorus metabolic process,44,0.49802424842345777,1.4239042189582742,0.023296029017297624,0.10451106104546853,0.07948774663305466,1449,"tags=57%, list=34%, signal=38%",PTPRC/DNAJC3/PRDX3/ADAR/PTPN1/FBP1/PARP1/LYN/HNRNPU/PRKACA/SNX6/PLEK/CDK5RAP3/YWHAG/DNAJA1/STK38/TARDBP/CHMP6/PRKDC/PPP2CA/GIT1/CORO1C/SFN/THY1/PYCARD,0.35248785758361917
LC_vs_Healthy,GO:0045936,negative regulation of phosphate metabolic process,44,0.49802424842345777,1.4239042189582742,0.023296029017297624,0.10451106104546853,0.07948774663305466,1449,"tags=57%, list=34%, signal=38%",PTPRC/DNAJC3/PRDX3/ADAR/PTPN1/FBP1/PARP1/LYN/HNRNPU/PRKACA/SNX6/PLEK/CDK5RAP3/YWHAG/DNAJA1/STK38/TARDBP/CHMP6/PRKDC/PPP2CA/GIT1/CORO1C/SFN/THY1/PYCARD,0.35248785758361917
LC_vs_Healthy,GO:0030518,nuclear receptor-mediated steroid hormone signaling pathway,43,0.49714342829238595,1.420574456851657,0.02672147995889003,0.11541623843782116,0.08778187329180821,731,"tags=30%, list=17%, signal=25%",DEFA1/DEFA3/DEFA1B/CALR/DDRGK1/PARP1/SAFB/SRC/PAK1/HDAC1/HDAC2/VPS11/SAFB2,0.2820133500117251
LC_vs_Healthy,GO:0043401,steroid hormone receptor signaling pathway,43,0.49714342829238595,1.420574456851657,0.02672147995889003,0.11541623843782116,0.08778187329180821,731,"tags=30%, list=17%, signal=25%",DEFA1/DEFA3/DEFA1B/CALR/DDRGK1/PARP1/SAFB/SRC/PAK1/HDAC1/HDAC2/VPS11/SAFB2,0.2820133500117251
LC_vs_Healthy,GO:0006664,glycolipid metabolic process,28,0.5198269440341294,1.420524498463799,0.0322234156820623,0.1301686899674675,0.09900211273512206,1179,"tags=36%, list=28%, signal=26%",M6PR/PIGT/PRKCD/SUMF1/TM9SF2/GM2A/GLTP/NAGA/PRKAA1/DPM1,0.26166352171157314
LC_vs_Healthy,GO:1903509,liposaccharide metabolic process,28,0.5198269440341294,1.420524498463799,0.0322234156820623,0.1301686899674675,0.09900211273512206,1179,"tags=36%, list=28%, signal=26%",M6PR/PIGT/PRKCD/SUMF1/TM9SF2/GM2A/GLTP/NAGA/PRKAA1/DPM1,0.26166352171157314
LC_vs_Healthy,GO:0050779,RNA destabilization,44,0.49682469167435284,1.4204745588135375,0.024331389552044443,0.10800059473101149,0.08214177355316479,1049,"tags=41%, list=25%, signal=31%",LSM6/YTHDF3/YTHDF2/YTHDF1/CAPRIN1/PABPC1/HNRNPU/PAIP1/DIS3/SYNCRIP/FXR1/FXR2/ROCK1/CSDE1/LSM7/YBX1/TARDBP/XRN1,0.35248785758361917
LC_vs_Healthy,GO:0061157,mRNA destabilization,44,0.49682469167435284,1.4204745588135375,0.024331389552044443,0.10800059473101149,0.08214177355316479,1049,"tags=41%, list=25%, signal=31%",LSM6/YTHDF3/YTHDF2/YTHDF1/CAPRIN1/PABPC1/HNRNPU/PAIP1/DIS3/SYNCRIP/FXR1/FXR2/ROCK1/CSDE1/LSM7/YBX1/TARDBP/XRN1,0.35248785758361917
LC_vs_Healthy,GO:0048193,Golgi vesicle transport,177,0.4524328026230744,1.420076121208847,3.4240127724047357e-4,0.004867299168874074,0.00370191096762877,1036,"tags=37%, list=24%, signal=29%",YIF1B/CSK/SCAMP2/AP3M1/RAB10/RAB43/RAB8A/RAB14/RAB4B/RAB1A/RAB6A/RAB1B/MYO1B/VAPB/VAPA/CORO7/ACSL3/RAB13/AP1M1/TMED7/HYOU1/SEC13/RP2/ARCN1/YIPF6/RABGGTA/MYO18A/TM9SF4/STX5/TFG/EHD3/AP3D1/ACBD3/SEC23B/SCYL1/LMAN2/LMAN1/BCAP31/TMED5/VPS13C/VAMP2/ANXA13/VTI1B/TMED10/SEC31A/MYO5A/SNX3/AP1G2/AP1G1/VAMP7/COPG1/COPG2/NSF/GLTP/COPA/CCDC93/TRAPPC1/OPTN/BCAP29/SNX12/LAMP1/AP2M1/SEC22B/PITPNB/CNIH4/SURF4,0.49849310876659025
LC_vs_Healthy,GO:2001235,positive regulation of apoptotic signaling pathway,37,0.5095814811999988,1.4198402633766447,0.02598752598752599,0.11355638787545402,0.08636733086158194,686,"tags=35%, list=16%, signal=30%",RPL26/S100A8/BAX/BCLAF1/NHERF1/PML/NCK1/PAK2/EIF5A/CLU/LCK/NCK2/BCAP31,0.2878571172551493
LC_vs_Healthy,GO:0002685,regulation of leukocyte migration,65,0.4741199175167248,1.4192437839852232,0.010837898826509316,0.05908233195228137,0.04493611858624028,1634,"tags=55%, list=39%, signal=35%",LGALS9/CALR/MSN/ICAM1/HMGB1/RAC1/RAC2/CD47/MMP14/CD74/SWAP70/LYN/NCKAP1L/ADAM10/MPP1/WNK1/STK10/MCU/ANO6/ADAM17/LGMN/MIA3/HMOX1/P4HB/RHOA/DPP4/THY1/PYCARD/MAPK1/MAPK3/C1QBP/EMILIN1/THBS1/CSF1R/STK39/S100A7,0.3807304007227924
LC_vs_Healthy,GO:0000077,DNA damage checkpoint signaling,28,0.5192812614727905,1.4190333186477802,0.03329752953813104,0.13260418742297106,0.100854473650148,1507,"tags=57%, list=36%, signal=37%",H2AX/CDC5L/LYN/CDK2/CDK1/CUL1/CDK5RAP3/TAOK3/TAOK1/TP53BP1/STK38/PRKDC/FBXO6/NBN/UFL1/PARP9,0.25720646646883816
LC_vs_Healthy,GO:0050900,leukocyte migration,112,0.45610378748160696,1.4183229291714015,0.003271044300754176,0.02354732531889064,0.017909337156377932,1151,"tags=39%, list=27%, signal=29%",ITGB2/DEFA1/DEFA1B/LGALS9/CALR/S100A8/MSN/ICAM1/HMGB1/RAC1/RAC2/CD47/MMP14/PECAM1/BSG/CD74/SWAP70/RPS19/MYO1G/HCK/LYN/SRC/YES1/PPIB/NCKAP1L/MYH9/ADAM10/LCK/SRP54/ANKRD22/F11R/ROCK1/MPP1/WNK1/STK10/MCU/WDR1/ANO6/JAGN1/ADAM17/LGMN/MIA3/HMOX1/GNAI1,0.4317076958033464
LC_vs_Healthy,GO:0042692,muscle cell differentiation,123,0.4548760443596021,1.4172848763258408,0.0021476253936719004,0.017227023693525318,0.013102319322897567,1250,"tags=50%, list=29%, signal=37%",RPL7A/RPL31/CALR/RPL21/CASP3/RPL23A/RPL34/LAMB1/RPL10/RPL6/RPL13A/RPL19/RPL32/MMP14/RPL27A/RPL17/RPL18A/RPL24/RPL37A/RPL7/RPL27/RPL4/KRT8/RPL28/NACA/CSRP2/CACYBP/RPL29/RPL5/PAK1/MYL9/RPL14/EHD1/CDK1/DOCK2/ENG/RPL30/YY1/RPL36A/FLNC/RPL18/FLII/RPL12/RPL15/RPL13/WDR1/FBXO22/RPL23/RPL11/MECP2/HDGFL2/AKAP13/RPL35/NEBL/MYH3/MYH6/FHL2/RPL10A/RPL35A/RPL8/QKI/G6PD,0.4317076958033464
LC_vs_Healthy,GO:0170033,L-amino acid metabolic process,55,-0.3116661231225063,-1.414615746336536,0.015340358468210188,0.0765654335991113,0.05823320255191314,691,"tags=42%, list=16%, signal=35%",DLST/HAL/PSPH/ACADSB/HIBADH/MTAP/GLUD1/ALDH4A1/HIBCH/GPT/MCCC2/MCCC1/ARG1/HMGCL/PSAT1/ALDH7A1/SHMT1/BLMH/ACAD8/ACAT1/ASS1/ALDH6A1/PHGDH,0.3807304007227924
LC_vs_Healthy,GO:0019217,regulation of fatty acid metabolic process,24,0.5348562318597992,1.413392603460747,0.043243243243243246,0.1585502364841016,0.12058820281975895,612,"tags=33%, list=14%, signal=29%",NME1/PLAA/CD74/FABP5/EIF6/NME2/UBR4/CPT1A,0.22496609354031377
LC_vs_Healthy,GO:0045739,positive regulation of DNA repair,45,0.4854934634704425,1.4099168311347647,0.02325398596944638,0.10451106104546853,0.07948774663305466,1329,"tags=51%, list=31%, signal=35%",H2AX/UBE2N/HMGB1/PCNA/UBE2V2/PRKCD/SMARCC2/PARP1/TOP2B/BCL7C/YY1/FUS/PRMT1/PRKDC/HDGFL2/DPF2/ACTB/SMARCD2/RUVBL2/SMARCA2/RAD50/NBN/SMARCE1,0.35248785758361917
LC_vs_Healthy,GO:1902369,negative regulation of RNA catabolic process,41,0.4953377705464943,1.4091718605035854,0.034161490683229816,0.13551583762610211,0.10306898100769817,1246,"tags=51%, list=29%, signal=37%",THRAP3/BCLAF1/SRSF1/DKC1/PABPC1/HNRNPU/LARP1/PAIP1/SYNCRIP/PNN/FXR1/SLIRP/MYD88/FUS/CSDE1/YBX1/TARDBP/TAF15/HNRNPC/QKI/NSUN2,0.24891111443470246
LC_vs_Healthy,GO:0002702,positive regulation of production of molecular mediator of immune response,31,0.5181662478900065,1.4072900692145889,0.029723991507430998,0.12455239724942167,0.0947305413997696,1374,"tags=52%, list=32%, signal=35%",PTPRC/HLA-A/TFRC/HLA-E/HLA-G/GALNT2/CD74/PLCG2/DDX21/RIGI/TP53BP1/GPI/HLA-F/BTK/SLC7A5/HK1,0.27128855468895297
LC_vs_Healthy,GO:0042325,regulation of phosphorylation,106,0.45749859601697335,1.4052104877580216,0.003190776958432643,0.023117693705289405,0.017582573189905255,1637,"tags=57%, list=39%, signal=36%",ITGB2/PTPRC/DNAJC3/MYDGF/PRDX3/RAC1/ADAR/NHERF1/PTPN1/DDRGK1/HGS/RAP1A/LYN/FN1/HNRNPU/CDC37/EEF1A2/FGR/SNX6/PRKAR1A/RAP2B/ARAF/RAF1/MYD88/STK4/CDK5RAP3/NDUFS4/TAOK3/YWHAG/DNAJA1/UBE2K/PLXNB2/STK38/TARDBP/CHMP6/NPTN/PRKDC/FGF2/ARRB1/CORO1C/RHOA/SFN/THY1/SNX9/MAP2K1/STAT2/MAP2K2/PYCARD/CNOT9/MMP9/MAPK1/BCCIP/PARP9/IL18/VPS25/THBS1/ZNF622/MCM7/CSF1R/MTOR,0.4317076958033464
LC_vs_Healthy,GO:0045859,regulation of protein kinase activity,53,0.4817891941280204,1.4049786070518209,0.014426929466584224,0.07297946752691029,0.05550583226468742,1637,"tags=60%, list=39%, signal=38%",PTPRC/ADAR/NHERF1/PTPN1/HGS/RAP1A/LYN/CDC37/FGR/SNX6/PRKAR1A/RAP2B/MYD88/CDK5RAP3/TAOK3/YWHAG/DNAJA1/STK38/CHMP6/FGF2/CORO1C/RHOA/SFN/THY1/SNX9/MAP2K1/MAP2K2/PYCARD/BCCIP/VPS25/CSF1R/MTOR,0.3807304007227924
LC_vs_Healthy,GO:0051338,regulation of transferase activity,69,0.46893236299329594,1.404759310450933,0.010772347019090913,0.05901144245092242,0.04488220231492318,1691,"tags=61%, list=40%, signal=37%",PTPRC/PRDX3/ADAR/NHERF1/PTPN1/HGS/RAP1A/LYN/HNRNPU/CDC37/EEF1A2/PABPN1/FGR/SNX6/PRKAR1A/RAP2B/MYD88/CDK5RAP3/TAOK3/YWHAG/DNAJA1/STK38/CHMP6/RPS2/FGF2/CORO1C/RHOA/SFN/THY1/SNX9/MAP2K1/XRCC1/MAP2K2/PYCARD/BCCIP/VPS25/ZNF622/CSF1R/MTOR/RFC2/NEK7/RFC4,0.3807304007227924
LC_vs_Healthy,GO:0061013,regulation of mRNA catabolic process,83,0.4633074389302964,1.4044888221792615,0.007453065168344749,0.04515457796738427,0.034343117531190515,1094,"tags=41%, list=26%, signal=31%",LSM6/THRAP3/BCLAF1/YTHDF3/YTHDF2/YTHDF1/PRKCD/NPM1/APEX1/CAPRIN1/SRSF1/RBM8A/PABPC1/HNRNPU/LARP1/PAIP1/DIS3/SYNCRIP/PNN/FMR1/FXR1/FXR2/ZC3HAV1/ROCK1/SERBP1/SLIRP/MYD88/FUS/CSDE1/LSM7/YBX1/TARDBP/XRN1/TAF15,0.40701791892395395
LC_vs_Healthy,GO:0051053,negative regulation of DNA metabolic process,40,0.49489705620307206,1.4034562198273735,0.03958333333333333,0.1517135949943117,0.11538847351718279,1659,"tags=62%, list=39%, signal=38%",H1-2/H1-3/H1-4/H1-5/H1-1/SUB1/S100A11/PML/PARP1/SRC/H1-10/HNRNPU/OTUB1/TP53BP1/XRN1/HNRNPC/RAD50/NBN/HNRNPA1/XRCC1/C1QBP/RPS3/GTPBP4/TERF2/RBX1,0.2311267096738343
LC_vs_Healthy,GO:0016032,viral process,166,0.44775090420931823,1.403358709052791,4.329518352630779e-4,0.005763043299438594,0.004383185100587595,1105,"tags=39%, list=26%, signal=30%",LGALS9/STAT1/CTSB/IFI16/VAMP8/PPIE/TRIM21/CHMP4B/ICAM1/HMGB1/ADAR/SLC3A2/TFRC/RAB43/RAB1A/RAB1B/VAPB/VAPA/OAS3/PCBP2/PCBP3/SPCS1/BSG/CHMP4A/IFITM3/RAD23A/SPCS3/SRC/DEK/SSB/BST2/ILF3/PABPC1/EIF2AK2/STOM/LARP1/TOP2B/EIF3A/MYH9/MCTS1/CDK1/FMR1/MAN2A1/SIGLEC1/F11R/ZC3HAV1/TMEM41B/STAU1/IFIT1/SP100/LRRC15/PRMT1/CSDE1/CHMP1B/LAMP1/CHMP2A/EIF3G/CHMP6/CANX/GALNT1/MGAT1/CHMP5/MRC1/TRIM25/PCBP1,0.49849310876659025
LC_vs_Healthy,GO:0043523,regulation of neuron apoptotic process,57,0.47750045469998714,1.4027946836412115,0.027439024390243903,0.11716359083742929,0.08911085324311005,625,"tags=23%, list=15%, signal=20%",SOD2/CASP3/GRN/SET/BAX/HYOU1/CASP1/LCN2/PARP1/TMBIM1/CLU/SNX6/CDK5,0.2765005992544716
LC_vs_Healthy,GO:0006457,protein folding,125,0.44790831191560776,1.4010807913224168,0.006459659587009342,0.04007844042105796,0.03048237082054925,1371,"tags=49%, list=32%, signal=34%",DNAJC3/CALR/SDF2L1/GRN/TBCB/TXNDC5/PPIF/PPIE/DNAJB11/ERO1A/ERO1B/PFDN2/DNAJC10/PDIA3/COA3/CD74/RP2/ERP29/RANBP2/FKBP1A/PDIA5/SNRNP70/PPIB/HSPH1/CDC37/HSP90B1/NUDC/FKBP5/PDIA4/TBCA/CLU/PPIL1/LMAN1/CRTAP/HSPA4L/P3H1/PPIC/DNAJC7/DNAJA1/AHSA1/MPDU1/CANX/CHORDC1/DNAJB6/GFER/ERP44/CCT7/HSP90AB1/TBCC/PDIA6/DNAJA2/HSPA9/P4HB/RUVBL2/PTGES3/DNAJB12/HSP90AA1/VBP1/NUDCD2/DNAJB4/DNAJB1,0.40701791892395395
LC_vs_Healthy,GO:0006941,striated muscle contraction,90,0.458817503541502,1.4001450297759863,0.007415650182559886,0.04515457796738427,0.034343117531190515,1241,"tags=58%, list=29%, signal=42%",RPL7A/RPL31/RPL21/RPL23A/RPL34/RPL10/RPL6/RPL13A/RPL19/RPL32/RPL27A/RPL17/RPL18A/RPL24/ATP2A1/ATP2A2/RPL37A/RPL7/RPL27/FKBP1A/RPL4/RPL28/RPL29/RPL5/RPL14/DSC2/PRKACA/CLIC2/EHD3/RPL30/GSTO1/RPL36A/FLNA/RPL18/RPL12/RPL15/RPL13/CAMK2D/RPL23/RPL11/RPL35/MYH3/MYH6/MYH7/MYH7B/RPL10A/RPL35A/TNNC2/CALM1/CALM2/CALM3/RPL8,0.40701791892395395
LC_vs_Healthy,GO:2000779,regulation of double-strand break repair,44,0.4895586486080502,1.3997001699961404,0.03329864724245578,0.13260418742297106,0.100854473650148,1329,"tags=52%, list=31%, signal=36%",UBE2N/UBE2V2/SMARCC2/PML/PARP1/DEK/TOP2B/OTUB1/BCL7C/FUS/PRMT1/TP53BP1/PPP4C/PRKDC/HDGFL2/DPF2/ACTB/SMARCD2/RUVBL2/SMARCA2/RAD50/NBN/SMARCE1,0.2529611230696109
LC_vs_Healthy,GO:0008154,actin polymerization or depolymerization,84,0.46139529714536737,1.3987959025600163,0.009075952750016039,0.05226817917060519,0.03975349347067328,1109,"tags=44%, list=26%, signal=33%",COTL1/CYRIB/LIMA1/ARPC5L/RAC1/ARPC5/CYRIA/ENAH/CORO7/RDX/ARPC3/VASP/CFL1/SWAP70/PRKCD/HCK/NCK1/NCKAP1/NCKAP1L/TWF1/CFL2/DSTN/NCK2/MICAL1/PLEK/CAPZA1/DIAPH1/PDXP/CAPG/CAPZB/FLII/ARPC2/WASHC5/WDR1/PFN1/SH3BP1/EVL,0.3807304007227924
LC_vs_Healthy,GO:0044092,negative regulation of molecular function,72,0.46959513961447025,1.3980113551385822,0.010919970730720594,0.059242160051204,0.04505767869006965,1569,"tags=53%, list=37%, signal=34%",PTPRC/IFI16/PRDX3/SERPINB1/BAX/ADAR/UBLCP1/PTPN1/LYN/HNRNPU/SERPINB13/TMBIM1/SNX6/FMR1/ROCK1/PPP1R12A/ABCE1/CDK5RAP3/YWHAG/DNAJA1/SERPINB8/STK38/CHMP6/TMED2/GNAI2/GNAI3/CALM1/CALM2/CALM3/CORO1C/SFN/THY1/NES/XRCC1/PYCARD/PARP9/TIMP1/VPS25,0.3807304007227924
LC_vs_Healthy,GO:0006310,DNA recombination,72,0.46870707937130407,1.3953675494445694,0.01159716504996911,0.06231395383308761,0.047393986095245914,1615,"tags=56%, list=38%, signal=35%",H2AX/UBE2N/HMGB1/H1-2/H1-3/H1-4/TFRC/H1-5/H1-1/KPNA1/PARP1/APEX1/H1-10/SAMHD1/FEN1/TOP2B/HMGB2/YY1/CHD4/FUS/PDS5B/PRMT1/TP53BP1/PPP4C/PRKDC/HDGFL2/MCM3/ACTB/RUVBL2/PCYT1A/RAD50/NBN/INTS3/XRCC1/RECQL/C1QBP/RAD21/MCM6/TERF2/MCM7,0.3807304007227924
LC_vs_Healthy,GO:0043414,macromolecule methylation,39,0.4902758760910982,1.3925985092752828,0.043933054393305436,0.15915103252800647,0.12104514893855563,1503,"tags=59%, list=35%, signal=38%",SNRPD2/RAB6A/SNRPF/NOP58/SNRPB/GSPT1/SNU13/RBM15/FBL/PRMT1/FTSJ3/NOP2/ETF1/TRMT10C/FAM98A/NSUN2/NOP56/SNRPG/LARP7/RNMT/SNRPD1/FAM98B/NSUN4,0.21925034670375515
LC_vs_Healthy,GO:0072594,establishment of protein localization to organelle,158,0.4401535354084027,1.3908316267393446,8.970019773425842e-4,0.009157574732324746,0.006964956367437569,1331,"tags=41%, list=31%, signal=29%",M6PR/IGF2R/SRP72/AP3M1/CHMP4B/ADAR/RAB10/RAB8B/H1-5/CFL1/SPCS1/CHMP4A/PRKCD/KPNA1/HGS/SRP9/SEC13/PARP1/NPM1/RANBP2/RGPD2/SEC61B/SPCS3/SPCS2/SEC63/SRP14/SEC62/SRPRB/SRP68/CLU/SEC61A1/NDUFA13/CDK1/MACROH2A1/AP3D1/SRP54/RAB3GAP1/MACROH2A2/TIMM44/FLNA/SRPRA/STK3/STK4/ZFYVE16/YWHAB/LAMP1/TARDBP/SSR4/PIK3C3/RPL23/AGK/GFER/SQSTM1/TIMM22/SSR1/GET4/SSR3/RAB7A/RBM22/RUVBL2/TIMM13/NUP85/NUP50/HSP90AA1/USP9X,0.47727081536286214
LC_vs_Healthy,GO:0097530,granulocyte migration,38,0.4906511644382865,1.3870952492892263,0.04712041884816754,0.16823165678587365,0.12795157925376688,1634,"tags=55%, list=39%, signal=34%",ITGB2/S100A8/RAC1/RAC2/PECAM1/BSG/CD74/PPIB/NCKAP1L/SRP54/MPP1/MCU/WDR1/JAGN1/DPP4/MAPK1/MAPK3/C1QBP/THBS1/CSF1R/S100A7,0.21140018938492272
LC_vs_Healthy,GO:0042254,ribosome biogenesis,140,0.44136064149494386,1.3854939329684213,0.0027539054434020183,0.020346288243029385,0.01547473146484854,1875,"tags=62%, list=44%, signal=36%",LSM6/RPL7A/RPL26/RPS3A/RPS23/YTHDF2/RPS21/RPS11/RPS19/NPM1/RPS17/RPL7/GLUL/EIF6/NOP58/RPL27/RPS15/SART1/DKC1/RPS24/SNU13/DIS3/RPL5/FAU/RPL14/RPS12/EIF2A/EIF1AX/RPS16/DDX21/RPS13/NMD3/RPS9/PA2G4/RRP1/RPS14/RPS25/FBL/EIF5/CUL4B/CUL4A/PIN4/XRN2/RPS8/EXOSC9/DHX29/FTSJ3/PRKDC/RPL11/RPL35/NOP2/RPL35A/WDR12/NOP56/MYBBP1A/RPS15A/TCOF1/NOP10/TBL3/RPS28/EFL1/RPS7/NSUN4/EXOSC7/C1QBP/LAS1L/GAR1/MTREX/NOP16/GTPBP4/ERI1/ZNF622/DDX18/RRS1/NOC2L/PNO1/NUP88/DCAF13/RPS27/RPLP0/RPS4X/WDR3/SBDS/EXOSC2/EIF5B/EXOSC1/RPS5,0.4317076958033464
LC_vs_Healthy,GO:0006665,sphingolipid metabolic process,42,0.47926698653090244,1.3842953854444595,0.043343653250773995,0.1585502364841016,0.12058820281975895,1166,"tags=31%, list=28%, signal=23%",M6PR/VAPA/PRKCD/SUMF1/ALDH3B1/SGPL1/TM9SF2/GM2A/CERT1/GLTP/AGK/HACD3/PRKAA1,0.21925034670375515
LC_vs_Healthy,GO:0099072,regulation of postsynaptic membrane neurotransmitter receptor levels,40,0.48807639139663767,1.384113804418016,0.041666666666666664,0.15545404208194905,0.11823333708877269,1426,"tags=50%, list=34%, signal=33%",AP3M1/TFRC/RAB8A/RDX/SACM1L/RAP1A/SNX27/ADAM10/SNX6/EPB41L3/GRIPAP1/AP2S1/AP2M1/RALA/NUMB/VPS35/GIT1/HSP90AA1/HIP1/MAP2K1,0.22496609354031377
LC_vs_Healthy,GO:0006417,regulation of translation,177,0.4387534378352823,1.3771399344959832,0.0013299731420478584,0.012343469739832604,0.009388045489517424,1078,"tags=37%, list=25%, signal=29%",DNAJC3/RPL26/CALR/PKM/NCL/RPL10/YTHDF3/YTHDF2/YTHDF1/RPL13A/COA3/EIF4B/SRP9/PML/NCBP2/ABCF1/NPM1/EIF2S2/CAPRIN1/EIF6/NCK1/RBM8A/EIF3H/SSB/GSPT1/ILF3/PABPC1/EIF2AK2/SH3BGRL/HNRNPU/LARP1/PAIP1/RPL5/SYNCRIP/PYM1/EIF2S3/EIF2A/EIF5A/KHDRBS1/FMR1/FXR1/FXR2/EIF4G2/SHMT2/NCK2/EIF2B4/PA2G4/EIF3C/EIF4G1/EIF4G3/SERBP1/ABCE1/AARS1/EIF5/EPRS1/PRMT1/CSDE1/YBX1/ELP1/DHX29/PLXNB2/PELO/XRN1/NCBP1/EIF2S1/PRKDC,0.45505986738722953
LC_vs_Healthy,GO:0045621,positive regulation of lymphocyte differentiation,32,0.49790102373633527,1.3750741226920706,0.04776739356178609,0.16975564230976511,0.12911067355425268,1354,"tags=50%, list=32%, signal=34%",HLA-DRB1/AP3B1/HLA-G/MMP14/DDRGK1/SMARCC2/SART1/NCKAP1L/HLA-DRA/PRKDC/BTK/ACTB/SMARCD2/SMARCA2/SMARCE1/RHOA,0.2089550275493539
LC_vs_Healthy,GO:0045785,positive regulation of cell adhesion,162,0.4376758922177953,1.3749300357655083,0.0014384474236087345,0.012923011653700871,0.009828826401623508,743,"tags=28%, list=18%, signal=24%",ITGB2/PTPRC/LGALS9/CALR/HLA-A/HLA-DPB1/HLA-DRB1/PTPN6/CSK/CYRIB/LAMB1/AP3B1/HMGB1/RAC1/CD47/TFRC/FGG/HLA-E/HLA-G/TGM2/CFL1/CD63/SMARCC2/RELA/HLA-DRB5/LYN/SRC/YES1/NCK1/SART1/FN1/NCKAP1L/FGB/HSPH1/HLA-DRB3/CDC42/HLA-DRA/CDK6/LCK/FGA/CD44/NCK2/F11R/ROCK1/FLNA,0.45505986738722953
LC_vs_Healthy,GO:0019058,viral life cycle,133,0.44143224676263915,1.3741644650437534,0.0027484031348237923,0.020346288243029385,0.01547473146484854,783,"tags=32%, list=18%, signal=27%",LGALS9/CTSB/IFI16/VAMP8/PPIE/TRIM21/CHMP4B/ICAM1/HMGB1/ADAR/SLC3A2/TFRC/RAB43/RAB1A/RAB1B/VAPB/VAPA/OAS3/PCBP2/PCBP3/SPCS1/BSG/CHMP4A/IFITM3/RAD23A/SRC/DEK/BST2/ILF3/PABPC1/EIF2AK2/LARP1/TOP2B/MYH9/CDK1/FMR1/SIGLEC1/F11R/ZC3HAV1/TMEM41B/STAU1/IFIT1,0.4317076958033464
LC_vs_Healthy,GO:0006282,regulation of DNA repair,64,0.4615037379452801,1.3729019383630248,0.0216962507322302,0.09904426655404275,0.07532987883339295,1642,"tags=56%, list=39%, signal=35%",UBE2V1/H2AX/UBE2N/HMGB1/PCNA/UBE2V2/PRKCD/SMARCC2/PML/PARP1/DEK/TOP2B/OTUB1/BCL7C/YY1/SF3B3/FUS/PRMT1/TP53BP1/PPP4C/PRKDC/HDGFL2/DPF2/ACTB/SMARCD2/RUVBL2/SMARCA2/RAD50/NBN/SMARCE1/XRCC1/C1QBP/RPS3/DYRK1A/TERF2/SMARCA4,0.35248785758361917
LC_vs_Healthy,GO:0090150,establishment of protein localization to membrane,114,0.4384085439160156,1.368893683236346,0.007478852628613957,0.04515457796738427,0.034343117531190515,1204,"tags=43%, list=28%, signal=32%",ITGB2/ITGAM/YIF1B/CSK/SRP72/CHMP4B/RAB10/RAB8A/RAB8B/RDX/ACSL3/ATP13A1/TMCO1/CHMP4A/SRP9/SACM1L/SEC61B/SEC63/SRP14/NACA/EMC3/STOM/SEC62/SRPRB/PAK1/SRP68/SEC61A1/NDUFA13/SRP54/RAB3GAP1/VAMP2/GRIPAP1/ANXA13/SRPRA/EMC6/NSF/WNK1/OPTN/RFTN1/ARL6IP1/SSR4/AGK/EMC2/TIMM22/SSR1/GORASP2/VPS35/GET4/SSR3,0.40701791892395395
LC_vs_Healthy,GO:0051052,regulation of DNA metabolic process,144,0.43716056000106734,1.3666790211991737,0.0037438698978733784,0.025636377410437828,0.019498202886904892,1691,"tags=54%, list=40%, signal=34%",SMARCA5/CASP3/UBE2V1/H2AX/BAX/UBE2N/HMGB1/H1-2/H1-3/H1-4/TFRC/H1-5/H1-1/PCNA/SUB1/UBE2V2/PRKCD/KPNA1/S100A11/SMARCC2/PML/PARP1/SRC/DEK/H1-10/DKC1/CACYBP/HNRNPU/TOP2B/SSBP1/CDK2/CDK1/OTUB1/BCL7C/YY1/YLPM1/SF3B3/CUL4B/CUL4A/FUS/PRMT1/TP53BP1/XRN1/PPP4C/PRKDC/HDGFL2/CCT7/FGF2/HNRNPC/DPF2/MCM3/ACTB/SMARCD2/RUVBL2/PTGES3/SMARCA2/RAD50/HSP90AA1/NBN/SMC3/SMARCE1/HNRNPA1/XRCC1/MAPK1/MAPK3/C1QBP/MCM6/RPS3/DYRK1A/GTPBP4/TERF2/MCM7/HNRNPA2B1/SMARCA4/RFC2/RBX1/NEK7/RFC4,0.4317076958033464
LC_vs_Healthy,GO:0010038,response to metal ion,109,0.439228941433327,1.3638196693244253,0.009695865243222888,0.05431416992395279,0.041309608134411244,1250,"tags=39%, list=29%, signal=29%",SOD2/MT1H/MT2A/CALR/S100A8/CASP3/CYBB/PKLR/HVCN1/PPIF/MT1E/TFRC/FGG/PCNA/BSG/CLIC4/FBP1/LCN2/PARP1/ALOX5AP/CACYBP/FGB/HSP90B1/PLCG2/CDK1/FGA/ANXA11/CPNE2/SEC31A/SLC25A24/CAMK2D/GPI/EIF2S1/LGMN/PRKAA1/CPOX/PPP2CA/PPP2CB/CALM1/CALM2/CALM3/CALML3/G6PD,0.3807304007227924
LC_vs_Healthy,GO:0009166,nucleotide catabolic process,67,0.45764118127974646,1.36164812373456,0.02560285606134438,0.1127529700270186,0.08575627712489539,1556,"tags=49%, list=37%, signal=32%",PKLR/PKM/TYMP/ADPGK/NNMT/FBP1/HK2/DPYD/EIF6/NUDT3/SRC/SAMHD1/PRKACA/AMPD3/NT5C2/HPRT1/GPI/PFKP/PFKL/PRKAA1/HINT1/PPP2CA/CNP/GIT1/ENO1/ENO2/ENO3/HK1/HK3/NUDT4/NUDT4B/NT5C3A/PSEN1,0.35248785758361917
LC_vs_Healthy,GO:0031214,biomineral tissue development,26,-0.3598048020839537,-1.359877008737871,0.031228018805428928,0.12798928875363755,0.09734453037241579,475,"tags=27%, list=11%, signal=24%",ECM1/FBN2/NT5E/SACK1H/ASPN/CLEC3B/COL1A1,0.35248785758361917
LC_vs_Healthy,GO:0030168,platelet activation,53,0.46600342019961877,1.3589446259342048,0.03593429158110883,0.14011878279717088,0.10656983283968346,939,"tags=34%, list=22%, signal=27%",FERMT3/FGG/PRKCD/LYN/SRC/FUNDC2/FGB/MYH9/MYL9/PLCG2/LCK/FGA/RAP2B/F11R/FLNA/PLEK/CLIC1/TMX1,0.24133997681509095
LC_vs_Healthy,GO:0051054,positive regulation of DNA metabolic process,87,0.44489536441518174,1.3570119990300804,0.012769410247476349,0.06700956872857916,0.050965319534649486,1691,"tags=56%, list=40%, signal=35%",SMARCA5/CASP3/H2AX/BAX/UBE2N/HMGB1/TFRC/PCNA/UBE2V2/PRKCD/SMARCC2/PML/PARP1/DKC1/CACYBP/TOP2B/SSBP1/CDK2/CDK1/BCL7C/YY1/FUS/PRMT1/TP53BP1/PRKDC/HDGFL2/CCT7/FGF2/DPF2/ACTB/SMARCD2/RUVBL2/PTGES3/SMARCA2/RAD50/HSP90AA1/NBN/SMARCE1/HNRNPA1/MAPK1/MAPK3/RPS3/DYRK1A/TERF2/HNRNPA2B1/SMARCA4/RFC2/NEK7/RFC4,0.3807304007227924
LC_vs_Healthy,GO:0002237,response to molecule of bacterial origin,85,0.44692868465079627,1.3568459556675991,0.013601384843527081,0.07038873354507333,0.05353540344804467,609,"tags=26%, list=14%, signal=23%",SOD2/LGALS9/GBP2/S100A8/CASP3/PTPN6/CYRIB/PRDX3/HMGB1/RAC1/PLAA/CASP1/LCN2/RELA/HCK/LYN/MTDH/PLCG2/HMGB2/PABPN1/HDAC2/MGST2,0.3807304007227924
LC_vs_Healthy,GO:0006195,purine nucleotide catabolic process,58,0.4599834094600449,1.3559700760584135,0.04387755102040816,0.15915103252800647,0.12104514893855563,1556,"tags=50%, list=37%, signal=32%",PKLR/PKM/ADPGK/NNMT/FBP1/HK2/EIF6/NUDT3/SRC/SAMHD1/PRKACA/AMPD3/NT5C2/HPRT1/GPI/PFKP/PFKL/PRKAA1/HINT1/PPP2CA/GIT1/ENO1/ENO2/ENO3/HK1/HK3/NUDT4/NUDT4B/PSEN1,0.2165428367353482
LC_vs_Healthy,GO:0061014,positive regulation of mRNA catabolic process,47,0.4782830413613125,1.355487681271742,0.040123456790123455,0.15274115923833437,0.11617000578238984,1049,"tags=40%, list=25%, signal=31%",LSM6/YTHDF3/YTHDF2/YTHDF1/CAPRIN1/PABPC1/HNRNPU/PAIP1/DIS3/SYNCRIP/FXR1/FXR2/ZC3HAV1/ROCK1/CSDE1/LSM7/YBX1/TARDBP/XRN1,0.22798720285044224
LC_vs_Healthy,GO:0044272,sulfur compound biosynthetic process,57,-0.28423953769726273,-1.3544276084783626,0.03439181987839635,0.13551583762610211,0.10306898100769817,425,"tags=21%, list=10%, signal=19%",COASY/TECR/GGT5/GSS/PDHB/ACSL5/ACSL1/ACAT1/ACACA/ACACB/ACSS2/FASN,0.3217759180753611
LC_vs_Healthy,GO:0006119,oxidative phosphorylation,80,0.443700228169567,1.3512824720550736,0.02620967741935484,0.11408320830207552,0.0867680135086961,1360,"tags=39%, list=32%, signal=27%",ATP5F1E/PPIF/ATP5PD/ATP5ME/GHITM/COX7A2/COX6C/UQCRQ/COX6B1/ATP5MF/NDUFA13/CDK1/MACROH2A1/SHMT2/COX4I1/NDUFB5/COX5B/NDUFB7/NDUFS4/UQCR10/NDUFC2/SDHB/NDUFS5/NDUFB4/NDUFB6/NDUFB9/NDUFA12/MT-ND4/COXFA4/RHOA/MT-ND6,0.2820133500117251
LC_vs_Healthy,GO:0000082,G1/S transition of mitotic cell cycle,70,0.45150779435211497,1.3511141202445491,0.03118712273641851,0.12798928875363755,0.09734453037241579,1470,"tags=51%, list=35%, signal=34%",PSME1/PSME2/PTPN6/PSMA4/RDX/SMARCC2/GSPT1/PSMA3/PSMA2/KHDRBS1/CDK2/CDK6/CDK1/PSMA7/BCL7C/CUL1/EIF4G1/PSMB2/CUL4B/CUL4A/PSMB1/PSMB4/PSMA1/PRKDC/ADAM17/PSME3/PSMA6/DPF2/PPP2CA/ACTB/SMARCD2/SMARCA2/SMARCE1/CRLF3/RCC1/PSMB3,0.25720646646883816
LC_vs_Healthy,GO:0006164,purine nucleotide biosynthetic process,99,0.43444005726600293,1.3487498464237933,0.016119590021634374,0.07870565040998001,0.05986098251989303,1461,"tags=41%, list=34%, signal=28%",NME1/ATP5F1E/ATP5PD/ATP5ME/NAMPT/PARP1/NME2/GART/ATP5MF/NDUFA13/PRPS1/AMPD1/AMPD3/NMNAT1/NDUFB5/APRT/NDUFB7/NADSYN1/HPRT1/NDUFS4/AK2/ATP5MC3/ADSL/PAPSS2/PAPSS1/IDH2/NDUFC2/SDHB/NDUFS5/NDUFB4/NDUFB6/NDUFB9/PPAT/AMPD2/NDUFA12/ENO1/MT-ND4/MT-ND6/MAP2K1/IMPDH2/PRPS2,0.35248785758361917
LC_vs_Healthy,GO:0009152,purine ribonucleotide biosynthetic process,85,0.4442073714976667,1.3485842287461913,0.01545993670720932,0.07682083593892064,0.05842745334482608,1432,"tags=41%, list=34%, signal=28%",NME1/ATP5F1E/ATP5PD/ATP5ME/PARP1/NME2/GART/ATP5MF/NDUFA13/AMPD1/AMPD3/NDUFB5/APRT/NDUFB7/HPRT1/NDUFS4/AK2/ATP5MC3/ADSL/PAPSS2/PAPSS1/NDUFC2/SDHB/NDUFS5/NDUFB4/NDUFB6/NDUFB9/PPAT/AMPD2/NDUFA12/ENO1/MT-ND4/MT-ND6/MAP2K1/IMPDH2,0.3807304007227924
LC_vs_Healthy,GO:0007162,negative regulation of cell adhesion,96,0.4376029304593139,1.3459496757892355,0.029175050301810865,0.12271004302971386,0.0933293061241966,1039,"tags=34%, list=25%, signal=27%",GBP1/PTPRC/LGALS9/HLA-DRB1/CSK/LAMB1/PSMA4/HMGB1/YTHDF2/PSMB8/HLA-E/HLA-G/MMP14/CFL1/PTPN1/SWAP70/PRKCD/SRC/PSMA3/PSMA2/PSMB9/ADAM10/PSMA7/PRKAR1A/CEBPB/PSMB2/PSMB1/WNK1/PSMB10/TMX1/PSMB4/PLXNB2/PSMA1,0.2663506570885256
LC_vs_Healthy,GO:0051402,neuron apoptotic process,61,0.4501419695894291,1.3451989655663228,0.043922369765066395,0.15915103252800647,0.12104514893855563,625,"tags=21%, list=15%, signal=18%",SOD2/CASP3/GRN/SET/BAX/HYOU1/CASP1/LCN2/PARP1/TMBIM1/CLU/SNX6/CDK5,0.2165428367353482
LC_vs_Healthy,GO:0009261,ribonucleotide catabolic process,58,0.45610978353596643,1.3445511406558077,0.044897959183673466,0.16212349891725178,0.12330591112831857,1556,"tags=50%, list=37%, signal=32%",PKLR/PKM/ADPGK/FBP1/HK2/DPYD/EIF6/NUDT3/SRC/PRKACA/AMPD3/NT5C2/HPRT1/GPI/PFKP/PFKL/PRKAA1/HINT1/PPP2CA/GIT1/ENO1/ENO2/ENO3/HK1/HK3/NUDT4/NUDT4B/NT5C3A/PSEN1,0.21392785549235627
LC_vs_Healthy,GO:0009154,purine ribonucleotide catabolic process,55,0.45441939989706015,1.3437269277236754,0.048830111902339775,0.17190036259036853,0.13074187871625187,1556,"tags=49%, list=37%, signal=31%",PKLR/PKM/ADPGK/FBP1/HK2/EIF6/NUDT3/SRC/PRKACA/AMPD3/NT5C2/HPRT1/GPI/PFKP/PFKL/PRKAA1/HINT1/PPP2CA/GIT1/ENO1/ENO2/ENO3/HK1/HK3/NUDT4/NUDT4B/PSEN1,0.2042947565168861
LC_vs_Healthy,GO:0032259,methylation,52,0.4624097711344409,1.340367463818205,0.046248715313463515,0.16593388912785792,0.12620397118630575,1503,"tags=50%, list=35%, signal=33%",SNRPD2/RAB6A/SNRPF/NNMT/NOP58/SNRPB/GSPT1/SNU13/RBM15/TPMT/FBL/PRMT1/CARM1/FTSJ3/NOP2/ETF1/TRMT10C/FAM98A/NSUN2/NOP56/SNRPG/LARP7/RNMT/SNRPD1/FAM98B/NSUN4,0.21140018938492272
LC_vs_Healthy,GO:0045807,positive regulation of endocytosis,69,0.4470296745984199,1.3391464249375322,0.03528225806451613,0.13853837694563503,0.10536782705534237,717,"tags=28%, list=17%, signal=23%",PTPRC/CALR/CD47/H1-1/CD63/RAP1A/RAB27A/NCKAP1L/MYO18A/TBC1D5/PLCG2/PRKACA/CDC42/ARAP1/CLU/FMR1/DOCK2/LMAN2/CYBA,0.24133997681509095
LC_vs_Healthy,GO:1903706,regulation of hemopoiesis,115,0.4302651122851694,1.33854877355522,0.014585851216230105,0.07345251531760721,0.05586561717698379,1893,"tags=66%, list=45%, signal=38%",LGALS9/STAT1/HLA-DRB1/PSMA4/AP3B1/HMGB1/PSMB8/HLA-B/HLA-G/ACIN1/MMP14/CD74/DDRGK1/CLPTM1/SMARCC2/GLUL/EIF6/LYN/PSMA3/SART1/NCKAP1L/PSMA2/RBM15/PSMB9/HMGB2/HLA-DRA/CDK6/PSMA7/CEBPB/PSMB2/PSMB1/SKIC8/PRMT1/PSMB10/PSMB4/C1QC/PSMA1/PRKDC/PSMA6/BTK/STAT5A/STAT5B/HSPA9/ACTB/QKI/SMARCD2/CORO1C/SMARCA2/SMARCE1/RHOA/PSMB3/IL18/MTOR/SMARCA4/LGALS1/TRAF6/RIPK1/PRKCA/TLR3/ISG15/SMARCC1/INPP5D/H4C16/H4C15/H4C9/H4C1/H4C4/H4C6/H4C12/H4C11/H4C3/H4C8/H4C2/H4C5/H4C13/H4C14,0.3807304007227924
LC_vs_Healthy,GO:1901136,carbohydrate derivative catabolic process,110,0.4329384552886479,1.3356985072799772,0.014079989279011057,0.07187194527422462,0.05466348651361283,1318,"tags=39%, list=31%, signal=28%",M6PR/PKLR/PKM/TYMP/STT3B/ADPGK/PRKCD/FBP1/SUMF1/HK2/DPYD/GALM/EIF6/NUDT3/SRC/SAMHD1/GM2A/CHI3L1/PRKACA/RENBP/CD44/AMPD3/MAN2B1/NT5C2/HPRT1/GNPDA1/GNPDA2/CST3/GPI/PFKP/PFKL/FGF2/NAGA/PRKAA1/BTK/HINT1/PPP2CA/FBXO6/GIT1/CTBS/ENO1/ENO2/ENO3,0.3807304007227924
LC_vs_Healthy,GO:0032496,response to lipopolysaccharide,81,0.44003314375327485,1.3340861087953575,0.027300303336703743,0.11701618567602406,0.08899874162540208,609,"tags=26%, list=14%, signal=23%",SOD2/LGALS9/GBP2/S100A8/CASP3/PTPN6/PRDX3/HMGB1/RAC1/PLAA/CASP1/LCN2/RELA/HCK/LYN/MTDH/PLCG2/HMGB2/PABPN1/HDAC2/MGST2,0.2765005992544716
LC_vs_Healthy,GO:0050920,regulation of chemotaxis,65,0.44488541952198657,1.3317324223569762,0.04056795131845842,0.1539115180088811,0.11706014296492709,1634,"tags=48%, list=39%, signal=30%",LGALS9/CALR/CYRIB/HMGB1/RAC1/RAC2/YTHDF1/CD74/SWAP70/LYN/NCKAP1L/ADAM10/CORO1B/MYCBP2/MPP1/WNK1/MCU/ANO6/ADAM17/LGMN/FGF2/USP14/DPP4/MAPK1/MAPK3/C1QBP/THBS1/IL16/CSF1R/STK39/S100A7,0.22496609354031377
LC_vs_Healthy,GO:0022604,regulation of cell morphogenesis,74,0.44062622402981855,1.329295819879562,0.03118712273641851,0.12798928875363755,0.09734453037241579,1302,"tags=43%, list=31%, signal=30%",ITGB2/MSN/RAC1/RAC2/RDX/CFL1/NHERF1/PLAA/FMNL1/CAPRIN1/HCK/SRC/FN1/MYH9/RHOG/ARAP1/FGR/ARPIN/CORO1B/CD44/EPB41L3/F11R/PALM2AKAP2/ARHGEF7/PLXNB2/WDR1/PRKDC/DAPK3/ARHGAP18/FBLIM1/CORO1C/FMNL2,0.25720646646883816
LC_vs_Healthy,GO:0009260,ribonucleotide biosynthetic process,92,0.43256048615406173,1.329033516922054,0.034274193548387094,0.13551583762610211,0.10306898100769817,1432,"tags=39%, list=34%, signal=26%",NME1/ATP5F1E/ATP5PD/CTPS1/ATP5ME/PARP1/NME2/GART/ATP5MF/NDUFA13/AMPD1/AMPD3/NDUFB5/APRT/NDUFB7/HPRT1/NDUFS4/AK2/ATP5MC3/ADSL/PAPSS2/PAPSS1/NDUFC2/SDHB/NDUFS5/NDUFB4/NDUFB6/NDUFB9/PPAT/AMPD2/NDUFA12/ENO1/MT-ND4/MT-ND6/MAP2K1/IMPDH2,0.24504178543099617
LC_vs_Healthy,GO:2001233,regulation of apoptotic signaling pathway,107,0.43411069754978715,1.328640670118188,0.013574127559271515,0.07038873354507333,0.05353540344804467,686,"tags=29%, list=16%, signal=25%",SOD2/RPL26/S100A8/PPIF/BAX/ICAM1/BCLAF1/FGG/NHERF1/TPT1/PTPN1/CD74/GHITM/HYOU1/ERP29/PML/PARP1/RELA/SRC/NCK1/PAK2/FGB/EIF5A/SYVN1/TMBIM1/CLU/LCK/FGA/CD44/NCK2/BCAP31,0.3807304007227924
LC_vs_Healthy,GO:0044843,cell cycle G1/S phase transition,77,0.43548113130093513,1.327490661116547,0.04124748490945674,0.1547143817204301,0.1176707752429471,1470,"tags=49%, list=35%, signal=33%",PSME1/PSME2/PTPN6/PSMA4/RDX/DDRGK1/SMARCC2/GSPT1/PSMA3/PSMA2/PLCG2/KHDRBS1/CDK2/CDK6/CDK1/PSMA7/BCL7C/CUL1/EIF4G1/PSMB2/CUL4B/CUL4A/PSMB1/PSMB4/PSMA1/PRKDC/ADAM17/PSME3/PSMA6/DPF2/PPP2CA/ACTB/SMARCD2/SMARCA2/SMARCE1/CRLF3/RCC1/PSMB3,0.2220560461452484
LC_vs_Healthy,GO:0030100,regulation of endocytosis,121,0.42555110028185916,1.3262828250524963,0.025075225677031094,0.11086408832797606,0.08431965454723363,1284,"tags=40%, list=30%, signal=28%",PTPRC/CALR/CSK/HMGB1/RAC1/CD47/RAB4B/RAB4A/H1-1/ARPC3/TGM2/PTPN1/LRPAP1/CD63/RAP1A/RAB27A/HCK/SRC/NCKAP1L/MYO18A/TBC1D5/PLCG2/PRKACA/CDC42/ARAP1/FGR/CLU/FMR1/DOCK2/LMAN2/CYBA/ROCK1/SNX3/AP2S1/DYSF/ZFYVE16/SNX12/AP2M1/RALA/NUMB/ANO6/CD14/BTK/CALM3/ARRB1/ACTB/PACSIN2/PICALM,0.2878571172551493
LC_vs_Healthy,GO:0000956,nuclear-transcribed mRNA catabolic process,67,0.44370767140475337,1.32019088965159,0.04238143289606458,0.15604704636813285,0.11868435704762649,1055,"tags=39%, list=25%, signal=30%",LSM6/THRAP3/SNRPF/NCBP2/CAPRIN1/SNRPB/RBM8A/SSB/GSPT2/GSPT1/PABPC1/HNRNPU/PAIP1/DIS3/SYNCRIP/PYM1/RNPS1/SKIC8/CSDE1/LSM7/XRN2/YBX1/EXOSC9/PELO/XRN1/NCBP1,0.21925034670375515
LC_vs_Healthy,GO:0006402,mRNA catabolic process,124,0.42443493013193767,1.3142723417308875,0.010696865108046232,0.05888519370752901,0.044786181587287185,1055,"tags=38%, list=25%, signal=29%",LSM6/THRAP3/BCLAF1/YTHDF3/YTHDF2/YTHDF1/SNRPF/PRKCD/NCBP2/NPM1/APEX1/CAPRIN1/SRSF1/SNRPB/RBM8A/SSB/GSPT2/GSPT1/PABPC1/HNRNPU/LARP1/PAIP1/DIS3/SYNCRIP/PYM1/SND1/PNN/FMR1/FXR1/FXR2/ZC3HAV1/ROCK1/SERBP1/SLIRP/MYD88/RNPS1/FUS/SKIC8/CSDE1/LSM7/XRN2/YBX1/EXOSC9/TARDBP/PELO/XRN1/NCBP1,0.3807304007227924
LC_vs_Healthy,GO:0008064,regulation of actin polymerization or depolymerization,69,0.4383181204469266,1.3130496191536611,0.04838709677419355,0.17087644552647596,0.12996312037877267,1109,"tags=42%, list=26%, signal=32%",COTL1/CYRIB/LIMA1/ARPC5L/ARPC5/CYRIA/RDX/ARPC3/VASP/CFL1/SWAP70/PRKCD/HCK/NCK1/NCKAP1/NCKAP1L/TWF1/CFL2/NCK2/PLEK/CAPZA1/PDXP/CAPG/CAPZB/FLII/WDR1/PFN1/SH3BP1/EVL,0.2042947565168861
LC_vs_Healthy,GO:0030832,regulation of actin filament length,69,0.4383181204469266,1.3130496191536611,0.04838709677419355,0.17087644552647596,0.12996312037877267,1109,"tags=42%, list=26%, signal=32%",COTL1/CYRIB/LIMA1/ARPC5L/ARPC5/CYRIA/RDX/ARPC3/VASP/CFL1/SWAP70/PRKCD/HCK/NCK1/NCKAP1/NCKAP1L/TWF1/CFL2/NCK2/PLEK/CAPZA1/PDXP/CAPG/CAPZB/FLII/WDR1/PFN1/SH3BP1/EVL,0.2042947565168861
LC_vs_Healthy,GO:0006935,chemotaxis,122,0.4190913755328647,1.3120952008625024,0.015887060592708176,0.07790903513367373,0.05925510260045075,725,"tags=25%, list=17%, signal=21%",ITGB2/DEFA1/DEFA1B/CORO1A/LGALS9/CALR/S100A8/CYRIB/HMGB1/RAC1/RAC2/YTHDF1/TYMP/RAB13/BSG/CD74/SWAP70/PRKCD/RPS19/LYN/PPIB/NCKAP1L/HMGB2/RHOG/ADAM10/CORO1B/SRP54/ENG/MYCBP2/ELMO2,0.35248785758361917
LC_vs_Healthy,GO:0042330,taxis,122,0.4190913755328647,1.3120952008625024,0.015887060592708176,0.07790903513367373,0.05925510260045075,725,"tags=25%, list=17%, signal=21%",ITGB2/DEFA1/DEFA1B/CORO1A/LGALS9/CALR/S100A8/CYRIB/HMGB1/RAC1/RAC2/YTHDF1/TYMP/RAB13/BSG/CD74/SWAP70/PRKCD/RPS19/LYN/PPIB/NCKAP1L/HMGB2/RHOG/ADAM10/CORO1B/SRP54/ENG/MYCBP2/ELMO2,0.35248785758361917
LC_vs_Healthy,GO:0016197,endosomal transport,156,0.4152630446472218,1.3076737716249105,0.012044475366059598,0.0638016313022874,0.04852546565884933,1692,"tags=52%, list=40%, signal=32%",MSN/CHMP4B/EIPR1/RAB10/RAB35/RAB12/RAB8A/RAB14/RAB8B/RAB4B/RAB6A/RDX/RAB13/CHMP4A/HGS/DNAJC13/SRC/VPS16/SNX27/TBC1D5/STX5/SNX6/EHD1/EHD3/ACAP2/AP3D1/WASHC4/VPS11/VAMP3/GRIPAP1/VTI1B/CDC50A/SNX3/VPS26C/ZFYVE16/CCDC93/SNX12/CHMP1B/UBE2O/SPAG9/CHMP2A/WASHC5/DENND10/STX12/LEPROT/PIK3C3/CHMP6/CHMP5/UBXN6/SQSTM1/VPS35/RAB7A/SNX2/YKT6/RAB5A/RAB5B/RAB5C/CORO1C/PICALM/STX16/SNX9/MAP2K1/MAP2K2/CHMP3/MVB12A/ACTN2/MAPK1/MAPK3/SNX1/STX8/VPS25/MICALL1/VPS4A/VPS4B/SNX17/STAM2/ATP6AP1/EZR/VPS39/ARFIP1/RAB21,0.3807304007227924
LC_vs_Healthy,GO:0046390,ribose phosphate biosynthetic process,97,0.4271811083060331,1.3065101437315516,0.02914572864321608,0.12271004302971386,0.0933293061241966,1461,"tags=40%, list=34%, signal=27%",NME1/ATP5F1E/ATP5PD/CTPS1/ATP5ME/PARP1/NME2/GART/ATP5MF/NDUFA13/PRPS1/AMPD1/AMPD3/NDUFB5/APRT/NDUFB7/HPRT1/NDUFS4/AK2/ATP5MC3/ADSL/PAPSS2/PAPSS1/NDUFC2/SDHB/NDUFS5/NDUFB4/NDUFB6/NDUFB9/G6PD/PPAT/AMPD2/NDUFA12/ENO1/MT-ND4/MT-ND6/MAP2K1/IMPDH2/PRPS2,0.2663506570885256
LC_vs_Healthy,GO:0006364,rRNA processing,101,0.4217495551426307,1.3057000374455658,0.028084252758274825,0.11946445396796451,0.09086081562726146,2167,"tags=70%, list=51%, signal=35%",LSM6/RPL7A/RPL26/YTHDF2/RPS21/RPS19/RPS17/RPL7/EIF6/NOP58/RPL27/RPS15/SART1/DKC1/RPS24/SNU13/DIS3/RPL5/RPL14/RPS16/DDX21/RPS13/PA2G4/RRP1/RPS14/RPS25/FBL/PIN4/XRN2/EXOSC9/FTSJ3/PRKDC/RPL11/RPL35/NOP2/RPL35A/WDR12/NOP56/NOP10/TBL3/RPS28/RPS7/NSUN4/EXOSC7/LAS1L/GAR1/MTREX/ERI1/DDX18/RRS1/PNO1/DCAF13/RPS27/WDR3/SBDS/EXOSC2/EXOSC1/MAK16/NHP2/WDR36/UTP6/HEATR1/PRMT5/UTP18/NOL11/WDR18/EXOSC8/EXOSC6/EIF4A3/PELP1/TSR1,0.27128855468895297
LC_vs_Healthy,GO:0098771,inorganic ion homeostasis,99,0.4194456073610784,1.3021985174930601,0.037111334002006016,0.1437104416698371,0.10930153288757263,1454,"tags=43%, list=34%, signal=29%",MT1H/MT2A/CALR/MT1E/BAX/TFRC/VAPB/TGM2/ATP13A1/TMCO1/TPT1/SLC30A7/LCN2/PML/ATP2A1/ATP2A2/GLUL/ATP2A3/TBXAS1/PRKACA/ATP6V1G1/CUL1/BOLA2/BOLA2B/FTL/TMEM165/WNK1/CUTC/GLRX3/MCU/CAMK2D/NPTN/MYH7B/HMOX1/PICALM/ITPR1/SLC39A7/YWHAE/ATP2C1/CCDC47/ABCB7/LETM1/WFS1,0.23439264729468612
LC_vs_Healthy,GO:0043410,positive regulation of MAPK cascade,92,0.4231654908528405,1.3001675801425185,0.038306451612903226,0.1478286775302073,0.11243373043077669,732,"tags=26%, list=17%, signal=22%",PTPRC/LGALS9/MYDGF/ICAM1/HMGB1/FGG/PECAM1/NAMPT/PTPN1/CD74/ERP29/RAP1A/LYN/SRC/GLIPR2/EIF2AK2/FGB/CHI3L1/PLCG2/DSC2/FGA/CD44/RAF1/ROCK1,0.2311267096738343
LC_vs_Healthy,GO:0010562,positive regulation of phosphorus metabolic process,73,0.43487667498819343,1.298688891769536,0.04133064516129032,0.1547143817204301,0.1176707752429471,1637,"tags=49%, list=39%, signal=31%",PTPRC/MYDGF/RAC1/ACSL3/DDRGK1/PRKCD/RAP1A/LYN/SRC/EEF1A2/PRKAR1A/ARAF/RAF1/STK4/TAOK3/UBE2K/NPTN/NDUFC2/FGF2/PRKAA1/ARRB1/ENO1/RHOA/SNX9/MAP2K1/MAP2K2/CNOT9/MMP9/MAPK1/PARP9/IL18/PSEN1/THBS1/ZNF622/CSF1R/MTOR,0.2220560461452484
LC_vs_Healthy,GO:0045937,positive regulation of phosphate metabolic process,73,0.43487667498819343,1.298688891769536,0.04133064516129032,0.1547143817204301,0.1176707752429471,1637,"tags=49%, list=39%, signal=31%",PTPRC/MYDGF/RAC1/ACSL3/DDRGK1/PRKCD/RAP1A/LYN/SRC/EEF1A2/PRKAR1A/ARAF/RAF1/STK4/TAOK3/UBE2K/NPTN/NDUFC2/FGF2/PRKAA1/ARRB1/ENO1/RHOA/SNX9/MAP2K1/MAP2K2/CNOT9/MMP9/MAPK1/PARP9/IL18/PSEN1/THBS1/ZNF622/CSF1R/MTOR,0.2220560461452484
LC_vs_Healthy,GO:0010506,regulation of autophagy,137,0.4181097496482658,1.2984395407426728,0.01743002146882217,0.08325707824163381,0.06332265192294056,1200,"tags=36%, list=28%, signal=27%",CASP3/IFI16/TRIM21/HMGB1/RAB39B/RAB8A/RALB/TPT1/DDRGK1/HK2/SLC25A4/CISD2/SNRNP70/MTDH/ATP6V1D/LARP1/CDC37/UBR4/EEF1A1/EEF1A2/ATP6V1E1/PRKACA/ATP6V1G1/SNX6/CDK5/EIF4G2/RAB3GAP1/VPS13C/CUL1/EIF4G1/ROCK1/STING1/CDK5RAP3/CTSA/CUL4B/CUL4A/WNK1/RRAGA/OPTN/SEC22B/STK38L/PIK3C3/ATP6V1C1/SQSTM1/SLC25A5/DAPK3/GNAI3/PRKAA1/VPS35/PIP4K2A,0.35248785758361917
LC_vs_Healthy,GO:0007015,actin filament organization,200,0.4059465688003684,1.2921416750014647,0.007890414484713558,0.04738468163814612,0.036039262549466065,1109,"tags=38%, list=26%, signal=30%",CORO1A/COTL1/EFHD2/ARPC1B/CNN2/CYRIB/LIMA1/CAP2/CAP1/ELMO1/ARPC5L/RAC1/RAC2/ARPC5/CD47/CYRIA/MYO1B/ENAH/CORO7/RDX/ARPC3/MARCKS/VASP/CFL1/SWAP70/PRKCD/CALD1/CNN3/MYO1G/HCK/SRC/NCK1/PAK2/NCKAP1/NCKAP1L/TWF1/MARCKSL1/MYO1F/MYO1E/CFL2/DSTN/HSP90B1/PAK1/MYL9/RHOG/CDC42/ARAP1/ARPIN/CORO1B/WASHC4/NCK2/MICAL1/F11R/ELMO2/ROCK1/FLNA/MYO5A/SHTN1/PLEK/CAPZA1/DIAPH1/PDXP/CAPG/LIMS1/CAPZB/FLII/ARPC2/LUZP1/ZYX/WASHC5/WDR1/TAGLN2/RHOC/PFN1/SH3BP1/NEBL/EVL,0.3807304007227924
LC_vs_Healthy,GO:1901987,regulation of cell cycle phase transition,130,0.4088053853397365,1.2854879649107345,0.030969030969030968,0.12798928875363755,0.09734453037241579,1691,"tags=51%, list=40%, signal=31%",PSME1/PSME2/PTPN6/H2AX/PSMA4/RDX/DDRGK1/SMARCC2/IK/NPM1/CDC5L/LYN/PSMA3/PSMA2/PLCG2/CDK2/CDK5/CDK1/MACROH2A1/PSMA7/BCL7C/CUL1/EIF4G1/DYNLRB1/PSMB2/CDK5RAP3/CUL4B/CUL4A/PSMB1/TAOK3/TAOK1/PSMB4/TP53BP1/STK38/PSMA1/PRKDC/ADAM17/PSME3/PSMA6/DPF2/PPP2CA/ACTB/SMARCD2/NSUN2/FBXO6/SMARCA2/RAD50/NBN/SMARCE1/ZNF830/UFL1/INTS3/CRLF3/PSMB3/PARP9/DYNLT1/RAD21/GTPBP4/VPS4A/VPS4B/SMARCA4/RFC2/PPP1R9B/RBX1/XPC/RFC4,0.25720646646883816
LC_vs_Healthy,GO:0098876,vesicle-mediated transport to the plasma membrane,89,0.4235827994665119,1.284748717316783,0.04718875502008032,0.16823165678587365,0.12795157925376688,1022,"tags=33%, list=24%, signal=25%",CSK/DEF6/EIPR1/RAB10/RAB35/RAB12/RAB8A/RAB14/RAB8B/ACSL3/RAB13/HGS/SACM1L/SNX27/TM9SF4/EHD1/EHD3/ACAP2/VAMP2/GRIPAP1/ANXA13/SNX3/VPS26C/NSF/CCDC93/OPTN/SNX12/DENND10/STX12,0.2065879226968911
LC_vs_Healthy,GO:0032102,negative regulation of response to external stimulus,133,0.4114465649797173,1.2808199967399747,0.023359106253261448,0.10451106104546853,0.07948774663305466,750,"tags=26%, list=18%, signal=22%",PTPRC/LGALS9/HLA-A/IFI16/GRN/SERPINB9/HLA-DRB1/PTPN6/TRIM21/YTHDF3/YTHDF2/FGG/HLA-B/HLA-E/HLA-G/OAS3/PCBP2/PRKCD/GRB2/RPS19/PARP1/HCK/LYN/SRC/YES1/SERPINB4/SAMHD1/FGB/FGR/CORO1B/FXR1/FGA/PRKAR1A/RTCA/NT5C2,0.35248785758361917
LC_vs_Healthy,GO:0006873,intracellular monoatomic ion homeostasis,114,0.40996054899369716,1.2800672196778224,0.03303303303303303,0.13258189036591772,0.10083751522676208,1454,"tags=42%, list=34%, signal=28%",MT1H/MT2A/CALR/GRN/HVCN1/MT1E/BAX/TFRC/RAB39A/VAPB/TGM2/ATP13A1/TMCO1/TPT1/SLC30A7/LCN2/PML/ATP2A1/ATP2A2/ATP2A3/TBXAS1/ATP6V1D/TM9SF4/PRKACA/ATP6V1G1/CUL1/BOLA2/BOLA2B/FTL/TMEM165/GLRX3/LAMP1/MCU/CAMK2D/NPTN/MYH7B/HMOX1/RAB7A/PICALM/ITPR1/SLC39A7/YWHAE/UBE3A/ATP2C1/CCDC47/ABCB7/LETM1/WFS1,0.24891111443470246
LC_vs_Healthy,GO:0006575,modified amino acid metabolic process,66,-0.28337759026950593,-1.2793252168552371,0.01567420714843629,0.07754244329380595,0.05897628465531022,392,"tags=26%, list=9%, signal=24%",GGT5/BBOX1/GSS/ALDH7A1/CKMT2/GATM/SHMT1/ASS1/CKMT1B/CKMT1A/GSTM2/GSTM3/GSTM5/PCYOX1/OPLAH/CKB/CRAT,0.35248785758361917
LC_vs_Healthy,GO:0016072,rRNA metabolic process,121,0.4100415007664252,1.2779452330520569,0.041123370110330994,0.1547143817204301,0.1176707752429471,2167,"tags=71%, list=51%, signal=36%",LSM6/RPL7A/RPL26/TOP1/NCL/YTHDF2/RPS21/RPS19/RPS17/RPL7/EIF6/NOP58/RPL27/RPS15/SART1/DKC1/RPS24/SNU13/DIS3/RPL5/RPL14/RPS16/MACROH2A1/DDX21/RPS13/SLFN5/MACROH2A2/PA2G4/RRP1/RPS14/RPS25/FBL/PIN4/XRN2/EXOSC9/XRN1/FTSJ3/PRKDC/RPL11/RPL35/NOP2/RPL35A/WDR12/NOP56/TCOF1/NOP10/TRIR/TBL3/RPS28/RPS7/NSUN4/EXOSC7/LAS1L/GAR1/MTREX/ERI1/DDX18/RRS1/MTOR/SMARCA4/POLR2E/PNO1/DCAF13/RPS27/WDR3/SBDS/EXOSC2/EXOSC1/POLR2H/MAK16/NHP2/WDR36/UTP6/HEATR1/PRMT5/UTP18/NOL11/WDR18/GTF3C1/NIFK/EXOSC8/EXOSC6/SMARCB1/EIF4A3/PELP1/TSR1,0.2220560461452484
LC_vs_Healthy,GO:0030003,intracellular monoatomic cation homeostasis,112,0.41091013330104054,1.2777865036107494,0.031,0.12798928875363755,0.09734453037241579,1454,"tags=42%, list=34%, signal=28%",MT1H/MT2A/CALR/GRN/HVCN1/MT1E/BAX/TFRC/RAB39A/VAPB/TGM2/ATP13A1/TMCO1/TPT1/SLC30A7/LCN2/PML/ATP2A1/ATP2A2/ATP2A3/ATP6V1D/TM9SF4/PRKACA/ATP6V1G1/CUL1/BOLA2/BOLA2B/FTL/TMEM165/GLRX3/LAMP1/MCU/CAMK2D/NPTN/MYH7B/HMOX1/RAB7A/PICALM/ITPR1/SLC39A7/YWHAE/UBE3A/ATP2C1/CCDC47/ABCB7/LETM1/WFS1,0.25720646646883816
LC_vs_Healthy,GO:0110053,regulation of actin filament organization,115,0.4093854974209448,1.2735925824283651,0.04008016032064128,0.15274115923833437,0.11617000578238984,1109,"tags=38%, list=26%, signal=29%",CORO1A/COTL1/CYRIB/LIMA1/ARPC5L/RAC1/ARPC5/CD47/CYRIA/RDX/ARPC3/VASP/CFL1/SWAP70/PRKCD/HCK/NCK1/PAK2/NCKAP1/NCKAP1L/TWF1/CFL2/PAK1/CDC42/ARAP1/ARPIN/CORO1B/WASHC4/NCK2/F11R/ROCK1/FLNA/PLEK/CAPZA1/PDXP/CAPG/CAPZB/FLII/WASHC5/WDR1/RHOC/PFN1/SH3BP1/EVL,0.22496609354031377
LC_vs_Healthy,GO:0071375,cellular response to peptide hormone stimulus,107,0.4158343901172745,1.272704141736197,0.04208416833667335,0.1558033806197072,0.11849903272807348,1200,"tags=36%, list=28%, signal=26%",TOP1/CSK/PKLR/PKM/SRSF5/RAB10/RAB8A/RAB13/CFL1/PTPN1/PRKCD/FBP1/GRB2/PARP1/RELA/LYN/SRC/NCK1/PAK1/PRKACA/OSBPL8/PRKAR1A/RAF1/CYBA/ROCK1/VAMP2/MYO5A/EPRS1/CREB1/PRKCB/YWHAG/ACE/LEPROT/PRKDC/PRKAA1/STAT5A/STAT5B/PIP4K2A,0.21925034670375515
LC_vs_Healthy,GO:0002833,positive regulation of response to biotic stimulus,150,0.39955836297701963,1.2627773748731852,0.02899171328041766,0.12271004302971386,0.0933293061241966,1182,"tags=36%, list=28%, signal=27%",CTSS/GBP2/MNDA/HLA-C/S100A8/IFI16/GRN/HLA-DRB1/AP3B1/HMGB1/HLA-E/HLA-G/OAS3/RALB/PCBP2/CASP1/WDFY1/RPS19/PARP1/RELA/HCK/LYN/SRC/PAK2/RBM14/PQBP1/EIF2AK2/HSP90B1/PAK1/PLCG2/HMGB2/HLA-DRB3/DDX60/MATR3/CPT1A/RIGI/CYBA/ZC3HAV1/STING1/MYD88/AP1G1/YWHAG/LAMP1/RFTN1/UBE2K/PIK3C3/PRKDC/TRIM25/PLD3/SQSTM1/HLA-F/PRKAA1/CD14/BTK,0.35248785758361917
LC_vs_Healthy,GO:0007264,small GTPase-mediated signal transduction,155,0.4017323289998283,1.260023712500647,0.03196803196803197,0.13007282572499962,0.0989292014801771,1310,"tags=39%, list=31%, signal=28%",ARHGDIB/CYRIB/ELMO1/RAC1/RAC2/DEF6/RAB35/RAB39B/RAB12/RAB30/RAB4B/RAB39A/RAB4A/RDX/ARHGEF1/TGM2/CFL1/RALB/SWAP70/FBP1/GRB2/RAP1B/RAP1A/SRC/NCKAP1/RHOG/CDC42/ARAP1/CDK2/FXR1/DOCK2/GMIP/RAB3GAP1/RAP2B/DBNL/F11R/RAF1/ROCK1/SHTN1/WNK1/CYTH1/ARHGEF7/RALA/RHOC/CHORDC1/TNS3/SH3BP1/AKAP13/SQSTM1/FGF2/HACD3/ARHGAP18/ARHGAP17/PPP2CB/DOCK11/ARRB1/GIT1/GIT2/RAB33A/PICALM/STAMBP,0.2529611230696109
LC_vs_Healthy,GO:0001819,positive regulation of cytokine production,151,0.400541718077784,1.2592380456220398,0.03196803196803197,0.13007282572499962,0.0989292014801771,1182,"tags=36%, list=28%, signal=27%",PTPRC/LGALS9/STAT1/HLA-A/CYBB/IFI16/HLA-DPB1/CYRIB/PSMA4/HMGB1/RAB1A/PSMB8/HLA-E/HLA-G/OAS3/BSG/CD74/CASP1/RELA/PSMA3/PQBP1/EIF2AK2/PSMA2/PSMB9/CHI3L1/PLCG2/HMGB2/FGR/HDAC2/CLU/ADAM10/DDX21/PSMA7/RIGI/CEBPB/CYBA/ZC3HAV1/TMED10/STING1/PSMB2/MYD88/PSMB1/CREB1/PSMB10/PSMB4/RFTN1/PSMA1/FRMD8/ADAM17/HMOX1/HLA-F/PSMA6/CD14/BTK,0.2529611230696109
LC_vs_Healthy,GO:0001822,kidney development,47,-0.2758051075411817,-1.2552741121595952,0.03920318947617928,0.15077117048544292,0.11467169579210396,193,"tags=17%, list=5%, signal=16%",HMGCS2/CTNNB1/ACAT1/KANK2/ASS1/SFRP1/SERPINF1/TACSTD2,0.3217759180753611
LC_vs_Healthy,GO:0042176,regulation of protein catabolic process,168,0.3955057530000016,1.2514527046023027,0.02702702702702703,0.11628870249559907,0.08844544135127824,1573,"tags=48%, list=37%, signal=31%",PSME1/PSME2/SUMO2/MSN/PSMA4/RDX/CTSC/DDRGK1/HGS/RAD23A/RAD23B/PML/PSMC1/EIF3H/PSMA3/SNRNP70/UBXN1/STX5/PSMA2/RPL5/EEF1A1/EEF1A2/PRKACA/CLU/NDUFA13/CDK2/CDK1/FMR1/C4BPA/PSMA7/BCAP31/ARAF/VPS11/ROCK1/FLNA/SNX3/PSMB2/SF3B3/CDK5RAP3/PSMD3/NSF/CTSA/CUL4A/PSMB1/SNX12/PSMD7/TMX1/PSMB4/SEC22B/FBXO22/CST3/PSMA1/CHMP6/RPL23/GPX1/RPL11/PSME3/PSMA6/HSP90AB1/VPS35/RAB7A/PSMD12/USP14/HSP90AA1/USP9X/UBE3A/CSNK2B/GIPC1/UFL1/SNX9/PSMB3/PSMD4/PSMD6/ADRM1/RPS7/TIMP1/SNX1/PSEN1/ATG7/PSMF1,0.2765005992544716
LC_vs_Healthy,GO:0050801,monoatomic ion homeostasis,123,0.40124350252650615,1.2501787133139497,0.045090180360721446,0.16229574533682753,0.12343691620683109,1454,"tags=41%, list=34%, signal=28%",MT1H/MT2A/CALR/GRN/HVCN1/MT1E/BAX/TFRC/RAB39A/VAPB/TGM2/ATP13A1/TMCO1/TPT1/SLC30A7/LCN2/PML/ATP2A1/ATP2A2/ATP2A3/TBXAS1/ATP6V1D/TM9SF4/PRKACA/ATP6V1G1/CUL1/BOLA2/BOLA2B/FTL/TMEM165/WNK1/CUTC/GLRX3/LAMP1/MCU/CAMK2D/NPTN/MYH7B/HMOX1/RAB7A/PICALM/ITPR1/SLC39A7/YWHAE/UBE3A/ATP2C1/CCDC47/ABCB7/LETM1/WFS1,0.21140018938492272
LC_vs_Healthy,GO:0016050,vesicle organization,177,0.39651122029268493,1.24455192564392,0.030015689943571608,0.1253071368276242,0.09530457201208921,1633,"tags=48%, list=39%, signal=31%",CORO1A/VAMP8/AP3M1/CHMP4B/AP3B1/RAB8A/RAB14/RAB4B/RAB39A/RAB1A/VAPB/VAPA/AP1M1/CHMP4A/HGS/SEC13/DNAJC13/STX7/RAB27A/MX2/VPS16/ATP6V1D/MYO18A/STX5/UBR4/VIPAS39/ATP6V1E1/TFG/ATP6V1G1/AP3D1/WASHC4/AP1S2/SEC23B/VPS11/VAMP2/VAMP3/VTI1B/TMED10/SEC31A/SNX3/AP1G1/VAMP7/ZFYVE16/TRAPPC1/CHMP1B/AP2M1/RAB32/CHMP2A/SEC22B/WASHC5/STX12/SURF4/PIK3C3/CHMP6/ATP6V1C1/CHMP5/PLD3/MIA3/SQSTM1/TRAPPC3/TMED2/PIP4K2A/DNM3/DNM2/RAB7A/YKT6/CORO1C/PICALM/STX16/MX1/RAB22A/CHMP3/MVB12A/TMED9/SNAPIN/VPS8/SNX1/STX8/VPS25/PREB/PAFAH1B1/VPS18/VPS4A/VPS4B/STAM2,0.35248785758361917
LC_vs_Healthy,NA,NA,NA,NA,NA,NA,NA,NA,NA,NA,,NA
LC_vs_Healthy,NA,NA,NA,NA,NA,NA,NA,NA,NA,NA,,NA
LC_vs_Healthy,NA,NA,NA,NA,NA,NA,NA,NA,NA,NA,,NA
LC_vs_Healthy,NA,NA,NA,NA,NA,NA,NA,NA,NA,NA,,NA
LC_vs_Healthy,NA,NA,NA,NA,NA,NA,NA,NA,NA,NA,,NA
LC_vs_Healthy,NA,NA,NA,NA,NA,NA,NA,NA,NA,NA,,NA
LC_vs_Healthy,NA,NA,NA,NA,NA,NA,NA,NA,NA,NA,,NA
LC_vs_Healthy,NA,NA,NA,NA,NA,NA,NA,NA,NA,NA,,NA
LC_vs_Healthy,NA,NA,NA,NA,NA,NA,NA,NA,NA,NA,,NA
LC_vs_Healthy,NA,NA,NA,NA,NA,NA,NA,NA,NA,NA,,NA
LC_vs_Healthy,NA,NA,NA,NA,NA,NA,NA,NA,NA,NA,,NA
LC_vs_Healthy,NA,NA,NA,NA,NA,NA,NA,NA,NA,NA,,NA
LC_vs_Healthy,NA,NA,NA,NA,NA,NA,NA,NA,NA,NA,,NA
LC_vs_Healthy,NA,NA,NA,NA,NA,NA,NA,NA,NA,NA,,NA
LC_vs_Healthy,NA,NA,NA,NA,NA,NA,NA,NA,NA,NA,,NA
LC_vs_Healthy,NA,NA,NA,NA,NA,NA,NA,NA,NA,NA,,NA
LC_vs_Healthy,NA,NA,NA,NA,NA,NA,NA,NA,NA,NA,,NA
LC_vs_Healthy,NA,NA,NA,NA,NA,NA,NA,NA,NA,NA,,NA
LC_vs_Healthy,NA,NA,NA,NA,NA,NA,NA,NA,NA,NA,,NA
LC_vs_Healthy,NA,NA,NA,NA,NA,NA,NA,NA,NA,NA,,NA
LC_vs_Healthy,NA,NA,NA,NA,NA,NA,NA,NA,NA,NA,,NA
LC_vs_FC,GO:0050830,defense response to Gram-positive bacterium,39,0.49430566455731945,2.199410131106513,4.5805096203752266e-5,0.00473458130760603,0.00473458130760603,423,"tags=36%, list=9%, signal=33%",DEFA1/DEFA3/DEFA1B/PLA2G2A/PGLYRP1/RPL39/RNASE3/FGR/CAMP/TLR2/DEFB103A/DEFB103B/CASP4/H2BC12,0.557332238758646
LC_vs_FC,GO:0050829,defense response to Gram-negative bacterium,29,0.5164663669877457,2.059485459466691,1.6762097560447703e-4,0.012705669950819358,0.01270566995081936,473,"tags=38%, list=10%, signal=34%",DEFA1/DEFA3/DEFA1B/BPI/RNASE3/CAMP/DEFB103A/DEFB103B/H2BC12/AZU1/ELANE,0.5188480777437918
LC_vs_FC,GO:0061844,antimicrobial humoral immune response mediated by antimicrobial peptide,38,0.4533498042434209,1.9556321021831777,5.458732150849528e-4,0.01939555767348723,0.01939555767348723,473,"tags=37%, list=10%, signal=33%",DEFA1/DEFA3/DEFA1B/PGLYRP1/BPI/RPL39/RNASE3/CAMP/CXCL13/DEFB103A/DEFB103B/H2BC26/H2BC12/ELANE,0.47727081536286214
LC_vs_FC,GO:0019730,antimicrobial humoral response,51,0.4075989911012916,1.7805801437319857,3.2665011072275946e-4,0.015356835950652565,0.015356835950652563,580,"tags=37%, list=12%, signal=33%",DEFA1/DEFA3/DEFA1B/PGLYRP1/BPI/RPL39/RNASE3/CAMP/CXCL13/DEFB103A/DEFB103B/H2BC26/H2BC12/AZU1/ELANE/PRTN3/SLPI/CXCL12/SPRR2A,0.49849310876659025
LC_vs_FC,GO:0098659,inorganic cation import across plasma membrane,24,-0.6307905706298294,-1.7235817143397278,0.0019099099978405578,0.03338823863281942,0.03338823863281942,812,"tags=54%, list=17%, signal=45%",SLC39A14/PPP3CC/MS4A1/ATP1A2/ATP4A/ATP1B1/SLC30A1/NEDD4L/CACNA2D1/PPP3CA/PPP3CB/ATP1A1/STK39,0.45505986738722953
LC_vs_FC,GO:0099587,inorganic ion import across plasma membrane,24,-0.6307905706298294,-1.7235817143397278,0.0019099099978405578,0.03338823863281942,0.03338823863281942,812,"tags=54%, list=17%, signal=45%",SLC39A14/PPP3CC/MS4A1/ATP1A2/ATP4A/ATP1B1/SLC30A1/NEDD4L/CACNA2D1/PPP3CA/PPP3CB/ATP1A1/STK39,0.45505986738722953
LC_vs_FC,GO:0006261,DNA-templated DNA replication,46,-0.5613070703578007,-1.7216955918882635,5.288964595407757e-4,0.01939555767348723,0.01939555767348723,1186,"tags=48%, list=25%, signal=36%",PURA/CUL2/RECQL/RFC2/PNKP/NUCKS1/RPA1/MCMBP/SAMHD1/CUL4A/NBN/RFC3/CUL4B/MCM5/PCNA/NOC3L/MCM3/RRM1/MCM4/MCM6/POLD1/MCM2,0.47727081536286214
LC_vs_FC,GO:0000375,"RNA splicing, via transesterification reactions",195,-0.5018403984654738,-1.7066891358904026,1.1959202416675744e-8,7.635829980759546e-6,7.635829980759544e-6,1584,"tags=60%, list=33%, signal=42%",HNRNPR/SNRPA1/ZC3H14/PSME3IP1/PPIH/SMU1/RBM7/SNU13/XAB2/PLRG1/HNRNPUL1/RBM3/LUC7L/LARP7/NUP98/PRP4K/USP39/PRPF8/KHDRBS1/SF3B2/DHX16/HNRNPUL2/SNRPD2/DAZAP1/WDR77/LUC7L2/SRSF3/SRSF7/PRPF3/DHX38/MTREX/NCL/PRPF38A/DDX39A/DDX39B/SRSF1/SF3A1/HNRNPC/DDX46/SART3/SAP30BP/CWF19L1/PRPF40A/PRPF31/DHX15/U2AF1/SNRPF/SAP18/ILF3/LSM2/CDC5L/CDK11B/C1QBP/PRMT5/RBM39/SRSF4/SART1/EFTUD2/ACIN1/MAGOHB/SNRNP200/SF3B6/HNRNPA2B1/DHX9/SF3B1/SRSF10/RBM25/TIA1/TIAL1/SF1/STRAP/DDX42/PPIL1/RBM4/RALY/TRA2A/TRA2B/RBM14/LUC7L3/SRSF9/PRPF4/DDX23/KHSRP/HNRNPK/HSPA8/SNRNP40/DDX17/DDX5/SRSF6/HNRNPM/SFPQ/PQBP1/CIRBP/RBM15/SRSF5/ZNF830/HTATSF1/CRNKL1/RBM8A/HNRNPF/HNRNPH1/HNRNPA3/HNRNPA1/AQR/PUF60/HNRNPL/HNRNPH3/SNW1/SRRM2/EIF4A3/SF3A3/SRPK2/FMR1/RBM10/RBMX/RBMXL1/ISY1,0.7477396631498854
LC_vs_FC,GO:0000377,"RNA splicing, via transesterification reactions with bulged adenosine as nucleophile",193,-0.5017956343480936,-1.6957542100960759,2.014730865635764e-8,7.635829980759546e-6,7.635829980759544e-6,1584,"tags=60%, list=33%, signal=42%",HNRNPR/SNRPA1/ZC3H14/PSME3IP1/PPIH/SMU1/RBM7/SNU13/XAB2/PLRG1/HNRNPUL1/RBM3/LUC7L/LARP7/NUP98/PRP4K/USP39/PRPF8/KHDRBS1/SF3B2/DHX16/HNRNPUL2/SNRPD2/DAZAP1/WDR77/LUC7L2/SRSF3/SRSF7/PRPF3/DHX38/MTREX/NCL/PRPF38A/DDX39A/DDX39B/SRSF1/SF3A1/HNRNPC/DDX46/SART3/SAP30BP/CWF19L1/PRPF40A/PRPF31/DHX15/U2AF1/SNRPF/SAP18/ILF3/LSM2/CDC5L/CDK11B/C1QBP/PRMT5/RBM39/SRSF4/SART1/EFTUD2/ACIN1/MAGOHB/SNRNP200/SF3B6/HNRNPA2B1/DHX9/SF3B1/SRSF10/RBM25/TIA1/TIAL1/SF1/STRAP/DDX42/PPIL1/RBM4/RALY/TRA2A/TRA2B/RBM14/LUC7L3/SRSF9/PRPF4/DDX23/HNRNPK/HSPA8/SNRNP40/DDX17/DDX5/SRSF6/HNRNPM/SFPQ/PQBP1/CIRBP/RBM15/SRSF5/ZNF830/HTATSF1/CRNKL1/RBM8A/HNRNPF/HNRNPH1/HNRNPA3/HNRNPA1/AQR/PUF60/HNRNPL/HNRNPH3/SNW1/SRRM2/EIF4A3/SF3A3/SRPK2/FMR1/RBM10/RBMX/RBMXL1/ISY1,0.7337619883564803
LC_vs_FC,GO:0000398,"mRNA splicing, via spliceosome",193,-0.5017956343480936,-1.6957542100960759,2.014730865635764e-8,7.635829980759546e-6,7.635829980759544e-6,1584,"tags=60%, list=33%, signal=42%",HNRNPR/SNRPA1/ZC3H14/PSME3IP1/PPIH/SMU1/RBM7/SNU13/XAB2/PLRG1/HNRNPUL1/RBM3/LUC7L/LARP7/NUP98/PRP4K/USP39/PRPF8/KHDRBS1/SF3B2/DHX16/HNRNPUL2/SNRPD2/DAZAP1/WDR77/LUC7L2/SRSF3/SRSF7/PRPF3/DHX38/MTREX/NCL/PRPF38A/DDX39A/DDX39B/SRSF1/SF3A1/HNRNPC/DDX46/SART3/SAP30BP/CWF19L1/PRPF40A/PRPF31/DHX15/U2AF1/SNRPF/SAP18/ILF3/LSM2/CDC5L/CDK11B/C1QBP/PRMT5/RBM39/SRSF4/SART1/EFTUD2/ACIN1/MAGOHB/SNRNP200/SF3B6/HNRNPA2B1/DHX9/SF3B1/SRSF10/RBM25/TIA1/TIAL1/SF1/STRAP/DDX42/PPIL1/RBM4/RALY/TRA2A/TRA2B/RBM14/LUC7L3/SRSF9/PRPF4/DDX23/HNRNPK/HSPA8/SNRNP40/DDX17/DDX5/SRSF6/HNRNPM/SFPQ/PQBP1/CIRBP/RBM15/SRSF5/ZNF830/HTATSF1/CRNKL1/RBM8A/HNRNPF/HNRNPH1/HNRNPA3/HNRNPA1/AQR/PUF60/HNRNPL/HNRNPH3/SNW1/SRRM2/EIF4A3/SF3A3/SRPK2/FMR1/RBM10/RBMX/RBMXL1/ISY1,0.7337619883564803
LC_vs_FC,GO:0051168,nuclear export,91,-0.521396446990906,-1.6944762822415926,4.0946926741108994e-5,0.0046556655704640924,0.0046556655704640924,1484,"tags=59%, list=31%, signal=42%",THOC7/AGFG1/THOC6/NUP98/PRP4K/RANBP2/KHDRBS1/ERH/EIF4E/XPO7/NUP93/SRSF3/XPO4/PHAX/NUP160/EIF6/DDX19A/DDX39A/DDX39B/NOL6/NUP133/NXF1/NEMF/RANGAP1/XPO1/MAGOHB/HNRNPA2B1/CSE1L/DHX9/SSB/RPS15/ADAR/NUP155/NMD3/PARK7/NPM1/TPR/NUP88/NSUN2/EMD/ALYREF/NUP153/CPSF6/CHTOP/WNK1/RBM8A/POLDIP3/ANP32B/HNRNPA1/EIF4A3/NUP214/FMR1/RBM10/SP100,0.557332238758646
LC_vs_FC,GO:0046785,microtubule polymerization,40,-0.5757925640605839,-1.6926035977743297,6.163493525893394e-4,0.02123603678466906,0.02123603678466906,1515,"tags=65%, list=32%, signal=45%",MECP2/ACTB/GIT1/DRG1/FKBP4/CKAP5/TUBG1/PAK1/TUBB4A/TPPP3/CLASP2/DCTN1/TBCD/GOLGA2/CLIP1/TUBA1A/ARHGEF7/HSPA1A/HSPA1B/ARL2/MAPRE1/MAP1B/CDH5/TUBB1/NUMA1/MAP4,0.47727081536286214
LC_vs_FC,GO:0051236,establishment of RNA localization,97,-0.519599265915561,-1.6885484050383295,7.836814629772733e-6,0.0012729226048645138,0.0012729226048645138,1540,"tags=59%, list=32%, signal=41%",SARNP/BICD2/THOC7/AGFG1/THOC6/NUP98/RANBP2/KHDRBS1/ERH/PNPT1/EIF4E/NUP93/SRSF3/SRSF7/G3BP2/PHAX/CKAP5/NUP160/DDX19A/NUP54/DDX39A/DDX39B/SRSF1/AHCTF1/LRPPRC/NOL6/NUP133/NXF1/NUP35/XPO1/MAGOHB/HNRNPA2B1/MX2/DHX9/ATM/SSB/KPNB1/NUP155/KHSRP/MVP/TPR/NUP88/NSUN2/ALYREF/NUP153/CPSF6/CHTOP/WNK1/YBX1/RBM8A/POLDIP3/HNRNPA1/FXR1/FXR2/EIF4A3/NUP214/FMR1,0.5933254763964051
LC_vs_FC,GO:0019724,B cell mediated immunity,49,-0.551828906361739,-1.6814651008903072,3.077791033748612e-4,0.015356835950652565,0.015356835950652563,991,"tags=43%, list=21%, signal=34%",IGLL1/EXOSC6/MSH2/C1QBP/C1RL/CD74/HSPD1/PCYT1A/C8G/C3/C6/NBN/C2/C8A/HLA-G/C4A/C4B/C1S/C1R/CFI/C8B,0.49849310876659025
LC_vs_FC,GO:0050657,nucleic acid transport,96,-0.5170591844488543,-1.6784016472499663,1.125825763403508e-5,0.0014222932144330985,0.0014222932144330985,1540,"tags=58%, list=32%, signal=40%",SARNP/BICD2/THOC7/AGFG1/THOC6/NUP98/RANBP2/KHDRBS1/ERH/PNPT1/EIF4E/NUP93/SRSF3/SRSF7/G3BP2/PHAX/CKAP5/NUP160/DDX19A/NUP54/DDX39A/DDX39B/SRSF1/AHCTF1/LRPPRC/NOL6/NUP133/NXF1/NUP35/XPO1/MAGOHB/HNRNPA2B1/MX2/DHX9/SSB/KPNB1/NUP155/KHSRP/MVP/TPR/NUP88/NSUN2/ALYREF/NUP153/CPSF6/CHTOP/WNK1/YBX1/RBM8A/POLDIP3/HNRNPA1/FXR1/FXR2/EIF4A3/NUP214/FMR1,0.5933254763964051
LC_vs_FC,GO:0050658,RNA transport,96,-0.5170591844488543,-1.6784016472499663,1.125825763403508e-5,0.0014222932144330985,0.0014222932144330985,1540,"tags=58%, list=32%, signal=40%",SARNP/BICD2/THOC7/AGFG1/THOC6/NUP98/RANBP2/KHDRBS1/ERH/PNPT1/EIF4E/NUP93/SRSF3/SRSF7/G3BP2/PHAX/CKAP5/NUP160/DDX19A/NUP54/DDX39A/DDX39B/SRSF1/AHCTF1/LRPPRC/NOL6/NUP133/NXF1/NUP35/XPO1/MAGOHB/HNRNPA2B1/MX2/DHX9/SSB/KPNB1/NUP155/KHSRP/MVP/TPR/NUP88/NSUN2/ALYREF/NUP153/CPSF6/CHTOP/WNK1/YBX1/RBM8A/POLDIP3/HNRNPA1/FXR1/FXR2/EIF4A3/NUP214/FMR1,0.5933254763964051
LC_vs_FC,GO:0070252,actin-mediated cell contraction,38,-0.5725604564960353,-1.6753197363511405,0.001115400603213158,0.026983201826667247,0.026983201826667243,922,"tags=42%, list=19%, signal=34%",DSG2/CAMK2D/TPM1/ACTA2/FLNA/ATP1A2/SHTN1/BIN1/NEDD4L/JUP/DSP/MYL6B/MYL6/CACNA2D1/PARVA/ATP1A1,0.45505986738722953
LC_vs_FC,GO:0006275,regulation of DNA replication,42,-0.5540464831709425,-1.6652774201186167,7.209634938178535e-4,0.02223826335535818,0.02223826335535818,825,"tags=43%, list=17%, signal=36%",NUCKS1/ACTL6A/FAF1/DHX9/SMARCA5/CUL4A/NBN/EGFR/CUL4B/UCHL5/MCM5/PCNA/CDK2/CDK1/MCM3/MCM4/MCM6/MCM2,0.47727081536286214
LC_vs_FC,GO:0002526,acute inflammatory response,37,-0.5729673011954283,-1.657606456798056,8.446404612640006e-4,0.02265301450046404,0.02265301450046404,807,"tags=43%, list=17%, signal=36%",LBP/APCS/ASS1/PARK7/SERPINA1/AHSG/SERPINF2/F2/F12/STAT3/SERPINA3/KLKB1/ITIH4/APOL2/PTGES/SAA4,0.47727081536286214
LC_vs_FC,GO:0016064,immunoglobulin mediated immune response,47,-0.5487593852036791,-1.6492802456349085,9.019909827481484e-4,0.022854619327012417,0.02285461932701242,991,"tags=43%, list=21%, signal=34%",IGLL1/EXOSC6/MSH2/C1QBP/C1RL/CD74/HSPD1/PCYT1A/C8G/C3/C6/NBN/C2/C8A/C4A/C4B/C1S/C1R/CFI/C8B,0.47727081536286214
LC_vs_FC,GO:0051028,mRNA transport,80,-0.5160348202394379,-1.6453993692617739,7.591278894316611e-5,0.00719273675236499,0.007192736752364989,1540,"tags=59%, list=32%, signal=41%",SARNP/BICD2/THOC7/AGFG1/THOC6/NUP98/RANBP2/ERH/EIF4E/NUP93/SRSF3/SRSF7/G3BP2/NUP160/DDX19A/NUP54/DDX39A/DDX39B/SRSF1/AHCTF1/LRPPRC/NUP133/NXF1/NUP35/XPO1/MAGOHB/HNRNPA2B1/MX2/DHX9/NUP155/KHSRP/MVP/TPR/NUP88/NSUN2/ALYREF/NUP153/CHTOP/WNK1/RBM8A/POLDIP3/HNRNPA1/FXR1/FXR2/EIF4A3/NUP214/FMR1,0.5384340963099162
LC_vs_FC,GO:0031109,microtubule polymerization or depolymerization,48,-0.5380171030385316,-1.6389513672992102,0.0014693902711617331,0.03037630433292528,0.030376304332925284,1515,"tags=65%, list=32%, signal=45%",MECP2/ACTB/GIT1/DRG1/FKBP4/KIF2A/CKAP5/TUBG1/MAPRE2/PAK1/TUBB4A/STMN1/TPPP3/CLASP2/ARHGEF2/DCTN1/TBCD/GOLGA2/CLIP1/TUBA1A/ARHGEF7/HSPA1A/HSPA1B/ARL2/MAPRE1/CRYAB/MAP1B/CDH5/TUBB1/NUMA1/MAP4,0.45505986738722953
LC_vs_FC,GO:0030216,keratinocyte differentiation,66,-0.5218553631703954,-1.6380158086349081,3.214987965490019e-4,0.015356835950652565,0.015356835950652563,1060,"tags=45%, list=22%, signal=36%",KRT77/PRKCH/PPL/ROCK1/KRT78/KRT4/EVPL/KRT79/KRT3/KRT7/PKP1/KRT75/KRT6B/ST14/ROCK2/SRSF6/KRT14/DSP/KRT6C/KRT5/KRT6A/PLEC/AKR1C3/PPP3CA/KRT71/KRT74/KRT72/KRT73/KRT16/NUMA1,0.49849310876659025
LC_vs_FC,GO:1903312,negative regulation of mRNA metabolic process,59,-0.5165444308067358,-1.632834252788716,0.0010897592100358438,0.02693600482197292,0.02693600482197292,2071,"tags=76%, list=43%, signal=44%",SNRPE/PNN/SYNCRIP/LARP4B/THRAP3/BCLAF1/HNRNPU/PTBP1/MAPK14/U2AF2/TARDBP/MAPKAPK2/ZC3H14/PRPF8/SNRPD2/SRSF7/ELAVL1/SRSF1/MYD88/LRPPRC/HNRNPC/PKP3/SNRPF/SAP18/TAF15/FUS/C1QBP/SRSF4/SLIRP/EFTUD2/ACIN1/SNRNP200/CSDE1/DHX9/SRSF10/PKP1/SRSF9/SRSF6/HNRNPA0/CIRBP/YBX1/YBX3/FXR1/SNW1/RBMX,0.45505986738722953
LC_vs_FC,GO:0006913,nucleocytoplasmic transport,153,-0.4907834795211474,-1.631851258513894,1.5275340553348151e-6,2.8946770348594746e-4,2.8946770348594746e-4,1702,"tags=61%, list=36%, signal=40%",STK4/UPF1/NUP205/APPL1/RAE1/TARDBP/SMAD3/TGFB1/SFN/SARNP/APPL2/THOC7/AGFG1/THOC6/PRKCD/NUP98/PRP4K/RANBP2/KHDRBS1/PHB2/ERH/EIF4E/XPO7/NUP93/SRSF3/XPO4/PHAX/NUP160/ELAVL1/EIF6/DDX19A/TRIM28/NUP54/DDX39A/DDX39B/AHCTF1/NOL6/NUP133/NXF1/YWHAB/NEMF/IPO4/RANGAP1/NUP35/XPO1/KPNA3/MAGOHB/HNRNPA2B1/CSE1L/MX2/DHX9/IPO7/SSB/AKT1/RPS15/TNPO2/TNPO1/RBM4/KPNB1/FLNA/ADAR/KPNA4/NUP155/APOD/NMD3/PARK7/NPM1/TPR/NUP88/NSUN2/NEDD4/EMD/ALYREF/NUP153/CPSF6/JUP/CHTOP/WNK1/PIK3R1/RBM8A/POLDIP3/ANP32B/HNRNPA1/HSP90AA1/CDK1/STAT3/EIF4A3/NUP214/FMR1/RBM10/SP100/IPO5/KPNA1,0.6435518361507222
LC_vs_FC,GO:0051169,nuclear transport,153,-0.4907834795211474,-1.631851258513894,1.5275340553348151e-6,2.8946770348594746e-4,2.8946770348594746e-4,1702,"tags=61%, list=36%, signal=40%",STK4/UPF1/NUP205/APPL1/RAE1/TARDBP/SMAD3/TGFB1/SFN/SARNP/APPL2/THOC7/AGFG1/THOC6/PRKCD/NUP98/PRP4K/RANBP2/KHDRBS1/PHB2/ERH/EIF4E/XPO7/NUP93/SRSF3/XPO4/PHAX/NUP160/ELAVL1/EIF6/DDX19A/TRIM28/NUP54/DDX39A/DDX39B/AHCTF1/NOL6/NUP133/NXF1/YWHAB/NEMF/IPO4/RANGAP1/NUP35/XPO1/KPNA3/MAGOHB/HNRNPA2B1/CSE1L/MX2/DHX9/IPO7/SSB/AKT1/RPS15/TNPO2/TNPO1/RBM4/KPNB1/FLNA/ADAR/KPNA4/NUP155/APOD/NMD3/PARK7/NPM1/TPR/NUP88/NSUN2/NEDD4/EMD/ALYREF/NUP153/CPSF6/JUP/CHTOP/WNK1/PIK3R1/RBM8A/POLDIP3/ANP32B/HNRNPA1/HSP90AA1/CDK1/STAT3/EIF4A3/NUP214/FMR1/RBM10/SP100/IPO5/KPNA1,0.6435518361507222
LC_vs_FC,GO:0009913,epidermal cell differentiation,78,-0.5099405169962874,-1.6284854230512957,3.4832276423242477e-4,0.015356835950652565,0.015356835950652563,1060,"tags=44%, list=22%, signal=34%",KRT77/PRKCH/CTNNB1/PPL/ROCK1/HDAC1/KRT78/KRT4/EVPL/KRT79/KRT3/KRT7/PKP1/KRT75/KRT6B/ST14/ROCK2/SRSF6/KRT14/HDAC2/DSP/KRT6C/KRT5/KRT6A/PLEC/AKR1C3/PPP3CA/KRT71/KRT74/KRT72/KRT73/ESRP1/KRT16/NUMA1,0.49849310876659025
LC_vs_FC,GO:0043271,negative regulation of monoatomic ion transport,35,-0.5600170827675228,-1.6244106973646468,0.0021554186685956793,0.03501015751704697,0.03501015751704697,680,"tags=43%, list=14%, signal=37%",PPP3CC/ACTN2/ATP1A2/BIN1/SLC30A1/NEDD4L/NEDD4/WNK1/OXSR1/PPP3CA/PPP3CB/FMR1/STK39/LILRB1/LILRB2,0.4317076958033464
LC_vs_FC,GO:0001508,action potential,32,-0.5714052246405277,-1.6166313738300164,0.00212929520268545,0.03501015751704697,0.03501015751704697,922,"tags=47%, list=19%, signal=38%",DSG2/GBA1/CAMK2D/FLNA/YWHAH/ATP1A2/MYH14/ATP1B1/BIN1/NEDD4L/JUP/DSP/CACNA2D1/ATP1A1/FMR1,0.4317076958033464
LC_vs_FC,GO:0002444,myeloid leukocyte mediated immunity,54,0.3551348928135598,1.6161205728676067,0.0011810695604946848,0.02740563449556034,0.027405634495560337,481,"tags=28%, list=10%, signal=25%",JAGN1/ITGAM/FGR/MPO/CD84/ITGB2/FCGR2B/ANXA3/RAC2/PCYOX1L/VAMP2/FCGR3A/AZU1/ELANE/PTGDS,0.45505986738722953
LC_vs_FC,GO:0032271,regulation of protein polymerization,92,-0.4964357721648458,-1.612572905292928,2.7120631423585665e-4,0.015356835950652565,0.015356835950652563,1518,"tags=52%, list=32%, signal=36%",NCKAP1L/MECP2/FLII/PRKCD/TRIOBP/CYRIA/RDX/GIT1/DRG1/FKBP4/ADD2/CKAP5/MYADM/CAPZB/PAK1/TUBB4A/CAPZA1/SVIL/TWF2/TPPP3/SPTB/SPTBN2/CLASP2/DCTN1/TBCD/NCKAP1/CYFIP2/CLIP1/ESAM/TMOD3/ARHGEF7/HIP1R/HSPA1A/HSPA1B/ARL2/BIN1/MAPRE1/MAP1B/CDH5/CTTN/HSP90AA1/SPTAN1/KANK2/ADD3/ADD1/SPTBN1/NUMA1/ARPC5L,0.49849310876659025
LC_vs_FC,GO:0001578,microtubule bundle formation,13,-0.6615988209829536,-1.609854573590539,0.01005463314952626,0.10207248116974425,0.10207248116974425,1082,"tags=69%, list=23%, signal=54%",ODAD4/TPPP3/DNAH1/CLIP1/MAPRE1/MAP1B/DNAAF1/MTCL1/NUMA1,0.3807304007227924
LC_vs_FC,GO:0090068,positive regulation of cell cycle process,64,-0.5115631707582182,-1.6096036370470472,9.045363849741063e-4,0.022854619327012417,0.02285461932701242,1407,"tags=48%, list=29%, signal=35%",DYNLT1/SMC2/RDX/CUL3/PDGFRB/RB1/PKP3/DYNLT3/SMC4/SVIL/NSFL1C/PAF1/DYNC1I2/DYNC1H1/AKT1/MAD1L1/DYNC1LI1/DDX3X/ROCK2/NPM1/TPR/EIF4G1/MAD2L1/EGFR/EXOC7/RCC2/WNK1/RCC1/CDK1/NUMA1/RRM1,0.47727081536286214
LC_vs_FC,GO:0008380,RNA splicing,249,-0.46740054535222797,-1.5987734855228388,1.4075524984776528e-7,4.000967976922728e-5,4.000967976922728e-5,1584,"tags=55%, list=33%, signal=39%",HNRNPR/SNRPA1/ZC3H14/PSME3IP1/PPIH/RPS26/SMU1/RBM7/SNU13/XAB2/PLRG1/HNRNPUL1/RBM3/THOC7/LGALS3/LUC7L/LARP7/THOC6/NUP98/PRP4K/USP39/PRPF8/KHDRBS1/RBM12/SF3B2/DHX16/HNRNPUL2/SNRPD2/DAZAP1/WDR77/PRMT1/LUC7L2/SRSF3/SRSF7/PRPF3/DHX38/MTREX/NCL/PRPF38A/DDX39A/DDX39B/SRSF1/SF3A1/HNRNPC/DDX46/SART3/SAP30BP/AHNAK/CWF19L1/POLR2A/PRPF40A/PRPF31/DHX15/U2AF1/SNRPF/SAP18/ILF3/LSM2/CDC5L/CDK11B/FUS/C1QBP/PRMT5/RBM39/SRSF4/SART1/EFTUD2/ACIN1/MAGOHB/SNRNP200/SF3B6/AHNAK2/HNRNPA2B1/DHX9/SF3B1/SRSF10/RBM25/TIA1/TIAL1/SF1/STRAP/DDX42/PPIL1/RBM4/RALY/TRA2A/TRA2B/RBM14/LUC7L3/SRSF9/CCAR2/PRPF4/DDX23/KHSRP/HNRNPK/HSPA1A/HSPA8/SNRNP40/DDX17/DDX5/SRSF6/HNRNPM/NONO/SFPQ/PQBP1/CIRBP/ALYREF/RBM15/SRSF5/PIK3R1/ZNF830/HTATSF1/CRNKL1/YBX1/RBM8A/HNRNPF/HNRNPH1/HNRNPH2/HNRNPA3/HNRNPA1/AQR/PUF60/ESRP1/ESRP2/HNRNPL/HNRNPH3/SNW1/SRRM2/EIF4A3/SF3A3/SRPK2/FMR1/RBM10/RBMX/RBMXL1/ISY1,0.6901324587967956
LC_vs_FC,GO:0030512,negative regulation of transforming growth factor beta receptor signaling pathway,26,-0.5712659169182024,-1.586921986892834,0.008228385215842888,0.08662661102234596,0.08662661102234595,1348,"tags=58%, list=28%, signal=42%",RBBP7/FBN2/STUB1/SNX6/USP15/ENG/HDAC1/FBN1/CD109/STRAP/SIN3A/RBBP4/HSPA1A/HDAC2/PPM1A,0.3807304007227924
LC_vs_FC,GO:0050821,protein stabilization,113,-0.48760788465424776,-1.5848613580225928,9.005843220847681e-5,0.007876649032387549,0.007876649032387549,1393,"tags=50%, list=29%, signal=36%",HCFC1/BAG2/TCP1/PHB2/POLR2E/STUB1/RUVBL2/USP9X/CLU/USP7/BAG5/FLOT2/CSNK2A1/PFDN2/CCT8/TBL1X/PRKRA/BAG1/GAPDH/SEC16A/CCT4/ATM/RASSF2/RTN4/DSG1/CD74/HSPD1/CCT2/TUBA1A/PYHIN1/FLNA/PHB1/CFP/CTNND1/PARK7/ATP1B1/HIP1R/HSPA1A/HSPA1B/HIP1/CRYAB/NAA15/PIK3R1/DSP/BAG6/PARVA/HSP90AA1/HSP90AB1/VBP1/PLPP3/CCT5/AFM/PDCL3/CCT6A/CPN2/APOA1,0.5384340963099162
LC_vs_FC,GO:0045786,negative regulation of cell cycle,99,-0.49205486989967195,-1.5838460960291953,1.8999038967801562e-4,0.013288993438435846,0.013288993438435847,1009,"tags=40%, list=21%, signal=33%",DYNLT3/RFC2/CTNNB1/PARP9/CDC5L/DYNC1I2/BRCC3/ATM/IPO7/DYNC1H1/SMARCA5/SKP1/RBM14/CCAR2/MAD1L1/NAA10/RPA2/DYNC1LI1/NBN/NPM1/TPR/RFC3/NHERF1/MAD2L1/BUB3/NSUN2/YTHDC2/DSP/HLA-G/ZNF830/INTS3/TIPRL/CDK2/CDK1/RHOB/KANK2/FHL1/LILRB1/IPO5/STK38,0.5188480777437918
LC_vs_FC,GO:0045446,endothelial cell differentiation,29,-0.5642288681519376,-1.5812586237959996,0.0049046691830380166,0.06061531370776331,0.06061531370776331,1379,"tags=59%, list=29%, signal=42%",MSN/RDX/VCL/AFDN/COL18A1/MYADM/EZR/FSTL1/DSG2/ROCK1/GSTM3/FBN1/TJP1/ROCK2/CDH5/DSP/ADD1,0.40701791892395395
LC_vs_FC,GO:0000075,cell cycle checkpoint signaling,59,-0.4995669452004779,-1.5791671946020074,0.0028294955270237966,0.04468245019758412,0.04468245019758412,1074,"tags=44%, list=22%, signal=35%",DTX3L/DYNLT3/RFC2/PARP9/CDC5L/DYNC1I2/BRCC3/ATM/DYNC1H1/SKP1/CCAR2/MAD1L1/RPA2/DYNC1LI1/NBN/TPR/RFC3/MAD2L1/BUB3/NSUN2/ZNF830/INTS3/TIPRL/CDK2/CDK1/STK38,0.4317076958033464
LC_vs_FC,GO:0006997,nucleus organization,64,-0.5008295705881496,-1.5758309910476407,0.001601031780898849,0.031635689266302204,0.031635689266302204,1782,"tags=64%, list=37%, signal=41%",VPS4A/TOR1A/NUP205/TARDBP/PML/CHMP5/AGFG1/PRKCA/PRKCB/NUP98/NUP93/SERBP1/PITPNB/NUP54/TOR1AIP1/SUN1/AHCTF1/NUP133/NUP35/NSFL1C/DCTN1/SYNE1/VRK1/RTN4/SMARCA5/LMNB1/LMNB2/NUP155/AGFG2/TPR/SUN2/BIN1/EMD/NUP153/PLEC/DES/RCC1/CDK1/FXR1/SRPK2/NUMA1,0.45505986738722953
LC_vs_FC,GO:0043583,ear development,15,-0.6300065651771946,-1.5745729050881685,0.015307663791197381,0.1261218386274741,0.12612183862747406,459,"tags=33%, list=10%, signal=30%",ATG4B/TTC39C/COL2A1/ESRP1/MCM2,0.3807304007227924
LC_vs_FC,GO:0048839,inner ear development,15,-0.6300065651771946,-1.5745729050881685,0.015307663791197381,0.1261218386274741,0.12612183862747406,459,"tags=33%, list=10%, signal=30%",ATG4B/TTC39C/COL2A1/ESRP1/MCM2,0.3807304007227924
LC_vs_FC,GO:0031333,negative regulation of protein-containing complex assembly,71,-0.4970854351657019,-1.5739086431680265,0.0015218984723646438,0.030899974340689283,0.030899974340689283,1503,"tags=54%, list=31%, signal=37%",CSNK1A1/SRC/FLII/PRKCD/TRIOBP/RDX/FKBP4/ADD2/CLU/MYADM/CAPZB/HMGB1/TUBB4A/CAPZA1/SVIL/TWF2/EPRS1/SPTB/SPTBN2/GAPDH/TBCD/TMOD3/IFI16/ARHGEF7/STXBP1/PARK7/DDX3X/HIP1R/HSPA5/HSPA8/MAPRE1/CRYAB/CDH5/SPTAN1/KANK2/ADD3/ADD1/SPTBN1,0.45505986738722953
LC_vs_FC,GO:0006302,double-strand break repair,92,-0.4828821740321649,-1.5685467364641184,7.830367791992805e-4,0.02265301450046404,0.02265301450046404,1879,"tags=66%, list=39%, signal=41%",BCL7C/ACTR2/LMNA/RAD21/XRCC6/FH/ARID1A/PRPF19/MRE11/HMGB2/PML/VCP/PRKDC/CHD4/ACTB/XRCC5/MCM7/TOP2B/RUVBL2/DPF2/PRMT1/XRCC1/CSNK2A1/HMGB1/DTX3L/PPP4C/RECQL/PDS5B/PPP5C/UBE2V2/PARP9/PNKP/FUS/C1QBP/NUCKS1/ACTL6A/BRCC3/PAXX/RPA1/WDR48/ATM/SAMHD1/HDGFL2/RPA2/NBN/TNKS1BP1/HPF1/SMARCC1/SFPQ/MCM5/PPP4R3A/PSMD14/HTATSF1/SMARCC2/SMARCE1/INTS3/MCM3/MCM4/SMARCD2/MCM6/MCM2,0.47727081536286214
LC_vs_FC,GO:0043484,regulation of RNA splicing,106,-0.48193996879706014,-1.5668274115826712,1.9869207427740493e-4,0.013288993438435846,0.013288993438435847,1538,"tags=58%, list=32%, signal=40%",RPS26/SMU1/RBM7/LARP7/NUP98/PRPF8/KHDRBS1/RBM12/SNRPD2/DAZAP1/WDR77/SRSF3/SRSF7/SRSF1/SAP30BP/AHNAK/POLR2A/SNRPF/SAP18/CDK11B/FUS/C1QBP/PRMT5/RBM39/SRSF4/EFTUD2/ACIN1/SNRNP200/AHNAK2/SRSF10/RBM25/TIA1/TIAL1/RBM4/TRA2B/RBM14/SRSF9/CCAR2/HNRNPK/HSPA1A/DDX17/DDX5/SRSF6/PQBP1/RBM15/SRSF5/PIK3R1/RBM8A/HNRNPF/HNRNPH1/HNRNPH2/HNRNPA1/PUF60/ESRP1/ESRP2/HNRNPL/HNRNPH3/SNW1/SRPK2/FMR1/RBMX,0.5188480777437918
LC_vs_FC,GO:0035725,sodium ion transmembrane transport,24,-0.5730598077373295,-1.5658373029465085,0.013652644311176442,0.11759891349854254,0.11759891349854254,1028,"tags=46%, list=21%, signal=36%",SLC12A2/CAMK2D/ACTN4/ATP1A2/ATP4A/ATP1B1/NEDD4L/WNK1/ATP1A1/UTRN/STK39,0.3807304007227924
LC_vs_FC,GO:0031099,regeneration,48,-0.5123247369198686,-1.5606851963140864,0.00561760361470889,0.06867973451531192,0.06867973451531192,604,"tags=31%, list=13%, signal=28%",RPS15/HDGFL2/CD9/MMP2/APOD/ADAM15/STK24/MAP1B/LCP1/SRSF5/CPT1A/PCNA/PPP3CA/EPPK1/APOA4,0.40701791892395395
LC_vs_FC,GO:0006403,RNA localization,123,-0.4739615349760917,-1.5588321786048611,1.6240894242616923e-4,0.012705669950819358,0.01270566995081936,1540,"tags=54%, list=32%, signal=38%",SARNP/BICD2/CCT3/THOC7/AGFG1/THOC6/NUP98/RANBP2/TCP1/KHDRBS1/RUVBL2/ERH/PNPT1/EIF4E/NUP93/SRSF3/SRSF7/G3BP2/PHAX/CKAP5/NUP160/DDX19A/NUP54/DDX39A/DDX39B/SRSF1/AHCTF1/LRPPRC/CCT8/NOL6/NUP133/NXF1/FUBP3/NUP35/XPO1/MAGOHB/HNRNPA2B1/MX2/CCT4/DHX9/ATM/STAU1/SSB/CCT2/KPNB1/NUP155/KHSRP/MVP/TPR/NUP88/NSUN2/ALYREF/NUP153/CPSF6/CHTOP/WNK1/YBX1/RBM8A/POLDIP3/HNRNPA1/FXR1/FXR2/CCT5/CCT6A/EIF4A3/NUP214/FMR1,0.5188480777437918
LC_vs_FC,GO:0007098,centrosome cycle,34,-0.5447964529541633,-1.5558214409958073,0.004276414772839033,0.058581730080939524,0.058581730080939524,1633,"tags=65%, list=34%, signal=43%",CHMP5/DNM2/NAT10/PPP1R12A/PCM1/CUL1/CKAP5/CTNNB1/CDK11B/NSFL1C/DCTN1/GOLGA2/SKP1/TUBA1A/PDCD6IP/RBM14/ROCK2/NPM1/ARL2/SLC16A1/CDK2/CDK1,0.40701791892395395
LC_vs_FC,GO:1902904,negative regulation of supramolecular fiber organization,77,-0.488220891395686,-1.555113792652202,0.001312253169138743,0.029255526535504915,0.029255526535504915,1477,"tags=53%, list=31%, signal=37%",FLII/WASF2/PRKCD/TRIOBP/RDX/FKBP4/HSPG2/ADD2/CLU/MYADM/PFDN2/CAPZB/TUBB4A/CAPZA1/SVIL/TWF2/SPTB/SPTBN2/CLASP2/ARHGEF2/TBCD/CORO1A/TACSTD2/TMOD3/LIMA1/ARHGEF7/TJP1/PAK2/HIP1R/HSPA8/MAPRE1/CRYAB/MAP1B/CDH5/PIK3R1/SPTAN1/VBP1/KANK2/ADD3/ADD1/SPTBN1,0.45505986738722953
LC_vs_FC,GO:0006814,sodium ion transport,33,-0.5499097460711848,-1.5541875781483114,0.007447097142051283,0.0810821371456481,0.0810821371456481,595,"tags=36%, list=12%, signal=32%",ACTN4/YWHAH/ATP1A2/ATP4A/ATP1B1/NEDD4L/NEDD4/WNK1/OXSR1/ATP1A1/UTRN/STK39,0.40701791892395395
LC_vs_FC,GO:0060538,skeletal muscle organ development,31,-0.5376751316378348,-1.5467079850082874,0.01072413486239233,0.10580980664128706,0.10580980664128706,1857,"tags=74%, list=39%, signal=46%",CFL2/MYL3/MYLK2/COL6A1/TGFB1/NACA/CAV1/EEF2/CAV2/CTNNB1/SVIL/ACTA1/ASS1/MYH14/DDX17/DDX5/PLEC/MYL6B/MYL6/DES/PPP3CA/PPP3CB/FXR1,0.3807304007227924
LC_vs_FC,GO:0043588,skin development,105,-0.47080791197762467,-1.5457654443301958,2.906296475756541e-4,0.015356835950652565,0.015356835950652563,1109,"tags=41%, list=23%, signal=32%",MYD88/PKP3/KRT77/PRKCH/CTNNB1/PPL/ROCK1/HDAC1/GBA1/KRT78/KRT4/EVPL/KRT79/FBN1/ITGA6/KRT3/KRT7/PKP1/KRT75/KRT6B/ST14/ROCK2/SRSF6/NSUN2/DSC1/KRT14/KRT17/HDAC2/DSP/KRT6C/KRT5/KRT6A/PLEC/AKR1C3/PPP3CA/COL1A1/KRT71/KRT74/KRT72/KRT73/ITGB4/KRT16/NUMA1,0.49849310876659025
LC_vs_FC,GO:0030048,actin filament-based movement,51,-0.5108105174525346,-1.5453654076111853,0.0036590582186838655,0.052662648033462725,0.05266264803346272,976,"tags=39%, list=20%, signal=32%",MYO1G/DSG2/CAMK2D/TPM1/ACTA2/ACTN4/FLNA/ATP1A2/SHTN1/SUN2/BIN1/NEDD4L/JUP/DSP/MYL6B/MYL6/CACNA2D1/SYNE2/PARVA/ATP1A1,0.4317076958033464
LC_vs_FC,GO:0006260,DNA replication,93,-0.4768375812178782,-1.54287880704938,7.281752685910048e-4,0.02223826335535818,0.02223826335535818,1186,"tags=43%, list=25%, signal=33%",PURA/DUT/CUL2/RBMS1/RECQL/PDS5A/RFC2/UBE2V2/MSH2/PNKP/NUCKS1/ACTL6A/GRWD1/FAF1/RPA1/DHX9/MCMBP/WDR33/SMARCA5/SAMHD1/CUL4A/RPA2/NBN/RBBP4/SUPT16H/RFC3/EGFR/CUL4B/UCHL5/MCM5/PCNA/NOC3L/CDK2/CDK1/MCM3/RRM1/MCM4/MCM6/POLD1/MCM2,0.47727081536286214
LC_vs_FC,GO:0048024,"regulation of mRNA splicing, via spliceosome",75,-0.48473641434990933,-1.5419301820220948,0.001266098986848168,0.02879109096092734,0.028791090960927343,1525,"tags=60%, list=32%, signal=42%",SMU1/RBM7/LARP7/NUP98/PRPF8/KHDRBS1/SNRPD2/DAZAP1/WDR77/SRSF3/SRSF7/SRSF1/SAP30BP/SNRPF/SAP18/CDK11B/C1QBP/PRMT5/RBM39/SRSF4/EFTUD2/ACIN1/SNRNP200/SRSF10/RBM25/TIA1/TIAL1/RBM4/TRA2B/RBM14/SRSF9/HNRNPK/DDX17/DDX5/SRSF6/RBM15/SRSF5/RBM8A/HNRNPA1/PUF60/HNRNPL/SNW1/SRPK2/FMR1/RBMX,0.45505986738722953
LC_vs_FC,GO:0000724,double-strand break repair via homologous recombination,47,-0.512001110410837,-1.5388043282946475,0.004602703687434739,0.05906955029189086,0.05906955029189086,1144,"tags=51%, list=24%, signal=39%",CSNK2A1/PPP4C/RECQL/PDS5B/FUS/C1QBP/NUCKS1/ACTL6A/RPA1/WDR48/ATM/SAMHD1/HDGFL2/RPA2/NBN/SFPQ/MCM5/PSMD14/HTATSF1/INTS3/MCM3/MCM4/MCM6/MCM2,0.40701791892395395
LC_vs_FC,GO:0000725,recombinational repair,49,-0.5019872266928962,-1.5295936712374805,0.004733756740545667,0.059145949604400255,0.059145949604400255,1528,"tags=61%, list=32%, signal=42%",CHD4/ACTB/XRCC5/MCM7/RUVBL2/PRMT1/CSNK2A1/PPP4C/RECQL/PDS5B/FUS/C1QBP/NUCKS1/ACTL6A/RPA1/WDR48/ATM/SAMHD1/HDGFL2/RPA2/NBN/SFPQ/MCM5/PSMD14/HTATSF1/INTS3/MCM3/MCM4/MCM6/MCM2,0.40701791892395395
LC_vs_FC,GO:0045787,positive regulation of cell cycle,82,-0.4800938065680632,-1.5271235124035707,0.0017177675244744257,0.031635689266302204,0.031635689266302204,1436,"tags=46%, list=30%, signal=33%",PRKCA/LGMN/DYNLT1/HCFC1/SMC2/RDX/CUL3/PDGFRB/EIF4E/RB1/PKP3/DYNLT3/SMC4/SVIL/NSFL1C/PAF1/DYNC1I2/RPS6KB1/DYNC1H1/AKT1/MAD1L1/DYNC1LI1/DDX3X/ROCK2/NPM1/TPR/EIF4G1/MAD2L1/EGFR/EXOC7/RCC2/WNK1/YTHDC2/RCC1/CDK1/SRPK2/NUMA1/RRM1,0.45505986738722953
LC_vs_FC,GO:0048592,eye morphogenesis,13,0.47799996609944456,1.5270863864159352,0.027726491339782795,0.17911943553030135,0.17911943553030135,311,"tags=38%, list=6%, signal=36%",MFAP2/ALDH1A3/NF1/EPHA2/THY1,0.35248785758361917
LC_vs_FC,GO:0051258,protein polymerization,130,-0.46169211197557036,-1.5270163635908223,3.827826641597012e-4,0.015543710326770724,0.015543710326770724,1518,"tags=47%, list=32%, signal=33%",NCKAP1L/MECP2/ACTB/CORO7/FLII/PRKCD/TRIOBP/CYRIA/RDX/GIT1/ARPC2/DRG1/FKBP4/ADD2/CKAP5/TUBG1/INF2/MYADM/CAPZB/PAK1/TUBB4A/CAPZA1/SVIL/TWF2/TPPP3/DIAPH1/SPTB/SPTBN2/CLASP2/ANG/DCTN1/TBCD/GOLGA2/NCKAP1/CYFIP2/CLIP1/ESAM/TMOD3/TUBA1A/ARHGEF7/HIP1R/NEFL/HSPA1A/HSPA1B/ARL2/BIN1/MAPRE1/MAP1B/CDH5/KRT5/CTTN/HSP90AA1/SPTAN1/TUBB1/KANK2/ADD3/ADD1/SPTBN1/NUMA1/MAP4/ARPC5L,0.49849310876659025
LC_vs_FC,GO:0033044,regulation of chromosome organization,101,-0.46491514678238577,-1.5260415704621877,0.0014034098176276258,0.030034951645025895,0.030034951645025895,1510,"tags=50%, list=32%, signal=35%",ACTB/CCT3/SRC/XRCC5/NAT10/CTPS1/DYNLT1/PRP4K/SMC2/TCP1/CUL3/RUVBL2/DPF2/RB1/XRCC1/USP7/HNRNPC/CCT8/DYNLT3/SMC4/CTNNB1/PNKP/DYNC1I2/ACTL6A/MAPK1/MAPK3/HNRNPA2B1/CCT4/ATM/DYNC1H1/SMARCA5/CCT2/MAD1L1/NAA10/DYNC1LI1/NBN/TPR/MAD2L1/BUB3/SMARCC1/UCHL5/SMARCC2/SMARCE1/HNRNPA1/HSP90AA1/CDK2/CDK1/CCT5/CCT6A/NUMA1/SMARCD2,0.45505986738722953
LC_vs_FC,GO:0031023,microtubule organizing center organization,37,-0.526318064529322,-1.5226492336875805,0.006924533048158241,0.07718817721329334,0.07718817721329334,1674,"tags=65%, list=35%, signal=43%",CLASP1/CHMP5/DNM2/NAT10/PPP1R12A/PCM1/CUL1/CKAP5/CTNNB1/CDK11B/NSFL1C/CLASP2/DCTN1/GOLGA2/SKP1/TUBA1A/PDCD6IP/RBM14/ROCK2/NPM1/ARL2/SLC16A1/CDK2/CDK1,0.40701791892395395
LC_vs_FC,GO:0010948,negative regulation of cell cycle process,84,-0.46963102119354055,-1.5173104016916357,0.003091520373846183,0.046867448867508134,0.046867448867508134,1009,"tags=38%, list=21%, signal=31%",DYNLT3/RFC2/PARP9/CDC5L/DYNC1I2/BRCC3/ATM/DYNC1H1/SMARCA5/SKP1/RBM14/CCAR2/MAD1L1/NAA10/RPA2/DYNC1LI1/NBN/NPM1/TPR/RFC3/MAD2L1/BUB3/NSUN2/HLA-G/ZNF830/INTS3/TIPRL/CDK2/CDK1/KANK2/FHL1/STK38,0.4317076958033464
LC_vs_FC,GO:0044843,cell cycle G1/S phase transition,85,-0.46379141236124255,-1.5155313815732214,0.004455402517478337,0.05906955029189086,0.05906955029189086,1753,"tags=59%, list=37%, signal=38%",CPSF3/CDC73/APPL1/ARID1A/PSME1/PSMB7/PRKDC/APPL2/CUL5/ACTB/PSME3/PTPN6/CRLF3/RDX/KHDRBS1/CUL3/EIF4E/DPF2/RB1/CUL1/CUL2/PKP3/PSMB1/PAF1/PSMA4/ACTL6A/RPS6KB1/PSMA2/PSMB2/AKT1/SKP1/CUL4A/RPA2/DDX3X/EIF4G1/EGFR/SMARCC1/GSPT1/PSMB5/CUL4B/SMARCC2/PSMB6/SMARCE1/RCC1/CDK2/CDK1/KANK2/FHL1/RRM1/SMARCD2,0.40701791892395395
LC_vs_FC,GO:0045833,negative regulation of lipid metabolic process,22,-0.567649703478716,-1.5144324747361884,0.02937853107344633,0.1854540535952896,0.18545405359528963,625,"tags=27%, list=13%, signal=24%",AKT1/UBR4/APOD/NFKB1/AKR1C3/GPLD1,0.2820133500117251
LC_vs_FC,GO:0007517,muscle organ development,62,-0.4773166593056322,-1.5076703676270617,0.007487796306326342,0.0810821371456481,0.0810821371456481,1141,"tags=44%, list=24%, signal=34%",EFEMP2/ENG/CAV2/CTNNB1/SVIL/RPL3L/UNC45A/LAMA2/TPM1/ACTA1/ASS1/HDGFL2/MYH14/DDX17/DDX5/EMD/FLNB/DSP/PLEC/MYL6B/MYL6/DES/PPP3CA/PPP3CB/FXR1/FHL1/UTRN,0.40701791892395395
LC_vs_FC,GO:0042632,cholesterol homeostasis,30,-0.5341335741921891,-1.5068895252946088,0.02759381898454746,0.17911943553030135,0.17911943553030135,833,"tags=30%, list=17%, signal=25%",DCTN1/CYP7B1/EHD1/RALY/CNBP/LIMA1/APOB/APOA1/APOA4,0.2878571172551493
LC_vs_FC,GO:0017015,regulation of transforming growth factor beta receptor signaling pathway,41,-0.503910747835276,-1.5055411157976377,0.012488576743591927,0.11230893579452056,0.11230893579452056,1348,"tags=51%, list=28%, signal=37%",RBBP7/FBN2/STUB1/SNX6/USP15/THBS1/ENG/HDAC1/TGFB1I1/ADISSP/FBN1/CD109/STRAP/LTBP4/SIN3A/RBBP4/HSPA1A/HDAC2/PPM1A/HSP90AB1/SNW1,0.3807304007227924
LC_vs_FC,GO:1903844,regulation of cellular response to transforming growth factor beta stimulus,41,-0.503910747835276,-1.5055411157976377,0.012488576743591927,0.11230893579452056,0.11230893579452056,1348,"tags=51%, list=28%, signal=37%",RBBP7/FBN2/STUB1/SNX6/USP15/THBS1/ENG/HDAC1/TGFB1I1/ADISSP/FBN1/CD109/STRAP/LTBP4/SIN3A/RBBP4/HSPA1A/HDAC2/PPM1A/HSP90AB1/SNW1,0.3807304007227924
LC_vs_FC,GO:0034504,protein localization to nucleus,137,-0.45142686302885177,-1.5044119199529453,4.96695603624377e-4,0.01939555767348723,0.01939555767348723,1930,"tags=65%, list=40%, signal=40%",HDGF/RBM22/CCT7/YWHAE/HNRNPU/LMNA/CFL1/CHP1/KAT7/TOR1A/IL33/STK4/APPL1/TARDBP/BYSL/SMAD3/TGFB1/PML/APPL2/CCT3/LARP7/PRKCD/NUP98/FERMT2/RANBP2/TCP1/PHB2/CTNNA1/NUP93/ELAVL1/TRIM28/NUP54/TOR1AIP1/SUN1/SRSF1/DTX3L/CCT8/NUP133/YWHAB/YWHAZ/IPO4/PARP9/RANGAP1/NUP35/PAF1/KPNA3/SYNE1/HEATR1/CCT4/IPO7/AKT1/TNPO2/TNPO1/CCT2/SKP1/KPNB1/LMNB1/LMNB2/PYHIN1/FLNA/ADAR/KPNA4/NUP155/APOD/NMD3/PARK7/SIN3A/GBP2/NPM1/TPR/NUP88/ARL2/SUN2/NUP153/JUP/PIK3R1/F2/RAP1GDS1/PPP3CB/COL1A1/HSP90AA1/CDK1/STAT3/CCT5/CCT6A/NUP214/SP100/IPO5/KPNA1,0.47727081536286214
LC_vs_FC,GO:0000082,G1/S transition of mitotic cell cycle,78,-0.47084152473228325,-1.5036235287013913,0.004165015450997716,0.05775149472907808,0.05775149472907808,1753,"tags=62%, list=37%, signal=40%",CPSF3/CDC73/APPL1/ARID1A/PSME1/PSMB7/PRKDC/APPL2/CUL5/ACTB/PSME3/PTPN6/CRLF3/RDX/KHDRBS1/CUL3/EIF4E/DPF2/RB1/CUL1/CUL2/PSMB1/PSMA4/ACTL6A/RPS6KB1/PSMA2/PSMB2/AKT1/SKP1/CUL4A/RPA2/DDX3X/EIF4G1/EGFR/SMARCC1/GSPT1/PSMB5/CUL4B/SMARCC2/PSMB6/SMARCE1/RCC1/CDK2/CDK1/KANK2/FHL1/RRM1/SMARCD2,0.40701791892395395
LC_vs_FC,GO:0015931,nucleobase-containing compound transport,112,-0.4596814855110146,-1.5031601594439508,8.455116438421522e-4,0.02265301450046404,0.02265301450046404,1540,"tags=52%, list=32%, signal=36%",SARNP/BICD2/THOC7/AGFG1/THOC6/NUP98/RANBP2/KHDRBS1/ERH/PNPT1/EIF4E/NUP93/SRSF3/SRSF7/G3BP2/PHAX/CKAP5/NUP160/DDX19A/NUP54/DDX39A/DDX39B/SRSF1/AHCTF1/LRPPRC/SLC25A4/SLC25A6/NOL6/NUP133/NXF1/NUP35/XPO1/MAGOHB/HNRNPA2B1/MX2/DHX9/SSB/KPNB1/NUP155/KHSRP/MVP/TPR/NUP88/NSUN2/ALYREF/NUP153/CPSF6/CHTOP/WNK1/YBX1/RBM8A/POLDIP3/HNRNPA1/FXR1/FXR2/EIF4A3/NUP214/FMR1,0.47727081536286214
LC_vs_FC,GO:0032886,regulation of microtubule-based process,81,-0.4718178601512435,-1.4988609796033454,0.0021509885100367233,0.03501015751704697,0.03501015751704697,1681,"tags=60%, list=35%, signal=40%",MARK2/RAE1/CLASP1/CHMP5/GNAI1/MECP2/BICD2/PRKACA/NAT10/CLTC/GIT1/GRK2/DRG1/GSK3A/CUL1/FKBP4/CKAP5/MAPRE2/PAK1/TUBB4A/STMN1/ROCK1/CDK11B/DIAPH1/CLASP2/ARHGEF2/DCTN1/TBCD/CLIP1/DYNC1H1/SKP1/PDCD6IP/RBM14/CFAP20/ARHGEF7/MEMO1/ROCK2/NPM1/TPR/HSPA1A/HSPA1B/ARL2/MAPRE1/MAP1B/CDH5/RCC1/DNAAF1/NUMA1/MAP4,0.4317076958033464
LC_vs_FC,GO:0032386,regulation of intracellular transport,130,-0.45301299117354643,-1.4983107410720358,7.432313170656208e-4,0.02223826335535818,0.02223826335535818,1434,"tags=45%, list=30%, signal=33%",PRKCD/DYNLT1/PRP4K/PCM1/MSN/RDX/KHDRBS1/SCFD1/GRK2/MAP2K1/ALDH7A1/XPO4/USP7/TRIM28/RAB11B/DDX39A/DYNLT3/YWHAB/EHD2/EZR/RANGAP1/SEC24C/SEC24B/DYNC1I2/MAPK1/MAPK3/MX2/DHX9/ARHGAP1/DYNC1H1/AKT1/ACTN2/RBM4/EHD1/FLNA/APOD/PARK7/DYNC1LI1/TPR/SAR1A/NSUN2/NEDD4/CRYAB/EMD/NUP153/LCP1/CPSF6/JUP/WNK1/PIK3R1/GRIPAP1/ANP32B/HSP90AA1/CDK1/NUP214/NUMA1/RBM10/SP100/IPO5,0.47727081536286214
LC_vs_FC,GO:0042594,response to starvation,73,-0.4657726485093409,-1.4958213419843678,0.00787038743131354,0.08363206083554668,0.08363206083554668,1265,"tags=45%, list=26%, signal=34%",WIPI2/FAS/GCN1/SP1/PRKCH/CAD/YWHAG/PAK1/YME1L1/YWHAZ/MAP1LC3B2/GBA1/ACAT1/MCU/MAPK1/MAPK3/ADSL/PLIN3/MYBBP1A/EIF2A/IFI16/PAK2/HSPA5/HSPA8/SAR1A/STK24/EIF2AK2/KRT20/OXCT1/HNRNPA1/AKR1C3/GABARAPL2/STK26,0.3807304007227924
LC_vs_FC,GO:0055001,muscle cell development,46,-0.48732616657795425,-1.4947741746317897,0.015904466655082224,0.1290127394280799,0.1290127394280799,1604,"tags=61%, list=34%, signal=41%",NACA/CSRP1/FLII/PDGFRA/PDGFRB/GSK3A/EFEMP2/ENG/CAV2/PGM5/PAK1/TPM1/MYH11/TMOD3/ACTA1/ACTN1/ACTN2/ACTN4/TOMM70/BIN1/FLNC/PLEC/PDLIM5/PPP3CA/PPP3CB/CDK1/KRT8/KRT19,0.35248785758361917
LC_vs_FC,GO:0071805,potassium ion transmembrane transport,32,-0.5271808905409967,-1.4915109813151952,0.011200869137582121,0.10702006898681404,0.10702006898681406,551,"tags=34%, list=12%, signal=31%",FLNA/ATP1A2/ATP4A/ATP1B1/BIN1/NEDD4L/NEDD4/OXSR1/ATP1A1/FHL1/STK39,0.3807304007227924
LC_vs_FC,GO:1901987,regulation of cell cycle phase transition,141,-0.4485265774638909,-1.4892238291018696,2.488910586860865e-4,0.015356835950652565,0.015356835950652563,1828,"tags=57%, list=38%, signal=36%",RAD21/RPS27L/VPS4A/DDB1/CPSF3/CDC73/APPL1/ARID1A/PRPF19/MRE11/GTPBP4/TGFB1/PSME1/PPP1R9B/PSMB7/PRKDC/APPL2/ACTB/PSME3/PTPN6/CRLF3/DYNLT1/PRP4K/RDX/CUL3/NAE1/DPF2/RB1/CUL1/PKP3/DTX3L/PSMB1/DYNLT3/RFC2/PARP9/CDC5L/PAF1/PSMA4/DYNC1I2/ACTL6A/BRCC3/PSMA2/ATM/PSMB2/DYNC1H1/AKT1/SKP1/CUL4A/CCAR2/MAD1L1/RPA2/DYNC1LI1/XPC/NBN/DDX3X/NPM1/TPR/EIF4G1/RFC3/MAD2L1/BUB3/EGFR/SMARCC1/NSUN2/RCC2/PSMB5/CUL4B/ZNF830/SMARCC2/PSMB6/SMARCE1/INTS3/TIPRL/CDK2/CDK1/KANK2/FHL1/RRM1/SMARCD2/STK38,0.49849310876659025
LC_vs_FC,GO:0031570,DNA integrity checkpoint signaling,36,-0.5070587968445338,-1.4890440883513456,0.016464663169634252,0.13183325368925453,0.13183325368925453,1074,"tags=44%, list=22%, signal=35%",DTX3L/RFC2/PARP9/CDC5L/BRCC3/ATM/SKP1/CCAR2/RPA2/NBN/RFC3/ZNF830/TIPRL/CDK2/CDK1/STK38,0.35248785758361917
LC_vs_FC,GO:0042177,negative regulation of protein catabolic process,52,-0.49028811527472804,-1.4890117412157007,0.006383680051591536,0.07560671061103726,0.07560671061103726,1261,"tags=40%, list=26%, signal=30%",USP9X/USP7/BAG5/CSNK2A1/USP14/ROCK1/RPL5/FLNA/CST3/PHB1/CCAR2/PARK7/MAD2L1/EGFR/UCHL5/BAG6/HSP90AB1/PDCL3/GABARAPL2/TIMP1/CYP51A1,0.40701791892395395
LC_vs_FC,GO:0022618,protein-RNA complex assembly,137,-0.4464656550713989,-1.4878783438638314,7.999138717341753e-4,0.02265301450046404,0.02265301450046404,1579,"tags=52%, list=33%, signal=36%",SNRPA1/AGO2/PRKDC/SNU13/XAB2/XRCC5/LUC7L/EIF3D/EIF3M/PRP4K/USP39/PRPF8/SF3B2/SNRPD2/RUVBL2/EIF2D/WDR77/LUC7L2/PRPF3/EIF6/PWP2/DDX39B/SRSF1/SF3A1/EIF3A/DDX46/SART3/PRPF31/EIF3G/SNRPF/PRKRA/LSM2/EPRS1/PRMT5/GAPDH/EIF3I/SART1/EFTUD2/SNRNP200/SF3B6/DHX9/SF3B1/SRSF10/ATM/SF1/EIF3K/STRAP/RPL5/DDX42/RPS15/LUC7L3/ADAR/SRSF9/PRPF4/DDX23/SNRNP40/SRSF6/EIF3L/SRSF5/NOP2/HTATSF1/CRNKL1/EIF3J/HSP90AA1/HSP90AB1/EIF3E/PUF60/BOP1/SF3A3/SRPK2/ISY1,0.47727081536286214
LC_vs_FC,GO:0048511,rhythmic process,81,-0.46734133134076894,-1.484640037742561,0.0026856338394126034,0.04300796725932577,0.04300796725932578,2033,"tags=63%, list=42%, signal=37%",RACK1/UBE3A/CSNK1D/GFPT1/THRAP3/HNRNPU/PPP1CB/DDB1/IMPDH2/CASP3/TARDBP/PML/GNA11/GNAQ/PRKDC/NDUFA9/PDGFRA/NFKB2/PSPC1/CUL1/USP9X/USP7/CSNK2A1/SP1/PPP1CC/HUWE1/HDAC1/PRMT5/DHX9/DNM1L/ASS1/RBM4/CBX3/SKP1/MYBBP1A/CUL4A/CCAR2/MMP2/SIN3A/ROCK2/DDX5/MYCBP2/CAVIN3/NONO/SFPQ/HDAC2/ZNF830/PCNA/CDK1/FXR1/NAMPT,0.4317076958033464
LC_vs_FC,GO:1903311,regulation of mRNA metabolic process,161,-0.44421310136699943,-1.4834239923927421,3.5973921479880925e-4,0.015356835950652565,0.015356835950652563,1723,"tags=58%, list=36%, signal=39%",CDC73/SRRM1/U2AF2/UPF1/TARDBP/MAPKAPK2/CNOT1/AGO2/ZC3H14/SMU1/RBM7/POLR2G/LARP7/PRKCA/PRKCD/NUP98/DIS3/PRPF8/KHDRBS1/SNRPD2/DAZAP1/DDX6/PNPT1/WDR77/SERBP1/SRSF3/SRSF7/ELAVL1/SRSF1/MYD88/LRPPRC/HNRNPC/PKP3/SAP30BP/CAPRIN1/SNRPF/SAP18/LSM2/EDC4/ROCK1/CDK11B/TAF15/FUS/C1QBP/PRMT5/RBM39/SRSF4/SLIRP/EFTUD2/ACIN1/SNRNP200/CSDE1/DHX9/SRSF10/RBM25/TIA1/TIAL1/AKT1/RBM4/PKP1/TRA2B/RBM14/SRSF9/CSTF3/KHSRP/ZC3HAV1/ROCK2/NPM1/HNRNPK/TNKS1BP1/DDX17/DDX5/SRSF6/HNRNPA0/CIRBP/ALYREF/RBM15/SRSF5/VIM/MOV10/YBX1/RBM8A/YBX3/HNRNPA1/FXR1/FXR2/PUF60/HNRNPL/SNW1/PDE12/EIF4A3/SRPK2/FMR1/RBMX,0.49849310876659025
LC_vs_FC,GO:0050684,regulation of mRNA processing,84,-0.4590835279478864,-1.4832329653827427,0.006006502379056659,0.07188834952618338,0.07188834952618338,1525,"tags=56%, list=32%, signal=39%",SMU1/RBM7/LARP7/NUP98/PRPF8/KHDRBS1/SNRPD2/DAZAP1/WDR77/SRSF3/SRSF7/SRSF1/SAP30BP/SNRPF/SAP18/CDK11B/C1QBP/PRMT5/RBM39/SRSF4/EFTUD2/ACIN1/SNRNP200/DHX9/SRSF10/RBM25/TIA1/TIAL1/RBM4/TRA2B/RBM14/SRSF9/CSTF3/HNRNPK/DDX17/DDX5/SRSF6/RBM15/SRSF5/RBM8A/HNRNPA1/PUF60/HNRNPL/SNW1/SRPK2/FMR1/RBMX,0.40701791892395395
LC_vs_FC,GO:0051494,negative regulation of cytoskeleton organization,72,-0.4710423013583084,-1.481851657755998,0.004719714477896712,0.059145949604400255,0.059145949604400255,1477,"tags=51%, list=31%, signal=36%",FLII/WASF2/PRKCD/TRIOBP/RDX/FKBP4/ADD2/MYADM/CAPZB/TUBB4A/CAPZA1/SVIL/TWF2/SPTB/SPTBN2/CLASP2/ARHGEF2/TBCD/CORO1A/TACSTD2/TMOD3/RBM14/LIMA1/ARHGEF7/TJP1/PAK2/HIP1R/NPM1/MAPRE1/MAP1B/CDH5/PIK3R1/SPTAN1/KANK2/ADD3/ADD1/SPTBN1,0.40701791892395395
LC_vs_FC,GO:0120162,positive regulation of cold-induced thermogenesis,31,0.35084119544266557,1.480809110907636,0.02551583503433996,0.1737215834373924,0.1737215834373924,445,"tags=23%, list=9%, signal=21%",MFAP2/LCN2/ALPL/APC/KDM1A/CNOT3/MFN2,0.35248785758361917
LC_vs_FC,GO:0031669,cellular response to nutrient levels,84,-0.4569424847839955,-1.4763155623228121,0.006697887024528254,0.07664855494881735,0.07664855494881735,1287,"tags=44%, list=27%, signal=33%",PRMT1/WIPI2/FAS/GCN1/MAT2A/SP1/PRKCH/YWHAG/PAK1/YME1L1/YWHAZ/GDAP1/MAP1LC3B2/GBA1/MCU/MAPK1/MAPK3/RPS6KB1/PLIN3/MYBBP1A/IFI16/PAK2/HSPA5/HSPA8/MLXIPL/EIF4G1/SAR1A/STK24/EIF2AK2/KRT20/HNRNPA1/AKR1C3/COL1A1/KANK2/SNW1/GABARAPL2/STK26,0.40701791892395395
LC_vs_FC,GO:0008361,regulation of cell size,44,-0.4955944096068048,-1.4755629035396984,0.02079473577373863,0.1555500958864528,0.15555009588645277,1159,"tags=43%, list=24%, signal=33%",ARHGAP4/AQP1/SLC12A2/PAK1/TWF2/GDI1/CLASP2/RTN4/SIN3A/SHTN1/NHERF1/MAP1B/JUP/WNK1/VIM/OXSR1/CTTN/HSP90AA1/STK39,0.35248785758361917
LC_vs_FC,GO:0032388,positive regulation of intracellular transport,80,-0.46242314375526566,-1.4744562173419227,0.003912217030625452,0.05491593535581652,0.054915935355816535,1696,"tags=52%, list=35%, signal=34%",SCP2/TARDBP/SMAD3/TGFB1/SFN/PTPN23/SEC24D/PRKCD/DYNLT1/PRP4K/PCM1/MSN/RDX/KHDRBS1/GRK2/XPO4/TRIM28/DYNLT3/EHD2/EZR/SEC24C/SEC24B/DYNC1I2/DHX9/DYNC1H1/AKT1/ACTN2/EHD1/FLNA/DYNC1LI1/TPR/SAR1A/NEDD4/EMD/CPSF6/JUP/PIK3R1/ANP32B/HSP90AA1/CDK1/NUMA1/IPO5,0.40701791892395395
LC_vs_FC,GO:0051170,import into nucleus,73,-0.45751615073050095,-1.4693057326475785,0.012045175038263016,0.11101815319214922,0.11101815319214922,1702,"tags=58%, list=36%, signal=38%",STK4/APPL1/TARDBP/SMAD3/TGFB1/APPL2/PRKCD/NUP98/RANBP2/PHB2/NUP93/ELAVL1/TRIM28/NUP54/NUP133/YWHAB/IPO4/NUP35/KPNA3/IPO7/AKT1/TNPO2/TNPO1/KPNB1/FLNA/ADAR/KPNA4/NUP155/APOD/NPM1/TPR/NUP88/NUP153/JUP/PIK3R1/HNRNPA1/HSP90AA1/CDK1/STAT3/NUP214/IPO5/KPNA1,0.3807304007227924
LC_vs_FC,GO:0007346,regulation of mitotic cell cycle,142,-0.44535553713371046,-1.4644541387318077,7.223264712529244e-4,0.02223826335535818,0.02223826335535818,1940,"tags=62%, list=41%, signal=38%",VPS4B/PSMA3/PSMB4/YWHAE/IQGAP1/BCL7C/HNRNPU/PAFAH1B1/RAD21/RPS27L/VPS4A/DDB1/CPSF3/CDC73/NEK9/APPL1/ARID1A/MRE11/GTPBP4/TGFB1/PML/PSME1/PPP1R9B/PSMB7/PRKDC/APPL2/ACTB/PSME3/PTPN6/PRKCA/LGMN/CRLF3/DYNLT1/PRP4K/RDX/CUL3/NAE1/PDGFRB/EIF4E/DPF2/RB1/CUL1/CAV2/PSMB1/DYNLT3/CTNNB1/PRMT5/PSMA4/DYNC1I2/ACTL6A/BRCC3/RPS6KB1/PSMA2/ATM/PSMB2/DYNC1H1/AKT1/SKP1/MAD1L1/RPA2/DYNC1LI1/XPC/NBN/DDX3X/TPR/EIF4G1/NHERF1/MAD2L1/BUB3/EGFR/SMARCC1/RCC2/PSMB5/YTHDC2/ZNF830/GBF1/SMARCC2/PSMB6/SMARCE1/INTS3/RCC1/CDK2/CDK1/KANK2/FHL1/PDXP/RRM1/SMARCD2,0.47727081536286214
LC_vs_FC,GO:0009101,glycoprotein biosynthetic process,68,0.29596519583344366,1.4637269251854619,0.013117965456482932,0.11473174403093148,0.11473174403093148,690,"tags=32%, list=14%, signal=28%",ALG5/FUT8/ALG6/STT3B/STT3A/MAGT1/HS2ST1/OSTC/KRTCAP2/MESD/ARFGEF1/DPAGT1/RFT1/DAD1/COG3/EOGT/DERL3/RECK/TNIP1/ADAM10/GALNT6/ALG3,0.3807304007227924
LC_vs_FC,GO:0072331,signal transduction by p53 class mediator,60,-0.466949600862672,-1.4631575803332926,0.007027209683032299,0.07757220786026917,0.07757220786026915,1213,"tags=37%, list=25%, signal=28%",USP7/NDRG1/CSNK2A1/EIF5A/PRMT5/ATM/PPP2R5C/RPL5/AKT1/CD74/RPS15/MYBBP1A/PYHIN1/IFI16/NBN/MLXIPL/DDX5/NOP2/BAG6/SNW1/BOP1/SP100,0.40701791892395395
LC_vs_FC,GO:0031647,regulation of protein stability,158,-0.4363332712894379,-1.4626350854830836,6.748218302135108e-4,0.02223826335535818,0.02223826335535818,1757,"tags=53%, list=37%, signal=34%",ATP1B3/CASP3/AAK1/CDC73/STK4/P3H1/GTPBP4/TARDBP/SH3GLB1/SMAD3/PML/GNAQ/CCT3/SRC/NEGR1/PRKCD/HCFC1/BAG2/TCP1/PHB2/POLR2E/CUL3/DSG3/GET4/STUB1/RUVBL2/USP9X/AHSA1/CLU/USP7/BAG5/FLOT2/CSNK2A1/PFDN2/CCT8/YWHAZ/TBL1X/PRKRA/BAG1/GAPDH/SEC16A/CCT4/ATM/RASSF2/RTN4/DSG1/CD74/HSPD1/CCT2/TUBA1A/PYHIN1/FLNA/PHB1/CCAR2/HTT/CFP/CTNND1/PARK7/ATP1B1/HIP1R/HSPA1A/HSPA1B/HSPA8/HIP1/SUGT1/USP47/NEDD4L/CRYAB/NAA15/PIK3R1/DSP/BAG6/PARVA/HSP90AA1/HSP90AB1/VBP1/PLPP3/CCT5/AFM/PDCL3/CCT6A/CPN2/APOA1,0.47727081536286214
LC_vs_FC,GO:0033045,regulation of sister chromatid segregation,43,-0.49232986382283755,-1.4611959786879956,0.01742437217375449,0.1375799386219365,0.1375799386219365,1407,"tags=49%, list=29%, signal=35%",DYNLT1/PRP4K/CUL3/DPF2/RB1/DYNLT3/DYNC1I2/ACTL6A/ATM/DYNC1H1/MAD1L1/DYNC1LI1/TPR/MAD2L1/BUB3/SMARCC1/SMARCC2/SMARCE1/CDK1/NUMA1/SMARCD2,0.35248785758361917
LC_vs_FC,GO:0055092,sterol homeostasis,31,-0.5069494318044762,-1.4583206252796355,0.03376906318082789,0.20403945677468655,0.20403945677468655,833,"tags=29%, list=17%, signal=24%",DCTN1/CYP7B1/EHD1/RALY/CNBP/LIMA1/APOB/APOA1/APOA4,0.25720646646883816
LC_vs_FC,GO:0044772,mitotic cell cycle phase transition,135,-0.43944726621901886,-1.4537222995649117,0.0011796345880495272,0.02740563449556034,0.027405634495560337,1828,"tags=59%, list=38%, signal=37%",RAD21/RPS27L/VPS4A/DDB1/PPME1/CPSF3/CDC73/APPL1/ARID1A/CLASP1/MRE11/GTPBP4/TGFB1/PSME1/PPP1R9B/DNM2/PSMB7/PRKDC/APPL2/CUL5/ACTB/PSME3/PTPN6/CRLF3/DYNLT1/PRP4K/RDX/KHDRBS1/CUL3/NAE1/EIF4E/DPF2/RB1/CUL1/CUL2/PSMB1/DYNLT3/CLASP2/PSMA4/DYNC1I2/ACTL6A/BRCC3/RPS6KB1/PSMA2/ATM/PSMB2/DYNC1H1/AKT1/SKP1/CUL4A/MAD1L1/RPA2/DYNC1LI1/XPC/NBN/DDX3X/TPR/EIF4G1/MAD2L1/BUB3/EGFR/SMARCC1/GSPT1/RCC2/PSMB5/CUL4B/ZNF830/SMARCC2/PSMB6/SMARCE1/INTS3/RCC1/CDK2/CDK1/KANK2/FHL1/NES/RRM1/SMARCD2,0.45505986738722953
LC_vs_FC,GO:0141091,transforming growth factor beta receptor superfamily signaling pathway,89,-0.4489462351371727,-1.4536313562101655,0.004623737885644931,0.05906955029189086,0.05906955029189086,1797,"tags=55%, list=38%, signal=35%",UBE2O/PXN/LEMD3/PTK2/APPL1/SMAD2/SMAD3/TGFB1/CAV1/APPL2/SRC/ADAM9/ITGA3/FERMT2/RBBP7/FBN2/STUB1/CUL1/PRMT1/SNX6/USP9X/USP15/THBS1/ZYX/ENG/FSTL1/HDAC1/TGFB1I1/ADISSP/MAPK3/FBN1/CD109/STRAP/FMOD/SKP1/LTBP4/SIN3A/RBBP4/HSPA1A/DDX5/PDCD4/XIAP/CDH5/HDAC2/PPM1A/HSP90AB1/STAT3/SNW1/NUMA1,0.40701791892395395
LC_vs_FC,GO:0030509,BMP signaling pathway,29,-0.5185798414727163,-1.453326642327489,0.03391684901531729,0.20403945677468655,0.20403945677468655,1797,"tags=66%, list=38%, signal=41%",UBE2O/LEMD3/SMAD2/CAV1/ITGA3/CUL1/PRMT1/USP9X/USP15/ENG/FSTL1/MAPK3/FBN1/SKP1/DDX5/PDCD4/XIAP/CDH5/NUMA1,0.25720646646883816
LC_vs_FC,GO:1902369,negative regulation of RNA catabolic process,45,-0.4831486212787809,-1.452699410484952,0.021615415315220265,0.1606322040091859,0.16063220400918587,2035,"tags=69%, list=43%, signal=40%",PNN/SYNCRIP/LARP4B/RNH1/THRAP3/BCLAF1/HNRNPU/MAPK14/TARDBP/MAPKAPK2/ZC3H14/PHAX/ELAVL1/SRSF1/MYD88/LRPPRC/HNRNPC/PKP3/TAF15/FUS/SLIRP/CSDE1/DHX9/PKP1/HNRNPA0/NSUN2/CIRBP/YBX1/YBX3/FXR1/SNW1,0.35248785758361917
LC_vs_FC,GO:0042176,regulation of protein catabolic process,178,-0.4307704298819478,-1.4525806907222867,3.1410432422837483e-4,0.015356835950652565,0.015356835950652563,2105,"tags=60%, list=44%, signal=35%",NSF/ALAD/PSMA7/PSMA1/PSME2/UFL1/PSMD6/RACK1/UBE3A/RPS7/APP/UBXN1/ANXA2/CSNK1D/SNX12/PSMA3/UBQLN2/VPS35/PSMB4/USP5/PSMD13/PSMC1/N4BP1/PACSIN3/NUB1/DDB1/ARAF/PTK2B/PTK2/PSMC6/FBXO2/SMAD3/PML/PSME1/VCP/PSMB7/CAV1/PSME3IP1/ATXN3/PSME3/CSNK1A1/PSMC2/ADAM9/PRKACA/BAG2/MSN/RDX/STUB1/HGS/GSK3A/PSMC3/USP9X/TMF1/CLU/USP7/BAG5/CSNK2A1/PSMB1/PSMC5/USP14/EZR/ROCK1/IDE/GBA1/XPO1/TGFB1I1/PSMA4/FAF1/PSMA2/PSMB2/RPL5/AKT1/NRDC/PYHIN1/PSMD11/FLNA/CST3/PHB1/CUL4A/CCAR2/PSMD8/PARK7/PSMD1/HSPA1A/HSPA1B/HSPA5/MAD2L1/PSMC4/EGFR/PSMB5/UCHL5/NEDD4/PSMD14/BAG6/PSMD2/PSMD4/EEF1A2/PSMB6/HSP90AA1/HSP90AB1/CDK2/CDK1/PDCL3/GABARAPL2/FMR1/TIMP1/CYP51A1,0.49849310876659025
LC_vs_FC,GO:1901988,negative regulation of cell cycle phase transition,73,-0.4519625892541542,-1.4514705596142803,0.014991431013179861,0.1261218386274741,0.12612183862747406,1423,"tags=47%, list=30%, signal=33%",CRLF3/DYNLT1/PRP4K/NAE1/RB1/CUL1/DTX3L/DYNLT3/RFC2/PARP9/CDC5L/DYNC1I2/BRCC3/ATM/DYNC1H1/SKP1/CCAR2/MAD1L1/RPA2/DYNC1LI1/NBN/TPR/RFC3/MAD2L1/BUB3/NSUN2/ZNF830/INTS3/TIPRL/CDK2/CDK1/KANK2/FHL1/STK38,0.3807304007227924
LC_vs_FC,GO:1905952,regulation of lipid localization,50,-0.4767641520050123,-1.4501018289378034,0.020535072059602456,0.1546250127931655,0.1546250127931655,915,"tags=26%, list=19%, signal=21%",EPRS1/MAPK3/ACSL4/AKT1/PLIN3/EHD1/C3/NFKB1/APOB/APOA1/PTPN2/APOA4/PON1,0.35248785758361917
LC_vs_FC,GO:0007586,digestion,23,-0.5364156263036297,-1.449922954817764,0.03720405862457723,0.20924021168231738,0.20924021168231735,627,"tags=35%, list=13%, signal=30%",STRAP/LIMA1/AQP5/HIP1R/AKR1C2/PPP3CA/SERPINA3/STK39,0.24891111443470246
LC_vs_FC,GO:1901990,regulation of mitotic cell cycle phase transition,108,-0.4447479019597462,-1.449718885580326,0.0029014346181364227,0.04515956067959063,0.04515956067959063,1940,"tags=62%, list=41%, signal=38%",VPS4B/PSMA3/PSMB4/BCL7C/RAD21/RPS27L/VPS4A/DDB1/CPSF3/CDC73/APPL1/ARID1A/MRE11/GTPBP4/TGFB1/PSME1/PPP1R9B/PSMB7/PRKDC/APPL2/ACTB/PSME3/PTPN6/CRLF3/DYNLT1/PRP4K/RDX/CUL3/NAE1/DPF2/RB1/PSMB1/DYNLT3/PSMA4/DYNC1I2/ACTL6A/BRCC3/PSMA2/ATM/PSMB2/DYNC1H1/AKT1/MAD1L1/RPA2/DYNC1LI1/XPC/NBN/DDX3X/TPR/EIF4G1/MAD2L1/BUB3/EGFR/SMARCC1/RCC2/PSMB5/ZNF830/SMARCC2/PSMB6/SMARCE1/INTS3/CDK2/CDK1/KANK2/FHL1/RRM1/SMARCD2,0.4317076958033464
LC_vs_FC,GO:0021543,pallium development,42,-0.4819671506744685,-1.4486311846319704,0.02250090085541135,0.16505499530711423,0.16505499530711423,804,"tags=33%, list=17%, signal=28%",TACC2/EIF2B5/XRN2/RTN4/TUBA1A/FLNA/NEFL/SUN2/SYNE2/SRGAP2/FXR1/FXR2/TUBB2B/TUBB2A,0.35248785758361917
LC_vs_FC,GO:0032535,regulation of cellular component size,124,-0.439186962204314,-1.4485100443253622,0.0014235977017113396,0.030034951645025895,0.030034951645025895,1434,"tags=43%, list=30%, signal=31%",PRKCD/TRIOBP/CYRIA/MSN/RDX/RAB5A/ADD2/ELAVL1/ARHGAP4/DNM1/MYADM/AQP1/CAPZB/SLC12A2/PAK1/SH3BP1/CAPZA1/RAB22A/EZR/SVIL/TWF2/GDI1/SPTB/SPTBN2/CLASP2/NCKAP1/CYFIP2/RTN4/ESAM/TMOD3/ACTN2/LIMA1/SIN3A/HIP1R/SHTN1/NHERF1/BIN1/MAP1B/JUP/WNK1/VIM/OXSR1/CTTN/HSP90AA1/SPTAN1/PEX11B/KANK2/ADD3/ADD1/SPTBN1/PDXP/STK39/ARPC5L,0.45505986738722953
LC_vs_FC,GO:0071826,protein-RNA complex organization,144,-0.4333817443435466,-1.4479725963923005,0.0014264620834049237,0.030034951645025895,0.030034951645025895,1602,"tags=51%, list=33%, signal=35%",VCP/SNRPA1/AGO2/PRKDC/SNU13/XAB2/XRCC5/LUC7L/EIF3D/EIF3M/PRP4K/USP39/PRPF8/SF3B2/SNRPD2/RUVBL2/EIF2D/WDR77/LUC7L2/PRPF3/EIF6/PWP2/DDX39B/SRSF1/SF3A1/EIF3A/DDX46/SART3/PRPF31/EIF3G/SNRPF/PRKRA/LSM2/EPRS1/PRMT5/GAPDH/EIF3I/SART1/EFTUD2/SNRNP200/SF3B6/DHX9/SF3B1/SRSF10/ATM/KLC1/SF1/EIF3K/STRAP/RPL5/DDX42/RPS15/LUC7L3/ADAR/SRSF9/PRPF4/DDX23/SNRNP40/SRSF6/EIF3L/SRSF5/NOP2/HTATSF1/CRNKL1/EIF3J/HSP90AA1/HSP90AB1/EIF3E/PUF60/BOP1/SF3A3/SRPK2/ISY1,0.45505986738722953
LC_vs_FC,GO:1902850,microtubule cytoskeleton organization involved in mitosis,70,-0.45453013245397833,-1.4476072580522357,0.006798071460108203,0.07664855494881735,0.07664855494881735,1693,"tags=51%, list=35%, signal=34%",PTPA/RAE1/CLASP1/CHMP5/VCP/RMDN1/GNAI1/CLTC/DYNLT1/STAG1/DRG1/KIF2A/CKAP5/TUBG1/STMN1/NSFL1C/CLASP2/DCTN1/TACC2/SMC1A/GOLGA2/DYNC1H1/KPNB1/FLNA/HTT/NUDC/TPR/HSPA1A/HSPA1B/SBDS/SUN2/MAPRE1/RCC1/CDK1/NUMA1/MAP4,0.40701791892395395
LC_vs_FC,GO:0015918,sterol transport,41,-0.48437810032210665,-1.4471831544765352,0.029151641030516956,0.1854540535952896,0.18545405359528963,836,"tags=24%, list=17%, signal=20%",STARD3NL/DCTN1/MAPK3/OSBP/VAPB/NFKB1/APOB/APOA1/APOA4/PON1,0.35248785758361917
LC_vs_FC,GO:0031334,positive regulation of protein-containing complex assembly,85,-0.44219040968938006,-1.4449457766005358,0.013043410696562644,0.11473174403093148,0.11473174403093148,1734,"tags=54%, list=36%, signal=35%",PTK2B/PSMC6/CLASP1/MMP1/VASP/SH3GLB1/TGFB1/VCP/NCKAP1L/MECP2/SRC/LGALS3/BTK/FERMT2/GIT1/STUB1/DRG1/CLU/CKAP5/MYD88/PAK1/TPPP3/DCTN1/BRCC3/NCKAP1/CLIP1/ATM/ISG15/CAND1/GBP5/STXBP1/PARK7/DDX3X/HIP1R/GBP2/HSPA1A/HSPA1B/EIF4G1/ARL2/BIN1/MAPRE1/MAP1B/CDH5/CTTN/HSP90AA1/NUMA1,0.3807304007227924
LC_vs_FC,GO:0006813,potassium ion transport,36,-0.49201438497568,-1.444864216716246,0.02702702702702703,0.17911943553030135,0.17911943553030135,611,"tags=33%, list=13%, signal=29%",ACTN2/FLNA/ATP1A2/ATP4A/ATP1B1/BIN1/NEDD4L/NEDD4/OXSR1/ATP1A1/FHL1/STK39,0.2878571172551493
LC_vs_FC,GO:1902749,regulation of cell cycle G2/M phase transition,25,-0.529470523665005,-1.4405311872776076,0.03594771241830065,0.2082114753833476,0.2082114753833476,793,"tags=40%, list=17%, signal=34%",BRCC3/ATM/NBN/NPM1/RCC2/ZNF830/INTS3/CDK1/FHL1/RRM1,0.24891111443470246
LC_vs_FC,GO:0140694,membraneless organelle assembly,156,-0.43135343711894103,-1.4376898963104425,8.567103109234422e-4,0.02265301450046404,0.02265301450046404,1321,"tags=40%, list=28%, signal=30%",PDGFRB/DDX6/DRG1/G3BP2/KIF2A/EIF6/PWP2/MOSPD2/DBNL/PGM5/CAPRIN1/MAPRE2/G3BP1/RNF213/PRRC2C/EZR/CLASP2/FUS/C1QBP/ANG/UBAP2L/SMC1A/CSDE1/GOLGA2/TPM1/TIA1/MYH11/DYNC1H1/TMOD3/ACTA1/RPL5/ACTN2/RPS15/EIF2A/KPNB1/RBM14/FLNA/DCAF13/ATXN2L/DDX3X/NPM1/TPR/HSPA1A/HSPA1B/SBDS/PPP2R1A/SUGT1/MAPRE1/CIRBP/WNK1/NOP2/FLNC/EIF5B/PLEC/RCC1/CDK2/FXR1/TUBB8/BOP1/KRT8/FMR1/NUMA1/KRT19,0.47727081536286214
LC_vs_FC,GO:0018193,peptidyl-amino acid modification,117,-0.4349892075999281,-1.4370290953068403,0.0029391446704394955,0.04515956067959063,0.04515956067959063,1770,"tags=53%, list=37%, signal=34%",MYLK2/KAT7/IKBKB/ARAF/PTK2B/STK4/PML/SAE1/DIP2A/DIP2B/KIT/PRKDC/PTPN6/SRC/PDGFRA/PRKCD/BTK/RANBP2/RAB6A/PDGFRB/RAP2B/PRMT1/SNX6/SETD7/TRIM28/PARP14/CSNK2A1/EFEMP1/TOLLIP/VKORC1L1/CTNNB1/PARP9/RANGAP1/ROCK1/PRMT5/GAPDH/MAPK1/MAPK3/RPS6KB1/ATM/RASSF2/AKT1/UBA2/PPIL1/CFAP20/PARK7/EGFR/MAP4K1/GOLGA7/BAG6/ZAP70/ABI1/TBK1/NTMT1/CDK2/CDK1/PDCL3/VIPAS39/SRPK2/STK39/APOA1/PTPN2,0.4317076958033464
LC_vs_FC,GO:0045930,negative regulation of mitotic cell cycle,54,-0.4658759505479728,-1.4355310660333997,0.014271865359685281,0.12200835273655762,0.12200835273655762,1828,"tags=63%, list=38%, signal=39%",RAD21/RPS27L/VPS4A/CDC73/MRE11/GTPBP4/PML/PRKDC/CRLF3/DYNLT1/PRP4K/NAE1/RB1/DYNLT3/CTNNB1/DYNC1I2/BRCC3/ATM/DYNC1H1/MAD1L1/RPA2/DYNC1LI1/NBN/TPR/NHERF1/MAD2L1/BUB3/YTHDC2/ZNF830/INTS3/CDK2/CDK1/KANK2/FHL1,0.3807304007227924
LC_vs_FC,GO:0000819,sister chromatid segregation,96,-0.441987996837266,-1.4347165745583224,0.004446392603388391,0.05906955029189086,0.05906955029189086,1407,"tags=43%, list=29%, signal=31%",DYNLT1/PRP4K/STAG1/SMC2/TOP2B/CUL3/DPF2/DRG1/RB1/CHAMP1/KIF2A/TUBG1/DYNLT3/SMC4/PPP1CC/CLASP2/DYNC1I2/ACTL6A/SMC1A/GOLGA2/ATM/DYNC1H1/SMARCA5/KPNB1/FLNA/MAD1L1/DYNC1LI1/NUDC/TPR/HSPA1A/HSPA1B/MAD2L1/BUB3/SMARCC1/MAPRE1/SMARCC2/SMARCE1/RCC1/CDK1/NUMA1/SMARCD2,0.40701791892395395
LC_vs_FC,GO:0007093,mitotic cell cycle checkpoint signaling,38,-0.49004488871999285,-1.4338780550701329,0.024653267149375307,0.1737215834373924,0.1737215834373924,816,"tags=39%, list=17%, signal=33%",DYNC1I2/BRCC3/ATM/DYNC1H1/MAD1L1/RPA2/DYNC1LI1/NBN/TPR/MAD2L1/BUB3/ZNF830/INTS3/CDK2/CDK1,0.35248785758361917
LC_vs_FC,GO:0030301,cholesterol transport,40,-0.4876802664140977,-1.4335881097088865,0.03540772532188841,0.2082114753833476,0.2082114753833476,836,"tags=25%, list=17%, signal=21%",STARD3NL/DCTN1/MAPK3/OSBP/VAPB/NFKB1/APOB/APOA1/APOA4/PON1,0.24891111443470246
LC_vs_FC,GO:0043254,regulation of protein-containing complex assembly,184,-0.43191400248317857,-1.4326604465605521,3.646742046329105e-4,0.015356835950652565,0.015356835950652563,1734,"tags=50%, list=36%, signal=33%",PTK2B/UBLCP1/PSMC6/MTPN/CLASP1/MMP1/VASP/ARPC3/SH3GLB1/TGFB1/VCP/NCKAP1L/MECP2/CSNK1A1/SRC/FLII/LGALS3/PRKCD/TRIOBP/CYRIA/BTK/FERMT2/HCFC1/RDX/GIT1/STUB1/DRG1/FKBP4/ADD2/CLU/CKAP5/DUT/MYADM/MYD88/CAPZB/HMGB1/PAK1/TUBB4A/CAPZA1/SVIL/TWF2/TPPP3/EPRS1/SPTB/SPTBN2/CLASP2/VPS33A/NAPA/GAPDH/DCTN1/BRCC3/TBCD/NCKAP1/SEC16A/CYFIP2/CLIP1/ATM/ISG15/ESAM/CAND1/TMOD3/GBP5/IFI16/ARHGEF7/STXBP1/PARK7/DDX3X/HIP1R/GBP2/HSPA1A/HSPA1B/HSPA5/HSPA8/EIF4G1/ARL2/SAR1A/BIN1/MAPRE1/EIF2AK2/CRYAB/MAP1B/CDH5/CTTN/STXBP5/HSP90AA1/SPTAN1/KANK2/ADD3/ADD1/SPTBN1/NUMA1/ARPC5L,0.49849310876659025
LC_vs_FC,GO:0030071,regulation of mitotic metaphase/anaphase transition,39,-0.48250524456702637,-1.430571282328471,0.03644158628081458,0.2082114753833476,0.2082114753833476,1510,"tags=51%, list=32%, signal=35%",ACTB/DYNLT1/PRP4K/CUL3/DPF2/RB1/DYNLT3/DYNC1I2/ACTL6A/ATM/DYNC1H1/MAD1L1/DYNC1LI1/TPR/MAD2L1/BUB3/SMARCC1/SMARCC2/SMARCE1/SMARCD2,0.24504178543099617
LC_vs_FC,GO:1902099,regulation of metaphase/anaphase transition of cell cycle,39,-0.48250524456702637,-1.430571282328471,0.03644158628081458,0.2082114753833476,0.2082114753833476,1510,"tags=51%, list=32%, signal=35%",ACTB/DYNLT1/PRP4K/CUL3/DPF2/RB1/DYNLT3/DYNC1I2/ACTL6A/ATM/DYNC1H1/MAD1L1/DYNC1LI1/TPR/MAD2L1/BUB3/SMARCC1/SMARCC2/SMARCE1/SMARCD2,0.24504178543099617
LC_vs_FC,GO:0051261,protein depolymerization,56,-0.4660948533084993,-1.4305471698695114,0.011493987092801859,0.10747710070174187,0.10747710070174187,1858,"tags=66%, list=39%, signal=41%",CFL1/CFL2/VPS4A/MTPN/SH3GL1/CLASP1/PPP1R9B/MICAL1/FLII/TRIOBP/CLTC/DSTN/RDX/ADD2/KIF2A/CKAP5/CAPZB/SH3BP1/CAPZA1/STMN1/SVIL/TWF2/SPTB/SPTBN2/CLASP2/ARHGEF2/TMOD3/ACTN2/LIMA1/HSPA8/MAP1B/SPTAN1/ADD3/ADD1/NES/SPTBN1/PDXP,0.3807304007227924
LC_vs_FC,GO:0003341,cilium movement,31,-0.49720655008984815,-1.4302936772987926,0.046840958605664486,0.24208259061200235,0.24208259061200235,1082,"tags=42%, list=23%, signal=33%",ODAD4/PSMB1/DNAH1/PSMA4/PSMA2/PSMB2/TUBA1A/CFAP20/NHERF1/PSMB5/PSMB6/TUBB4B/DNAAF1,0.2165428367353482
LC_vs_FC,GO:0007179,transforming growth factor beta receptor signaling pathway,66,-0.4555821282668483,-1.429995322265126,0.011109980456843676,0.10702006898681404,0.10702006898681406,1767,"tags=58%, list=37%, signal=37%",PXN/LEMD3/PTK2/APPL1/SMAD2/SMAD3/TGFB1/APPL2/SRC/ADAM9/ITGA3/FERMT2/RBBP7/FBN2/STUB1/SNX6/USP9X/USP15/THBS1/ZYX/ENG/HDAC1/TGFB1I1/ADISSP/FBN1/CD109/STRAP/FMOD/LTBP4/SIN3A/RBBP4/HSPA1A/CDH5/HDAC2/PPM1A/HSP90AB1/STAT3/SNW1,0.3807304007227924
LC_vs_FC,GO:0019827,stem cell population maintenance,39,-0.4821886995022967,-1.4296327634537769,0.03644158628081458,0.2082114753833476,0.2082114753833476,1901,"tags=64%, list=40%, signal=39%",GNL3/BCL7C/DDB1/CDC73/ARID1A/CNOT1/KIT/ACTB/RBBP7/DPF2/ELAVL1/YME1L1/CTNNB1/DSG2/HDAC1/PAF1/ACTL6A/CUL4A/SIN3A/RBBP4/SMARCC1/SRRT/CUL4B/HDAC2/SMARCE1,0.24504178543099617
LC_vs_FC,GO:0098727,maintenance of cell number,39,-0.4821886995022967,-1.4296327634537769,0.03644158628081458,0.2082114753833476,0.2082114753833476,1901,"tags=64%, list=40%, signal=39%",GNL3/BCL7C/DDB1/CDC73/ARID1A/CNOT1/KIT/ACTB/RBBP7/DPF2/ELAVL1/YME1L1/CTNNB1/DSG2/HDAC1/PAF1/ACTL6A/CUL4A/SIN3A/RBBP4/SMARCC1/SRRT/CUL4B/HDAC2/SMARCE1,0.24504178543099617
LC_vs_FC,GO:0098813,nuclear chromosome segregation,108,-0.4385622633779815,-1.4295559190281641,0.004600456224589317,0.05906955029189086,0.05906955029189086,1407,"tags=43%, list=29%, signal=31%",DYNLT1/PRP4K/STAG1/SMC2/TOP2B/CUL3/DPF2/DRG1/RB1/CHAMP1/KIF2A/TUBG1/SUN1/DYNLT3/SMC4/PPP1CC/CLASP2/DYNC1I2/ACTL6A/SMC1A/GOLGA2/ATM/DYNC1H1/SMARCA5/KPNB1/FLNA/DCAF13/MAD1L1/DYNC1LI1/NUDC/TPR/HSPA1A/HSPA1B/MAD2L1/BUB3/SMARCC1/RCC2/MAPRE1/BAG6/SMARCC2/SMARCE1/RCC1/CDK1/TUBB8/NUMA1/SMARCD2,0.40701791892395395
LC_vs_FC,GO:0071560,cellular response to transforming growth factor beta stimulus,77,-0.4486997896222229,-1.4292285395795048,0.009702236015882526,0.10028583954598574,0.10028583954598574,1767,"tags=55%, list=37%, signal=35%",PXN/LEMD3/PTK2/APPL1/SMAD2/SMAD3/TGFB1/APPL2/SRC/ADAM9/ITGA3/FERMT2/RBBP7/FBN2/STUB1/SNX6/USP9X/USP15/THBS1/ZYX/ENG/HDAC1/TGFB1I1/ADISSP/FBN1/CD109/ACTA2/STRAP/FMOD/LTBP4/PAK2/SIN3A/RBBP4/HSPA1A/CRK/CDH5/HDAC2/PPM1A/COL1A1/HSP90AB1/STAT3/SNW1,0.3807304007227924
LC_vs_FC,GO:0010639,negative regulation of organelle organization,142,-0.43418049705451217,-1.4277074670730194,0.0016222355064187046,0.031635689266302204,0.031635689266302204,1496,"tags=47%, list=31%, signal=33%",SRC/FLII/WASF2/NAT10/PRKCD/CTPS1/TRIOBP/DYNLT1/PRP4K/RDX/SCFD1/OPA1/FKBP4/XRCC1/ADD2/CLU/MYADM/CAPZB/HNRNPC/TUBB4A/DYNLT3/CAPZA1/SVIL/TWF2/GDI2/HUWE1/LPAR1/SPTB/SPTBN2/CLASP2/ARHGEF2/DYNC1I2/TBCD/CORO1A/TACSTD2/ATM/DYNC1H1/TMOD3/SMARCA5/AKT1/RBM14/LIMA1/MAD1L1/ARHGEF7/NAA10/TJP1/DYNC1LI1/NBN/PAK2/HIP1R/NPM1/TPR/HSPA1A/MAD2L1/BUB3/MAPRE1/MAP1B/CDH5/PIK3R1/HNRNPA1/SPTAN1/KANK2/ADD3/ADD1/SPTBN1/LILRB2/MAP4,0.45505986738722953
LC_vs_FC,GO:0062013,positive regulation of small molecule metabolic process,46,-0.4652348011978185,-1.4270133919829486,0.026399155227032733,0.17866571126866798,0.17866571126866798,625,"tags=26%, list=13%, signal=23%",AKT1/CD74/KPNB1/PARK7/MLXIPL/CPT1A/STAT3/NNMT/APOA1/PTPN2/APOA4/GPLD1,0.2878571172551493
LC_vs_FC,GO:0007052,mitotic spindle organization,60,-0.45523585886435813,-1.4264532971146375,0.010888080366781518,0.10580980664128706,0.10580980664128706,1693,"tags=52%, list=35%, signal=34%",PTPA/RAE1/CLASP1/CHMP5/VCP/RMDN1/GNAI1/CLTC/STAG1/DRG1/KIF2A/CKAP5/TUBG1/STMN1/CLASP2/DCTN1/TACC2/SMC1A/GOLGA2/DYNC1H1/KPNB1/FLNA/NUDC/TPR/HSPA1A/HSPA1B/SBDS/SUN2/RCC1/NUMA1/MAP4,0.3807304007227924
LC_vs_FC,GO:0007623,circadian rhythm,60,-0.4551580155294985,-1.426209379858326,0.010888080366781518,0.10580980664128706,0.10580980664128706,1972,"tags=60%, list=41%, signal=36%",CSNK1D/GFPT1/THRAP3/HNRNPU/PPP1CB/DDB1/IMPDH2/TARDBP/PML/GNA11/GNAQ/PRKDC/NDUFA9/PSPC1/CUL1/USP9X/USP7/PPP1CC/HUWE1/HDAC1/PRMT5/ASS1/RBM4/SKP1/MYBBP1A/CCAR2/SIN3A/ROCK2/MYCBP2/CAVIN3/NONO/SFPQ/HDAC2/CDK1/FXR1/NAMPT,0.3807304007227924
LC_vs_FC,GO:0034763,negative regulation of transmembrane transport,40,-0.4848683354576918,-1.4253221390267699,0.03755364806866953,0.20924021168231738,0.20924021168231735,1643,"tags=62%, list=34%, signal=41%",TGFB1/CAV1/CALM1/CALM2/CALM3/APPL2/PRKCB/GSTO1/GSK3A/THBS1/YWHAQ/CAMK2D/PPP3CC/AKT1/ATP1A2/CTNND1/BIN1/SLC30A1/NEDD4L/NEDD4/OXSR1/PPP3CA/PPP3CB/FMR1/STK39,0.24133997681509095
LC_vs_FC,GO:0061136,regulation of proteasomal protein catabolic process,100,-0.43652842132267855,-1.425294513461772,0.006777450414223143,0.07664855494881735,0.07664855494881735,2128,"tags=67%, list=44%, signal=38%",EIF3H/ALAD/PSMA7/PSMA1/PSME2/UFL1/PSMD6/RACK1/UBXN1/CSNK1D/PSMA3/UBQLN2/PSMB4/USP5/PSMD13/PSMC1/N4BP1/NUB1/ARAF/PSMC6/PSME1/VCP/PSMB7/CAV1/PSME3IP1/ATXN3/PSME3/CSNK1A1/PSMC2/PRKACA/BAG2/STUB1/GSK3A/PSMC3/USP9X/TMF1/CLU/USP7/BAG5/CSNK2A1/PSMB1/PSMC5/USP14/XPO1/PSMA4/PSMA2/PSMB2/AKT1/PSMD11/CCAR2/PSMD8/PARK7/PSMD1/HSPA1A/HSPA1B/PSMC4/PSMB5/UCHL5/PSMD14/BAG6/PSMD2/PSMD4/PSMB6/HSP90AB1/CDK2/GABARAPL2/FMR1,0.40701791892395395
LC_vs_FC,GO:0002064,epithelial cell development,43,-0.479797664573386,-1.4240014055105195,0.023309188139801255,0.1698881212497053,0.16988812124970532,1379,"tags=53%, list=29%, signal=38%",MSN/RDX/VCL/MYO1E/GSK3A/AFDN/COL18A1/RAB25/MYADM/POF1B/EZR/ROCK1/GSTM3/ACTA2/AKT1/FLNA/TJP1/ROCK2/CDH5/DSP/PLEC/ADD1/NOTCH2,0.35248785758361917
LC_vs_FC,GO:0090092,regulation of transmembrane receptor protein serine/threonine kinase signaling pathway,69,-0.4520583256866777,-1.422799174264088,0.019620252609786927,0.14971964575387742,0.14971964575387742,1650,"tags=49%, list=34%, signal=33%",SMAD2/SMAD3/TGFB1/CAV1/ITGA3/RBBP7/FBN2/STUB1/CUL1/PRMT1/NUP93/SNX6/USP15/THBS1/ENG/FSTL1/HDAC1/TGFB1I1/ADISSP/FBN1/CD109/STRAP/SKP1/LTBP4/SIN3A/RBBP4/HSPA1A/XIAP/CDH5/HDAC2/PPM1A/HSP90AB1/SNW1/NUMA1,0.35248785758361917
LC_vs_FC,GO:0002218,activation of innate immune response,139,-0.4311382401291044,-1.4223219645453526,0.0017529009883703068,0.031635689266302204,0.031635689266302204,1645,"tags=47%, list=34%, signal=32%",MAPKAPK3/MAPKAPK2/WDFY1/NOD1/NAGK/PRKDC/APPL2/CSNK1A1/SRC/XRCC5/NMI/BTK/PSPC1/PHB2/CASP1/MASP1/OAS1/PCBP2/USP15/MYD88/HMGB1/PAK1/TLR3/TKFC/GDI1/C1QBP/LBP/BRCC3/RTN4/TRIM25/RIGI/AKT1/HSPD1/GBP5/PYHIN1/IFI16/RBM14/OAS3/STING1/PHB1/DDX60/PAK2/DDX3X/ZC3HAV1/SIN3A/TOMM70/GBP2/GPR108/HSPA1A/HSPA1B/HSPA8/EGFR/XIAP/IFI35/NONO/SFPQ/EIF2AK2/PQBP1/PIK3R1/TBK1/RPS6KA3/CD274/HSP90AA1/MATR3/IPO5,0.45505986738722953
LC_vs_FC,GO:0000723,telomere maintenance,64,-0.4519262052792311,-1.4219594084854963,0.017645592110174788,0.1383657808915085,0.1383657808915085,1915,"tags=66%, list=40%, signal=40%",CCT7/GNL3/HNRNPU/LMNA/XRCC6/UPF1/MRE11/PML/PRKDC/CCT3/SRC/XRCC5/NAT10/TCP1/RUVBL2/XRCC1/USP7/HNRNPC/CCT8/CTNNB1/PNKP/ACTL6A/MAPK1/MAPK3/HNRNPA2B1/RPA1/CCT4/ATM/CCT2/RPA2/NBN/TNKS1BP1/UCHL5/DSP/PCNA/HNRNPA1/HSP90AA1/HSP90AB1/CDK2/CCT5/CCT6A/SP100,0.35248785758361917
LC_vs_FC,GO:0009267,cellular response to starvation,61,-0.45450755008349164,-1.421683243126567,0.012725305527561025,0.11303650300653817,0.11303650300653817,1265,"tags=46%, list=26%, signal=34%",WIPI2/FAS/GCN1/SP1/PRKCH/YWHAG/PAK1/YME1L1/YWHAZ/MAP1LC3B2/GBA1/MCU/MAPK1/MAPK3/PLIN3/MYBBP1A/IFI16/PAK2/HSPA5/HSPA8/SAR1A/STK24/EIF2AK2/KRT20/HNRNPA1/AKR1C3/GABARAPL2/STK26,0.3807304007227924
LC_vs_FC,GO:0006606,protein import into nucleus,72,-0.451894436770521,-1.421614403479515,0.012544621676256914,0.11230893579452056,0.11230893579452056,1702,"tags=57%, list=36%, signal=37%",STK4/APPL1/TARDBP/SMAD3/TGFB1/APPL2/PRKCD/NUP98/RANBP2/PHB2/NUP93/ELAVL1/TRIM28/NUP54/NUP133/YWHAB/IPO4/NUP35/KPNA3/IPO7/AKT1/TNPO2/TNPO1/KPNB1/FLNA/ADAR/KPNA4/NUP155/APOD/NPM1/TPR/NUP88/NUP153/JUP/PIK3R1/HSP90AA1/CDK1/STAT3/NUP214/IPO5/KPNA1,0.3807304007227924
LC_vs_FC,GO:0007088,regulation of mitotic nuclear division,32,-0.5020318291129786,-1.4203587412346297,0.03787878787878788,0.20924021168231738,0.20924021168231735,1407,"tags=56%, list=29%, signal=40%",DYNLT1/PRP4K/CUL3/PDGFRB/RB1/CAV2/DYNLT3/PRMT5/DYNC1I2/ATM/DYNC1H1/MAD1L1/DYNC1LI1/TPR/MAD2L1/BUB3/RCC1/PDXP,0.24133997681509095
LC_vs_FC,GO:0051783,regulation of nuclear division,32,-0.5020318291129786,-1.4203587412346297,0.03787878787878788,0.20924021168231738,0.20924021168231735,1407,"tags=56%, list=29%, signal=40%",DYNLT1/PRP4K/CUL3/PDGFRB/RB1/CAV2/DYNLT3/PRMT5/DYNC1I2/ATM/DYNC1H1/MAD1L1/DYNC1LI1/TPR/MAD2L1/BUB3/RCC1/PDXP,0.24133997681509095
LC_vs_FC,GO:0008544,epidermis development,117,-0.42988299500442995,-1.4201602260605444,0.0038970727522342203,0.05491593535581652,0.054915935355816535,1090,"tags=38%, list=23%, signal=30%",PKP3/KRT77/PRKCH/ALDH3A2/CTNNB1/PPL/KPLCE/ROCK1/HDAC1/GBA1/KRT78/KRT4/EVPL/KRT79/KRT3/KRT7/COL17A1/PKP1/KRT75/KRT6B/ST14/ROCK2/SRSF6/NSUN2/DSC1/KRT14/KRT15/KRT17/HDAC2/DSP/KRT6C/KRT5/KRT6A/PLEC/YBX1/AKR1C3/PPP3CA/KRT71/KRT74/KRT72/KRT73/ESRP1/KRT16/NUMA1,0.4317076958033464
LC_vs_FC,GO:0070507,regulation of microtubule cytoskeleton organization,60,-0.453187842175446,-1.420035963985977,0.01210752066475506,0.11101815319214922,0.11101815319214922,1681,"tags=58%, list=35%, signal=38%",MARK2/RAE1/CLASP1/CHMP5/GNAI1/MECP2/BICD2/PRKACA/CLTC/GIT1/DRG1/GSK3A/FKBP4/CKAP5/MAPRE2/PAK1/TUBB4A/STMN1/ROCK1/CLASP2/ARHGEF2/DCTN1/TBCD/CLIP1/DYNC1H1/ARHGEF7/TPR/HSPA1A/HSPA1B/ARL2/MAPRE1/MAP1B/CDH5/RCC1/NUMA1,0.3807304007227924
LC_vs_FC,GO:0032204,regulation of telomere maintenance,48,-0.46611445706268295,-1.4199156911673523,0.02736842105263158,0.17911943553030135,0.17911943553030135,1962,"tags=69%, list=41%, signal=41%",RUVBL1/CCT7/GNL3/HNRNPU/LMNA/UPF1/MRE11/PML/CCT3/SRC/XRCC5/NAT10/TCP1/RUVBL2/XRCC1/USP7/HNRNPC/CCT8/CTNNB1/PNKP/ACTL6A/MAPK1/MAPK3/HNRNPA2B1/CCT4/ATM/CCT2/NBN/UCHL5/HNRNPA1/HSP90AA1/CCT5/CCT6A,0.2820133500117251
LC_vs_FC,GO:0055002,striated muscle cell development,39,-0.4785973352695877,-1.4189847910357662,0.04072883172561629,0.21639570874778377,0.21639570874778374,1604,"tags=59%, list=34%, signal=40%",NACA/CSRP1/FLII/PDGFRA/PDGFRB/GSK3A/CAV2/PGM5/PAK1/TPM1/MYH11/TMOD3/ACTA1/ACTN2/TOMM70/FLNC/PLEC/PDLIM5/PPP3CA/PPP3CB/CDK1/KRT8/KRT19,0.2311267096738343
LC_vs_FC,GO:0090101,negative regulation of transmembrane receptor protein serine/threonine kinase signaling pathway,35,-0.48878811371300446,-1.4178007512490438,0.027085590465872156,0.17911943553030135,0.17911943553030135,1348,"tags=43%, list=28%, signal=31%",RBBP7/FBN2/STUB1/SNX6/USP15/ENG/HDAC1/FBN1/CD109/STRAP/SIN3A/RBBP4/HSPA1A/HDAC2/PPM1A,0.2878571172551493
LC_vs_FC,GO:0045834,positive regulation of lipid metabolic process,42,-0.47164410027026404,-1.4176035664319933,0.035611440919121606,0.2082114753833476,0.2082114753833476,785,"tags=29%, list=16%, signal=24%",MAPK1/ACSL3/CAPN2/AKT1/CD74/KPNB1/MLXIPL/CPT1A/EEF1A2/APOA1/APOA4/GPLD1,0.3217759180753611
LC_vs_FC,GO:1903829,positive regulation of protein localization,199,-0.4168462562102422,-1.417503865075654,5.296918006132823e-4,0.01939555767348723,0.01939555767348723,1927,"tags=55%, list=40%, signal=34%",RBM22/VPS35/CCT7/KIF5B/YWHAE/GNL3/GZMB/NMT1/CFL1/SEC24A/UBL5/CHP1/KAT7/HLA-DRB1/TARDBP/SH3GLB1/SMAD3/TGFB1/PML/SAE1/RHOG/MYO18A/PPP1R9B/SFN/CD2AP/PTPN23/GNAI1/SEC24D/CCT3/ADAM9/PRKACA/PRKACB/ITGA3/LGALS3/LARP7/PRKCA/PRKCD/FERMT2/PRP4K/PCM1/TCP1/MSN/RDX/GIT1/DSG3/PSMD9/GSK3A/XPO4/TRIM28/PKP3/DTX3L/CCT8/PRKCH/EZR/PARP9/DSG2/HUWE1/SEC24C/ANG/SEC24B/MCU/OSBP/ACSL3/ACSL4/CCT4/NPEPPS/VRK1/IPO7/RTN4/DNM1L/AP2B1/AKT1/CCT2/PKP1/PYHIN1/UBE2L3/FLNA/PPID/NMD3/CTNND1/PARK7/EPB41L2/ROCK2/NPM1/TPR/MLXIPL/EIF4G1/SAR1A/EGFR/MAPRE1/EMD/JUP/VIM/PIK3R1/DSP/F2/CACNA2D1/ANP32B/OXCT1/PPP3CB/HSP90AA1/HSP90AB1/CDK1/CCT5/CCT6A/SPTBN1/NUMA1/IPO5/GPLD1,0.47727081536286214
LC_vs_FC,GO:0050769,positive regulation of neurogenesis,55,-0.45724006565803954,-1.4171649873547196,0.020535072059602456,0.1546250127931655,0.1546250127931655,1077,"tags=38%, list=23%, signal=30%",CAPRIN1/PRKCH/PAK1/CTNNB1/PPP1CC/TWF2/GDI1/PRMT5/NRDC/SHTN1/SRRT/BIN1/SLC30A1/MAP1B/JUP/VIM/HDAC2/FXR1/FXR2/SNW1/FMR1,0.35248785758361917
LC_vs_FC,GO:0000077,DNA damage checkpoint signaling,29,-0.5052226018433289,-1.4158928073249333,0.03938730853391685,0.2112423103918088,0.21124231039180877,1074,"tags=45%, list=22%, signal=35%",DTX3L/PARP9/CDC5L/BRCC3/ATM/SKP1/CCAR2/RPA2/NBN/TIPRL/CDK2/CDK1/STK38,0.2377938344236881
LC_vs_FC,GO:0051054,positive regulation of DNA metabolic process,96,-0.435946784571941,-1.415106477837352,0.006518443142401742,0.07640690570011113,0.07640690570011113,1763,"tags=57%, list=37%, signal=37%",KAT7/FH/CASP3/ARID1A/MRE11/TGFB1/PML/PRKDC/ACTB/CCT3/PRKCD/TCP1/TOP2B/RUVBL2/PDGFRB/DPF2/PRMT1/TRIM28/HMGB1/CCT8/RFC2/CTNNB1/UBE2V2/MSH2/PNKP/FUS/ACTL6A/BRCC3/MAPK1/MAPK3/HNRNPA2B1/FAF1/CCT4/DHX9/WDR48/ATM/SMARCA5/AKT1/CCT2/HDGFL2/NBN/RFC3/EGFR/SMARCC1/UCHL5/SMARCC2/PCNA/SMARCE1/HNRNPA1/HSP90AA1/CDK2/CDK1/CCT5/CCT6A/SMARCD2,0.40701791892395395
LC_vs_FC,GO:0045089,positive regulation of innate immune response,158,-0.4220960692614962,-1.4149104846438203,0.0019674687672813556,0.03338823863281942,0.03338823863281942,1678,"tags=46%, list=35%, signal=31%",APPL1/HMGB2/MAPKAPK3/MAPKAPK2/WDFY1/NOD1/NAGK/PRKDC/APPL2/CSNK1A1/SRC/XRCC5/NMI/BTK/PSPC1/PHB2/CASP1/MASP1/OAS1/PCBP2/USP15/MYD88/HMGB1/PAK1/TLR3/TKFC/PARP9/GDI1/C1QBP/LBP/BRCC3/DHX9/RTN4/TRIM25/RIGI/AKT1/HLA-C/HSPD1/GBP5/PYHIN1/IFI16/RBM14/OAS3/STING1/PHB1/DDX60/CFP/PAK2/DDX3X/ZC3HAV1/SIN3A/TOMM70/GBP2/GPR108/HSPA1A/HSPA1B/HSPA8/EGFR/XIAP/IFI35/NONO/SFPQ/EIF2AK2/PQBP1/PIK3R1/HLA-G/CPT1A/TBK1/RPS6KA3/CD274/HSP90AA1/MATR3/IPO5,0.4317076958033464
LC_vs_FC,GO:0071559,response to transforming growth factor beta,80,-0.44322828315056223,-1.413252573143277,0.010333372718952807,0.1039738476234455,0.10397384762344551,1767,"tags=55%, list=37%, signal=35%",PXN/LEMD3/PTK2/APPL1/SMAD2/SMAD3/TGFB1/APPL2/SRC/ADAM9/ITGA3/FERMT2/RBBP7/FBN2/STUB1/SNX6/USP9X/USP15/THBS1/ZYX/ENG/ROCK1/HDAC1/TGFB1I1/ADISSP/FBN1/CD109/ACTA2/STRAP/FMOD/LTBP4/PAK2/SIN3A/ROCK2/RBBP4/HSPA1A/CRK/CDH5/HDAC2/PPM1A/COL1A1/HSP90AB1/STAT3/SNW1,0.3807304007227924
LC_vs_FC,GO:0061013,regulation of mRNA catabolic process,89,-0.43606638297037437,-1.4119280173520306,0.009794001531109759,0.10032234000785402,0.10032234000785402,2035,"tags=69%, list=43%, signal=40%",PNN/SYNCRIP/PUM2/PUM1/LARP4B/THRAP3/YTHDF2/YTHDF1/BCLAF1/HNRNPU/RBM33/MAPK14/UPF1/TARDBP/MAPKAPK2/CNOT1/AGO2/ZC3H14/POLR2G/PRKCA/PRKCD/DIS3/DDX6/PNPT1/SERBP1/ELAVL1/SRSF1/MYD88/LRPPRC/HNRNPC/PKP3/CAPRIN1/LSM2/EDC4/ROCK1/TAF15/FUS/SLIRP/CSDE1/DHX9/AKT1/PKP1/KHSRP/ZC3HAV1/ROCK2/NPM1/TNKS1BP1/HNRNPA0/CIRBP/ALYREF/VIM/MOV10/YBX1/RBM8A/YBX3/FXR1/FXR2/SNW1/PDE12/EIF4A3/FMR1,0.3807304007227924
LC_vs_FC,GO:2000045,regulation of G1/S transition of mitotic cell cycle,61,-0.4509157340149068,-1.4104481718584179,0.015841663539486094,0.1290127394280799,0.1290127394280799,1933,"tags=64%, list=40%, signal=39%",PSMA3/PSMB4/BCL7C/RPS27L/CPSF3/CDC73/APPL1/ARID1A/PSME1/PSMB7/PRKDC/APPL2/ACTB/PSME3/PTPN6/CRLF3/RDX/DPF2/RB1/PSMB1/PSMA4/ACTL6A/PSMA2/PSMB2/AKT1/RPA2/DDX3X/EIF4G1/EGFR/SMARCC1/PSMB5/SMARCC2/PSMB6/SMARCE1/CDK2/KANK2/FHL1/RRM1/SMARCD2,0.35248785758361917
LC_vs_FC,GO:0055088,lipid homeostasis,55,-0.45308420820251594,-1.4042843670400296,0.023986269286853188,0.1737094788481024,0.1737094788481024,833,"tags=25%, list=17%, signal=21%",DCTN1/FBN1/RTN4/CYP7B1/EHD1/RALY/CNBP/LIMA1/DDX3X/MLXIPL/APOB/APOA1/APOA4/POLD1,0.35248785758361917
LC_vs_FC,GO:0000209,protein polyubiquitination,70,-0.44047403110766886,-1.402840777513356,0.029411764705882353,0.1854540535952896,0.18545405359528963,1350,"tags=43%, list=28%, signal=31%",CUL3/PLAA/STUB1/WDR77/CUL1/UBE2L6/RNF114/DTX3L/RNF213/CTNNB1/UBE2V2/HUWE1/ZFP91/DDB2/NPEPPS/THOP1/TRIM25/SKP1/UBE4A/UBR4/UBE2L3/NBN/DDX3X/MYCBP2/XIAP/TRIM22/CUL4B/NEDD4L/NEDD4/PIK3R1,0.2663506570885256
LC_vs_FC,GO:0090066,regulation of anatomical structure size,155,-0.42159919258779344,-1.4025475078366023,0.0017511445745543046,0.031635689266302204,0.031635689266302204,1599,"tags=45%, list=33%, signal=31%",DIP2B/DNM2/CAV1/NCKAP1L/SRC/FLII/PRKCD/TRIOBP/CYRIA/MSN/RDX/RAB5A/STUB1/MAP2K1/ADD2/ELAVL1/ARHGAP4/DNM1/MYADM/AQP1/CAPZB/SLC12A2/PAK1/SH3BP1/CAPZA1/RAB22A/EZR/SVIL/TWF2/GDI1/ROCK1/SPTB/SPTBN2/CLASP2/FBN1/NCKAP1/CYFIP2/RTN4/ESAM/TMOD3/ACTN2/LIMA1/MMP2/SIN3A/ROCK2/HIP1R/KNG1/SHTN1/NHERF1/BIN1/MAP1B/JUP/WNK1/VIM/SERPINF2/OXSR1/RAP1GDS1/CTTN/HSP90AA1/SPTAN1/PEX11B/KANK2/ATP2B1/ADD3/ADD1/SPTBN1/PDXP/STK39/ARPC5L,0.45505986738722953
LC_vs_FC,GO:0007178,cell surface receptor protein serine/threonine kinase signaling pathway,94,-0.4337003821071771,-1.4018423942153788,0.011532283452605548,0.10747710070174187,0.10747710070174187,1797,"tags=53%, list=38%, signal=34%",UBE2O/PXN/LEMD3/PTK2/APPL1/SMAD2/SMAD3/TGFB1/CAV1/APPL2/SRC/ADAM9/ITGA3/FERMT2/RBBP7/FBN2/STUB1/CUL1/PRMT1/NUP93/SNX6/USP9X/USP15/THBS1/ZYX/ENG/FSTL1/HDAC1/TGFB1I1/ADISSP/MAPK3/FBN1/CD109/STRAP/FMOD/SKP1/LTBP4/SIN3A/RBBP4/HSPA1A/DDX5/PDCD4/XIAP/CDH5/HDAC2/PPM1A/HSP90AB1/STAT3/SNW1/NUMA1,0.3807304007227924
LC_vs_FC,GO:0043086,negative regulation of catalytic activity,61,-0.44762900194153293,-1.400167392336705,0.018596613764683058,0.14375460281064428,0.14375460281064426,1470,"tags=43%, list=31%, signal=30%",SERPINB1/PPP1R12A/NOSIP/SERPINB8/RB1/XRCC1/SNX6/DTX3L/YWHAG/ABCE1/PARP9/ECM1/CORO1C/DNAJA1/GNAI3/CAND1/ADAR/CCAR2/MAD2L1/ARL2/PDCD4/RCC2/NES/EIF4A2/TIMP1/STK38,0.35248785758361917
LC_vs_FC,GO:0000070,mitotic sister chromatid segregation,79,-0.4349418457781603,-1.3955789187641126,0.017205136800424417,0.13679888490966827,0.13679888490966827,1407,"tags=43%, list=29%, signal=31%",DYNLT1/PRP4K/STAG1/SMC2/CUL3/DRG1/RB1/CHAMP1/KIF2A/TUBG1/DYNLT3/SMC4/PPP1CC/CLASP2/DYNC1I2/SMC1A/GOLGA2/ATM/DYNC1H1/SMARCA5/KPNB1/FLNA/MAD1L1/DYNC1LI1/NUDC/TPR/HSPA1A/HSPA1B/MAD2L1/BUB3/MAPRE1/RCC1/CDK1/NUMA1,0.35248785758361917
LC_vs_FC,GO:1902806,regulation of cell cycle G1/S phase transition,68,-0.44071779980404246,-1.3948899977093632,0.027551020408163266,0.17911943553030135,0.17911943553030135,1933,"tags=60%, list=40%, signal=36%",PSMA3/PSMB4/BCL7C/RPS27L/CPSF3/CDC73/APPL1/ARID1A/PSME1/PSMB7/PRKDC/APPL2/ACTB/PSME3/PTPN6/CRLF3/RDX/DPF2/RB1/PKP3/PSMB1/PAF1/PSMA4/ACTL6A/PSMA2/PSMB2/AKT1/RPA2/DDX3X/EIF4G1/EGFR/SMARCC1/PSMB5/SMARCC2/PSMB6/SMARCE1/CDK2/KANK2/FHL1/RRM1/SMARCD2,0.2765005992544716
LC_vs_FC,GO:1900180,regulation of protein localization to nucleus,64,-0.4427843879663984,-1.393195214272403,0.022099693411135306,0.16316461953546002,0.16316461953546002,1664,"tags=58%, list=35%, signal=38%",TARDBP/BYSL/SMAD3/TGFB1/CCT3/LARP7/PRKCD/FERMT2/TCP1/CTNNA1/TRIM28/DTX3L/CCT8/YWHAB/YWHAZ/PARP9/CCT4/IPO7/AKT1/CCT2/PYHIN1/FLNA/APOD/NMD3/PARK7/SIN3A/NPM1/TPR/JUP/PIK3R1/F2/PPP3CB/HSP90AA1/CDK1/CCT5/CCT6A/IPO5,0.35248785758361917
LC_vs_FC,GO:0010720,positive regulation of cell development,119,-0.4216009699284713,-1.3912397740064246,0.007579498476191179,0.08130084686254124,0.08130084686254123,1097,"tags=33%, list=23%, signal=26%",HMGB1/CAPRIN1/PRKCH/PAK1/CTNNB1/PPP1CC/TWF2/GDI1/PNP/PRMT5/SART1/ACTL6A/ACIN1/CORO1C/NRDC/CD74/SHTN1/SMARCC1/SRRT/BIN1/SLC30A1/MAP1B/JUP/CDH5/VIM/HDAC2/HLA-G/ZAP70/SMARCC2/SMARCE1/PPP3CA/FXR1/FXR2/SNW1/ADD1/FMR1/NOTCH2/LILRB2/SMARCD2,0.40701791892395395
LC_vs_FC,GO:0006402,mRNA catabolic process,131,-0.42174760971295433,-1.3911853093498259,0.004487354988285032,0.05906955029189086,0.05906955029189086,2035,"tags=64%, list=43%, signal=38%",PNN/SYNCRIP/PUM2/PUM1/LARP4B/RNH1/THRAP3/YTHDF2/YTHDF1/BCLAF1/HNRNPU/RBM33/GSPT2/MAPK14/CPSF3/UPF1/EXOSC8/TARDBP/MAPKAPK2/CNOT1/AGO2/ZC3H14/POLR2G/EXOSC2/PRKCA/PRKCD/CPSF2/DIS3/DDX6/EXOSC7/PNPT1/SERBP1/ETF1/ELAVL1/SRSF1/MYD88/LRPPRC/HNRNPC/PKP3/CAPRIN1/SNRPF/EXOSC6/LSM2/EDC4/ROCK1/TAF15/FUS/SLIRP/MAGOHB/CSDE1/XRN2/DHX9/SKIC2/ATM/SSB/AKT1/PKP1/SYMPK/KHSRP/ZC3HAV1/ROCK2/NPM1/HSPA1A/HSPA1B/TNKS1BP1/DDX5/HNRNPA0/EXOSC4/GSPT1/HBS1L/CIRBP/ALYREF/VIM/MOV10/YBX1/RBM8A/YBX3/EIF3E/FXR1/FXR2/SNW1/PDE12/EIF4A3/FMR1,0.40701791892395395
LC_vs_FC,GO:0006310,DNA recombination,83,-0.4343550437973507,-1.3909677803042384,0.011304056957134294,0.10710593966884743,0.10710593966884743,1670,"tags=55%, list=35%, signal=37%",MRE11/HMGB2/TGFB1/PRKDC/CHD4/ACTB/XRCC5/MCM7/SMC2/TOP2B/RUVBL2/PRMT1/XRCC1/CSNK2A1/HMGB1/PPP4C/RECQL/PDS5B/SMC4/EXOSC6/MSH2/FUS/C1QBP/NUCKS1/ACTL6A/RPA1/WDR48/ATM/HSPD1/PCYT1A/SAMHD1/HDGFL2/RPA2/NBN/UCHL5/NONO/SFPQ/MCM5/PSMD14/HTATSF1/INTS3/MCM3/MCM4/KPNA1/MCM6/MCM2,0.3807304007227924
LC_vs_FC,GO:0000956,nuclear-transcribed mRNA catabolic process,70,-0.43533578899045455,-1.386476281407562,0.03144016227180527,0.19534133608219997,0.19534133608219997,1902,"tags=56%, list=40%, signal=34%",THRAP3/HNRNPU/GSPT2/CPSF3/UPF1/EXOSC8/CNOT1/AGO2/POLR2G/EXOSC2/CPSF2/DIS3/DDX6/EXOSC7/ETF1/CAPRIN1/SNRPF/EXOSC6/LSM2/EDC4/MAGOHB/CSDE1/XRN2/DHX9/SKIC2/ATM/SSB/SYMPK/TNKS1BP1/DDX5/EXOSC4/GSPT1/HBS1L/ALYREF/YBX1/RBM8A/EIF3E/PDE12/EIF4A3,0.25720646646883816
LC_vs_FC,GO:0009895,negative regulation of catabolic process,139,-0.41987036815800816,-1.385149335660993,0.003324341786989317,0.04908800794554355,0.04908800794554355,2035,"tags=58%, list=43%, signal=34%",PNN/SYNCRIP/RPS7/SLC7A5/LARP4B/RNH1/UBXN1/ANXA2/SNX12/VPS35/THRAP3/USP5/BCLAF1/LYPLA1/EIF4G2/HNRNPU/ACACB/N4BP1/MAPK14/TARDBP/SMAD3/MAPKAPK2/PML/ZC3H14/PSME3IP1/DAPL1/PRKACA/QSOX1/GIT1/SCFD1/USP9X/PHAX/ELAVL1/USP7/BAG5/HP/CSNK2A1/SRSF1/MYD88/LRPPRC/HNRNPC/PKP3/WASHC1/USP14/ROCK1/TAF15/FUS/SLIRP/CSDE1/GOLGA2/DHX9/RPL5/AKT1/PKP1/FLNA/CST3/PHB1/CCAR2/PARK7/EIF4G1/MAD2L1/EGFR/HNRNPA0/NSUN2/UCHL5/CIRBP/WNK1/BAG6/YBX1/YBX3/HSP90AB1/STAT3/FXR1/SNW1/PDCL3/GABARAPL2/TIMP1/CYP51A1/GPLD1/STK38L,0.4317076958033464
LC_vs_FC,GO:0006401,RNA catabolic process,169,-0.41429024398808645,-1.3843619240766327,0.0016816944064604626,0.031635689266302204,0.031635689266302204,1691,"tags=51%, list=35%, signal=34%",UPF1/EXOSC8/TARDBP/MAPKAPK2/CNOT1/RBM26/AGO2/ZC3H14/RBM7/POLR2G/EIF4E2/EXOSC2/PRKCA/PRKCD/SLFN5/CPSF2/DIS3/REXO2/DDX6/EXOSC7/PNPT1/SERBP1/PHAX/ETF1/ELAVL1/MTREX/ELAC2/SRSF1/MYD88/LRPPRC/HNRNPC/PKP3/CAPRIN1/SNRPF/EXOSC6/LSM2/EDC4/ROCK1/TAF15/FUS/C1QBP/ANG/RBM27/SLIRP/MAGOHB/CSDE1/XRN2/DHX9/SKIC2/ATM/SSB/AKT1/PKP1/SYMPK/KHSRP/ZC3HAV1/ROCK2/NPM1/HSPA1A/HSPA1B/TNKS1BP1/DDX5/EXOSC1/HNRNPA0/EXOSC4/PPP2R1A/GSPT1/NSUN2/HBS1L/CIRBP/ALYREF/WDR82/VIM/MOV10/YBX1/RBM8A/YBX3/INTS3/EIF3E/ZC3H4/FXR1/FXR2/SNW1/PDE12/EIF4A3/FMR1,0.45505986738722953
LC_vs_FC,GO:1902903,regulation of supramolecular fiber organization,169,-0.414255654820502,-1.3842463434485965,0.0017036770288893573,0.031635689266302204,0.031635689266302204,1518,"tags=43%, list=32%, signal=31%",NCKAP1L/MECP2/FLII/WASF2/PRKCD/TRIOBP/CYRIA/FERMT2/RDX/GIT1/DRG1/FKBP4/HSPG2/ADD2/CLU/CKAP5/MYADM/PFDN2/CAPZB/PAK1/TUBB4A/WASHC1/SH3BP1/CAPZA1/SVIL/TWF2/ROCK1/LPAR1/SPTB/SPTBN2/CLASP2/ARHGEF2/DCTN1/TBCD/CORO1A/NCKAP1/TACSTD2/CYFIP2/CLIP1/TPM1/ESAM/TMOD3/ACTN2/LIMA1/FLNA/ARHGEF7/TJP1/PARK7/PAK2/ROCK2/HIP1R/HSPA1A/HSPA1B/HSPA8/ARL2/BIN1/MAPRE1/CRYAB/MAP1B/CDH5/SERPINF2/PIK3R1/CTTN/SPTAN1/VBP1/KANK2/ADD3/ADD1/SPTBN1/PDXP/NUMA1/APOA1/ARPC5L,0.45505986738722953
LC_vs_FC,GO:0051983,regulation of chromosome segregation,54,-0.44877835432004287,-1.3828472335436146,0.03329864724245578,0.20355140814339903,0.20355140814339903,1407,"tags=46%, list=29%, signal=33%",DYNLT1/PRP4K/SMC2/CUL3/DPF2/RB1/CSNK2A1/DYNLT3/SMC4/DYNC1I2/ACTL6A/ATM/DYNC1H1/MAD1L1/DYNC1LI1/TPR/MAD2L1/BUB3/SMARCC1/RCC2/SMARCC2/SMARCE1/CDK1/NUMA1/SMARCD2,0.2529611230696109
LC_vs_FC,GO:0051321,meiotic cell cycle,58,-0.44438632162987624,-1.3823191654532045,0.03319502074688797,0.20355140814339903,0.20355140814339903,1202,"tags=41%, list=25%, signal=31%",TUBG1/SUN1/PSMB1/SMC4/PSMA4/SMC1A/GOLGA2/RPA1/PSMA2/ATM/PSMB2/DCAF13/NBN/BUB3/SUN2/NSUN2/PSMB5/HSPA2/YTHDC2/BAG6/PSMB6/CDK2/TUBB8/NUMA1,0.2529611230696109
LC_vs_FC,GO:0048589,developmental growth,98,-0.4200821239511047,-1.3798066569468852,0.01599894130110753,0.1290127394280799,0.1290127394280799,1020,"tags=36%, list=21%, signal=29%",PAK1/CTNNB1/EZR/TWF2/GDI1/FBLN5/CLASP2/CYFIP2/RTN4/STAT5A/STAT5B/DCLK1/SKP1/DCAF13/HDGFL2/CD9/APOD/NBN/SIN3A/TOMM70/SHTN1/MYCBP2/ADAM15/NEDD4L/MAP1B/JUP/VIM/ZNF830/PLEC/PDLIM5/CTTN/PPP3CA/PPP3CB/EPPK1/CDK1,0.35248785758361917
LC_vs_FC,GO:1901991,negative regulation of mitotic cell cycle phase transition,48,-0.45141168608863025,-1.3751269168794744,0.04421052631578947,0.23164685908319185,0.23164685908319185,1828,"tags=62%, list=38%, signal=39%",RAD21/RPS27L/VPS4A/CDC73/MRE11/GTPBP4/PRKDC/CRLF3/DYNLT1/PRP4K/NAE1/RB1/DYNLT3/DYNC1I2/BRCC3/ATM/DYNC1H1/MAD1L1/RPA2/DYNC1LI1/NBN/TPR/MAD2L1/BUB3/ZNF830/INTS3/CDK2/CDK1/KANK2/FHL1,0.21925034670375515
LC_vs_FC,GO:0019079,viral genome replication,60,-0.4386966478548055,-1.3746287063736857,0.018712120682476123,0.14375460281064428,0.14375460281064426,1408,"tags=47%, list=29%, signal=33%",IFIT1/TOP2B/GRK2/OAS1/PCBP3/PCBP1/PCBP2/ILF3/IFITM3/IFIT5/MX1/STAU1/ISG15/CTBP1/CTBP2/IFI16/OAS3/ADAR/PHB1/PPID/DDX3X/ZC3HAV1/DDX5/EIF2AK2/VAPB/PDE12/SRPK2/FMR1,0.35248785758361917
LC_vs_FC,GO:0010959,regulation of metal ion transport,95,-0.42644808681111196,-1.3743772655436386,0.017923484770772612,0.13958220674224972,0.13958220674224972,680,"tags=27%, list=14%, signal=24%",PPP3CC/MS4A1/ACTN2/ACTN4/FLNA/YWHAH/ATP1A2/ATP1B1/BIN1/SLC30A1/NEDD4L/NEDD4/WNK1/OXSR1/F2/CACNA2D1/PPP3CA/PPP3CB/ATP1A1/ATP2B1/FHL1/UTRN/FMR1/STK39/LILRB1/LILRB2,0.35248785758361917
LC_vs_FC,GO:0042770,signal transduction in response to DNA damage,51,-0.45426110008316983,-1.3742853095368464,0.0383419689119171,0.20966254840494192,0.20966254840494192,1822,"tags=59%, list=38%, signal=37%",RPS27L/MAPK14/GRB2/PRPF19/MRE11/PML/PRKDC/CD44/COPS3/CUL1/NDRG1/DTX3L/PARP9/CDC5L/BRCC3/MAPK3/ATM/PPP2R5C/CD74/SKP1/PYHIN1/CCAR2/RPA2/NBN/DDX5/TIPRL/CDK2/CDK1/SP100/STK38,0.23439264729468612
LC_vs_FC,GO:0045727,positive regulation of translation,78,-0.4296900950436879,-1.3722072141470296,0.029522589006813912,0.1854540535952896,0.18545405359528963,1577,"tags=51%, list=33%, signal=35%",AGO2/PCIF1/NIBAN1/PRKDC/EEF2/POLR2G/RBM3/NAT10/KHDRBS1/PRMT1/ELAVL1/EIF6/THBS1/EIF5A/PRKCH/C1QBP/OTUD6B/EIF2B5/CSDE1/RPS6KB1/RPS6KB2/DHX9/SSB/RPL5/PKP1/CNBP/DDX3X/NPM1/EIF4G1/EIF4G3/CIRBP/KRT17/YBX1/POLDIP3/YBX3/EIF3E/FXR1/FXR2/EIF4A3/FMR1,0.35248785758361917
LC_vs_FC,GO:0034340,response to type I interferon,68,-0.4327005039785133,-1.3695149260406443,0.03979591836734694,0.21243173325668296,0.21243173325668294,2259,"tags=74%, list=47%, signal=39%",ADRM1/PSMD3/OAS2/PSMD12/STAT2/PSMA7/PSMA1/PSME2/PSMD6/PSMA3/PSMB4/YTHDF2/PSMD13/PSMC1/PSMC6/SHMT2/PSME1/PSMB7/PTPN6/PSMC2/EIF4E2/IFIT1/STAT1/PSMC3/OAS1/MYD88/PSMB1/PSMC5/IFITM3/PSMA4/MX1/PSMA2/PSMB2/ISG15/OAS3/PSMD11/STING1/SAMHD1/PSMD8/PSMD1/SIN3A/PSMC4/PSMB5/PSMD14/PSMD2/PSMD4/PSMB6/TBK1/SP100/PTPN2,0.22798720285044224
LC_vs_FC,GO:0010638,positive regulation of organelle organization,183,-0.4084858202560546,-1.369187686534014,0.0019435425634407246,0.03338823863281942,0.03338823863281942,1674,"tags=47%, list=35%, signal=32%",CLASP1/MRE11/VASP/SH3GLB1/SMAD3/PML/CNOT1/SEPTIN9/NCKAP1L/MECP2/CCT3/WASF2/FERMT2/SMC2/TCP1/GIT1/CUL3/CASP1/RUVBL2/PDGFRB/DRG1/RB1/GSK3A/CKAP5/PGAM5/PFDN2/CAPRIN1/CCT8/PAK1/SMC4/YME1L1/CTNNB1/LPAR1/PNKP/DCTN1/UBAP2L/MCU/ACTL6A/SNX30/MAPK1/MAPK3/OSBP/NCKAP1/HNRNPA2B1/CCT4/CLIP1/ATM/TPM1/DNM1L/DYNC1H1/ACTN2/CCT2/PDCD6IP/LIMA1/FLNA/HTT/MAD1L1/STXBP1/NBN/ROCK2/HIP1R/TPR/HSPA1A/HSPA1B/RAB3GAP2/ARL2/BIN1/MAPRE1/UCHL5/MAP1B/SERPINF2/PIP4K2C/HNRNPA1/CTTN/PPP3CB/HSP90AA1/CDK2/CDK1/CCT5/ADD3/CCT6A/NES/PDXP/DCN/NUMA1/APOA1,0.45505986738722953
LC_vs_FC,GO:0031640,killing of cells of another organism,40,0.31877294274025353,1.3686626108799491,0.02465228078933953,0.1737215834373924,0.1737215834373924,473,"tags=32%, list=10%, signal=30%",DEFA1/DEFA3/DEFA1B/PLA2G2A/PGLYRP1/MPO/CXCL13/DEFB103A/DEFB103B/PCYOX1L/H2BC12/AZU1/ELANE,0.35248785758361917
LC_vs_FC,GO:0141061,disruption of cell in another organism,40,0.31877294274025353,1.3686626108799491,0.02465228078933953,0.1737215834373924,0.1737215834373924,473,"tags=32%, list=10%, signal=30%",DEFA1/DEFA3/DEFA1B/PLA2G2A/PGLYRP1/MPO/CXCL13/DEFB103A/DEFB103B/PCYOX1L/H2BC12/AZU1/ELANE,0.35248785758361917
LC_vs_FC,GO:0002449,lymphocyte mediated immunity,113,-0.42094483246684955,-1.3681878817629416,0.010570739330965775,0.10542921595884285,0.10542921595884286,1023,"tags=32%, list=21%, signal=26%",YWHAG/IGLL1/MYO1G/EXOSC6/MSH2/ARG1/C1QBP/MAPK3/CORO1A/C1RL/CD74/HLA-A/HLA-C/HSPD1/PCYT1A/C8G/C3/C6/NBN/C2/CRK/C8A/PIK3R1/HLA-G/GNL1/CD274/TUBB4B/TUBB/C4A/C4B/C1S/C1R/CFI/C8B/LILRB1/AZGP1,0.3807304007227924
LC_vs_FC,GO:1904062,regulation of monoatomic cation transmembrane transport,73,-0.4259049192252384,-1.3677867729505877,0.03604531410916581,0.2082114753833476,0.2082114753833476,895,"tags=32%, list=19%, signal=26%",DIAPH1/NIPSNAP2/CAMK2D/PPP3CC/MS4A1/ACTN4/FLNA/ATP1A2/ATP1B1/BIN1/SLC30A1/NEDD4L/NEDD4/WNK1/OXSR1/F2/CACNA2D1/PPP3CA/PPP3CB/FHL1/UTRN/FMR1/STK39,0.24133997681509095
LC_vs_FC,GO:0071357,cellular response to type I interferon,65,-0.433727122624963,-1.3675637052747551,0.03604531410916581,0.2082114753833476,0.2082114753833476,2259,"tags=74%, list=47%, signal=40%",ADRM1/PSMD3/OAS2/PSMD12/STAT2/PSMA7/PSMA1/PSME2/PSMD6/PSMA3/PSMB4/YTHDF2/PSMD13/PSMC1/PSMC6/PSME1/PSMB7/PTPN6/PSMC2/EIF4E2/IFIT1/STAT1/PSMC3/OAS1/MYD88/PSMB1/PSMC5/IFITM3/PSMA4/PSMA2/PSMB2/ISG15/OAS3/PSMD11/STING1/SAMHD1/PSMD8/PSMD1/SIN3A/PSMC4/PSMB5/PSMD14/PSMD2/PSMD4/PSMB6/TBK1/SP100/PTPN2,0.24133997681509095
LC_vs_FC,GO:0141188,nucleic acid catabolic process,176,-0.4055775039555208,-1.3672497666440695,0.0032309507990682597,0.04833672445448173,0.04833672445448173,1668,"tags=49%, list=35%, signal=33%",EXOSC8/TARDBP/MAPKAPK2/CNOT1/RBM26/AGO2/ZC3H14/RBM7/POLR2G/EIF4E2/EXOSC2/PRKCA/PRKCD/SLFN5/CPSF2/DIS3/REXO2/DDX6/EXOSC7/PNPT1/SERBP1/PHAX/ETF1/ELAVL1/MTREX/ELAC2/SRSF1/MYD88/LRPPRC/HNRNPC/PKP3/CAPRIN1/NME1/SNRPF/EXOSC6/LSM2/EDC4/ROCK1/TAF15/FUS/C1QBP/ANG/RBM27/SLIRP/MAGOHB/CSDE1/XRN2/DHX9/SKIC2/ATM/SSB/AKT1/PKP1/SYMPK/KHSRP/ZC3HAV1/ROCK2/NPM1/HSPA1A/HSPA1B/TNKS1BP1/DDX5/EXOSC1/HNRNPA0/EXOSC4/PPP2R1A/GSPT1/NSUN2/HBS1L/CIRBP/ALYREF/WDR82/VIM/MOV10/YBX1/RBM8A/YBX3/INTS3/EIF3E/ZC3H4/FXR1/FXR2/SNW1/PDE12/EIF4A3/FMR1,0.4317076958033464
LC_vs_FC,GO:2000779,regulation of double-strand break repair,48,-0.44882576608100144,-1.3672494774666866,0.04842105263157895,0.24468771929824562,0.24468771929824562,1989,"tags=65%, list=42%, signal=38%",OTUB1/RUVBL1/BCL7C/ACTR2/FH/ARID1A/MRE11/PML/PRKDC/ACTB/TOP2B/RUVBL2/DPF2/PRMT1/CSNK2A1/PPP4C/UBE2V2/PNKP/FUS/C1QBP/ACTL6A/WDR48/ATM/HDGFL2/RPA2/NBN/SMARCC1/PPP4R3A/SMARCC2/SMARCE1/SMARCD2,0.2089550275493539
LC_vs_FC,GO:0007051,spindle organization,79,-0.4259398745587172,-1.3666946865773946,0.027466937945066123,0.17911943553030135,0.17911943553030135,1693,"tags=48%, list=35%, signal=32%",PTPA/RAE1/CLASP1/CHMP5/VCP/RMDN1/GNAI1/CLTC/STAG1/DRG1/KIF2A/CKAP5/TUBG1/MAPRE2/STMN1/EZR/CLASP2/DCTN1/TACC2/SMC1A/GOLGA2/DYNC1H1/KPNB1/FLNA/DCAF13/NUDC/TPR/HSPA1A/HSPA1B/SBDS/SUN2/PPP2R1A/MAPRE1/NTMT1/RCC1/TUBB8/NUMA1/MAP4,0.2765005992544716
LC_vs_FC,GO:0051495,positive regulation of cytoskeleton organization,77,-0.42881272775372625,-1.365882941814083,0.027551020408163266,0.17911943553030135,0.17911943553030135,1858,"tags=52%, list=39%, signal=32%",CFL1/CFL2/SYNPO/PXN/PTK2B/CLASP1/VASP/SMAD3/NCKAP1L/MECP2/WASF2/FERMT2/GIT1/DRG1/CKAP5/PFDN2/PAK1/LPAR1/DCTN1/NCKAP1/CLIP1/TPM1/DYNC1H1/ACTN2/LIMA1/FLNA/ROCK2/HSPA1A/HSPA1B/ARL2/BIN1/MAPRE1/MAP1B/SERPINF2/CTTN/ADD3/NES/PDXP/NUMA1/APOA1,0.2765005992544716
LC_vs_FC,GO:0043487,regulation of RNA stability,85,-0.4167881123777929,-1.3619386796304485,0.025329280648429583,0.1737215834373924,0.1737215834373924,2035,"tags=66%, list=43%, signal=39%",PNN/SYNCRIP/PUM2/PUM1/LARP4B/RNH1/THRAP3/YTHDF2/YTHDF1/BCLAF1/HNRNPU/RBM33/MAPK14/UPF1/TARDBP/MAPKAPK2/CNOT1/AGO2/ZC3H14/POLR2G/PRKCA/PRKCD/DIS3/DDX6/PNPT1/SERBP1/PHAX/ELAVL1/SRSF1/MYD88/HNRNPC/CAPRIN1/LSM2/EDC4/ROCK1/TAF15/FUS/CSDE1/DHX9/AKT1/KHSRP/ROCK2/NPM1/TNKS1BP1/HNRNPA0/NSUN2/CIRBP/VIM/MOV10/YBX1/YBX3/FXR1/FXR2/SNW1/PDE12/FMR1,0.2878571172551493
LC_vs_FC,GO:0014706,striated muscle tissue development,66,-0.43382307700883727,-1.3616973369287528,0.0368474923234391,0.20924021168231738,0.20924021168231735,1793,"tags=59%, list=37%, signal=37%",MYL3/MYLK2/MTPN/COL6A1/TGFB1/NACA/CAV1/EEF2/PDGFRA/DIPK2A/PDGFRB/GSK3A/PRMT1/ENG/CAV2/PGM5/PAK1/CTNNB1/SVIL/DSG2/RPL3L/TPM1/MYH11/ACTA1/ACTN2/MYH14/TOMM70/DDX17/DDX5/MBD2/DSP/PLEC/MYL6B/MYL6/PDLIM5/PPP3CA/PPP3CB/CDK1/NOTCH2,0.2377938344236881
LC_vs_FC,GO:0050792,regulation of viral process,72,-0.4327103021473146,-1.3612630473231,0.02535496957403651,0.1737215834373924,0.1737215834373924,1455,"tags=42%, list=30%, signal=29%",LARP7/IFIT1/DYNLT1/STAT1/TOP2B/OAS1/HMGB1/ILF3/IFITM3/IFIT5/APCS/MX1/DHX9/STAU1/UBP1/TRIM25/ISG15/IFI16/OAS3/ADAR/PPID/DDX3X/ZC3HAV1/DDX5/EIF2AK2/VAPB/PDE12/SRPK2/FMR1/SP100,0.2878571172551493
LC_vs_FC,GO:0043244,regulation of protein-containing complex disassembly,57,-0.4441024005264524,-1.361166970437918,0.04994797086368366,0.2491102088996995,0.24911020889969954,971,"tags=37%, list=20%, signal=30%",SH3BP1/CAPZA1/SVIL/TWF2/SPTB/SPTBN2/CLASP2/ARHGEF2/TMOD3/ACTN2/LIMA1/GSPT1/MAP1B/WNK1/SPTAN1/ADD3/ADD1/NES/SPTBN1/PDXP/SCAF4,0.2042947565168861
LC_vs_FC,GO:0021537,telencephalon development,52,-0.4479578511022676,-1.3604541474297744,0.04665959703075292,0.24208259061200235,0.24208259061200235,1403,"tags=46%, list=29%, signal=33%",EPHB3/SMC2/OGDH/ATIC/AQP1/SUN1/SMC4/LPAR1/TACC2/EIF2B5/XRN2/RTN4/TUBA1A/FLNA/ATP1A2/NEFL/SUN2/UCHL5/SYNE2/SRGAP2/FXR1/FXR2/TUBB2B/TUBB2A,0.21392785549235627
LC_vs_FC,GO:0008154,actin polymerization or depolymerization,91,-0.41784944707850763,-1.3579608793050406,0.02540650406504065,0.1737215834373924,0.1737215834373924,1734,"tags=48%, list=36%, signal=31%",PTK2B/MTPN/VASP/ARPC3/PPP1R9B/MICAL1/NCKAP1L/CORO7/FLII/PRKCD/TRIOBP/CYRIA/DSTN/RDX/ARPC2/ADD2/INF2/MYADM/CAPZB/SH3BP1/CAPZA1/SVIL/TWF2/DIAPH1/SPTB/SPTBN2/ANG/NCKAP1/CYFIP2/ESAM/TMOD3/ACTN2/LIMA1/HIP1R/BIN1/ABI1/CTTN/SPTAN1/KANK2/ADD3/ADD1/SPTBN1/PDXP/ARPC5L,0.2878571172551493
LC_vs_FC,GO:0051052,regulation of DNA metabolic process,160,-0.4045399124699396,-1.3564441226646389,0.005866638348607313,0.07096135959964378,0.07096135959964377,1510,"tags=45%, list=32%, signal=32%",ACTB/CCT3/SRC/XRCC5/MCM7/NAT10/PRKCD/TCP1/TOP2B/RUVBL2/PDGFRB/DPF2/PRMT1/XRCC1/SETD7/USP7/TRIM28/CSNK2A1/CUL2/HNRNPC/HMGB1/CCT8/PPP4C/PDS5A/RFC2/CTNNB1/UBE2V2/MSH2/PNKP/FUS/C1QBP/NUCKS1/ACTL6A/BRCC3/MAPK1/MAPK3/HNRNPA2B1/FAF1/CCT4/DHX9/WDR48/ATM/NIBAN2/SMARCA5/AKT1/CCT2/CUL4A/HDGFL2/RPA2/NBN/RFC3/EGFR/SMARCC1/CUL4B/UCHL5/MCM5/PPP4R3A/SMARCC2/PCNA/SMARCE1/HNRNPA1/HSP90AA1/CDK2/CDK1/CCT5/MCM3/CCT6A/MCM4/KPNA1/SMARCD2/MCM6/MCM2,0.40701791892395395
LC_vs_FC,GO:0002460,adaptive immune response based on somatic recombination of immune receptors built from immunoglobulin superfamily domains,123,-0.41187303675147996,-1.35462668551847,0.01356053984399697,0.11759891349854254,0.11759891349854254,1097,"tags=33%, list=23%, signal=26%",HMGB1/PSMB1/YWHAG/IGLL1/MYO1G/EXOSC6/MSH2/ARG1/C1QBP/PSMA4/PLA2G4A/MAPK3/C1RL/PSMA2/PSMB2/STAT5A/CD74/HLA-A/HLA-C/HSPD1/PCYT1A/C8G/C3/PHB1/C6/NBN/C2/C8A/HLA-G/GNL1/CD274/STAT3/C4A/C4B/C1S/C1R/CFI/C8B/LILRB1/AZGP1,0.3807304007227924
LC_vs_FC,GO:0030833,regulation of actin filament polymerization,63,-0.435790705907163,-1.3537725252025083,0.04145077720207254,0.2188838178949741,0.21888381789497408,1734,"tags=49%, list=36%, signal=32%",PTK2B/MTPN/VASP/ARPC3/NCKAP1L/FLII/PRKCD/TRIOBP/CYRIA/RDX/ADD2/MYADM/CAPZB/CAPZA1/SVIL/TWF2/SPTB/SPTBN2/NCKAP1/CYFIP2/ESAM/TMOD3/HIP1R/BIN1/CTTN/SPTAN1/KANK2/ADD3/ADD1/SPTBN1/ARPC5L,0.22496609354031377
LC_vs_FC,GO:0042391,regulation of membrane potential,75,-0.4254372656652514,-1.3533015904447205,0.03363914373088685,0.20403945677468655,0.20403945677468655,625,"tags=27%, list=13%, signal=24%",AKT1/ACTN2/FLNA/YWHAH/ATP1A2/MYH14/PARK7/ATP1B1/NNT/BIN1/NEDD4L/NEDD4/JUP/DSP/CACNA2D1/ATP1A1/FHL1/EIF4A3/FMR1/DCN,0.24891111443470246
LC_vs_FC,GO:0051607,defense response to virus,119,-0.40933463305236667,-1.3507621258020246,0.014938060614217989,0.1261218386274741,0.12612183862747406,1408,"tags=48%, list=29%, signal=35%",IFIT1/EXOC1/STAT1/PHB2/CASP1/DHX16/USP7/OAS1/PCBP2/TRIM28/MYD88/DTX3L/DHX15/G3BP1/IRF9/ILF3/TLR3/IFITM3/PRKRA/PARP9/IFIT5/C1QBP/IFIT2/MX1/MX2/DHX9/TRIM25/ISG15/RIGI/SMARCA5/GBP5/IFI16/OAS3/STING1/SAMHD1/ADAR/PHB1/DDX60/ZC3HAV1/SIN3A/TOMM70/GBP1/GBP2/DDX17/EXOSC4/DDX21/IFIT3/TRIM22/EIF2AK2/PQBP1/MOV10/VAPB/TBK1/HSP90AA1/UAP1/PDE12/LILRB1,0.3807304007227924
LC_vs_FC,GO:0009615,response to virus,160,-0.4020500360840012,-1.3480954329908639,0.006808710685866801,0.07664855494881735,0.07664855494881735,1229,"tags=41%, list=26%, signal=31%",CLU/USP7/OAS1/PCBP2/TRIM28/MYD88/SAP30BP/DTX3L/EIF5A/DHX15/G3BP1/IRF9/ILF3/ENO1/TLR3/STMN1/IFITM3/PRKRA/PARP9/IFIT5/C1QBP/IFIT2/MX1/MX2/DHX9/PSMA2/TRIM25/ISG15/RIGI/SMARCA5/ACTA2/DCLK1/GBP5/IFI16/OAS3/STING1/SAMHD1/ADAR/PHB1/DDX60/DDX3X/ZC3HAV1/SIN3A/TOMM70/GBP1/GBP2/DDX17/EXOSC4/DDX21/IFIT3/TRIM22/EIF2AK2/PQBP1/MOV10/GBF1/VAPB/TBK1/NFKB1/HSP90AA1/UAP1/CCT5/PDE12/FMR1/LILRB1/APOB,0.40701791892395395
LC_vs_FC,GO:0043488,regulation of mRNA stability,79,-0.41943549436649796,-1.3458243657195623,0.03560528992878942,0.2082114753833476,0.2082114753833476,2035,"tags=67%, list=43%, signal=39%",PNN/SYNCRIP/PUM2/PUM1/LARP4B/THRAP3/YTHDF2/YTHDF1/BCLAF1/HNRNPU/RBM33/MAPK14/UPF1/TARDBP/MAPKAPK2/CNOT1/AGO2/ZC3H14/POLR2G/PRKCA/PRKCD/DIS3/DDX6/PNPT1/SERBP1/ELAVL1/SRSF1/MYD88/HNRNPC/CAPRIN1/LSM2/EDC4/ROCK1/TAF15/FUS/CSDE1/DHX9/AKT1/KHSRP/ROCK2/NPM1/TNKS1BP1/HNRNPA0/CIRBP/VIM/MOV10/YBX1/YBX3/FXR1/FXR2/SNW1/PDE12/FMR1,0.24133997681509095
LC_vs_FC,GO:0008064,regulation of actin polymerization or depolymerization,73,-0.4182997642783136,-1.3433629406042367,0.04840370751802266,0.24468771929824562,0.24468771929824562,1734,"tags=48%, list=36%, signal=31%",PTK2B/MTPN/VASP/ARPC3/NCKAP1L/FLII/PRKCD/TRIOBP/CYRIA/RDX/ADD2/MYADM/CAPZB/SH3BP1/CAPZA1/SVIL/TWF2/SPTB/SPTBN2/NCKAP1/CYFIP2/ESAM/TMOD3/ACTN2/LIMA1/HIP1R/BIN1/CTTN/SPTAN1/KANK2/ADD3/ADD1/SPTBN1/PDXP/ARPC5L,0.2065879226968911
LC_vs_FC,GO:0030832,regulation of actin filament length,73,-0.4182997642783136,-1.3433629406042367,0.04840370751802266,0.24468771929824562,0.24468771929824562,1734,"tags=48%, list=36%, signal=31%",PTK2B/MTPN/VASP/ARPC3/NCKAP1L/FLII/PRKCD/TRIOBP/CYRIA/RDX/ADD2/MYADM/CAPZB/SH3BP1/CAPZA1/SVIL/TWF2/SPTB/SPTBN2/NCKAP1/CYFIP2/ESAM/TMOD3/ACTN2/LIMA1/HIP1R/BIN1/CTTN/SPTAN1/KANK2/ADD3/ADD1/SPTBN1/PDXP/ARPC5L,0.2065879226968911
LC_vs_FC,GO:0016125,sterol metabolic process,60,-0.42782406800248135,-1.340560152509806,0.039337474120082816,0.2112423103918088,0.21124231039180877,643,"tags=20%, list=13%, signal=18%",CYP7B1/KPNB1/LIMA1/ERG28/PMVK/NSDHL/APOL2/APOB/APOA1/CYP51A1/APOA4/APOL1,0.2311267096738343
LC_vs_FC,GO:0044782,cilium organization,73,-0.4171261322740564,-1.3395938403678398,0.04840370751802266,0.24468771929824562,0.24468771929824562,1407,"tags=42%, list=29%, signal=30%",DYNLT1/PCM1/GRK2/CUL1/USP9X/RAB11B/NUDCD3/ODAD4/DYNLT3/EHD2/GDI2/LPAR1/DNAH1/DCTN1/SYNE1/AKT1/EHD1/SKP1/LIMA1/FLNA/CFAP20/HTT/NHERF1/GBF1/SYNE2/TTC39C/PARVA/EXOC4/DNAAF1/MAP4/ABLIM1,0.2065879226968911
LC_vs_FC,GO:0007015,actin filament organization,215,-0.3941108658975486,-1.3353118001526454,0.0036140261711577974,0.052662648033462725,0.05266264803346272,1884,"tags=51%, list=39%, signal=32%",IQGAP1/INPP5K/ACTR2/CFL1/CFL2/ARPC1B/ARHGAP25/SYNPO/INPPL1/IQGAP2/PXN/MYO1C/PTK2B/MTPN/CLASP1/VASP/ARPC3/SMAD3/MYO1D/RHOG/PPP1R9B/DNM2/MICAL1/CD2AP/NCKAP1L/CORO7/SRC/FLII/WASF2/ARPC1A/PRKCD/TRIOBP/MYO5A/CYRIA/FERMT2/DSTN/PAWR/RDX/SH3KBP1/CUL3/ARPC2/DSG3/MYO1F/MYO1E/ADD2/INF2/MYADM/ZYX/CAPZB/DPYSL3/PAK1/POF1B/WASHC1/MYO1G/SH3BP1/CAPZA1/ARHGEF12/EZR/SVIL/TWF2/ROCK1/LPAR1/DIAPH1/SPTB/SPTBN2/CLASP2/ARHGEF2/ANG/PLS3/CNN1/CORO1A/CORO1C/NCKAP1/TACSTD2/CYFIP2/TPM1/TPM2/TPM3/TPM4/ESAM/TMOD3/ACTA1/ACTN1/ACTN2/LIMA1/FLNA/TJP1/PAK2/ROCK2/HIP1R/SHTN1/HIP1/BIN1/LCP1/SERPINF2/PIK3R1/PLEC/ABI1/CTTN/PARVA/SPTAN1/RHOB/KANK2/ADD3/ADD1/SPTBN1/PDLIM1/PDXP/APOA1/ARPC5L,0.4317076958033464
LC_vs_FC,GO:0044092,negative regulation of molecular function,87,-0.415665399174611,-1.3351251141308134,0.04158215010141988,0.2188838178949741,0.21888381789497408,1582,"tags=43%, list=33%, signal=29%",CALM1/CALM2/CALM3/SFN/PSME3IP1/SERPINB1/PPP1R12A/NOSIP/SERPINB8/RB1/XRCC1/SNX6/DTX3L/YWHAG/ABCE1/CNRIP1/PARP9/ECM1/ROCK1/GOLGA2/CORO1C/DNAJA1/GNAI3/CAND1/IFI16/SYMPK/ADAR/CCAR2/MAD2L1/ARL2/PDCD4/RCC2/NES/EIF4A2/FMR1/TIMP1/STK38,0.2220560461452484
LC_vs_FC,GO:0002753,cytoplasmic pattern recognition receptor signaling pathway,81,-0.41875188920728,-1.3302821276557415,0.03790983606557377,0.20924021168231738,0.20924021168231735,1632,"tags=47%, list=34%, signal=31%",WDFY1/NOD1/NAGK/PRKDC/CSNK1A1/SRC/BTK/PHB2/OAS1/PCBP2/USP15/MYD88/HMGB1/TLR3/TKFC/C1QBP/BRCC3/RTN4/TRIM25/RIGI/AKT1/GBP5/IFI16/OAS3/STING1/PHB1/DDX60/DDX3X/ZC3HAV1/GBP2/HSPA1A/HSPA1B/HSPA8/EGFR/XIAP/EIF2AK2/TBK1/IPO5,0.23439264729468612
LC_vs_FC,GO:0002221,pattern recognition receptor signaling pathway,117,-0.40147851214652197,-1.3263232581753557,0.032160804020100506,0.1987327944068167,0.19873279440681674,1678,"tags=45%, list=35%, signal=30%",APPL1/MAPKAPK3/MAPKAPK2/WDFY1/NOD1/NAGK/PRKDC/APPL2/CSNK1A1/SRC/NMI/BTK/PHB2/CASP1/MASP1/OAS1/PCBP2/USP15/MYD88/HMGB1/TLR3/TKFC/GDI1/C1QBP/LBP/BRCC3/RTN4/TRIM25/RIGI/AKT1/HSPD1/GBP5/IFI16/OAS3/STING1/PHB1/DDX60/DDX3X/ZC3HAV1/GBP2/GPR108/HSPA1A/HSPA1B/HSPA8/EGFR/XIAP/IFI35/EIF2AK2/PIK3R1/TBK1/RPS6KA3/CD274/IPO5,0.2529611230696109
LC_vs_FC,GO:0045088,regulation of innate immune response,207,-0.3877371439727713,-1.3145508799432803,0.008658123343254808,0.09031455267230015,0.09031455267230015,1653,"tags=44%, list=35%, signal=30%",HMGB2/CASP8/MAPKAPK3/MAPKAPK2/TGFB1/WDFY1/NOD1/NAGK/SFN/PRKDC/APPL2/CSNK1A1/PTPN6/SRC/EIF4E2/XRCC5/NMI/BTK/PSPC1/PHB2/CASP1/MASP1/OAS1/PCBP2/PARP14/USP15/DDX39A/MYD88/HMGB1/PAK1/YWHAZ/TLR3/TKFC/PARP9/GDI1/ARG1/C1QBP/LBP/BRCC3/DHX9/RTN4/TRIM25/ISG15/RIGI/AKT1/HLA-A/HLA-C/HSPD1/GBP5/PYHIN1/IFI16/RBM14/OAS3/STING1/SAMHD1/C3/PHB1/DDX60/CFP/PAK2/DDX3X/ZC3HAV1/SIN3A/TOMM70/GBP2/GPR108/HSPA1A/HSPA1B/HSPA8/CRK/EGFR/XIAP/IFI35/NONO/SFPQ/EIF2AK2/PQBP1/SERPING1/PIK3R1/HLA-G/CPT1A/CFH/TBK1/RPS6KA3/CD274/HSP90AA1/MATR3/CFI/LILRB1/IPO5/PTPN2/A2M,0.3807304007227924
LC_vs_FC,GO:0007059,chromosome segregation,141,-0.3956837199163855,-1.313771923659508,0.03006012024048096,0.18779316875509258,0.18779316875509258,1407,"tags=38%, list=29%, signal=28%",DYNLT1/PRP4K/STAG1/SMC2/TOP2B/CUL3/DPF2/DRG1/RB1/USP9X/CHAMP1/KIF2A/PPP1R7/TUBG1/CSNK2A1/SUN1/MAPRE2/DYNLT3/SMC4/PPP1CC/CLASP2/DYNC1I2/ACTL6A/SMC1A/GOLGA2/ATM/DYNC1H1/SMARCA5/KPNB1/FLNA/DCAF13/MAD1L1/DYNC1LI1/DDX3X/NUDC/TPR/HSPA1A/HSPA1B/MAD2L1/BUB3/SMARCC1/PPP2R1A/RCC2/MAPRE1/BAG6/SMARCC2/SMARCE1/NTMT1/RCC1/CDK1/TUBB8/MTCL1/NUMA1/SMARCD2,0.26166352171157314
LC_vs_FC,GO:0048285,organelle fission,128,-0.39774495683542965,-1.311570752271317,0.029087261785356068,0.1854540535952896,0.18545405359528963,1407,"tags=43%, list=29%, signal=31%",DYNLT1/PRP4K/STAG1/SMC2/TOP2B/CUL3/PDGFRB/OPA1/DRG1/RB1/CHAMP1/KIF2A/PGAM5/TUBG1/INF2/SUN1/CAV2/DYNLT3/SMC4/PPP1CC/GDAP1/NSFL1C/CLASP2/PRMT5/DYNC1I2/MCU/SMC1A/GOLGA2/CORO1C/ATM/DNM1L/DYNC1H1/SMARCA5/KPNB1/FLNA/TMCC1/DCAF13/MAD1L1/DYNC1LI1/NUDC/TPR/HSPA1A/HSPA1B/MAD2L1/BUB3/MAPRE1/HSPA2/BAG6/RCC1/CDK1/PEX11B/TUBB8/PDXP/DCN/NUMA1,0.2663506570885256
LC_vs_FC,GO:0031032,actomyosin structure organization,88,-0.40632491502541435,-1.3106718061795541,0.038539553752535496,0.20966254840494192,0.20966254840494192,1884,"tags=53%, list=39%, signal=33%",IQGAP1/INPP5K/MYH9/SYNPO/VPS4A/IQGAP2/PXN/EPB41L3/CLASP1/SMAD3/MYO18A/DNM2/CSRP1/SRC/FLII/WASF2/PDGFRA/FERMT2/CUL3/PDGFRB/ZYX/PGM5/PAK1/ROCK1/LPAR1/CLASP2/CNN1/TACSTD2/TPM1/MYH11/TMOD3/ACTA1/ACTN2/PDCD6IP/TJP1/MYH14/PAK2/EPB41L2/ROCK2/FLNC/SERPINF2/PIK3R1/PLEC/KRT8/PDLIM1/APOA1/KRT19,0.2311267096738343
LC_vs_FC,GO:0002758,innate immune response-activating signaling pathway,123,-0.3979089663761478,-1.3086996626716294,0.02506583518943973,0.1737215834373924,0.1737215834373924,1678,"tags=45%, list=35%, signal=30%",APPL1/MAPKAPK3/MAPKAPK2/WDFY1/NOD1/NAGK/PRKDC/APPL2/CSNK1A1/SRC/NMI/BTK/PHB2/CASP1/MASP1/OAS1/PCBP2/USP15/MYD88/HMGB1/PAK1/TLR3/TKFC/GDI1/C1QBP/LBP/BRCC3/RTN4/TRIM25/RIGI/AKT1/HSPD1/GBP5/IFI16/OAS3/STING1/PHB1/DDX60/PAK2/DDX3X/ZC3HAV1/GBP2/GPR108/HSPA1A/HSPA1B/HSPA8/EGFR/XIAP/IFI35/EIF2AK2/PIK3R1/TBK1/RPS6KA3/CD274/IPO5,0.35248785758361917
LC_vs_FC,GO:0007018,microtubule-based movement,106,-0.40112889648906724,-1.3041038122771536,0.03838383838383838,0.20966254840494192,0.20966254840494192,1608,"tags=46%, list=34%, signal=31%",KLC2/KLC4/KIF13B/AP3M1/PSMB7/COPG1/MECP2/BICD2/PSME3/DYNLT1/PCM1/RAB6A/GRK2/OPA1/MAP2K1/KIF2A/PURA/FLOT2/SUN1/LRPPRC/ODAD4/PSMB1/DYNLT3/DNAH1/KTN1/PSMA4/DYNC1I2/HOOK3/PSMA2/KLC1/STAU1/PSMB2/DYNC1H1/TUBA1A/KPNB1/CFAP20/HTT/DYNC1LI1/NEFL/NHERF1/RAB1A/SUN2/PSMB5/SFPQ/SYNE2/PSMB6/TUBB4B/DNAAF1/MAP4,0.2311267096738343
LC_vs_FC,GO:0002833,positive regulation of response to biotic stimulus,175,-0.3878655072169896,-1.3012467617896386,0.015229813431911682,0.1261218386274741,0.12612183862747406,1766,"tags=46%, list=37%, signal=30%",NLRX1/XRCC6/IKBKB/HLA-DRB1/APPL1/HMGB2/MAPKAPK3/MAPKAPK2/WDFY1/NOD1/NAGK/PRKDC/APPL2/CSNK1A1/SRC/XRCC5/NMI/PRKCA/BTK/PSPC1/PHB2/CASP1/MASP1/OAS1/PCBP2/USP15/MYD88/HMGB1/YWHAG/PAK1/TLR3/TKFC/PARP9/GDI1/C1QBP/LBP/BRCC3/DHX9/RTN4/TRIM25/RIGI/AKT1/HLA-C/HSPD1/GBP5/PYHIN1/IFI16/RBM14/OAS3/STING1/PHB1/DDX60/CFP/PAK2/DDX3X/ZC3HAV1/SIN3A/TOMM70/GBP2/GPR108/HSPA1A/HSPA1B/HSPA8/EGFR/XIAP/IFI35/NONO/SFPQ/EIF2AK2/PQBP1/PIK3R1/HLA-G/HRG/CPT1A/TBK1/CD180/RPS6KA3/CD274/HSP90AA1/MATR3/IPO5,0.3807304007227924
LC_vs_FC,GO:0006936,muscle contraction,140,-0.39126244642223124,-1.2959733821556643,0.025075225677031094,0.1737215834373924,0.1737215834373924,1591,"tags=41%, list=33%, signal=28%",KIT/CAV1/CALM1/CALM2/CALM3/MYLK/RPL21/RPL36/EEF2/PRKACA/RPL18A/RPL34/STUB1/GSTO1/GRK2/MAP2K1/RPL9/SYNM/PGAM2/ENO1/DSG2/ROCK1/RPL3L/CAMK2D/CNN1/TPM1/TPM2/TPM3/TPM4/RPL35A/MYH11/TMOD3/ACTA1/ACTA2/RPL5/FLNA/RPL27/ATP1A2/MYH14/ATP1B1/ROCK2/BIN1/NEDD4L/CRYAB/EMD/JUP/DSP/MYL6B/MYL6/CACNA2D1/RAP1GDS1/DES/CTTN/ATP1A1/HSP90AA1/ATP2B1/UTRN/GAA,0.2878571172551493
LC_vs_FC,GO:0110053,regulation of actin filament organization,126,-0.38389272663629637,-1.2673123474213244,0.045090180360721446,0.23517217922082698,0.23517217922082698,1020,"tags=29%, list=21%, signal=24%",PAK1/WASHC1/SH3BP1/CAPZA1/SVIL/TWF2/ROCK1/LPAR1/SPTB/SPTBN2/CLASP2/CORO1A/NCKAP1/TACSTD2/CYFIP2/TPM1/ESAM/TMOD3/ACTN2/LIMA1/FLNA/TJP1/PAK2/ROCK2/HIP1R/BIN1/SERPINF2/PIK3R1/CTTN/SPTAN1/KANK2/ADD3/ADD1/SPTBN1/PDXP/APOA1/ARPC5L,0.21140018938492272
LC_vs_FC,GO:0006417,regulation of translation,188,-0.37483678559817896,-1.26558128425721,0.025025025025025027,0.1737215834373924,0.1737215834373924,2033,"tags=59%, list=42%, signal=35%",RACK1/EIF2S3/SYNCRIP/CYFIP1/PUM2/PUM1/LARP4B/ELP3/APP/ELP2/METAP1/SARS1/IGFBP5/YTHDF2/YTHDF1/GZMB/EIF4G2/LIMD1/HNRNPU/GEMIN5/EIF3C/RPS27L/EIF2B4/MTPN/ACO1/UPF1/SHMT2/PML/TRAP1/CNOT1/AGO2/PCIF1/NIBAN1/PRKDC/DAPL1/SARNP/EEF2/POLR2G/RBM3/EIF4E2/NAT10/PRKCA/KHDRBS1/DDX6/EIF4E/PRMT1/SERBP1/SHMT1/ETF1/ELAVL1/GCN1/EIF6/PURA/CSNK2A1/NCL/THBS1/LRPPRC/CAPRIN1/EIF5A/PRKCH/PA2G4/ILF3/ABCE1/EPRS1/C1QBP/ANG/GAPDH/OTUD6B/EIF2B5/CSDE1/EIF4H/RPS6KB1/RPS6KB2/BZW1/DHX9/TIA1/SSB/EIF3K/RPL5/AKT1/RBM4/EIF2A/PKP1/CNBP/METAP2/DDX3X/RPS6KA1/NPM1/TPR/EIF4G1/EIF4G3/GSPT1/EIF2AK2/HBS1L/CIRBP/KRT13/KRT17/EIF5B/YBX1/RBM8A/POLDIP3/YBX3/RPS6KA3/EIF3E/FXR1/FXR2/BZW2/EIF4A2/EIF4A3/FMR1,0.2878571172551493
LC_vs_FC,GO:0006364,rRNA processing,124,-0.3820084256147973,-1.2599259293642953,0.04819277108433735,0.24468771929824562,0.24468771929824562,1842,"tags=46%, list=38%, signal=29%",EBNA1BP2/MAK16/RPS27L/IMP4/KRI1/RCL1/ERI1/EXOSC8/BYSL/BUD23/PRKDC/SNU13/EXOSC2/NAT10/DIS3/EXOSC7/WDR77/UTP18/EIF6/WDR12/MTREX/NOP56/PWP2/RPS24/PA2G4/NOL6/PNO1/PDCD11/FTSJ3/EXOSC6/PRMT5/SART1/UTP15/HEATR1/XRN2/EMG1/RPS21/RRP1/RPL35A/RPL5/RPS15/UTP6/DCAF13/RPL27/DDX17/SBDS/EXOSC1/EXOSC4/DDX21/PES1/RPS27/NOP2/RRP9/DNTTIP2/IMP3/BOP1/EIF4A3,0.2042947565168861
LC_vs_FC,GO:0003012,muscle system process,169,-0.37618793098421915,-1.2570420267166538,0.039,0.21115714285714288,0.21115714285714285,1591,"tags=41%, list=33%, signal=28%",KIT/CAV1/CALM1/CALM2/CALM3/GNAI1/MYLK/RPL21/RPL36/EEF2/PRKACA/PRKCA/RPL18A/RPL34/STUB1/PDGFRB/GSTO1/GRK2/MAP2K1/GSK3A/RPL9/SYNM/PGAM2/PAK1/ENO1/HMOX1/DSG2/ROCK1/RPL3L/CAMK2D/CNN1/TPM1/TPM2/TPM3/TPM4/RPL35A/MYH11/TMOD3/ACTA1/ACTA2/RPL5/FLNA/RPL27/ATP1A2/MYH14/ATP1B1/PAK2/ROCK2/TOMM70/BIN1/NEDD4L/CRYAB/EMD/JUP/HDAC2/DSP/MYL6B/MYL6/PDLIM5/CACNA2D1/RAP1GDS1/DES/CTTN/PPP3CA/ATP1A1/HSP90AA1/ATP2B1/UTRN/GAA,0.22798720285044224
LC_vs_FC,GO:0051656,establishment of organelle localization,168,-0.37190807861263353,-1.2426294091267447,0.037111334002006016,0.20924021168231738,0.20924021168231735,1595,"tags=42%, list=33%, signal=29%",AP3M1/DNM2/KIT/GNAQ/COPG1/GNAI1/BICD2/MYO5A/DYNLT1/EXOC1/BTK/PCM1/CUL3/RAB6A/HGS/OPA1/MAP2K1/EIF6/EXOC8/RAB11B/DNM1/DNM3/SUN1/LIN7C/LRPPRC/EXOC5/YWHAZ/EXOC2/EZR/NSFL1C/CLASP2/XPO1/STARD3NL/DCTN1/HOOK3/TACC2/SYNE1/EXOC3/SEC16A/MX1/MX2/DYNC1H1/RPS15/ACTN4/TUBA1A/PDCD6IP/KPNB1/LMNB1/LMNB2/HTT/NMD3/STXBP1/NUDC/NPM1/NEFL/NUP88/NHERF1/RAB1A/SAR1A/SUN2/EXOC7/MAPRE1/GBF1/SYNE2/EXOC4/TRAPPC11/SYNE3/NUMA1/RBM10/MAP4,0.23439264729468612
LC_vs_FC,NA,NA,NA,NA,NA,NA,NA,NA,NA,NA,,NA
LC_vs_FC,NA,NA,NA,NA,NA,NA,NA,NA,NA,NA,,NA
LC_vs_FC,NA,NA,NA,NA,NA,NA,NA,NA,NA,NA,,NA
LC_vs_FC,NA,NA,NA,NA,NA,NA,NA,NA,NA,NA,,NA
LC_vs_FC,NA,NA,NA,NA,NA,NA,NA,NA,NA,NA,,NA
LC_vs_FC,NA,NA,NA,NA,NA,NA,NA,NA,NA,NA,,NA
LC_vs_FC,NA,NA,NA,NA,NA,NA,NA,NA,NA,NA,,NA
Infected_vs_Healthy,GO:0006721,terpenoid metabolic process,37,-0.5522615128738546,-2.8746407828458462,1.3966123534510023e-7,1.5376702011495535e-5,1.0994858017933033e-5,364,"tags=43%, list=9%, signal=40%",SDR16C5/APOE/SDR9C7/RDH11/ACAT2/FDPS/MVD/FDFT1/AKR1C3/RETSAT/ALDH3A2/HMGCS2/LIPE/MVK/ADH1B/HMGCS1,0.6901324587967956
Infected_vs_Healthy,GO:0007601,visual perception,27,-0.4931406824571217,-2.1440028116775007,1.4612679725481423e-4,0.002594929093186298,0.0018554613937928652,283,"tags=30%, list=7%, signal=28%",RDH11/TGFBI/EFEMP1/KRT12/TACSTD2/COL1A1/COL2A1/LUM,0.5188480777437918
Infected_vs_Healthy,GO:0050953,sensory perception of light stimulus,27,-0.4931406824571217,-2.1440028116775007,1.4612679725481423e-4,0.002594929093186298,0.0018554613937928652,283,"tags=30%, list=7%, signal=28%",RDH11/TGFBI/EFEMP1/KRT12/TACSTD2/COL1A1/COL2A1/LUM,0.5188480777437918
Infected_vs_Healthy,GO:0006720,isoprenoid metabolic process,39,-0.42840935991304696,-1.9827743938789701,6.973386472585938e-5,0.0016356175539324546,0.0011695214463857066,364,"tags=41%, list=9%, signal=38%",SDR16C5/APOE/SDR9C7/RDH11/ACAT2/FDPS/MVD/FDFT1/AKR1C3/RETSAT/ALDH3A2/HMGCS2/LIPE/MVK/ADH1B/HMGCS1,0.5384340963099162
Infected_vs_Healthy,GO:0001906,cell killing,74,0.6199663135957385,1.8390950585876926,6.826526015078636e-9,2.505335047533859e-6,1.7913986441561527e-6,667,"tags=41%, list=16%, signal=35%",CORO1A/PTPRC/GBP1/DEFA1/DEFA3/DEFA1B/GBP2/HLA-A/HLA-C/LGALS9/ITGAM/HLA-DRB1/CYRIB/SERPINB9/ICAM1/H2BC12/HLA-B/HLA-E/HLA-G/CTSC/GRB2/KRT6A/RPS19/STX7/CLU/RAB27A/HLA-DRA/SERPINB4/RPL30/NCKAP1L,0.7614608014455848
Infected_vs_Healthy,GO:0048705,skeletal system morphogenesis,18,-0.4618747587487998,-1.8238307045077777,0.006673963663630939,0.042874265197707026,0.030656538581523066,496,"tags=33%, list=12%, signal=30%",FBN2/MGP/COL3A1/COL28A1/CTNNB1/COL2A1,0.40701791892395395
Infected_vs_Healthy,GO:1903039,positive regulation of leukocyte cell-cell adhesion,73,0.6039975948512124,1.7903321368700438,2.424447747489367e-7,2.224430808321494e-5,1.590542685286266e-5,814,"tags=45%, list=19%, signal=37%",PTPRC/ITGB2/HLA-A/LGALS9/PTPN6/HLA-DPB1/HLA-DRB1/CSK/CYRIB/HMGB1/AP3B1/HLA-E/HLA-G/CD47/TFRC/SMARCC2/HLA-DRB5/RELA/HSPH1/LYN/SRC/YES1/SART1/CD44/HLA-DRB3/LCK/NCK1/HLA-DRA/SMARCD2/NCKAP1L/YWHAG/SMARCE1/NCK2,0.674962860011025
Infected_vs_Healthy,GO:0042098,T cell proliferation,39,0.6354813329414539,1.7894597172569409,1.324968795867966e-5,3.838922748027975e-4,2.744958608473139e-4,863,"tags=44%, list=20%, signal=35%",PTPRC/HLA-A/LGALS9/HLA-DPB1/HLA-DRB1/MSN/HMGB1/RAC2/CTPS1/HLA-E/HLA-G/TFRC/PRKAR1A/NCK1/NCKAP1L/NCK2/CEBPB,0.5933254763964051
Infected_vs_Healthy,GO:0051216,cartilage development,23,-0.45876734729396396,-1.7847645874555427,7.546924775443815e-4,0.008655379351837125,0.006188886732255971,394,"tags=39%, list=9%, signal=36%",MGP/GPLD1/COL3A1/NFIB/TGFBI/EFEMP1/COL2A1/LUM/OGN,0.47727081536286214
Infected_vs_Healthy,GO:0002695,negative regulation of leukocyte activation,48,0.6299629264913336,1.782428750186153,2.3113507000070603e-6,1.0330763404873857e-4,7.386842560162171e-5,904,"tags=56%, list=21%, signal=45%",PTPRC/LGALS9/PTPN6/HLA-DRB1/CSK/MNDA/PSMA4/HMGB1/GRN/PSMB8/HLA-E/HLA-G/PSMA2/PSMA3/LYN/SRC/FN1/PRKAR1A/PSMB2/PSMA7/FGR/PSMB1/PSMB9/PSMB4/STAT5A/CEBPB/PSMA1,0.6272567397185284
Infected_vs_Healthy,GO:0046651,lymphocyte proliferation,50,0.6233286380676035,1.7679807772370868,2.345768257237479e-6,1.0330763404873857e-4,7.386842560162171e-5,888,"tags=42%, list=21%, signal=34%",PTPRC/HLA-A/LGALS9/HLA-DPB1/HLA-DRB1/MNDA/MSN/HMGB1/RAC2/CTPS1/CD74/HLA-E/HLA-G/TFRC/LYN/PRKAR1A/NCK1/NCKAP1L/NCK2/CEBPB/PCYT1A,0.6272567397185284
Infected_vs_Healthy,GO:0031640,killing of cells of another organism,29,0.6461219760185288,1.7604008524950525,1.3958264579613306e-4,0.002594929093186298,0.0018554613937928652,359,"tags=28%, list=8%, signal=25%",GBP1/DEFA1/DEFA3/DEFA1B/GBP2/H2BC12/KRT6A/RPS19,0.5188480777437918
Infected_vs_Healthy,GO:0141061,disruption of cell in another organism,29,0.6461219760185288,1.7604008524950525,1.3958264579613306e-4,0.002594929093186298,0.0018554613937928652,359,"tags=28%, list=8%, signal=25%",GBP1/DEFA1/DEFA3/DEFA1B/GBP2/H2BC12/KRT6A/RPS19,0.5188480777437918
Infected_vs_Healthy,GO:0034308,primary alcohol metabolic process,36,-0.37750765661181807,-1.756272192436986,0.0012150433288602817,0.012273052340139177,0.008775644336842208,364,"tags=31%, list=9%, signal=28%",SDR16C5/SDR9C7/ACP3/RDH11/AKR1C2/AKR1C3/RETSAT/ALDH3A2/LIPE/ACSS2/ADH1B,0.45505986738722953
Infected_vs_Healthy,GO:0032944,regulation of mononuclear cell proliferation,44,0.6204698414249734,1.751069875036044,9.120760666440349e-6,2.7894326371530066e-4,1.9945379557435356e-4,863,"tags=41%, list=20%, signal=33%",PTPRC/HLA-A/LGALS9/HLA-DPB1/HLA-DRB1/MNDA/HMGB1/RAC2/CD74/HLA-E/HLA-G/TFRC/LYN/PRKAR1A/NCK1/NCKAP1L/NCK2/CEBPB,0.5933254763964051
Infected_vs_Healthy,GO:0050670,regulation of lymphocyte proliferation,44,0.6204698414249734,1.751069875036044,9.120760666440349e-6,2.7894326371530066e-4,1.9945379557435356e-4,863,"tags=41%, list=20%, signal=33%",PTPRC/HLA-A/LGALS9/HLA-DPB1/HLA-DRB1/MNDA/HMGB1/RAC2/CD74/HLA-E/HLA-G/TFRC/LYN/PRKAR1A/NCK1/NCKAP1L/NCK2/CEBPB,0.5933254763964051
Infected_vs_Healthy,GO:0032943,mononuclear cell proliferation,51,0.6085643145327239,1.748292134466296,6.376559539178757e-6,2.340197350878604e-4,1.673319648622803e-4,888,"tags=41%, list=21%, signal=33%",PTPRC/HLA-A/LGALS9/HLA-DPB1/HLA-DRB1/MNDA/MSN/HMGB1/RAC2/CTPS1/CD74/HLA-E/HLA-G/TFRC/LYN/PRKAR1A/NCK1/NCKAP1L/NCK2/CEBPB/PCYT1A,0.610526878385931
Infected_vs_Healthy,GO:0002832,negative regulation of response to biotic stimulus,52,0.6059351755140127,1.7471419710267584,3.926966042241143e-6,1.5911797121830499e-4,1.137746898092268e-4,359,"tags=35%, list=8%, signal=32%",HLA-A/LGALS9/PTPN6/IFI16/SERPINB9/GRN/YTHDF3/YTHDF2/TRIM21/OAS3/HLA-B/HLA-E/HLA-G/PCBP2/GRB2/SAMHD1/PARP1/RPS19,0.610526878385931
Infected_vs_Healthy,GO:0042129,regulation of T cell proliferation,35,0.6277745727960659,1.7463152570336424,9.069649802371905e-5,0.0019971368864822934,0.0014280199026315138,863,"tags=43%, list=20%, signal=34%",PTPRC/HLA-A/LGALS9/HLA-DPB1/HLA-DRB1/HMGB1/RAC2/HLA-E/HLA-G/TFRC/PRKAR1A/NCK1/NCKAP1L/NCK2/CEBPB,0.5384340963099162
Infected_vs_Healthy,GO:0050866,negative regulation of cell activation,59,0.5954491834857634,1.7429984614924938,4.046596906550899e-6,1.5911797121830499e-4,1.137746898092268e-4,904,"tags=49%, list=21%, signal=39%",PTPRC/LGALS9/PTPN6/HLA-DRB1/CSK/MNDA/PSMA4/HMGB1/GRN/PSMB8/HLA-E/HLA-G/PRKCD/PSMA2/PSMA3/LYN/SRC/FN1/PRKAR1A/PSMB2/PSMA7/FGR/PSMB1/PSMB9/PSMB4/STAT5A/CEBPB/TMX1/PSMA1,0.610526878385931
Infected_vs_Healthy,GO:0007159,leukocyte cell-cell adhesion,124,0.5759524050538434,1.7428384625751367,6.906712664784655e-10,3.8021453219639525e-7,2.718661514497027e-7,827,"tags=45%, list=20%, signal=37%",PTPRC/ITGB2/HLA-A/LGALS9/ITGAM/PTPN6/FERMT3/HLA-DPB1/HLA-DRB1/CSK/PSMA4/CYRIB/MSN/S100A8/HMGB1/PSMB8/ICAM1/RAC2/AP3B1/HLA-E/HLA-G/CD47/TFRC/SMARCC2/PECAM1/HLA-DRB5/RELA/PSMA2/PSMA3/HSPH1/LYN/SRC/YES1/SART1/ITGAX/CD44/PRKAR1A/PSMB2/WNK1/ROCK1/HLA-DRB3/PSMA7/LCK/NCK1/HLA-DRA/STK10/PSMB1/SMARCD2/PSMB9/NCKAP1L/F11R/YWHAG/SMARCE1/NCK2/PSMB4/STAT5A,0.8012155746177786
Infected_vs_Healthy,GO:0002703,regulation of leukocyte mediated immunity,67,0.5928495345252491,1.7423512732183526,9.056107610649699e-7,5.671485603717764e-5,4.055302555581174e-5,1135,"tags=57%, list=27%, signal=42%",PTPRC/ITGB2/HLA-A/HLA-C/LGALS9/ITGAM/HLA-DRB1/VAMP8/CYRIB/SERPINB9/HMGB1/ICAM1/RAC2/HLA-B/HLA-E/HLA-G/TFRC/GRB2/STX7/LYN/BST2/HLA-DRB3/C4BPA/RIGI/FGR/HLA-DRA/SERPINB4/DDX21/NCKAP1L/YWHAG/PLCG2/AP1G1/VAMP7/LAMP1/TP53BP1/STXBP2/MAPK3/PRKAA1,0.6594443980379349
Infected_vs_Healthy,GO:0019882,antigen processing and presentation,57,0.5975865364196857,1.7408016396833763,7.327901431297817e-6,2.602586927696418e-4,1.8609370024832498e-4,309,"tags=37%, list=7%, signal=35%",CTSS/TAP2/HLA-A/HLA-C/CALR/HLA-DPB1/HLA-DRB1/TAP1/YTHDF1/AP3B1/CD74/HLA-B/HLA-E/HLA-G/PDIA3/RAB10/RAB35/RAB8B/RAB4A/RAB6A/HLA-DRB5,0.610526878385931
Infected_vs_Healthy,GO:0022409,positive regulation of cell-cell adhesion,92,0.5772844789455907,1.7355014897797354,3.8356529545292286e-8,7.0384231715611345e-6,5.032708794355961e-6,814,"tags=40%, list=19%, signal=33%",PTPRC/ITGB2/HLA-A/LGALS9/PTPN6/HLA-DPB1/HLA-DRB1/CSK/CYRIB/HMGB1/FGG/AP3B1/HLA-E/HLA-G/CD47/TFRC/SMARCC2/HLA-DRB5/RELA/HSPH1/LYN/SRC/YES1/SART1/CD44/FGB/HLA-DRB3/LCK/NCK1/HLA-DRA/FGA/SMARCD2/NCKAP1L/F11R/YWHAG/SMARCE1/NCK2,0.7195128263389107
Infected_vs_Healthy,GO:0050870,positive regulation of T cell activation,69,0.5908568002466619,1.7327659569841722,9.272183548312421e-7,5.671485603717764e-5,4.055302555581174e-5,814,"tags=43%, list=19%, signal=36%",PTPRC/HLA-A/LGALS9/PTPN6/HLA-DPB1/HLA-DRB1/CSK/CYRIB/HMGB1/AP3B1/HLA-E/HLA-G/CD47/TFRC/SMARCC2/HLA-DRB5/HSPH1/LYN/SRC/YES1/SART1/HLA-DRB3/LCK/NCK1/HLA-DRA/SMARCD2/NCKAP1L/YWHAG/SMARCE1/NCK2,0.6594443980379349
Infected_vs_Healthy,GO:0060538,skeletal muscle organ development,29,-0.35942176105750945,-1.727818293637993,0.010768481881769555,0.06111391006097052,0.04369849682583185,372,"tags=41%, list=9%, signal=38%",ACTA1/MYLK2/CAV1/IGSF8/CAV2/CTNNB1/ASS1/GPC1/DES/PLEC/COL6A1/MYH14,0.3807304007227924
Infected_vs_Healthy,GO:0034341,response to type II interferon,48,0.6091764836140974,1.7236152044353814,1.2529356252872308e-5,3.728330063354706e-4,2.6658811271708675e-4,1029,"tags=62%, list=24%, signal=48%",GBP1/GBP2/STAT1/LGALS9/PSMA4/PSMB8/TRIM21/CD74/RPL13A/CD47/IFITM3/CASP1/PSMA2/PSMA3/HCK/SYNCRIP/CDC37/BST2/PSMB2/PSMA7/PSMB1/EPRS1/PSMB9/SEC61A1/PSMB4/RAF1/PSMA1/SP100/CALM1/PSMB10,0.5933254763964051
Infected_vs_Healthy,GO:0002181,cytoplasmic translation,169,0.5589747343403757,1.7173574031941463,1e-10,1.101e-7,7.872519522518149e-8,1348,"tags=64%, list=32%, signal=46%",RPL31/RPL7A/RPL26L1/RPL26/RPS3A/RPL21/RPL34/RPL23A/PKM/YTHDF2/RPS26/RPS21/RPL6/RPL13A/RPL32/RPL17/RPL18A/RPL3/RPL10/NPM1/RPL22/RPL27A/RPS11/RPS23/RPL27/RPL19/RPS15/DDRGK1/RPS17/RPS19/RPL5/EIF3H/RPL24/RPL37A/RPL7/EIF3A/EIF2AK2/FMR1/RPS20/EIF2S2/HNRNPU/NCBP2/RPS24/PABPC1/SYNCRIP/EIF4G1/EIF2S3/EEF1D/RPL4/RPL28/RPS12/ABCE1/EIF3CL/EIF3C/EIF2B4/MCTS1/NCK1/SH3BGRL/RPL29/RPL30/EPRS1/RPS9/RPS13/EIF3J/RPS18/RPL14/CSDE1/PAIP1/YBX1/RPS16/EIF3G/EIF5/AARS1/FAU/RPL35A/RPS2/RPL18/RPL12/RPS25/ETF1/RPS8/RPS14/CDK5RAP3/NCBP1/YBX3/RPL11/EIF2B5/RPL36AL/RPL36A/DRG1/RPL15/RPL3L/RPL35/RPL8/RPL10A/RPS10/EEF2/RPS27/UFL1/ZC3H15/RPL23/RPS29/CNBP/DHX29/SKIC8/RPL13/RPS7/SKIC3/EIF3I,NA
Infected_vs_Healthy,GO:0050863,regulation of T cell activation,100,0.5683695666206106,1.7075138879953218,5.147433608016921e-8,8.096177717752329e-6,5.789038795711321e-6,904,"tags=45%, list=21%, signal=36%",PTPRC/HLA-A/LGALS9/PTPN6/HLA-DPB1/HLA-DRB1/CSK/PSMA4/CYRIB/HMGB1/PSMB8/RAC2/AP3B1/HLA-E/HLA-G/CD47/TFRC/SMARCC2/HLA-DRB5/CLPTM1/PSMA2/PSMA3/HSPH1/LYN/SRC/YES1/SART1/PRKAR1A/PSMB2/HLA-DRB3/PSMA7/LCK/NCK1/HLA-DRA/PSMB1/SMARCD2/PSMB9/NCKAP1L/YWHAG/SMARCE1/NCK2/PSMB4/STAT5A/CEBPB/PSMA1,0.7195128263389107
Infected_vs_Healthy,GO:0050868,negative regulation of T cell activation,36,0.6121674826219292,1.7036905332171541,1.3766664191929706e-4,0.002594929093186298,0.0018554613937928652,1101,"tags=58%, list=26%, signal=44%",LGALS9/HLA-DRB1/CSK/PSMA4/HMGB1/PSMB8/HLA-E/HLA-G/PSMA2/PSMA3/PRKAR1A/PSMB2/PSMA7/PSMB1/PSMB9/PSMB4/STAT5A/CEBPB/PSMA1/PSMB10/PSMA6,0.5188480777437918
Infected_vs_Healthy,GO:1903037,regulation of leukocyte cell-cell adhesion,104,0.5626285570623273,1.7027834021915993,1.0958618962771147e-7,1.3406043864456702e-5,9.585771302694826e-6,904,"tags=45%, list=21%, signal=36%",PTPRC/ITGB2/HLA-A/LGALS9/PTPN6/HLA-DPB1/HLA-DRB1/CSK/PSMA4/CYRIB/HMGB1/PSMB8/AP3B1/HLA-E/HLA-G/CD47/TFRC/SMARCC2/HLA-DRB5/RELA/PSMA2/PSMA3/HSPH1/LYN/SRC/YES1/SART1/CD44/PRKAR1A/PSMB2/WNK1/HLA-DRB3/PSMA7/LCK/NCK1/HLA-DRA/PSMB1/SMARCD2/PSMB9/NCKAP1L/YWHAG/SMARCE1/NCK2/PSMB4/STAT5A/CEBPB/PSMA1,0.7049757151672383
Infected_vs_Healthy,GO:0002768,immune response-regulating cell surface receptor signaling pathway,94,0.5647183076461553,1.6991093655173235,6.234620538740156e-7,4.576211475435275e-5,3.272144793781633e-5,715,"tags=39%, list=17%, signal=33%",PTPRC/GBP1/HLA-A/ITGAM/PTPN6/HLA-DPB1/HLA-DRB1/CSK/MNDA/HMGB1/UBE2N/BAX/AP3B1/HLA-G/CD47/GRB2/WDFY1/PRKCD/MYO1G/RELA/PAK2/HCK/LYN/SRC/YES1/PAK1/KHDRBS1/RAP1A/CLEC2B/WNK1/HLA-DRB3/FGR/LCK/EIF2B4/NCK1/NCKAP1L/MYD88,0.6594443980379349
Infected_vs_Healthy,GO:0002429,immune response-activating cell surface receptor signaling pathway,90,0.5667659910057903,1.6858520375238328,2.1619422341388322e-7,2.1639076361698676e-5,1.5472665858922236e-5,715,"tags=40%, list=17%, signal=34%",PTPRC/GBP1/HLA-A/ITGAM/PTPN6/HLA-DPB1/HLA-DRB1/CSK/MNDA/HMGB1/UBE2N/BAX/AP3B1/CD47/GRB2/WDFY1/PRKCD/MYO1G/RELA/PAK2/HCK/LYN/SRC/YES1/PAK1/KHDRBS1/RAP1A/CLEC2B/WNK1/HLA-DRB3/FGR/LCK/EIF2B4/NCK1/NCKAP1L/MYD88,0.6901324587967956
Infected_vs_Healthy,GO:0002366,leukocyte activation involved in immune response,84,0.5640349192612109,1.6847481590439393,1.180699893441074e-6,6.508237214243839e-5,4.6536080405371254e-5,1131,"tags=52%, list=27%, signal=39%",CORO1A/ITGB2/LGALS9/ITGAM/PTPN6/HLA-DRB1/VAMP8/PSMA4/HMGB1/GRN/PSMB8/ICAM1/RAC2/CD74/TFRC/DDRGK1/PSMA2/PSMA3/LYN/PSMB2/PSMA7/FGR/HLA-DRA/PSMB1/PSMB9/NCKAP1L/DYSF/DOCK2/LCP1/PLCG2/AP1G1/PSMB4/STAT5A/ANXA3/VAMP7/PCYT1A/PSMA1/LAMP1/TP53BP1/PSMB10/STXBP2/PSMA6/VAMP2/GNAI1,0.6435518361507222
Infected_vs_Healthy,GO:0001909,leukocyte mediated cytotoxicity,44,0.5967793311777589,1.6842112849023831,6.982200275642631e-5,0.0016356175539324546,0.0011695214463857066,363,"tags=36%, list=9%, signal=34%",CORO1A/PTPRC/HLA-A/HLA-C/LGALS9/ITGAM/HLA-DRB1/CYRIB/SERPINB9/ICAM1/HLA-B/HLA-E/HLA-G/CTSC/GRB2/STX7,0.5384340963099162
Infected_vs_Healthy,GO:0070661,leukocyte proliferation,60,0.5777593797822789,1.6817947136061755,1.3663330196741536e-5,3.8572632170801106e-4,2.758072659396397e-4,888,"tags=38%, list=21%, signal=31%",PTPRC/HLA-A/LGALS9/HLA-DPB1/HLA-DRB1/MNDA/MSN/HMGB1/RAC2/CTPS1/CD74/HLA-E/HLA-G/TFRC/LYN/CLU/BST2/PRKAR1A/NCK1/NCKAP1L/NCK2/CEBPB/PCYT1A,0.5933254763964051
Infected_vs_Healthy,GO:0051250,negative regulation of lymphocyte activation,43,0.5919215770388628,1.680317939041921,2.451011556981705e-4,0.003913758746905762,0.0027984688593498436,904,"tags=51%, list=21%, signal=41%",LGALS9/HLA-DRB1/CSK/MNDA/PSMA4/HMGB1/PSMB8/HLA-E/HLA-G/PSMA2/PSMA3/LYN/PRKAR1A/PSMB2/PSMA7/FGR/PSMB1/PSMB9/PSMB4/STAT5A/CEBPB/PSMA1,0.49849310876659025
Infected_vs_Healthy,GO:0006413,translational initiation,86,0.5590449792237235,1.6778672990214318,1.357741622537021e-6,6.794879665514819e-5,4.858567013617348e-5,831,"tags=49%, list=20%, signal=40%",DNAJC3/RPS3A/YTHDF3/YTHDF2/YTHDF1/RPL13A/EIF4B/PML/EIF6/RPS17/EIF3H/ABCF1/EIF2A/EIF3A/EIF2AK2/FMR1/EIF2S2/NCBP2/KHDRBS1/SYNCRIP/EIF4G1/EIF4G3/EIF2S3/EIF4G2/ABCE1/EIF3CL/EIF3C/EIF2B4/MCTS1/LARP1/NCK1/SH3BGRL/EPRS1/EIF3J/CSDE1/EIF1AX/EIF1AY/PAIP1/EIF3G/EIF5/NCK2/BZW1,0.6435518361507222
Infected_vs_Healthy,GO:0002286,T cell activation involved in immune response,36,0.6015172993932114,1.674050578696733,2.3318929548329464e-4,0.0038900214291985973,0.0027814958805068035,1101,"tags=58%, list=26%, signal=44%",LGALS9/HLA-DRB1/PSMA4/HMGB1/PSMB8/ICAM1/CD74/PSMA2/PSMA3/PSMB2/PSMA7/HLA-DRA/PSMB1/PSMB9/NCKAP1L/LCP1/PSMB4/STAT5A/PSMA1/PSMB10/PSMA6,0.5188480777437918
Infected_vs_Healthy,GO:0014902,myotube differentiation,64,0.5719302877529573,1.673230148712323,7.611422476607916e-6,2.618805045857911e-4,1.872533501288414e-4,1217,"tags=61%, list=29%, signal=44%",RPL31/RPL7A/RPL21/RPL34/RPL23A/MMP14/RPL6/RPL13A/RPL32/RPL17/RPL18A/RPL10/RPL27A/RPL27/RPL19/NACA/RPL5/RPL24/RPL37A/RPL7/EHD1/RPL4/RPL28/RPL29/RPL30/RPL14/DOCK2/RPL35A/RPL18/RPL12/RPL11/RPL36A/RPL15/RPL3L/FBXO22/RPL35/RPL8/RPL10A/RPL23,0.610526878385931
Infected_vs_Healthy,GO:1903038,negative regulation of leukocyte cell-cell adhesion,41,0.5984465083878446,1.6697792979995707,1.4083674337455482e-4,0.002594929093186298,0.0018554613937928652,1101,"tags=56%, list=26%, signal=42%",LGALS9/HLA-DRB1/CSK/PSMA4/HMGB1/PSMB8/HLA-E/HLA-G/PSMA2/PSMA3/PRKAR1A/PSMB2/WNK1/PSMA7/PSMB1/PSMB9/PSMB4/STAT5A/CEBPB/PSMA1/MIA3/PSMB10/PSMA6,0.5188480777437918
Infected_vs_Healthy,GO:0070663,regulation of leukocyte proliferation,51,0.5808053011825614,1.6685456499260423,3.987146996546833e-5,0.001020895079813503,7.29974245801501e-4,863,"tags=37%, list=20%, signal=30%",PTPRC/HLA-A/LGALS9/HLA-DPB1/HLA-DRB1/MNDA/HMGB1/RAC2/CD74/HLA-E/HLA-G/TFRC/LYN/BST2/PRKAR1A/NCK1/NCKAP1L/NCK2/CEBPB,0.557332238758646
Infected_vs_Healthy,GO:0006909,phagocytosis,99,0.5538263025024552,1.6660480065180643,4.640652333213362e-7,3.9302755529753165e-5,2.8102789300339683e-5,883,"tags=46%, list=21%, signal=38%",CORO1A/PTPRC/ITGB2/ITGAM/CALR/CSK/HMGB1/ELMO1/RAC1/CD47/RAB14/RAB39A/PECAM1/TGM2/PRKCD/MYO1G/HCK/LYN/SRC/YES1/MYO18A/PAK1/MYH9/PRKACA/TM9SF4/RAP1A/ITGAX/CDC42/RAB27A/C4BPA/FGR/VIPAS39/ARAP1/NCKAP1L/DYSF/MYD88/SNX3/DOCK2/PLCG2/ANXA11/NCF4/ELMO2/SH3BP1/ANXA3/LMAN2/VAMP7,0.674962860011025
Infected_vs_Healthy,GO:0050777,negative regulation of immune response,76,0.5651325922617205,1.6630917977385802,2.82603141640391e-6,1.1967156113310404e-4,8.556918268034384e-5,667,"tags=38%, list=16%, signal=33%",PTPRC/HLA-A/LGALS9/PTPN6/IFI16/HLA-DRB1/SERPINB9/GRN/YTHDF3/YTHDF2/TRIM21/OAS3/HLA-B/HLA-E/HLA-G/GRB2/SAMHD1/PARP1/RPS19/HCK/LYN/SRC/YES1/CLU/PRKAR1A/C4BPA/FGR/SERPINB4/NCKAP1L,0.6272567397185284
Infected_vs_Healthy,GO:0019079,viral genome replication,46,0.5821066362552317,1.6623264383569683,1.4452947001498425e-4,0.002594929093186298,0.0018554613937928652,684,"tags=46%, list=16%, signal=39%",IFI16/ADAR/PPIE/OAS3/VAPB/VAPA/IFITM3/PCBP2/PCBP3/ILF3/DEK/EIF2AK2/FMR1/RAD23A/TOP2B/PABPC1/ZC3HAV1/BST2/LARP1/STAU1/IFIT1,0.5188480777437918
Infected_vs_Healthy,GO:0019217,regulation of fatty acid metabolic process,24,0.6282163808932276,1.6598145507200224,9.323976939978471e-4,0.010009904333845986,0.007157417555562357,391,"tags=33%, list=9%, signal=30%",NME1/PLAA/CD74/FABP5/EIF6/NME2/UBR4/CPT1A,0.47727081536286214
Infected_vs_Healthy,GO:0061448,connective tissue development,41,-0.31607284047296935,-1.647430134585937,0.005568005187161019,0.03738032750648953,0.026728188742321614,394,"tags=29%, list=9%, signal=27%",MGP/ACTA2/GPLD1/COL3A1/NFIB/TGFBI/ACAT1/EFEMP1/HMGCS2/COL2A1/LUM/OGN,0.40701791892395395
Infected_vs_Healthy,GO:0032946,positive regulation of mononuclear cell proliferation,26,0.6177115686389778,1.6466644273058078,0.0010653358735917147,0.010962007446957737,0.007838203236345515,234,"tags=31%, list=6%, signal=29%",PTPRC/HLA-A/LGALS9/HLA-DPB1/HMGB1/CD74/HLA-E/TFRC,0.45505986738722953
Infected_vs_Healthy,GO:0050671,positive regulation of lymphocyte proliferation,26,0.6177115686389778,1.6466644273058078,0.0010653358735917147,0.010962007446957737,0.007838203236345515,234,"tags=31%, list=6%, signal=29%",PTPRC/HLA-A/LGALS9/HLA-DPB1/HMGB1/CD74/HLA-E/TFRC,0.45505986738722953
Infected_vs_Healthy,GO:0002709,regulation of T cell mediated immunity,30,0.6102635988273456,1.6465700551114295,8.488005383182976e-4,0.009252766264242037,0.006616038424390804,759,"tags=47%, list=18%, signal=39%",PTPRC/HLA-A/HLA-C/HLA-DRB1/CYRIB/HMGB1/HLA-B/HLA-E/HLA-G/STX7/HLA-DRB3/HLA-DRA/NCKAP1L/YWHAG,0.47727081536286214
Infected_vs_Healthy,GO:0002263,cell activation involved in immune response,88,0.5473121633639335,1.642109661248814,8.83640940093806e-6,2.7894326371530066e-4,1.9945379557435356e-4,1131,"tags=50%, list=27%, signal=37%",CORO1A/ITGB2/LGALS9/ITGAM/PTPN6/HLA-DRB1/VAMP8/PSMA4/HMGB1/GRN/PSMB8/ICAM1/RAC2/CD74/TFRC/DDRGK1/PSMA2/PSMA3/LYN/PSMB2/PSMA7/FGR/HLA-DRA/PSMB1/PSMB9/NCKAP1L/DYSF/DOCK2/LCP1/PLCG2/AP1G1/PSMB4/STAT5A/ANXA3/VAMP7/PCYT1A/PSMA1/LAMP1/TP53BP1/PSMB10/STXBP2/PSMA6/VAMP2/GNAI1,0.5933254763964051
Infected_vs_Healthy,GO:0046631,alpha-beta T cell activation,48,0.5792480029017597,1.6389350078273415,9.298709820515744e-5,0.0020074273553701634,0.0014353779332596356,904,"tags=52%, list=21%, signal=41%",HLA-A/LGALS9/HLA-DRB1/PSMA4/HMGB1/PSMB8/AP3B1/HLA-E/PSMA2/PSMA3/HSPH1/CLEC2B/CD44/PSMB2/HLA-DRB3/PSMA7/LCK/HLA-DRA/PSMB1/PSMB9/NCKAP1L/PSMB4/STAT5A/CEBPB/PSMA1,0.5384340963099162
Infected_vs_Healthy,GO:1903305,regulation of regulated secretory pathway,40,0.5850701680122784,1.6371893122996883,3.522881322800292e-4,0.005241476130274488,0.003747831349899981,1164,"tags=57%, list=27%, signal=42%",ITGB2/LGALS9/ITGAM/VAMP8/RAC2/RAB3D/RAP1B/LYN/FMR1/RAP1A/RAB27A/MICAL1/CDK5/FGR/RAB3GAP1/NCKAP1L/AP1G1/VAMP7/LAMP1/CALM3/STXBP2/GNAI2/PRKCB,0.49849310876659025
Infected_vs_Healthy,GO:0051251,positive regulation of lymphocyte activation,81,0.5534432734462018,1.6367935447425572,8.634631152983793e-6,2.7894326371530066e-4,1.9945379557435356e-4,864,"tags=42%, list=20%, signal=34%",PTPRC/HLA-A/LGALS9/PTPN6/HLA-DPB1/HLA-DRB1/CSK/CYRIB/HMGB1/AP3B1/MMP14/CD74/HLA-E/HLA-G/CD47/TFRC/SMARCC2/HLA-DRB5/DDRGK1/HSPH1/LYN/SRC/YES1/SART1/HLA-DRB3/LCK/NCK1/HLA-DRA/SMARCD2/NCKAP1L/YWHAG/SMARCE1/NCK2/PRKDC,0.5933254763964051
Infected_vs_Healthy,GO:0002698,negative regulation of immune effector process,42,0.5717352155614869,1.6343523785864766,8.218170664066054e-4,0.009139601920340128,0.006535122120428883,667,"tags=38%, list=16%, signal=32%",PTPRC/HLA-A/LGALS9/PTPN6/SERPINB9/GRN/HLA-B/HLA-E/HLA-G/GRB2/RPS19/CLU/BST2/C4BPA/SERPINB4/NCKAP1L,0.47727081536286214
Infected_vs_Healthy,GO:0002456,T cell mediated immunity,38,0.5844749233009741,1.6218089430127445,6.950107985753514e-4,0.008239469788495182,0.0058914974355246865,759,"tags=45%, list=18%, signal=37%",PTPRC/HLA-A/HLA-C/HLA-DRB1/CYRIB/HMGB1/HLA-B/HLA-E/HLA-G/CTSC/MYO1G/STX7/HLA-DRB3/C4BPA/HLA-DRA/NCKAP1L/YWHAG,0.47727081536286214
Infected_vs_Healthy,GO:0048562,embryonic organ morphogenesis,20,-0.41509915694948507,-1.6198254501008982,0.013291902168649545,0.07104070042564636,0.05079648510392954,220,"tags=20%, list=5%, signal=19%",CTNNB1/EFEMP1/DNAAF1/COL2A1,0.3807304007227924
Infected_vs_Healthy,GO:0045055,regulated exocytosis,70,0.5429049537385765,1.6193036773032654,1.0876685091566438e-4,0.0022594774124178583,0.0016156021834648846,1164,"tags=49%, list=27%, signal=36%",CORO1A/ITGB2/LGALS9/ITGAM/VAMP8/RAC2/RAB10/RAB3D/RAP1B/HCK/LYN/FMR1/MYH9/RAP1A/RAB27A/MICAL1/CDK5/FGR/RAB3GAP1/NCKAP1L/AP1G1/ANXA3/TMED10/SYNGR2/VAMP7/NAPA/LAMP1/CALM3/PLEK/STXBP2/VAMP2/GNAI1/GNAI2/PRKCB,0.5384340963099162
Infected_vs_Healthy,GO:0002274,myeloid leukocyte activation,59,0.5526725004316251,1.6177825827593295,1.2324273228739072e-4,0.002467095422698494,0.0017640560289835657,1223,"tags=51%, list=29%, signal=37%",PTPRC/ITGB2/LGALS9/ITGAM/PTPN6/VAMP8/HMGB1/GRN/RAC2/CD74/PRKCD/LYN/SRC/MYO18A/FN1/CLU/FGR/DYSF/DOCK2/PLCG2/C1QA/ANXA3/ADAM10/VAMP7/STXBP2/VAMP2/GNAI1/STK39/KARS1/THBS1,0.5188480777437918
Infected_vs_Healthy,GO:0141060,disruption of anatomical structure in another organism,33,0.5895047547095611,1.6144380370326954,8.488005383182976e-4,0.009252766264242037,0.006616038424390804,359,"tags=24%, list=8%, signal=22%",GBP1/DEFA1/DEFA3/DEFA1B/GBP2/H2BC12/KRT6A/RPS19,0.47727081536286214
Infected_vs_Healthy,GO:0006641,triglyceride metabolic process,29,-0.3347275542847019,-1.6091078903407672,0.02423871394213004,0.10937222971428351,0.0782048150451441,460,"tags=45%, list=11%, signal=40%",FABP7/FITM2/GPLD1/APOE/CAV1/AGPAT2/PLIN1/ABHD5/MGLL/APOB/LIPE/ACSL1/APOA4,0.35248785758361917
Infected_vs_Healthy,GO:0042116,macrophage activation,23,0.6167818061452195,1.6063694565699562,0.0038135049113488776,0.028562373519694654,0.020423055689668627,1223,"tags=61%, list=29%, signal=44%",PTPRC/ITGB2/ITGAM/HMGB1/GRN/CD74/MYO18A/CLU/DYSF/PLCG2/C1QA/STK39/KARS1/THBS1,0.4317076958033464
Infected_vs_Healthy,GO:1903900,regulation of viral life cycle,47,0.5679256873188203,1.605967007840294,4.4785350642877073e-4,0.006109606956735333,0.0043685740274124986,747,"tags=47%, list=18%, signal=39%",LGALS9/IFI16/ADAR/HMGB1/TRIM21/PPIE/OAS3/VAPB/IFITM3/BSG/ILF3/EIF2AK2/FMR1/RAD23A/TOP2B/PABPC1/ZC3HAV1/BST2/LARP1/STAU1/IFIT1/TRIM25,0.49849310876659025
Infected_vs_Healthy,GO:0002285,lymphocyte activation involved in immune response,54,0.5589785975105352,1.6038941129285524,3.661372907096724e-4,0.005374895427617991,0.0038432306253783984,1101,"tags=54%, list=26%, signal=40%",CORO1A/LGALS9/HLA-DRB1/PSMA4/HMGB1/PSMB8/ICAM1/CD74/TFRC/DDRGK1/PSMA2/PSMA3/PSMB2/PSMA7/HLA-DRA/PSMB1/PSMB9/NCKAP1L/LCP1/AP1G1/PSMB4/STAT5A/VAMP7/PCYT1A/PSMA1/LAMP1/TP53BP1/PSMB10/PSMA6,0.49849310876659025
Infected_vs_Healthy,GO:0007605,sensory perception of sound,19,-0.39347961550570854,-1.6029320519615797,0.020851519278007265,0.09686718449403375,0.06926328801277457,16,"tags=16%, list=0%, signal=16%",COL1A1/COL2A1/MYH14,0.35248785758361917
Infected_vs_Healthy,GO:0046634,regulation of alpha-beta T cell activation,23,0.6150484614182452,1.60185506914903,0.003994023794760629,0.029648563842338823,0.02119971822556204,827,"tags=48%, list=20%, signal=39%",HLA-A/LGALS9/HLA-DRB1/HMGB1/AP3B1/HLA-E/HSPH1/HLA-DRB3/HLA-DRA/NCKAP1L/STAT5A,0.40701791892395395
Infected_vs_Healthy,GO:0001578,microtubule bundle formation,12,-0.4724921233039702,-1.5985088458535506,0.034499702106866675,0.134695645459788,0.09631190721892495,512,"tags=58%, list=12%, signal=51%",ODAD4/DNAH1/MAP1B/MTCL1/NUMA1/TPPP3/DNAAF1,0.3217759180753611
Infected_vs_Healthy,GO:0070828,heterochromatin organization,54,0.5569303003436248,1.5980168722217218,4.2857814971514343e-4,0.0060495454209791395,0.004325628013534836,618,"tags=41%, list=15%, signal=35%",SMARCA5/LBR/H2AC8/H2AX/H2AZ1/H2AC21/H2AC19/H2AC4/H2AC18/HMGB1/H1-2/RBBP4/HP1BP3/CBX3/HNRNPU/RBM15/HDAC1/HDAC2/CBX1/CDK2/CDK1/MACROH2A1,0.49849310876659025
Infected_vs_Healthy,GO:0050806,positive regulation of synaptic transmission,25,0.6051790042903588,1.5975634256444842,0.002820653353501847,0.022503908276851694,0.016091049704130125,1128,"tags=60%, list=27%, signal=44%",YTHDF1/FMR1/FXR1/RAB3GAP1/STAU1/CAMK2D/CREB1/KIF5B/CALM1/CALM2/CALM3/SQSTM1/NPTN/LGMN/VAMP2,0.4317076958033464
Infected_vs_Healthy,GO:0051249,regulation of lymphocyte activation,124,0.527695488244926,1.5968124889671138,1.2413531471309774e-6,6.508237214243839e-5,4.6536080405371254e-5,864,"tags=40%, list=20%, signal=33%",PTPRC/HLA-A/LGALS9/PTPN6/HLA-DPB1/HLA-DRB1/CSK/MNDA/PSMA4/CYRIB/HMGB1/PSMB8/RAC2/AP3B1/MMP14/CD74/HLA-E/HLA-G/CD47/TFRC/SMARCC2/HLA-DRB5/DDRGK1/CLPTM1/PSMA2/PSMA3/HSPH1/LYN/SRC/YES1/SART1/PRKAR1A/PSMB2/HLA-DRB3/PSMA7/FGR/LCK/NCK1/HLA-DRA/PSMB1/SMARCD2/PSMB9/NCKAP1L/YWHAG/SMARCE1/NCK2/PSMB4/STAT5A/CEBPB/PRKDC,0.6435518361507222
Infected_vs_Healthy,GO:0050851,antigen receptor-mediated signaling pathway,52,0.5533679075528304,1.5955705094767962,2.4171227672931312e-4,0.003913758746905762,0.0027984688593498436,667,"tags=38%, list=16%, signal=33%",PTPRC/GBP1/HLA-A/PTPN6/HLA-DPB1/HLA-DRB1/CSK/MNDA/UBE2N/BAX/GRB2/LYN/KHDRBS1/CLEC2B/WNK1/HLA-DRB3/LCK/EIF2B4/NCK1/NCKAP1L,0.5188480777437918
Infected_vs_Healthy,GO:0002706,regulation of lymphocyte mediated immunity,47,0.564176501733485,1.5953651483175377,5.562498474151144e-4,0.007039437724184379,0.0050334342335324475,815,"tags=45%, list=19%, signal=36%",PTPRC/HLA-A/HLA-C/LGALS9/HLA-DRB1/CYRIB/SERPINB9/HMGB1/HLA-B/HLA-E/HLA-G/TFRC/GRB2/STX7/HLA-DRB3/C4BPA/HLA-DRA/SERPINB4/NCKAP1L/YWHAG/AP1G1,0.47727081536286214
Infected_vs_Healthy,GO:0035710,"CD4-positive, alpha-beta T cell activation",36,0.5731354633230907,1.59506261086008,0.0014034098176276258,0.013436123558330572,0.009607279293362712,1101,"tags=58%, list=26%, signal=44%",LGALS9/HLA-DRB1/PSMA4/HMGB1/PSMB8/AP3B1/PSMA2/PSMA3/PSMB2/HLA-DRB3/PSMA7/HLA-DRA/PSMB1/PSMB9/NCKAP1L/PSMB4/STAT5A/CEBPB/PSMA1/PSMB10/PSMA6,0.45505986738722953
Infected_vs_Healthy,GO:0002699,positive regulation of immune effector process,77,0.5361669424248328,1.5943905161786671,5.895065692677201e-5,0.0014423260728083551,0.0010313115500472942,1022,"tags=42%, list=24%, signal=32%",PTPRC/ITGB2/HLA-A/HLA-C/LGALS9/ITGAM/HLA-DRB1/VAMP8/CYRIB/CD74/HLA-B/HLA-E/HLA-G/GALNT2/TFRC/DDRGK1/RPS19/STX7/MYO18A/DDX60/HLA-DRB3/RIGI/FGR/HLA-DRA/DDX21/YWHAG/PLCG2/AP1G1/VAMP7/GPI/LAMP1/TP53BP1,0.557332238758646
Infected_vs_Healthy,GO:0048167,regulation of synaptic plasticity,36,0.572472753952125,1.593218259904435,0.0014258638994929995,0.013533415115015452,0.009676846021734908,1197,"tags=61%, list=28%, signal=44%",YTHDF1/CFL1/RAB8A/FMR1/FXR1/FXR2/CDK5/RAB3GAP1/STAU1/CAMK2D/YWHAG/YWHAH/CREB1/CALM1/CALM2/CALM3/SQSTM1/NPTN/LGMN/VAMP2/UBE3A/ACE,0.45505986738722953
Infected_vs_Healthy,GO:0034728,nucleosome organization,45,0.5604753451313926,1.59174643025499,7.959112038833853e-4,0.00896879591081887,0.006412990090953905,1805,"tags=93%, list=43%, signal=54%",SMARCA5/SET/H2AX/H1-2/H1-3/H1-4/H1-5/H1-1/NPM1/HP1BP3/SMARCC2/DNAJC9/SUPT16H/NAP1L1/NAP1L4/H1-10/MACROH2A1/SMARCD2/SSRP1/SMARCE1/HMGB2/MACROH2A2/MPO/SMARCC1/H3-3A/H3-3B/SART3/GRWD1/H4C16/H4C15/H4C9/H4C1/H4C4/H4C6/H4C12/H4C11/H4C3/H4C8/H4C2/H4C5/H4C13/H4C14,0.47727081536286214
Infected_vs_Healthy,GO:0048024,"regulation of mRNA splicing, via spliceosome",68,0.5353531357252821,1.5876519679577974,1.6273473769683354e-4,0.0028439832730827574,0.0020335434912860193,1310,"tags=59%, list=31%, signal=41%",SRSF4/SRSF5/SRSF6/SRSF3/SNRPD2/THRAP3/RBMX/ACIN1/SNRPF/H1-2/H1-3/RBM25/SRSF7/RBM8A/SRSF1/TIAL1/TRA2B/RBM14/SAP18/FMR1/HNRNPU/SNRPB/RBM15/KHDRBS1/CDK11B/PRPF8/CELF2/HNRNPK/SRSF10/SON/RNPS1/NCBP1/SRSF2/SMU1/SNRPG/QKI/SNW1/LARP7/DAZAP1/HNRNPL,0.5188480777437918
Infected_vs_Healthy,GO:0002697,regulation of immune effector process,116,0.5232416031150302,1.5869423335430473,4.968582981499012e-6,1.8863482284932454e-4,1.3488022938311174e-4,827,"tags=36%, list=20%, signal=30%",PTPRC/ITGB2/HLA-A/HLA-C/LGALS9/ITGAM/PTPN6/HLA-DRB1/VAMP8/CYRIB/SERPINB9/HMGB1/GRN/ICAM1/RAC2/CD74/HLA-B/HLA-E/HLA-G/GALNT2/TFRC/GRB2/DDRGK1/RPS19/STX7/LYN/MYO18A/DDX60/CLU/BST2/HLA-DRB3/C4BPA/RIGI/FGR/HLA-DRA/SERPINB4/DDX21/NCKAP1L/YWHAG/PLCG2/AP1G1/STAT5A,0.610526878385931
Infected_vs_Healthy,GO:0050684,regulation of mRNA processing,77,0.5327611147868453,1.5842626644666833,7.378083499090066e-5,0.001692347902603784,0.0012100855496949073,1310,"tags=58%, list=31%, signal=41%",SRSF4/SRSF5/SRSF6/SRSF3/SNRPD2/THRAP3/RBMX/ACIN1/SNRPF/H1-2/H1-3/RBM25/SRSF7/RBM8A/SRSF1/TIAL1/TRA2B/RBM14/SAP18/FMR1/HNRNPU/SNRPB/NCBP2/RBM15/KHDRBS1/CSTF3/CDK11B/PNN/CSTF1/PRPF8/CELF2/HNRNPK/SRSF10/SON/RNPS1/NCBP1/IWS1/SRSF2/SMU1/SNRPG/QKI/SNW1/LARP7/DAZAP1/HNRNPL,0.5384340963099162
Infected_vs_Healthy,GO:0045727,positive regulation of translation,72,0.5275539898316692,1.5826960298704007,2.7998052892600845e-4,0.004222720032158018,0.003019386547801313,1298,"tags=60%, list=31%, signal=42%",RPL26/DNAJC3/PKM/YTHDF3/YTHDF2/YTHDF1/NPM1/EIF6/SSB/RPL5/ABCF1/COA3/FMR1/FXR1/FXR2/EIF5A/HNRNPU/PABPC1/KHDRBS1/SYNCRIP/EIF4G1/EIF4G3/PYM1/EIF3C/EIF2B4/LARP1/NCK1/SH3BGRL/CSDE1/PAIP1/YBX1/PRMT1/NCK2/PRKDC/YBX3/EIF2B5/PLXNB2/EEF2/THBS1/CNBP/DHX29/KRT17/OTUD6B,0.49849310876659025
Infected_vs_Healthy,GO:1903312,negative regulation of mRNA metabolic process,58,0.5419892297117496,1.581769290462574,2.609232387192134e-4,0.004046147687744421,0.0028931313953460148,1272,"tags=60%, list=30%, signal=43%",SRSF4/SRSF6/SNRPD2/THRAP3/RBMX/ACIN1/SNRPF/BCLAF1/SRSF7/SRSF1/SAP18/FXR1/HNRNPU/SNRPB/PABPC1/SYNCRIP/SLIRP/LARP1/FUS/PNN/CSDE1/PAIP1/MYD88/YBX1/PRPF8/TARDBP/SRSF10/HNRNPC/RNPS1/YBX3/TAF15/SNRPG/QKI/SNW1/HNRNPA0,0.49849310876659025
Infected_vs_Healthy,GO:0019730,antimicrobial humoral response,38,0.5697472590061702,1.5809424204113929,0.0013474905187921564,0.013303510615697333,0.009512456588565367,765,"tags=37%, list=18%, signal=30%",DEFA1/DEFA3/DEFA1B/HLA-A/H2BC12/HLA-E/KRT6A/RPS19/H2BC26/FGB/FGA/RPL30/JCHAIN/FAU,0.45505986738722953
Infected_vs_Healthy,GO:0034440,lipid oxidation,45,-0.3122710427858818,-1.5799251823669824,0.004937413052061575,0.03418925641710563,0.024446465813264574,330,"tags=18%, list=8%, signal=17%",BDH2/HACL1/ECH1/ACAT1/ALOX15B/ACACB/HADH/CRAT,0.40701791892395395
Infected_vs_Healthy,GO:0050954,sensory perception of mechanical stimulus,23,-0.4059477067062981,-1.5792778094643667,0.0037262725243032008,0.028100178419574136,0.020092570680684884,60,"tags=17%, list=1%, signal=17%",ITGA2/COL1A1/COL2A1/MYH14,0.4317076958033464
Infected_vs_Healthy,GO:0006612,protein targeting to membrane,43,0.5562284488759979,1.578994037567306,0.0020095469001149614,0.017421347535642305,0.012456848191000677,1095,"tags=53%, list=26%, signal=40%",ITGB2/ITGAM/YIF1B/SRP72/CHMP4B/CHMP4A/SRP9/NACA/SEC61B/PAK1/SEC63/SRP68/STOM/SRP14/SRPRB/SRPRA/SEC61A1/SRP54/SEC62/ARL6IP1/GET4/SSR1/SSR4,0.4317076958033464
Infected_vs_Healthy,GO:0051607,defense response to virus,98,0.5244171985575843,1.5768725386844873,1.836688799133332e-5,4.932181384989753e-4,3.5266752263335546e-4,772,"tags=40%, list=18%, signal=33%",PTPRC/GBP1/SMARCA5/DEFA1/DEFA3/DEFA1B/GBP2/STAT1/DNAJC3/IFI16/VAMP8/ADAR/UBE2N/TRIM21/OAS3/VAPB/IFITM3/PCBP2/PML/SAMHD1/CASP1/ILF3/RELA/EIF2AK2/MX2/DDX60/ZMPSTE24/PQBP1/ZC3HAV1/BST2/RIGI/NCK1/STING1/DDX21/IFIT1/MYD88/TRIM25/ELMOD2/HSP90AA1,0.5756102610711286
Infected_vs_Healthy,GO:0071824,protein-DNA complex organization,56,0.549550234545342,1.5758916336788231,4.7966622870877676e-4,0.00636280141937787,0.004549616566027108,1805,"tags=88%, list=43%, signal=51%",SMARCA5/SET/H2AX/HMGB1/H1-2/H1-3/H1-4/H1-5/H1-1/NPM1/HP1BP3/SMARCC2/DNAJC9/SUPT16H/NAP1L1/NAP1L4/H1-10/MACROH2A1/DRAP1/SMARCD2/SSRP1/SMARCE1/HMGB2/MACROH2A2/CREB1/UBTF/RPL23/MPO/DR1/SMARCC1/H3-3A/H3-3B/SART3/SMARCA4/GRWD1/H4C16/H4C15/H4C9/H4C1/H4C4/H4C6/H4C12/H4C11/H4C3/H4C8/H4C2/H4C5/H4C13/H4C14,0.49849310876659025
Infected_vs_Healthy,GO:0002705,positive regulation of leukocyte mediated immunity,38,0.5679074120732891,1.5758371881925857,0.0015479393859379297,0.014202343865980507,0.010155152529559256,815,"tags=47%, list=19%, signal=39%",ITGB2/HLA-A/HLA-C/ITGAM/HLA-DRB1/CYRIB/HLA-B/HLA-E/HLA-G/TFRC/STX7/HLA-DRB3/RIGI/HLA-DRA/DDX21/YWHAG/PLCG2/AP1G1,0.45505986738722953
Infected_vs_Healthy,GO:0070665,positive regulation of leukocyte proliferation,32,0.5754472550287482,1.5729167347806263,0.0025498524704538417,0.02110817721781714,0.015093055152773685,667,"tags=38%, list=16%, signal=32%",PTPRC/HLA-A/LGALS9/HLA-DPB1/HMGB1/CD74/HLA-E/TFRC/LYN/BST2/NCK1/NCKAP1L,0.4317076958033464
Infected_vs_Healthy,GO:0009615,response to virus,135,0.5157854771865097,1.572273447595525,8.884848190517989e-7,5.671485603717764e-5,4.055302555581174e-5,992,"tags=44%, list=23%, signal=35%",PTPRC/GBP1/SMARCA5/DEFA1/DEFA3/DEFA1B/GBP2/STAT1/LGALS9/DNAJC3/IFI16/CALR/VAMP8/ADAR/UBE2N/BAX/NPC2/TRIM21/OAS3/CFL1/VAPB/IFITM3/PCBP2/PML/SAMHD1/EEF1G/TPT1/CASP1/ILF3/RELA/PSMA2/EIF2AK2/FMR1/MX2/EIF5A/DDX60/CLU/ZMPSTE24/PQBP1/ZC3HAV1/BST2/RIGI/CDK6/FGR/NCK1/STING1/DDX21/IFIT1/MYD88/TRIM25/ELMOD2/HSP90AA1/PPM1B/NT5C2/STMN1/HNRNPUL1/ATAD3A/ENO1/LGALS8/NCBP1,0.6594443980379349
Infected_vs_Healthy,GO:0000377,"RNA splicing, via transesterification reactions with bulged adenosine as nucleophile",181,0.5105944888078244,1.5722159874595292,1.4085760102028299e-8,3.1016843744666315e-6,2.2178084278545003e-6,1693,"tags=69%, list=40%, signal=43%",LSM6/SRSF4/SRSF5/SRSF6/NCL/SRSF3/SNRPD2/THRAP3/RBMX/ACIN1/BUD31/SNRPF/PPIE/H1-2/H1-3/DDX46/RBM25/SRSF7/RBM8A/RBMXL1/PHF5A/SF3A2/SRSF1/CDC5L/TIAL1/SF3B2/TRA2B/RBM14/ILF3/IK/SNRPA1/SAP18/SNU13/PRPF4/FMR1/SNRPA/HNRNPU/SNRPB/UBL5/NCBP2/PABPC1/PRPF3/SART1/SNRNP70/RBM15/KHDRBS1/PQBP1/HNRNPR/SYNCRIP/PLRG1/SNRPB2/PPIL1/PRPF40A/RALY/CDK11B/PRPF6/CWC15/PNN/HNRNPH1/HNRNPH3/SF3B1/HNRNPF/SF3B3/CTNNBL1/LUC7L2/LUC7L/PRPF8/CELF2/HNRNPK/SRSF10/HNRNPC/SON/HNRNPUL2/XAB2/RBM17/U2AF1/HNRNPUL1/RNPS1/SF3A1/NCBP1/LUC7L3/SRSF2/HSPA8/DDX23/SMU1/SF1/LSM2/MAGOHB/LSM7/SNRPG/SNRPC/QKI/SNW1/PPWD1/MFAP1/LARP7/SFPQ/DAZAP1/MTREX/HNRNPL/SF3A3/SNRNP40/RBM22/HNRNPA3/HNRNPA1/STRAP/EIF4A3/ZNF830/C1QBP/TRA2A/DHX15/ISY1/PRMT5/DDX39A/DDX39B/SNRNP200/U2AF2/DHX9/HNRNPA2B1/SART3/HTATSF1/SNRPD1/SNRPE/USP39/DDX42,0.7477396631498854
Infected_vs_Healthy,GO:0000398,"mRNA splicing, via spliceosome",181,0.5105944888078244,1.5722159874595292,1.4085760102028299e-8,3.1016843744666315e-6,2.2178084278545003e-6,1693,"tags=69%, list=40%, signal=43%",LSM6/SRSF4/SRSF5/SRSF6/NCL/SRSF3/SNRPD2/THRAP3/RBMX/ACIN1/BUD31/SNRPF/PPIE/H1-2/H1-3/DDX46/RBM25/SRSF7/RBM8A/RBMXL1/PHF5A/SF3A2/SRSF1/CDC5L/TIAL1/SF3B2/TRA2B/RBM14/ILF3/IK/SNRPA1/SAP18/SNU13/PRPF4/FMR1/SNRPA/HNRNPU/SNRPB/UBL5/NCBP2/PABPC1/PRPF3/SART1/SNRNP70/RBM15/KHDRBS1/PQBP1/HNRNPR/SYNCRIP/PLRG1/SNRPB2/PPIL1/PRPF40A/RALY/CDK11B/PRPF6/CWC15/PNN/HNRNPH1/HNRNPH3/SF3B1/HNRNPF/SF3B3/CTNNBL1/LUC7L2/LUC7L/PRPF8/CELF2/HNRNPK/SRSF10/HNRNPC/SON/HNRNPUL2/XAB2/RBM17/U2AF1/HNRNPUL1/RNPS1/SF3A1/NCBP1/LUC7L3/SRSF2/HSPA8/DDX23/SMU1/SF1/LSM2/MAGOHB/LSM7/SNRPG/SNRPC/QKI/SNW1/PPWD1/MFAP1/LARP7/SFPQ/DAZAP1/MTREX/HNRNPL/SF3A3/SNRNP40/RBM22/HNRNPA3/HNRNPA1/STRAP/EIF4A3/ZNF830/C1QBP/TRA2A/DHX15/ISY1/PRMT5/DDX39A/DDX39B/SNRNP200/U2AF2/DHX9/HNRNPA2B1/SART3/HTATSF1/SNRPD1/SNRPE/USP39/DDX42,0.7477396631498854
Infected_vs_Healthy,GO:0002444,myeloid leukocyte mediated immunity,39,0.5580158174272096,1.5713236174164538,0.002311570107892384,0.019391644158056824,0.013865676403998849,1222,"tags=49%, list=29%, signal=35%",ITGB2/LGALS9/ITGAM/VAMP8/SERPINB9/RAC2/HLA-E/LYN/RIGI/FGR/DDX21/ANXA3/VAMP7/WDR1/STXBP2/VAMP2/GNAI1/ACE/MPO,0.4317076958033464
Infected_vs_Healthy,GO:0022407,regulation of cell-cell adhesion,149,0.5106132609211427,1.5710704423703958,5.531234010167667e-7,4.349920460853287e-5,3.1103391234758075e-5,904,"tags=38%, list=21%, signal=31%",PTPRC/ITGB2/HLA-A/LGALS9/PTPN6/FERMT3/HLA-DPB1/HLA-DRB1/CSK/PSMA4/CYRIB/HMGB1/YTHDF2/PSMB8/FGG/AP3B1/HLA-E/HLA-G/CD47/TFRC/SMARCC2/HLA-DRB5/PRKCD/RELA/SWAP70/PSMA2/PSMA3/HSPH1/LYN/SRC/YES1/SART1/CD44/PRKAR1A/FGB/PSMB2/WNK1/HLA-DRB3/PSMA7/LCK/NCK1/HLA-DRA/FGA/PSMB1/SMARCD2/PSMB9/NCKAP1L/F11R/YWHAG/SMARCE1/NCK2/PSMB4/STAT5A/CEBPB/TMX1/PSMA1,0.6594443980379349
Infected_vs_Healthy,GO:0000375,"RNA splicing, via transesterification reactions",182,0.5079758444050024,1.5703272856848374,7.058322663977951e-8,9.714016566299655e-6,6.9458478710498404e-6,1693,"tags=69%, list=40%, signal=43%",LSM6/SRSF4/SRSF5/SRSF6/NCL/SRSF3/SNRPD2/THRAP3/RBMX/ACIN1/BUD31/SNRPF/PPIE/H1-2/H1-3/DDX46/RBM25/SRSF7/RBM8A/RBMXL1/PHF5A/SF3A2/SRSF1/CDC5L/TIAL1/SF3B2/TRA2B/RBM14/ILF3/IK/SNRPA1/SAP18/SNU13/PRPF4/FMR1/SNRPA/HNRNPU/SNRPB/UBL5/NCBP2/PABPC1/PRPF3/SART1/SNRNP70/RBM15/KHDRBS1/PQBP1/HNRNPR/SYNCRIP/PLRG1/SNRPB2/PPIL1/PRPF40A/RALY/CDK11B/PRPF6/CWC15/PNN/HNRNPH1/HNRNPH3/SF3B1/HNRNPF/SF3B3/CTNNBL1/LUC7L2/LUC7L/PRPF8/CELF2/HNRNPK/SRSF10/HNRNPC/SON/HNRNPUL2/XAB2/RBM17/U2AF1/HNRNPUL1/RNPS1/SF3A1/NCBP1/LUC7L3/SRSF2/HSPA8/DDX23/SMU1/SF1/LSM2/MAGOHB/LSM7/SNRPG/SNRPC/QKI/SNW1/PPWD1/MFAP1/LARP7/SFPQ/DAZAP1/MTREX/HNRNPL/SF3A3/SNRNP40/RBM22/HNRNPA3/HNRNPA1/STRAP/EIF4A3/ZNF830/C1QBP/TRA2A/DHX15/ISY1/PRMT5/DDX39A/DDX39B/SNRNP200/U2AF2/DHX9/HNRNPA2B1/SART3/HTATSF1/SNRPD1/SNRPE/USP39/DDX42,0.7049757151672383
Infected_vs_Healthy,GO:0031507,heterochromatin formation,51,0.5447731591647138,1.5650320048215887,5.391346199066094e-4,0.006902176936246243,0.004935288163349051,618,"tags=39%, list=15%, signal=34%",SMARCA5/LBR/H2AC8/H2AX/H2AZ1/H2AC21/H2AC19/H2AC4/H2AC18/HMGB1/H1-2/RBBP4/CBX3/HNRNPU/RBM15/HDAC1/HDAC2/CBX1/CDK2/MACROH2A1,0.47727081536286214
Infected_vs_Healthy,GO:0045580,regulation of T cell differentiation,45,0.5502509921660539,1.5627093325920594,0.0013461266619917596,0.013303510615697333,0.009512456588565367,1160,"tags=56%, list=27%, signal=41%",HLA-DRB1/PSMA4/HMGB1/PSMB8/AP3B1/HLA-G/SMARCC2/CLPTM1/PSMA2/PSMA3/SART1/PSMB2/PSMA7/HLA-DRA/PSMB1/SMARCD2/PSMB9/NCKAP1L/SMARCE1/PSMB4/STAT5A/PSMA1/PSMB10/PSMA6/ACTB,0.45505986738722953
Infected_vs_Healthy,GO:0002520,immune system development,25,0.5913049068929805,1.5609383107466672,0.005203313196871216,0.035363258208365486,0.025285916496385782,1337,"tags=72%, list=32%, signal=50%",PTPRC/LGALS9/HMGB1/HLA-B/HLA-E/HLA-G/TFRC/SAMHD1/LYN/CTNNBL1/HMGB2/PRKDC/PCYT1A/TP53BP1/YY1/NBN/SBDS/ADAM17,0.40701791892395395
Infected_vs_Healthy,GO:0006334,nucleosome assembly,40,0.5573428210825988,1.5596004716211043,0.001546372645668762,0.014202343865980507,0.010155152529559256,1805,"tags=92%, list=43%, signal=54%",SMARCA5/SET/H2AX/H1-2/H1-3/H1-4/H1-5/H1-1/NPM1/HP1BP3/DNAJC9/SUPT16H/NAP1L1/NAP1L4/H1-10/MACROH2A1/SSRP1/HMGB2/MACROH2A2/H3-3A/H3-3B/SART3/GRWD1/H4C16/H4C15/H4C9/H4C1/H4C4/H4C6/H4C12/H4C11/H4C3/H4C8/H4C2/H4C5/H4C13/H4C14,0.45505986738722953
Infected_vs_Healthy,GO:0002696,positive regulation of leukocyte activation,88,0.5197189637172882,1.559321331740423,9.980722732210832e-5,0.0021132261015700243,0.001511027587657124,864,"tags=39%, list=20%, signal=31%",PTPRC/HLA-A/LGALS9/PTPN6/HLA-DPB1/HLA-DRB1/CSK/CYRIB/HMGB1/AP3B1/MMP14/CD74/HLA-E/HLA-G/CD47/TFRC/SMARCC2/HLA-DRB5/DDRGK1/HSPH1/LYN/SRC/YES1/SART1/HLA-DRB3/LCK/NCK1/HLA-DRA/SMARCD2/NCKAP1L/YWHAG/SMARCE1/NCK2/PRKDC,0.5384340963099162
Infected_vs_Healthy,GO:0002822,regulation of adaptive immune response based on somatic recombination of immune receptors built from immunoglobulin superfamily domains,45,0.5467567941392621,1.552785832327394,0.0014796239247765724,0.013805643569313613,0.009871498503210585,827,"tags=40%, list=20%, signal=33%",PTPRC/HLA-A/HLA-C/LGALS9/HLA-DRB1/CYRIB/HMGB1/HLA-B/HLA-E/HLA-G/TFRC/STX7/HLA-DRB3/C4BPA/HLA-DRA/NCKAP1L/YWHAG/STAT5A,0.45505986738722953
Infected_vs_Healthy,GO:0022408,negative regulation of cell-cell adhesion,62,0.5292973049076366,1.5487030872253449,4.119620100716245e-4,0.005890521728426735,0.004211920736135951,1101,"tags=44%, list=26%, signal=33%",LGALS9/HLA-DRB1/CSK/PSMA4/HMGB1/YTHDF2/PSMB8/HLA-E/HLA-G/PRKCD/SWAP70/PSMA2/PSMA3/PRKAR1A/PSMB2/WNK1/PSMA7/PSMB1/PSMB9/PSMB4/STAT5A/CEBPB/TMX1/PSMA1/MIA3/PSMB10/PSMA6,0.49849310876659025
Infected_vs_Healthy,GO:2000241,regulation of reproductive process,15,0.6438297790716341,1.5482906885571968,0.007690439868064122,0.04801985130841882,0.03433580534913222,839,"tags=47%, list=20%, signal=38%",ARHGDIB/CALR/YTHDF2/HVCN1/MYH9/HDAC2/TIMP1,0.40701791892395395
Infected_vs_Healthy,GO:0065004,protein-DNA complex assembly,50,0.5448641225135129,1.5454276219305803,7.034606358933216e-4,0.008239469788495182,0.0058914974355246865,1805,"tags=86%, list=43%, signal=50%",SMARCA5/SET/H2AX/HMGB1/H1-2/H1-3/H1-4/H1-5/H1-1/NPM1/HP1BP3/DNAJC9/SUPT16H/NAP1L1/NAP1L4/H1-10/MACROH2A1/DRAP1/SSRP1/HMGB2/MACROH2A2/CREB1/UBTF/DR1/H3-3A/H3-3B/SART3/SMARCA4/GRWD1/H4C16/H4C15/H4C9/H4C1/H4C4/H4C6/H4C12/H4C11/H4C3/H4C8/H4C2/H4C5/H4C13/H4C14,0.47727081536286214
Infected_vs_Healthy,GO:0070372,regulation of ERK1 and ERK2 cascade,74,0.5207479562526507,1.5447694045815215,2.254207568666879e-4,0.0038182808201572827,0.002730198937252027,622,"tags=28%, list=15%, signal=25%",PTPRC/GBP1/LGALS9/PTPN6/CSK/HMGB1/NAMPT/NHERF1/FGG/ICAM1/CD74/PTPN1/LYN/SRC/EIF3A/FN1/GLIPR2/RAP1A/CD44/FGB/FGA,0.5188480777437918
Infected_vs_Healthy,GO:0043367,"CD4-positive, alpha-beta T cell differentiation",30,0.5714374937909167,1.5418122061549462,0.004840678205671447,0.03394641213021824,0.024272823997692095,1101,"tags=60%, list=26%, signal=45%",HLA-DRB1/PSMA4/HMGB1/PSMB8/AP3B1/PSMA2/PSMA3/PSMB2/PSMA7/HLA-DRA/PSMB1/PSMB9/NCKAP1L/PSMB4/STAT5A/PSMA1/PSMB10/PSMA6,0.40701791892395395
Infected_vs_Healthy,GO:0050830,defense response to Gram-positive bacterium,32,0.5635060911663261,1.5402769814273445,0.00441231637198793,0.03134167951973362,0.022410352760000925,819,"tags=38%, list=19%, signal=30%",DEFA1/DEFA3/DEFA1B/GBP2/HLA-A/H2BC12/HLA-E/KRT6A/FGR/MYD88/FAU/HMGB2,0.40701791892395395
Infected_vs_Healthy,GO:0050907,detection of chemical stimulus involved in sensory perception,2,-0.9612750885478158,-1.5359798545224657,0.018378798561800358,0.08880037381148749,0.0634952476328651,167,"tags=100%, list=4%, signal=96%",AZGP1/PIP,0.35248785758361917
Infected_vs_Healthy,GO:0002819,regulation of adaptive immune response,46,0.5378609643543741,1.5359737297590639,0.0018263748209513004,0.016348281933881152,0.011689570271036342,827,"tags=39%, list=20%, signal=32%",PTPRC/HLA-A/HLA-C/LGALS9/HLA-DRB1/CYRIB/HMGB1/HLA-B/HLA-E/HLA-G/TFRC/STX7/HLA-DRB3/C4BPA/HLA-DRA/NCKAP1L/YWHAG/STAT5A,0.45505986738722953
Infected_vs_Healthy,GO:1903707,negative regulation of hemopoiesis,31,0.56337188651576,1.5343091122503316,0.006349315102582171,0.04112115251731159,0.029403004176292626,1120,"tags=61%, list=26%, signal=45%",PSMA4/HMGB1/PSMB8/HLA-G/PSMA2/PSMA3/LYN/PSMB2/PSMA7/CDK6/PSMB1/PSMB9/PSMB4/STAT5A/PSMA1/PSMB10/PSMA6/HSPA9/C1QC,0.40701791892395395
Infected_vs_Healthy,GO:1902369,negative regulation of RNA catabolic process,41,0.5497453333364686,1.5338937798300196,0.0018801168909537607,0.01669361852371041,0.011936497523104522,1272,"tags=59%, list=30%, signal=41%",THRAP3/BCLAF1/SRSF1/FXR1/HNRNPU/DKC1/PABPC1/SYNCRIP/SLIRP/LARP1/FUS/PNN/CSDE1/PAIP1/MYD88/YBX1/NSUN2/TARDBP/HNRNPC/YBX3/TAF15/QKI/SNW1/HNRNPA0,0.45505986738722953
Infected_vs_Healthy,GO:0002824,positive regulation of adaptive immune response based on somatic recombination of immune receptors built from immunoglobulin superfamily domains,29,0.5628096926163845,1.533411181553666,0.007655096081952196,0.04801985130841882,0.03433580534913222,759,"tags=41%, list=18%, signal=34%",HLA-A/HLA-C/HLA-DRB1/CYRIB/HLA-B/HLA-E/HLA-G/TFRC/STX7/HLA-DRB3/HLA-DRA/YWHAG,0.40701791892395395
Infected_vs_Healthy,GO:0048592,eye morphogenesis,12,-0.4527810650887574,-1.531823499444333,0.049476062401785245,0.174035606084235,0.12444129941066469,2325,"tags=100%, list=55%, signal=45%",THY1/ALDH1A3/COL5A1/NF1/STAT3/COL5A2/MFAP2/MFAP5/FBN1/FBN2/EPHA2/EFEMP1,0.3217759180753611
Infected_vs_Healthy,GO:0032609,type II interferon production,39,0.5439129463113926,1.531611168834198,0.004380927942512407,0.03132079003055949,0.02239541607413909,654,"tags=38%, list=15%, signal=33%",HLA-A/LGALS9/HLA-DPB1/HLA-DRB1/PSMA4/CYRIB/HMGB1/PSMB8/CD47/PSMA2/PSMA3/PSMB2/PSMA7/PSMB1/PSMB9,0.40701791892395395
Infected_vs_Healthy,GO:0032649,regulation of type II interferon production,39,0.5439129463113926,1.531611168834198,0.004380927942512407,0.03132079003055949,0.02239541607413909,654,"tags=38%, list=15%, signal=33%",HLA-A/LGALS9/HLA-DPB1/HLA-DRB1/PSMA4/CYRIB/HMGB1/PSMB8/CD47/PSMA2/PSMA3/PSMB2/PSMA7/PSMB1/PSMB9,0.40701791892395395
Infected_vs_Healthy,GO:0031348,negative regulation of defense response,91,0.5129604396555892,1.5311183656536265,4.472744949021702e-5,0.001119202770198385,8.002675438731317e-4,409,"tags=29%, list=10%, signal=26%",PTPRC/HLA-A/LGALS9/PTPN6/IFI16/HLA-DRB1/SERPINB9/GRN/YTHDF3/YTHDF2/TRIM21/OAS3/HLA-B/HLA-E/HLA-G/PCBP2/GRB2/SAMHD1/PARP1/PRKCD/RPS19/HCK/LYN/SRC/YES1/FXR1,0.557332238758646
Infected_vs_Healthy,GO:0050792,regulation of viral process,57,0.5253672875619619,1.5304230933703207,0.001402935434777534,0.013436123558330572,0.009607279293362712,747,"tags=42%, list=18%, signal=35%",STAT1/LGALS9/IFI16/ADAR/HMGB1/TRIM21/PPIE/OAS3/VAPB/IFITM3/BSG/ILF3/EIF2AK2/FMR1/RAD23A/TOP2B/PABPC1/ZC3HAV1/STOM/BST2/LARP1/STAU1/IFIT1/TRIM25,0.45505986738722953
Infected_vs_Healthy,GO:1903311,regulation of mRNA metabolic process,148,0.49920049827741153,1.5294267879423533,2.198146241669775e-6,1.0330763404873857e-4,7.386842560162171e-5,1310,"tags=52%, list=31%, signal=37%",LSM6/SRSF4/SRSF5/SRSF6/SRSF3/SNRPD2/THRAP3/RBMX/ACIN1/YTHDF3/YTHDF2/YTHDF1/SNRPF/BCLAF1/H1-2/H1-3/RBM25/NPM1/SRSF7/RBM8A/CAPRIN1/SRSF1/TIAL1/TRA2B/PRKCD/APEX1/RBM14/SAP18/FMR1/FXR1/FXR2/HNRNPU/SNRPB/NCBP2/PABPC1/RBM15/DIS3/KHDRBS1/SYNCRIP/ZC3HAV1/ROCK1/SERBP1/SLIRP/CSTF3/LARP1/CDK11B/FUS/PNN/CSDE1/PAIP1/MYD88/YBX1/CSTF1/PRPF8/TARDBP/CELF2/HNRNPK/SRSF10/HNRNPC/SON/RNPS1/NCBP1/YBX3/IWS1/TAF15/SRSF2/SMU1/LSM2/LSM7/SNRPG/QKI/SNW1/XRN1/HNRNPA0/LARP7/DAZAP1/HNRNPL,0.6272567397185284
Infected_vs_Healthy,GO:0050764,regulation of phagocytosis,44,0.5418242006067137,1.5291186966782286,0.0017874999183863944,0.016264771984656368,0.01162985785454255,1006,"tags=48%, list=24%, signal=37%",PTPRC/CALR/CSK/HMGB1/CD47/TGM2/HCK/MYO18A/PRKACA/RAP1A/RAB27A/FGR/ARAP1/NCKAP1L/DYSF/SNX3/DOCK2/PLCG2/LMAN2/CYBA/ANO6,0.45505986738722953
Infected_vs_Healthy,GO:0071357,cellular response to type I interferon,62,0.5221135064786744,1.527683575692257,6.55134725964354e-4,0.00801448148096393,0.005730623244482171,1108,"tags=47%, list=26%, signal=35%",PSME1/STAT1/PSME2/PTPN6/PSMA4/YTHDF3/YTHDF2/OAS3/IFITM3/SAMHD1/PSMC1/PTPN1/PSMA2/PSMA3/CDC37/PSMB2/PSMA7/STING1/PSMB1/IFIT1/MYD88/PSMD3/PSMB4/PSMA1/PSMD4/SP100/UBE2K/PSMA6/PSMD12,0.47727081536286214
Infected_vs_Healthy,GO:0045814,"negative regulation of gene expression, epigenetic",59,0.5214387625407836,1.526355205578791,9.546230291133774e-4,0.010009904333845986,0.007157417555562357,618,"tags=36%, list=15%, signal=31%",SMARCA5/LBR/IFI16/H2AC8/H2AX/H2AZ1/H2AC21/H2AC19/H2AC4/H2AC18/HMGB1/H1-2/RBBP4/CBX3/HNRNPU/RBM15/HDAC1/HDAC2/CBX1/CDK2/MACROH2A1,0.47727081536286214
Infected_vs_Healthy,GO:0002443,leukocyte mediated immunity,121,0.501097860656885,1.5219537716683875,1.6257016014610313e-5,4.4747436580214883e-4,3.199591898822747e-4,1395,"tags=51%, list=33%, signal=35%",CORO1A/PTPRC/ITGB2/HLA-A/HLA-C/LGALS9/ITGAM/HLA-DRB1/VAMP8/CYRIB/SERPINB9/HMGB1/ICAM1/RAC2/CD74/HLA-B/HLA-E/HLA-G/CTSC/TFRC/GRB2/MYO1G/STX7/LYN/CLU/BST2/HLA-DRB3/C4BPA/RIGI/FGR/HLA-DRA/SERPINB4/DDX21/NCKAP1L/C1S/YWHAG/PLCG2/AP1G1/C1QA/ANXA3/RFTN1/VAMP7/PCYT1A/KIF5B/WDR1/LAMP1/TP53BP1/STXBP2/MAPK3/C1QC/VAMP2/GNAI1/PRKAA1/ACE/UFL1/MPO/NBN/PIK3C3/ADAM17/C1QB/C1R/C1RL,0.5756102610711286
Infected_vs_Healthy,GO:0050867,positive regulation of cell activation,94,0.505630341375167,1.5213270703073811,2.2232686708284044e-4,0.0038182808201572827,0.002730198937252027,864,"tags=37%, list=20%, signal=30%",PTPRC/HLA-A/LGALS9/PTPN6/HLA-DPB1/HLA-DRB1/CSK/CYRIB/HMGB1/AP3B1/MMP14/CD74/HLA-E/HLA-G/CD47/TFRC/SMARCC2/HLA-DRB5/DDRGK1/HSPH1/LYN/SRC/YES1/SART1/HLA-DRB3/LCK/NCK1/HLA-DRA/SMARCD2/FLNA/NCKAP1L/YWHAG/SMARCE1/NCK2/PRKDC,0.5188480777437918
Infected_vs_Healthy,GO:0001508,action potential,31,-0.33839596816547757,-1.5204960757582422,0.011214280051697018,0.06331755044573548,0.045274173660497755,230,"tags=32%, list=5%, signal=31%",ANK2/ANK3/DSP/GPD1L/ATP1B1/JUP/GNA11/DSG2/CACNA2D1/MYH14,0.3807304007227924
Infected_vs_Healthy,GO:0034340,response to type I interferon,65,0.5162829336099446,1.51953772858524,6.768523873756378e-4,0.008189170093412936,0.005855531465360137,1431,"tags=55%, list=34%, signal=37%",PSME1/STAT1/PSME2/PTPN6/PSMA4/YTHDF3/YTHDF2/OAS3/IFITM3/SAMHD1/PSMC1/PTPN1/PSMA2/PSMA3/CDC37/PSMB2/SHMT2/PSMA7/STING1/PSMB1/IFIT1/MYD88/PSMD3/PSMB4/PSMA1/PSMD4/SP100/UBE2K/PSMA6/PSMD12/TBK1/MX1/PSMD6/PSMD7/ADRM1/TRIM56,0.47727081536286214
Infected_vs_Healthy,GO:0043484,regulation of RNA splicing,96,0.5056189894171097,1.5179990504182066,1.114633496654103e-4,0.002272613851511421,0.001624995178307795,1372,"tags=57%, list=32%, signal=40%",SRSF4/SRSF5/SRSF6/SRSF3/SNRPD2/THRAP3/RBMX/ACIN1/SNRPF/H1-2/H1-3/RPS26/RBM25/SRSF7/RBM8A/SRSF1/TIAL1/TRA2B/RBM14/SAP18/FMR1/HNRNPU/SNRPB/SNRNP70/RBM15/KHDRBS1/PQBP1/RBM12/PTBP3/CDK11B/FUS/RPS13/HNRNPH1/HNRNPH2/HNRNPH3/HNRNPF/SF3B3/PRPF8/CELF2/HNRNPK/SRSF10/SON/RNPS1/NCBP1/SRSF2/MBNL1/SMU1/SNRPG/QKI/SNW1/LARP7/DAZAP1/HNRNPL/RBM22/HNRNPA1,0.5384340963099162
Infected_vs_Healthy,GO:0140888,interferon-mediated signaling pathway,33,0.5542694152257104,1.5179413220256808,0.004314794607536511,0.031253874098011176,0.02234756893650475,1000,"tags=45%, list=24%, signal=35%",STAT1/PTPN6/YTHDF3/YTHDF2/OAS3/IFITM3/SAMHD1/PTPN1/HCK/CDC37/STING1/MYD88/RAF1/SP100/UBE2K,0.40701791892395395
Infected_vs_Healthy,GO:0001960,negative regulation of cytokine-mediated signaling pathway,23,0.5815578331329249,1.5146308322748805,0.014462027024028962,0.07475442137772717,0.05345192022622209,273,"tags=22%, list=6%, signal=20%",PTPRC/YTHDF3/YTHDF2/OAS3/SAMHD1,0.3807304007227924
Infected_vs_Healthy,GO:0060761,negative regulation of response to cytokine stimulus,23,0.5815578331329249,1.5146308322748805,0.014462027024028962,0.07475442137772717,0.05345192022622209,273,"tags=22%, list=6%, signal=20%",PTPRC/YTHDF3/YTHDF2/OAS3/SAMHD1,0.3807304007227924
Infected_vs_Healthy,GO:0045619,regulation of lymphocyte differentiation,53,0.523069046712717,1.5087105377868015,0.0020014601922674164,0.017421347535642305,0.012456848191000677,904,"tags=47%, list=21%, signal=38%",HLA-DRB1/PSMA4/HMGB1/PSMB8/AP3B1/MMP14/HLA-G/SMARCC2/DDRGK1/CLPTM1/PSMA2/PSMA3/SART1/PSMB2/PSMA7/HLA-DRA/PSMB1/SMARCD2/PSMB9/NCKAP1L/SMARCE1/PSMB4/STAT5A/PRKDC/PSMA1,0.4317076958033464
Infected_vs_Healthy,GO:0030217,T cell differentiation,59,0.5151363426951685,1.5079067663177277,0.0013533089817966406,0.013303510615697333,0.009512456588565367,904,"tags=42%, list=21%, signal=34%",PTPRC/HLA-DRB1/PSMA4/HMGB1/PSMB8/AP3B1/CD74/HLA-G/SMARCC2/CLPTM1/PSMA2/PSMA3/SART1/PSMB2/PSMA7/LCK/HLA-DRA/PSMB1/SMARCD2/PSMB9/NCKAP1L/SMARCE1/PSMB4/STAT5A/PSMA1,0.45505986738722953
Infected_vs_Healthy,GO:1902106,negative regulation of leukocyte differentiation,30,0.5587522109773166,1.5075856737816744,0.008416598530884296,0.05119709935084867,0.03660764433568187,1232,"tags=63%, list=29%, signal=45%",PSMA4/HMGB1/PSMB8/HLA-G/PSMA2/PSMA3/LYN/PSMB2/PSMA7/CDK6/PSMB1/PSMB9/PSMB4/STAT5A/PSMA1/PSMB10/PSMA6/C1QC/QKI,0.3807304007227924
Infected_vs_Healthy,GO:0071826,protein-RNA complex organization,133,0.49308058446512726,1.5024691581087148,2.194427422681601e-5,5.752534743743912e-4,4.1132554109071643e-4,1693,"tags=65%, list=40%, signal=41%",LSM6/SRSF5/SRSF6/ADAR/SNRPD2/TRIM21/SNRPF/DDX46/RPL13A/PHF5A/SF3A2/SRSF1/EIF6/RPS15/SF3B2/RPS19/RPL5/EIF3H/SNRPA1/KLC1/SNU13/EIF3A/PRPF4/SNRPA/EIF2S2/SNRPB/PRPF3/SART1/SNRNP70/SYNCRIP/SNRPB2/EIF2S3/EIF3CL/EIF3C/MCTS1/EPRS1/PRPF6/EIF3J/SF3B1/EIF3G/EIF5/FAU/HSP90AA1/HSP90AB1/SF3B3/LUC7L2/LUC7L/PRPF8/CELF2/SRSF10/PRKDC/XAB2/RPS14/KIF5B/RUVBL2/SF3A1/NCBP1/RPL11/LUC7L3/NOP2/DDX23/PTGES3/SF1/LSM2/LSM7/SNRPG/SNRPC/DHX29/SF3A3/EIF3I/SNRNP40/FAF2/STRAP/ISY1/PRMT5/DDX39B/BOP1/SNRNP200/U2AF2/DHX9/RPS28/SART3/HTATSF1/SNRPD1/SNRPE/USP39/DDX42,0.5756102610711286
Infected_vs_Healthy,GO:0042742,defense response to bacterium,88,0.5002285450590638,1.500843908940717,4.4427067837734055e-4,0.006109606956735333,0.0043685740274124986,863,"tags=35%, list=20%, signal=29%",GBP1/DEFA1/DEFA3/DEFA1B/GBP2/HLA-A/S100A8/GRN/H2BC12/OAS3/HLA-E/RAB14/RAB1A/RNF213/PRKCD/KRT6A/CASP1/RPS19/H2BC26/FGB/LCN2/FGR/FGA/RPL30/JCHAIN/MYD88/FAU/OPTN/HMGB2/ANXA3/CEBPB,0.49849310876659025
Infected_vs_Healthy,GO:0043487,regulation of RNA stability,76,0.5082180054182899,1.4956015771300437,4.7966622870877676e-4,0.00636280141937787,0.004549616566027108,1272,"tags=51%, list=30%, signal=37%",LSM6/THRAP3/YTHDF3/YTHDF2/YTHDF1/BCLAF1/NPM1/CAPRIN1/SRSF1/PRKCD/APEX1/FMR1/FXR1/FXR2/HNRNPU/DKC1/PABPC1/DIS3/SYNCRIP/ROCK1/SERBP1/LARP1/FUS/PNN/CSDE1/PAIP1/MYD88/YBX1/NSUN2/TARDBP/HNRNPC/YBX3/TAF15/LSM2/LSM7/QKI/SNW1/XRN1/HNRNPA0,0.49849310876659025
Infected_vs_Healthy,GO:0050829,defense response to Gram-negative bacterium,23,0.5735751386890718,1.4938404062150088,0.01779263871109291,0.08806006790167432,0.06296590406087238,819,"tags=35%, list=19%, signal=28%",DEFA1/DEFA3/DEFA1B/H2BC12/RPS19/RPL30/OPTN/HMGB2,0.35248785758361917
Infected_vs_Healthy,GO:0002688,regulation of leukocyte chemotaxis,41,0.53417664088417,1.4904541741352655,0.004012385115811521,0.029648563842338823,0.02119971822556204,1223,"tags=46%, list=29%, signal=33%",LGALS9/CALR/HMGB1/RAC1/RAC2/CD74/SWAP70/LYN/WNK1/NCKAP1L/MCU/ADAM10/ANO6/MPP1/LGMN/MAPK1/MAPK3/STK39/THBS1,0.40701791892395395
Infected_vs_Healthy,GO:0022618,protein-RNA complex assembly,128,0.48735477716670866,1.4889734652482636,8.660751195843153e-5,0.001946017768698635,0.001391468017733625,1693,"tags=65%, list=40%, signal=40%",LSM6/SRSF5/SRSF6/ADAR/SNRPD2/SNRPF/DDX46/RPL13A/PHF5A/SF3A2/SRSF1/EIF6/RPS15/SF3B2/RPS19/RPL5/EIF3H/SNRPA1/SNU13/EIF3A/PRPF4/SNRPA/EIF2S2/SNRPB/PRPF3/SART1/SNRNP70/SYNCRIP/SNRPB2/EIF2S3/EIF3CL/EIF3C/MCTS1/EPRS1/PRPF6/EIF3J/SF3B1/EIF3G/EIF5/FAU/HSP90AA1/HSP90AB1/SF3B3/LUC7L2/LUC7L/PRPF8/CELF2/SRSF10/PRKDC/XAB2/RPS14/RUVBL2/SF3A1/NCBP1/RPL11/LUC7L3/NOP2/DDX23/PTGES3/SF1/LSM2/LSM7/SNRPG/SNRPC/DHX29/SF3A3/EIF3I/SNRNP40/STRAP/ISY1/PRMT5/DDX39B/BOP1/SNRNP200/U2AF2/DHX9/RPS28/SART3/HTATSF1/SNRPD1/SNRPE/USP39/DDX42,0.5384340963099162
Infected_vs_Healthy,GO:0032760,positive regulation of tumor necrosis factor production,54,0.5189250211764491,1.4889671808955878,0.0023248837682683927,0.019391644158056824,0.013865676403998849,1223,"tags=50%, list=29%, signal=36%",PTPRC/LGALS9/PSMA4/CYBB/HMGB1/PSMB8/OAS3/HLA-E/PSMA2/PSMA3/CLU/PSMB2/HDAC2/PSMA7/RIGI/PSMB1/PSMB9/PLCG2/PSMB4/ADAM10/PSMA1/CYBA/PSMB10/PSMA6/FRMD8/CD14/THBS1,0.4317076958033464
Infected_vs_Healthy,GO:1903557,positive regulation of tumor necrosis factor superfamily cytokine production,54,0.5189250211764491,1.4889671808955878,0.0023248837682683927,0.019391644158056824,0.013865676403998849,1223,"tags=50%, list=29%, signal=36%",PTPRC/LGALS9/PSMA4/CYBB/HMGB1/PSMB8/OAS3/HLA-E/PSMA2/PSMA3/CLU/PSMB2/HDAC2/PSMA7/RIGI/PSMB1/PSMB9/PLCG2/PSMB4/ADAM10/PSMA1/CYBA/PSMB10/PSMA6/FRMD8/CD14/THBS1,0.4317076958033464
Infected_vs_Healthy,GO:0050864,regulation of B cell activation,22,0.5657133626965095,1.4852752947631676,0.03089722800444463,0.1254816176470588,0.089723568087523,395,"tags=32%, list=9%, signal=29%",PTPRC/MNDA/MMP14/CD74/TFRC/DDRGK1/LYN,0.35248785758361917
Infected_vs_Healthy,GO:0043488,regulation of mRNA stability,73,0.5009560955214348,1.4849029277904646,0.0020374917496122818,0.017525612627524393,0.012531401231087771,1272,"tags=51%, list=30%, signal=36%",LSM6/THRAP3/YTHDF3/YTHDF2/YTHDF1/BCLAF1/NPM1/CAPRIN1/SRSF1/PRKCD/APEX1/FMR1/FXR1/FXR2/HNRNPU/PABPC1/DIS3/SYNCRIP/ROCK1/SERBP1/LARP1/FUS/PNN/CSDE1/PAIP1/MYD88/YBX1/TARDBP/HNRNPC/YBX3/TAF15/LSM2/LSM7/QKI/SNW1/XRN1/HNRNPA0,0.4317076958033464
Infected_vs_Healthy,GO:0002708,positive regulation of lymphocyte mediated immunity,28,0.5512051277421114,1.4848913432043571,0.02044995258992535,0.095810203410671535,0.06850751106330123,1135,"tags=57%, list=27%, signal=42%",HLA-A/HLA-C/HLA-DRB1/CYRIB/HLA-B/HLA-E/HLA-G/TFRC/STX7/HLA-DRB3/HLA-DRA/YWHAG/AP1G1/LAMP1/TP53BP1/PRKAA1,0.35248785758361917
Infected_vs_Healthy,GO:0032635,interleukin-6 production,34,0.539281295561134,1.4832784408705804,0.009994675942818434,0.05832992073701832,0.0417078510217178,785,"tags=38%, list=19%, signal=31%",LGALS9/PTPN6/CSK/HMGB1/CD74/HLA-B/CD47/BSG/RELA/RIGI/NCKAP1L/MYD88/PLCG2,0.3807304007227924
Infected_vs_Healthy,GO:0032675,regulation of interleukin-6 production,34,0.539281295561134,1.4832784408705804,0.009994675942818434,0.05832992073701832,0.0417078510217178,785,"tags=38%, list=19%, signal=31%",LGALS9/PTPN6/CSK/HMGB1/CD74/HLA-B/CD47/BSG/RELA/RIGI/NCKAP1L/MYD88/PLCG2,0.3807304007227924
Infected_vs_Healthy,GO:0002821,positive regulation of adaptive immune response,30,0.5495263846612126,1.4826932021105046,0.011774853993533499,0.06514630274814262,0.04658179293411721,759,"tags=40%, list=18%, signal=33%",HLA-A/HLA-C/HLA-DRB1/CYRIB/HLA-B/HLA-E/HLA-G/TFRC/STX7/HLA-DRB3/HLA-DRA/YWHAG,0.3807304007227924
Infected_vs_Healthy,GO:0046632,alpha-beta T cell differentiation,32,0.5413091168216269,1.479604188042433,0.010248759636300174,0.059077928584117756,0.04224270173736603,1101,"tags=56%, list=26%, signal=42%",HLA-DRB1/PSMA4/HMGB1/PSMB8/AP3B1/PSMA2/PSMA3/PSMB2/PSMA7/HLA-DRA/PSMB1/PSMB9/NCKAP1L/PSMB4/STAT5A/PSMA1/PSMB10/PSMA6,0.3807304007227924
Infected_vs_Healthy,GO:0050852,T cell receptor signaling pathway,41,0.5301654289141765,1.4792621317162586,0.004710160400006233,0.03324286282312091,0.023769762630282666,614,"tags=34%, list=14%, signal=29%",PTPRC/GBP1/HLA-A/HLA-DPB1/HLA-DRB1/CSK/UBE2N/KHDRBS1/CLEC2B/WNK1/HLA-DRB3/LCK/EIF2B4/NCK1,0.40701791892395395
Infected_vs_Healthy,GO:1902105,regulation of leukocyte differentiation,77,0.49703905362663936,1.4780365788475176,9.453505692431674e-4,0.010009904333845986,0.007157417555562357,904,"tags=42%, list=21%, signal=33%",LGALS9/HLA-DRB1/PSMA4/HMGB1/ACIN1/PSMB8/AP3B1/MMP14/CD74/HLA-B/HLA-G/SMARCC2/DDRGK1/CLPTM1/PSMA2/PSMA3/LYN/SART1/PSMB2/PSMA7/CDK6/HLA-DRA/PSMB1/SMARCD2/PSMB9/NCKAP1L/SMARCE1/PSMB4/STAT5A/CEBPB/PRKDC/PSMA1,0.47727081536286214
Infected_vs_Healthy,GO:0051146,striated muscle cell differentiation,101,0.4884533526817778,1.4766074871831312,2.684942510934981e-4,0.004105724589638074,0.0029357308797464633,1217,"tags=52%, list=29%, signal=38%",RPL31/RPL7A/RPL21/CASP3/CALR/RPL34/RPL23A/MMP14/RPL6/RPL13A/RPL32/RPL17/RPL18A/RPL10/RPL27A/RPL27/RPL19/KRT8/NACA/RPL5/RPL24/RPL37A/RPL7/EHD1/PAK1/CACYBP/MYL9/RPL4/RPL28/CDK1/RPL29/CSRP2/RPL30/FLNC/RPL14/FLII/DOCK2/RPL35A/RPL18/RPL12/WDR1/RPL11/RPL36A/RPL15/AKAP13/RPL3L/FBXO22/RPL35/TMOD3/RPL8/RPL10A/YY1/RPL23,0.49849310876659025
Infected_vs_Healthy,GO:0008380,RNA splicing,226,0.4739533035764105,1.4730953834786913,1.1909433091690076e-6,6.508237214243839e-5,4.6536080405371254e-5,1678,"tags=62%, list=40%, signal=40%",LSM6/SRSF4/SRSF5/SRSF6/NCL/SRSF3/SNRPD2/THRAP3/RBMX/TCERG1/ACIN1/BUD31/SNRPF/PPIE/H1-2/H1-3/RPS26/DDX46/RBM25/SRSF7/RBM8A/RBMXL1/PHF5A/SF3A2/SRSF1/CDC5L/TIAL1/SF3B2/TRA2B/THOC6/RBM14/ILF3/IK/SNRPA1/SAP18/SNU13/PRPF4/FMR1/SNRPA/HNRNPU/SNRPB/UBL5/NCBP2/PABPC1/PRPF3/SART1/SNRNP70/RBM15/KHDRBS1/PQBP1/HNRNPR/SYNCRIP/PLRG1/SNRPB2/RBM12/PPIL1/PRPF40A/RALY/PTBP3/CDK11B/PRPF6/FUS/CWC15/RPS13/PNN/HNRNPH1/HNRNPH2/HNRNPH3/YBX1/PRMT1/SF3B1/HNRNPF/SF3B3/CTNNBL1/LUC7L2/LUC7L/PRPF8/TARDBP/CELF2/HNRNPK/SRSF10/HNRNPC/SON/HNRNPUL2/XAB2/RBM17/U2AF1/HNRNPUL1/RNPS1/SF3A1/NCBP1/IWS1/LUC7L3/SRSF2/HSPA8/DDX23/MBNL1/SMU1/SF1/LSM2/MAGOHB/LSM7/SNRPG/SNRPC/QKI/SNW1/PPWD1/MFAP1/LARP7/SFPQ/DAZAP1/FAM98A/MTREX/HNRNPL/SF3A3/SNRNP40/RBM22/HNRNPA3/HNRNPA1/STRAP/EIF4A3/ZNF830/C1QBP/TRA2A/DHX15/ISY1/PRMT5/DDX39A/DDX39B/SNRNP200/U2AF2/DHX9/ALYREF/PIK3R1/PPIG/HNRNPA2B1/SART3/HTATSF1/SNRPD1/SNRPE/USP39,0.6435518361507222
Infected_vs_Healthy,GO:0006310,DNA recombination,72,0.4905637297327361,1.4717228613779492,0.003054422129360029,0.02419366017572224,0.01729927902402754,1728,"tags=68%, list=41%, signal=41%",H2AX/HMGB1/UBE2N/H1-2/H1-3/H1-4/KPNA1/H1-5/H1-1/TFRC/SAMHD1/PARP1/APEX1/TOP2B/H1-10/FEN1/MCM6/FUS/CHD4/MCM3/PRMT1/HMGB2/PRKDC/HDGFL2/PCYT1A/RUVBL2/PDS5B/TP53BP1/PPP4C/RECQL/ACTB/YY1/RAD50/NBN/XRCC1/SFPQ/INTS3/RAD21/MCM7/MCM2/C1QBP/MCM5/RPA1/MCM4/HTATSF1/ACTR2/EXOSC6/XRCC6/MRE11,0.4317076958033464
Infected_vs_Healthy,GO:0070371,ERK1 and ERK2 cascade,80,0.4919107814336928,1.4710034102630027,0.001394526231372274,0.013436123558330572,0.009607279293362712,622,"tags=28%, list=15%, signal=24%",PTPRC/GBP1/LGALS9/PTPN6/CSK/HMGB1/NAMPT/NHERF1/FGG/ICAM1/CD74/PTPN1/LYN/SRC/EIF3A/FN1/GLIPR2/RAP1A/CD44/FGB/CDK1/FGA,0.45505986738722953
Infected_vs_Healthy,GO:0048872,homeostasis of number of cells,80,0.49170091818712675,1.4703758380221834,0.0014384474236087345,0.013536159088830912,0.009678808055107433,1484,"tags=57%, list=35%, signal=38%",STAT1/LGALS9/CASP3/PSMA4/HMGB1/ACIN1/PSMB8/CD74/RPS17/RPS19/PSMA2/PSMA3/LYN/RPS24/OCIAD1/PSMB2/PSMA7/CDK6/PTBP3/PSMB1/GLUL/PSMB9/NCKAP1L/PRMT1/HMGB2/PSMB4/STAT5B/PRKDC/PSMA1/RPS14/CDK5RAP3/SLC25A5/HMOX1/PSMB10/PSMA6/HSPA9/WDR37/UFL1/DOCK11/ADAM17/FAS/SLC1A5/SPRR2A/PPP2CA/G6PD/PSMB3,0.45505986738722953
Infected_vs_Healthy,GO:0002460,adaptive immune response based on somatic recombination of immune receptors built from immunoglobulin superfamily domains,95,0.4899723377308861,1.4687083929792926,6.078989585641357e-4,0.007605644924762652,0.005438291385243875,1498,"tags=55%, list=35%, signal=36%",PTPRC/HLA-A/HLA-C/LGALS9/HLA-DRB1/PSMA4/CYRIB/HMGB1/PSMB8/CD74/HLA-B/HLA-E/HLA-G/CTSC/TFRC/MYO1G/STX7/PSMA2/PSMA3/CLU/PSMB2/HLA-DRB3/C4BPA/PSMA7/HLA-DRA/PSMB1/PSMB9/NCKAP1L/C1S/YWHAG/C1QA/PSMB4/STAT5A/RFTN1/PCYT1A/PSMA1/TP53BP1/PSMB10/PSMA6/MAPK3/C1QC/PRKAA1/UFL1/NBN/ADAM17/C1QB/PLA2G4A/C1R/C1RL/C1QBP/PSMB3/BTN3A3,0.47727081536286214
Infected_vs_Healthy,GO:0034976,response to endoplasmic reticulum stress,110,0.47754919354199743,1.4663676728391746,6.407196526805676e-4,0.0079262060404641,0.005667503341785186,1223,"tags=46%, list=29%, signal=34%",DNAJC3/CALR/MANF/BAX/HM13/ERO1A/PDIA3/VAPB/DNAJC10/MARCKS/HYOU1/ATP2A1/ATP2A2/PTPN1/STT3B/DDRGK1/ERP29/TMCO1/SEC61B/ATP2A3/UBXN1/CLU/EIF4G1/TBL2/PDIA4/NCK1/HSP90B1/TMEM33/DERL1/TRIM25/SYVN1/NCK2/TARDBP/CEBPB/BCAP31/TMX1/USP14/ATAD3A/CDK5RAP3/EIF2S1/GET4/EIF2B5/GORASP2/CANX/SEL1L/EEF2/ERP44/P4HB/UFL1/ERLEC1/THBS1,0.47727081536286214
Infected_vs_Healthy,GO:0044092,negative regulation of molecular function,72,0.4884867182790852,1.4654916929192714,0.003271044300754176,0.02554198422078261,0.018263375969297148,1201,"tags=44%, list=28%, signal=32%",PTPRC/IFI16/SERPINB1/ADAR/PRDX3/BAX/UBLCP1/PTPN1/LYN/FMR1/HNRNPU/SNX6/ROCK1/ABCE1/PPP1R12A/DNAJA1/TMBIM1/NES/YWHAG/SERPINB8/TIMP1/SERPINB13/GNAI3/CDK5RAP3/STK38/CALM1/CALM2/CALM3/TMED2/GNAI2/SFN/CHMP6,0.4317076958033464
Infected_vs_Healthy,GO:0099072,regulation of postsynaptic membrane neurotransmitter receptor levels,40,0.5235724022883492,1.4651014324551395,0.007043579740949222,0.044826481472746205,0.03205243873932721,989,"tags=42%, list=23%, signal=33%",AP3M1/RAB8A/RDX/TFRC/SACM1L/SNX6/RAP1A/GRIPAP1/SNX27/EPB41L3/HSP90AA1/ADAM10/AP2S1/HIP1/RALA/AP2M1/VPS35,0.40701791892395395
Infected_vs_Healthy,GO:0006605,protein targeting,79,0.4932060150847886,1.4639091420200359,7.983124425615343e-4,0.00896879591081887,0.006412990090953905,1110,"tags=47%, list=26%, signal=35%",ITGB2/M6PR/ITGAM/IGF2R/YIF1B/AP3M1/SRP72/CHMP4B/HGS/CHMP4A/PML/SRP9/NACA/SPCS1/SEC61B/PAK1/SEC63/CLU/SRP68/CDC37/STOM/SPCS3/SRP14/SRPRB/SRPRA/SEC61A1/SRP54/SPCS2/AP3D1/SEC62/ARL6IP1/GET4/RPL11/SQSTM1/SSR1/SSR4/HSPA8,0.47727081536286214
Infected_vs_Healthy,GO:0034620,cellular response to unfolded protein,36,0.5238996608927109,1.4580370861838639,0.01383756823713276,0.07324597417828446,0.052373329851444564,966,"tags=44%, list=23%, signal=35%",DNAJC3/MANF/BAX/VAPB/DNAJC10/PTPN1/DDRGK1/TBL2/NCK1/TMEM33/DERL1/OPTN/NCK2/ATAD3A/CDK5RAP3/EIF2S1,0.3807304007227924
Infected_vs_Healthy,GO:0034101,erythrocyte homeostasis,41,0.5225025095497494,1.4578811328506627,0.006697887024528254,0.042874265197707026,0.030656538581523066,960,"tags=46%, list=23%, signal=36%",STAT1/CASP3/ACIN1/RPS17/RPS19/LYN/RPS24/CDK6/PTBP3/GLUL/NCKAP1L/PRMT1/HMGB2/STAT5B/PRKDC/RPS14/CDK5RAP3/SLC25A5/HMOX1,0.40701791892395395
Infected_vs_Healthy,GO:0032640,tumor necrosis factor production,65,0.49419463074175657,1.4545268452427604,0.002759429827440939,0.022176147737317325,0.015856689917918016,1337,"tags=49%, list=32%, signal=34%",PTPRC/LGALS9/PTPN6/PSMA4/CYBB/HMGB1/PSMB8/OAS3/HLA-E/CD47/PSMA2/PSMA3/FXR1/CLU/PSMB2/HDAC2/PSMA7/RIGI/PSMB1/PSMB9/PLCG2/PSMB4/ADAM10/PSMA1/CYBA/PSMB10/PSMA6/FRMD8/CD14/THBS1/RAD21/ADAM17,0.4317076958033464
Infected_vs_Healthy,GO:0032680,regulation of tumor necrosis factor production,65,0.49419463074175657,1.4545268452427604,0.002759429827440939,0.022176147737317325,0.015856689917918016,1337,"tags=49%, list=32%, signal=34%",PTPRC/LGALS9/PTPN6/PSMA4/CYBB/HMGB1/PSMB8/OAS3/HLA-E/CD47/PSMA2/PSMA3/FXR1/CLU/PSMB2/HDAC2/PSMA7/RIGI/PSMB1/PSMB9/PLCG2/PSMB4/ADAM10/PSMA1/CYBA/PSMB10/PSMA6/FRMD8/CD14/THBS1/RAD21/ADAM17,0.4317076958033464
Infected_vs_Healthy,GO:0071706,tumor necrosis factor superfamily cytokine production,65,0.49419463074175657,1.4545268452427604,0.002759429827440939,0.022176147737317325,0.015856689917918016,1337,"tags=49%, list=32%, signal=34%",PTPRC/LGALS9/PTPN6/PSMA4/CYBB/HMGB1/PSMB8/OAS3/HLA-E/CD47/PSMA2/PSMA3/FXR1/CLU/PSMB2/HDAC2/PSMA7/RIGI/PSMB1/PSMB9/PLCG2/PSMB4/ADAM10/PSMA1/CYBA/PSMB10/PSMA6/FRMD8/CD14/THBS1/RAD21/ADAM17,0.4317076958033464
Infected_vs_Healthy,GO:1903555,regulation of tumor necrosis factor superfamily cytokine production,65,0.49419463074175657,1.4545268452427604,0.002759429827440939,0.022176147737317325,0.015856689917918016,1337,"tags=49%, list=32%, signal=34%",PTPRC/LGALS9/PTPN6/PSMA4/CYBB/HMGB1/PSMB8/OAS3/HLA-E/CD47/PSMA2/PSMA3/FXR1/CLU/PSMB2/HDAC2/PSMA7/RIGI/PSMB1/PSMB9/PLCG2/PSMB4/ADAM10/PSMA1/CYBA/PSMB10/PSMA6/FRMD8/CD14/THBS1/RAD21/ADAM17,0.4317076958033464
Infected_vs_Healthy,GO:0007162,negative regulation of cell adhesion,96,0.48386973525846666,1.4527021611574111,7.194371653679127e-4,0.00833789809547444,0.005961876978509485,1029,"tags=36%, list=24%, signal=28%",PTPRC/GBP1/LGALS9/HLA-DRB1/CSK/PSMA4/HMGB1/YTHDF2/PSMB8/LAMB1/MMP14/CFL1/HLA-E/HLA-G/PRKCD/PTPN1/SWAP70/PSMA2/PSMA3/SRC/PRKAR1A/PSMB2/WNK1/PSMA7/PSMB1/PSMB9/PSMB4/STAT5A/ADAM10/CEBPB/TMX1/PSMA1/MIA3/PLXNB2/PSMB10,0.47727081536286214
Infected_vs_Healthy,GO:0000082,G1/S transition of mitotic cell cycle,70,0.48697632556791176,1.4524873079928942,0.004919634331006501,0.03418925641710563,0.024446465813264574,1548,"tags=56%, list=37%, signal=36%",PSME1/PSME2/PTPN6/PSMA4/RDX/SMARCC2/GSPT1/PSMA2/PSMA3/KHDRBS1/EIF4G1/PSMB2/PSMA7/CDK2/CDK6/CDK1/BCL7C/CUL1/PSMB1/SMARCD2/SMARCE1/RCC1/PSMB4/PRKDC/PSME3/PSMA1/DPF2/PSMA6/ACTB/EIF4E/SMARCA2/ADAM17/RRM1/CUL4B/CUL4A/PPP2CA/PSMB3/SMARCC1/CRLF3,0.40701791892395395
Infected_vs_Healthy,GO:0000724,double-strand break repair via homologous recombination,43,0.5114277776798795,1.4518160896564565,0.014703716680603681,0.0756485610530124,0.054091260103564597,1728,"tags=72%, list=41%, signal=43%",UBE2N/SAMHD1/PARP1/FEN1/MCM6/FUS/CHD4/MCM3/PRMT1/HDGFL2/RUVBL2/PDS5B/TP53BP1/PPP4C/RECQL/ACTB/YY1/RAD50/NBN/SFPQ/INTS3/RAD21/MCM7/MCM2/C1QBP/MCM5/RPA1/MCM4/HTATSF1/ACTR2/MRE11,0.3807304007227924
Infected_vs_Healthy,GO:0070936,protein K48-linked ubiquitination,22,0.552242898835636,1.4499087142634794,0.029473684210526315,0.12153755174452986,0.08690342859472035,1184,"tags=45%, list=28%, signal=33%",TRIM21/UBR4/MYCBP2/CUL1/TRIM25/SYVN1/NT5C2/UBE2D3/UBE2K/UBE3A,0.27128855468895297
Infected_vs_Healthy,GO:1903131,mononuclear cell differentiation,110,0.47067582754381476,1.4452622415252367,9.527156903938701e-4,0.010009904333845986,0.007157417555562357,904,"tags=38%, list=21%, signal=31%",PTPRC/LGALS9/IFI16/HLA-DRB1/PSMA4/HMGB1/ACIN1/PSMB8/AP3B1/MMP14/CD74/HLA-B/HLA-G/NPM1/SMARCC2/PARP1/DDRGK1/CLPTM1/PSMA2/PSMA3/LYN/TOP2B/SART1/MYH9/CDC42/PSMB2/PSMA7/CDK6/LCK/HLA-DRA/PSMB1/SMARCD2/PSMB9/NCKAP1L/SMARCE1/SYVN1/PLCG2/PSMB4/STAT5A/CEBPB/PRKDC/PSMA1,0.47727081536286214
Infected_vs_Healthy,GO:0061013,regulation of mRNA catabolic process,83,0.48185001365345514,1.436831471558026,0.0034409012901304463,0.026387641621813455,0.018868049393364113,717,"tags=36%, list=17%, signal=31%",LSM6/THRAP3/YTHDF3/YTHDF2/YTHDF1/BCLAF1/NPM1/RBM8A/CAPRIN1/SRSF1/PRKCD/APEX1/FMR1/FXR1/FXR2/HNRNPU/PABPC1/DIS3/SYNCRIP/ZC3HAV1/ROCK1/SERBP1/SLIRP/LARP1/FUS/PNN/CSDE1/PAIP1/MYD88/YBX1,0.4317076958033464
Infected_vs_Healthy,GO:0010717,regulation of epithelial to mesenchymal transition,24,-0.3440287010044286,-1.4342668513313725,0.029028994749486316,0.12060725743088466,0.0862382369375124,220,"tags=21%, list=5%, signal=20%",CTNNB1/VASN/SFRP1/DSG2/COL1A1,0.35248785758361917
Infected_vs_Healthy,GO:0006986,response to unfolded protein,57,0.492277190501773,1.4340298654291808,0.007852179553107174,0.04856881847174718,0.03472833529559217,1258,"tags=54%, list=30%, signal=39%",DNAJC3/MANF/BAX/VAPB/DNAJC10/PTPN1/STT3B/DDRGK1/HSPH1/TBL2/NCK1/DNAJA1/TMEM33/DERL1/HSP90AA1/HSP90AB1/OPTN/NCK2/ATAD3A/CDK5RAP3/EIF2S1/SERPINH1/HSPA2/HSPA8/HSPA4/ERP44/UFL1/ERLEC1/THBS1/DNAJB4/DNAJB1,0.3807304007227924
Infected_vs_Healthy,GO:0002687,positive regulation of leukocyte migration,47,0.5063461499846187,1.4318338289314831,0.012977667699100132,0.07038626668329678,0.050328543013753196,1437,"tags=53%, list=34%, signal=36%",LGALS9/CALR/HMGB1/ICAM1/RAC1/RAC2/MMP14/CD74/CD47/SWAP70/WNK1/NCKAP1L/MCU/ADAM10/MIA3/ANO6/LGMN/MAPK1/MAPK3/STK39/P4HB/THBS1/ADAM17/RHOA/C1QBP,0.3807304007227924
Infected_vs_Healthy,GO:0034502,protein localization to chromosome,43,0.5035900009434457,1.4295665935013766,0.020603559077916566,0.0961208412914667,0.06872962757383652,1843,"tags=77%, list=43%, signal=44%",H2AC8/H2AX/H2AC4/PML/PARP1/IK/PRKACA/CDK2/CDK1/MACROH2A1/VCPIP1/VRK1/TP53BP1/NBN/RAD21/RPA1/HTATSF1/RCC2/H4C16/H4C15/H4C9/H4C1/H4C4/H4C6/H4C12/H4C11/H4C3/H4C8/H4C2/H4C5/H4C13/H4C14/TERF2,0.35248785758361917
Infected_vs_Healthy,GO:0000018,regulation of DNA recombination,32,0.5229868200898863,1.4295223657778864,0.028659160696008188,0.11952172699357962,0.08546204624178382,1263,"tags=56%, list=30%, signal=40%",H1-2/H1-3/H1-4/KPNA1/H1-5/H1-1/TFRC/PARP1/H1-10/FUS/PRMT1/HDGFL2/RUVBL2/TP53BP1/PPP4C/ACTB/RAD50/NBN,0.27128855468895297
Infected_vs_Healthy,GO:0000725,recombinational repair,45,0.5030884184018988,1.4287679218184373,0.010304980356508993,0.059092621731856254,0.04225320783113702,1728,"tags=71%, list=41%, signal=43%",UBE2N/SAMHD1/PARP1/FEN1/MCM6/FUS/CHD4/MCM3/PRMT1/HDGFL2/RUVBL2/PDS5B/TP53BP1/PPP4C/RECQL/ACTB/YY1/RAD50/NBN/SFPQ/INTS3/RAD21/MCM7/MCM2/C1QBP/MCM5/RPA1/MCM4/HTATSF1/ACTR2/XRCC6/MRE11,0.3807304007227924
Infected_vs_Healthy,GO:0010565,regulation of ketone metabolic process,31,0.5245984733520448,1.4287120766970303,0.028063997528135418,0.11838490911293904,0.084649183302738365,391,"tags=26%, list=9%, signal=24%",NME1/PLAA/CD74/FABP5/EIF6/NME2/UBR4/CPT1A,0.35248785758361917
Infected_vs_Healthy,GO:0002449,lymphocyte mediated immunity,87,0.4781683258531486,1.4283753664493681,0.0011109339154334904,0.011325354082335861,0.008098008275442296,1135,"tags=43%, list=27%, signal=32%",CORO1A/PTPRC/HLA-A/HLA-C/LGALS9/HLA-DRB1/CYRIB/SERPINB9/HMGB1/CD74/HLA-B/HLA-E/HLA-G/CTSC/TFRC/GRB2/MYO1G/STX7/CLU/HLA-DRB3/C4BPA/HLA-DRA/SERPINB4/NCKAP1L/C1S/YWHAG/AP1G1/C1QA/RFTN1/VAMP7/PCYT1A/KIF5B/LAMP1/TP53BP1/MAPK3/C1QC/PRKAA1,0.45505986738722953
Infected_vs_Healthy,GO:0097529,myeloid leukocyte migration,59,0.487210005413707,1.4261608100435739,0.006196779004021639,0.040370731854602514,0.028866428216503506,1117,"tags=39%, list=26%, signal=29%",ITGB2/S100A8/HMGB1/RAC1/RAC2/MMP14/CD74/CD47/PECAM1/BSG/SWAP70/RPS19/LYN/PPIB/NCKAP1L/SRP54/MCU/WDR1/ANO6/MPP1/LGMN/MAPK1/MAPK3,0.40701791892395395
Infected_vs_Healthy,GO:0006941,striated muscle contraction,90,0.478188058500384,1.4223759462204608,0.001815405602807449,0.016348281933881152,0.011689570271036342,1429,"tags=63%, list=34%, signal=43%",RPL31/RPL7A/RPL21/RPL34/RPL23A/RPL6/RPL13A/RPL32/RPL17/RPL18A/RPL10/RPL27A/RPL27/RPL19/ATP2A1/ATP2A2/RPL5/RPL24/RPL37A/RPL7/FKBP1A/EHD3/PRKACA/RPL4/GSTO1/RPL28/CLIC2/RPL29/RPL30/FLNA/DSC2/RPL14/CAMK2D/HSP90AA1/RPL35A/RPL18/RPL12/RPL11/CALM1/CALM2/CALM3/RPL36A/RPL15/RPL3L/RPL35/RPL8/RPL10A/EEF2/RPL23/ATP1A1/RPL13/ATP1A2/MYH3/MYH6/MYH7/MYH7B/TNNC2,0.45505986738722953
Infected_vs_Healthy,GO:0043086,negative regulation of catalytic activity,52,0.4931964332634234,1.4220732238960399,0.008134150618546228,0.049804093689714314,0.03561159853529509,1266,"tags=48%, list=30%, signal=34%",PTPRC/SERPINB1/ADAR/PRDX3/PTPN1/LYN/HNRNPU/SNX6/ABCE1/PPP1R12A/DNAJA1/TMBIM1/NES/YWHAG/SERPINB8/TIMP1/SERPINB13/GNAI3/CDK5RAP3/STK38/TMED2/GNAI2/SFN/CHMP6/XRCC1,0.3807304007227924
Infected_vs_Healthy,GO:0006638,neutral lipid metabolic process,33,-0.30682914853727605,-1.4209397995466986,0.02788523357970644,0.11838490911293904,0.084649183302738365,460,"tags=39%, list=11%, signal=35%",FABP7/FITM2/GPLD1/APOE/CAV1/AGPAT2/PLIN1/ABHD5/MGLL/APOB/LIPE/ACSL1/APOA4,0.35248785758361917
Infected_vs_Healthy,GO:0006639,acylglycerol metabolic process,33,-0.30682914853727605,-1.4209397995466986,0.02788523357970644,0.11838490911293904,0.084649183302738365,460,"tags=39%, list=11%, signal=35%",FABP7/FITM2/GPLD1/APOE/CAV1/AGPAT2/PLIN1/ABHD5/MGLL/APOB/LIPE/ACSL1/APOA4,0.35248785758361917
Infected_vs_Healthy,GO:0043409,negative regulation of MAPK cascade,40,0.5057414592514652,1.4152054866963764,0.015414790922987533,0.07785176516609758,0.055666624989337124,945,"tags=32%, list=22%, signal=25%",PTPRC/GBP1/CSK/NHERF1/PRKCD/PTPN1/LYN/EIF3A/DNAJA1/PRMT1/TAOK3/CDK5RAP3/STK38,0.3807304007227924
Infected_vs_Healthy,GO:0002262,myeloid cell homeostasis,46,0.4951284344589535,1.413942112528212,0.013981415854046126,0.07365329595839609,0.05266457859493917,960,"tags=43%, list=23%, signal=34%",STAT1/CASP3/HMGB1/ACIN1/RPS17/RPS19/LYN/RPS24/CDK6/PTBP3/GLUL/NCKAP1L/PRMT1/HMGB2/STAT5B/PRKDC/RPS14/CDK5RAP3/SLC25A5/HMOX1,0.3807304007227924
Infected_vs_Healthy,GO:2000045,regulation of G1/S transition of mitotic cell cycle,55,0.48877685189842895,1.4134241311802358,0.015306345157700183,0.07785176516609758,0.055666624989337124,1548,"tags=55%, list=37%, signal=35%",PSME1/PSME2/PTPN6/PSMA4/RDX/SMARCC2/PSMA2/PSMA3/EIF4G1/PSMB2/PSMA7/CDK2/BCL7C/PSMB1/SMARCD2/SMARCE1/PSMB4/PRKDC/PSME3/PSMA1/DPF2/PSMA6/ACTB/SMARCA2/ADAM17/RRM1/PPP2CA/PSMB3/SMARCC1/CRLF3,0.3807304007227924
Infected_vs_Healthy,GO:0044703,multi-organism reproductive process,39,0.50156840316357,1.4123726479197558,0.039634146341463415,0.14742295649307846,0.10541236176740271,326,"tags=21%, list=8%, signal=19%",APOL2/ARHGDIB/LGALS9/CALR/YTHDF3/IGFBP7/PARP1/BSG,0.22798720285044224
Infected_vs_Healthy,GO:0044706,multi-multicellular organism process,39,0.50156840316357,1.4123726479197558,0.039634146341463415,0.14742295649307846,0.10541236176740271,326,"tags=21%, list=8%, signal=19%",APOL2/ARHGDIB/LGALS9/CALR/YTHDF3/IGFBP7/PARP1/BSG,0.22798720285044224
Infected_vs_Healthy,GO:1901606,alpha-amino acid catabolic process,40,-0.2857447702131648,-1.4105991492267982,0.03335059828767397,0.13208276516089582,0.09444361011056608,510,"tags=40%, list=12%, signal=36%",DDAH1/HIBADH/HIBCH/GLUD1/HMGCL/MCCC2/GPT/ARG1/MCCC1/ALDH7A1/SHMT1/ASS1/ACAT1/BLMH/ACAD8/ALDH6A1,0.3217759180753611
Infected_vs_Healthy,GO:0061844,antimicrobial humoral immune response mediated by antimicrobial peptide,29,0.517686482176738,1.4104700944624116,0.03483606557377049,0.1355282975149163,0.09690728138418041,765,"tags=31%, list=18%, signal=26%",DEFA1/DEFA3/DEFA1B/H2BC12/KRT6A/RPS19/H2BC26/RPL30/FAU,0.24504178543099617
Infected_vs_Healthy,GO:0017157,regulation of exocytosis,66,0.48031534464589604,1.4084370339208108,0.003451244680782141,0.026387641621813455,0.018868049393364113,1164,"tags=45%, list=27%, signal=33%",ITGB2/LGALS9/ITGAM/VAMP8/FGG/RAC2/RAB3D/HGS/RAP1B/LYN/FMR1/RAP1A/RAB27A/FGB/MICAL1/CDK5/FGR/FGA/RAB3GAP1/NCKAP1L/AP1G1/VAMP7/NSF/RALA/LAMP1/CALM3/STXBP2/VAMP2/GNAI2/PRKCB,0.4317076958033464
Infected_vs_Healthy,GO:0045088,regulation of innate immune response,174,0.4530192703469326,1.4059459277383424,2.452764337297889e-4,0.003913758746905762,0.0027984688593498436,1152,"tags=39%, list=27%, signal=30%",CTSS/GBP2/HLA-A/HLA-C/LGALS9/PTPN6/IFI16/MNDA/SERPINB9/S100A8/HMGB1/GRN/YTHDF3/YTHDF2/TRIM21/AP3B1/OAS3/HLA-B/HLA-E/HLA-G/PCBP2/RALB/GRB2/SAMHD1/WDFY1/PARP1/PTPN1/MATR3/RBM14/CASP1/RELA/RPS19/PAK2/CPT1A/HCK/LYN/SRC/EIF2AK2/PAK1/DDX60/PQBP1/ZC3HAV1/CDC37/RIGI/FGR/SERPINB4/STING1/HSP90B1/ERAP1/MYD88/TRIM25/HSP90AA1/PLCG2/AP1G1/HMGB2/PRKDC/RFTN1/CYBA/UBE2K/LAMP1/RPS6KA3/SQSTM1/USP15/CFP/HSPA8/SFN/YWHAE/YWHAZ,0.49849310876659025
Infected_vs_Healthy,GO:0000086,G2/M transition of mitotic cell cycle,31,0.5162331034578673,1.4059294999245877,0.037879199260811416,0.14480902217414363,0.10354331099933782,1728,"tags=68%, list=41%, signal=40%",KHDRBS1/CDK2/CDK6/CDK1/NES/TAOK3/TAOK1/CDK5RAP3/DNM2/RAD50/NBN/INTS3/RAD21/ZNF830/RRM1/BRCC3/VPS4A/VPS4B/RCC2/GTPBP4/MRE11,0.3217759180753611
Infected_vs_Healthy,GO:0035967,cellular response to topologically incorrect protein,43,0.49506416795141794,1.4053638769971948,0.028643820098856087,0.11952172699357962,0.08546204624178382,966,"tags=40%, list=23%, signal=31%",DNAJC3/MANF/BAX/VAPB/DNAJC10/PTPN1/DDRGK1/UBR4/TBL2/NCK1/TMEM33/DERL1/OPTN/NCK2/ATAD3A/CDK5RAP3/EIF2S1,0.35248785758361917
Infected_vs_Healthy,GO:0006887,exocytosis,135,0.4608597064598358,1.4048427332347142,4.494806207952425e-4,0.006109606956735333,0.0043685740274124986,1167,"tags=40%, list=28%, signal=30%",CORO1A/ITGB2/LGALS9/ITGAM/VAMP8/SCAMP2/FGG/RAC2/RAB8A/RAB10/RAB12/RAB8B/RAB3D/HGS/RALB/SACM1L/RAB13/RAP1B/HCK/LYN/FMR1/PAK1/MYH9/RAP1A/RAB27A/FGB/MICAL1/CDK5/FGR/FGA/RAB3GAP1/NCKAP1L/VTI1B/VPS11/AP1G1/ANXA3/TMED10/SYNGR2/VAMP7/NSF/NAPA/RALA/MIA3/LAMP1/CALM3/PLEK/STXBP2/SCAMP3/VAMP2/VAMP3/GNAI1/GNAI2/PRKCB/YKT6,0.49849310876659025
Infected_vs_Healthy,GO:0045785,positive regulation of cell adhesion,162,0.45778064390095713,1.4015191458245975,2.5961992583849804e-4,0.004046147687744421,0.0028931313953460148,667,"tags=27%, list=16%, signal=24%",PTPRC/ITGB2/HLA-A/LGALS9/PTPN6/CALR/HLA-DPB1/HLA-DRB1/CSK/CYRIB/HMGB1/FGG/RAC1/AP3B1/LAMB1/CFL1/HLA-E/HLA-G/CD47/TFRC/SMARCC2/TGM2/CD63/HLA-DRB5/RELA/HSPH1/LYN/SRC/YES1/FN1/SART1/CD44/CDC42/FGB/ROCK1/HLA-DRB3/CDK6/LCK/NCK1/HLA-DRA/FGA/SMARCD2/FLNA/NCKAP1L,0.49849310876659025
Infected_vs_Healthy,GO:0002526,acute inflammatory response,30,0.5193408763737579,1.4012487998227934,0.0449438202247191,0.16297697368421052,0.1165340060899068,1006,"tags=30%, list=24%, signal=23%",APOL2/HLA-E/TFRC/CD163/FN1/LCN2/SAA4/CEBPB/ANO6,0.21392785549235627
Infected_vs_Healthy,GO:0030162,regulation of proteolysis,53,0.4847305383236495,1.3981291298959575,0.013120854678169184,0.07046859024714279,0.05038740712488316,987,"tags=34%, list=23%, signal=26%",CTSZ/SERPINB1/GRN/MMP14/CFL1/PTPN1/MYH9/HDAC2/ROCK1/CDK5/SERPINB4/CST3/SERPINB8/TIMP1/SERPINB13/SNX12/ENO1/IST1,0.3807304007227924
Infected_vs_Healthy,GO:0042326,negative regulation of phosphorylation,33,0.5100763655268428,1.3969127131190746,0.03268641470888662,0.130864518525397,0.09357252287884882,945,"tags=42%, list=22%, signal=33%",PTPRC/DNAJC3/ADAR/PRDX3/PTPN1/LYN/HNRNPU/SNX6/DNAJA1/YWHAG/TARDBP/PRKDC/CDK5RAP3/STK38,0.2529611230696109
Infected_vs_Healthy,GO:0042254,ribosome biogenesis,140,0.4557780846750423,1.3957780761491885,6.964330571131685e-4,0.008239469788495182,0.0058914974355246865,1778,"tags=64%, list=42%, signal=38%",LSM6/RPL7A/RPL26/RPS3A/YTHDF2/RPS21/NPM1/RPS11/RPS23/RPL27/EIF6/RPS15/RPS17/RPS19/NOP58/RPL5/RPL7/EIF2A/SNU13/DKC1/RPS24/SART1/DIS3/PA2G4/RPS12/NMD3/DDX21/RPS9/GLUL/RPS13/RPL14/EIF1AX/RRP1/XRN2/RPS16/EIF5/FBL/FAU/RPL35A/PRKDC/RPS25/RPS8/RPS14/FTSJ3/NOP56/RPL11/PIN4/NOP2/MYBBP1A/RPL35/EXOSC9/RPS27/EIF5B/NUP88/DHX29/EXOSC1/SBDS/MTREX/WDR12/RPS7/EXOSC7/IMP3/TBL3/EIF4A3/C1QBP/CUL4B/CUL4A/RPS15A/PRMT5/EXOSC2/TCOF1/BOP1/EFL1/RPS28/GAR1/UTP6/LAS1L/NOC2L/RPS5/EXOSC6/DDX18/DCAF13/GTPBP4/DDX3X/GRWD1/UTP18/ZNF622/RPLP0/ERI1,0.47727081536286214
Infected_vs_Healthy,GO:1902107,positive regulation of leukocyte differentiation,45,0.49128285724268334,1.3952402028998951,0.025303643724696356,0.11128691741253655,0.07957388101099536,864,"tags=36%, list=20%, signal=29%",LGALS9/HLA-DRB1/HMGB1/ACIN1/AP3B1/MMP14/CD74/HLA-G/SMARCC2/DDRGK1/SART1/HLA-DRA/SMARCD2/NCKAP1L/SMARCE1/PRKDC,0.2878571172551493
Infected_vs_Healthy,GO:1903708,positive regulation of hemopoiesis,45,0.49128285724268334,1.3952402028998951,0.025303643724696356,0.11128691741253655,0.07957388101099536,864,"tags=36%, list=20%, signal=29%",LGALS9/HLA-DRB1/HMGB1/ACIN1/AP3B1/MMP14/CD74/HLA-G/SMARCC2/DDRGK1/SART1/HLA-DRA/SMARCD2/NCKAP1L/SMARCE1/PRKDC,0.2878571172551493
Infected_vs_Healthy,GO:0070374,positive regulation of ERK1 and ERK2 cascade,50,0.4915939197699859,1.3943344606376065,0.008142358641370188,0.049804093689714314,0.03561159853529509,622,"tags=26%, list=15%, signal=22%",PTPRC/LGALS9/HMGB1/NAMPT/FGG/ICAM1/CD74/SRC/GLIPR2/RAP1A/CD44/FGB/FGA,0.3807304007227924
Infected_vs_Healthy,GO:0007565,female pregnancy,38,0.5023110121029903,1.3938194080277233,0.025370586985056016,0.11128691741253655,0.07957388101099536,326,"tags=21%, list=8%, signal=20%",APOL2/ARHGDIB/LGALS9/CALR/YTHDF3/IGFBP7/PARP1/BSG,0.35248785758361917
Infected_vs_Healthy,GO:0044839,cell cycle G2/M phase transition,35,0.5005644341387907,1.3924477771879267,0.02836611378089557,0.11920263844567183,0.08523388722063797,1728,"tags=66%, list=41%, signal=39%",NPM1/KHDRBS1/CDK2/CDK6/CDK1/MACROH2A1/NES/TAOK3/TAOK1/CDK5RAP3/DNM2/RAD50/NBN/INTS3/RAD21/ZNF830/RRM1/BRCC3/VPS4A/VPS4B/RCC2/GTPBP4/MRE11,0.35248785758361917
Infected_vs_Healthy,GO:0050900,leukocyte migration,112,0.45998908699293933,1.3914618334017272,0.002009424672745018,0.017421347535642305,0.012456848191000677,1223,"tags=42%, list=29%, signal=31%",ITGB2/DEFA1/DEFA1B/LGALS9/CALR/MSN/S100A8/HMGB1/ICAM1/RAC1/RAC2/MMP14/CD74/CD47/PECAM1/BSG/MYO1G/SWAP70/RPS19/HCK/LYN/SRC/YES1/MYH9/PPIB/WNK1/ROCK1/LCK/STK10/NCKAP1L/SRP54/F11R/MCU/ANKRD22/ADAM10/HMOX1/WDR1/MIA3/ANO6/MPP1/LGMN/MAPK1/MAPK3/GNAI1/STK39/P4HB/THBS1,0.4317076958033464
Infected_vs_Healthy,GO:0044843,cell cycle G1/S phase transition,77,0.46746428861812017,1.3900906032255567,0.005866638348607313,0.03896961309469704,0.027864581278199935,1548,"tags=53%, list=37%, signal=34%",PSME1/PSME2/PTPN6/PSMA4/RDX/SMARCC2/GSPT1/DDRGK1/PSMA2/PSMA3/KHDRBS1/EIF4G1/PSMB2/PSMA7/CDK2/CDK6/CDK1/BCL7C/CUL1/PSMB1/SMARCD2/SMARCE1/PLCG2/RCC1/PSMB4/PRKDC/PSME3/PSMA1/DPF2/PSMA6/ACTB/EIF4E/SMARCA2/ADAM17/RRM1/CUL4B/CUL4A/PPP2CA/PSMB3/SMARCC1/CRLF3,0.40701791892395395
Infected_vs_Healthy,GO:1902749,regulation of cell cycle G2/M phase transition,25,0.5257449906554391,1.3878719557890509,0.046875,0.16865808823529413,0.12059619366602557,1728,"tags=72%, list=41%, signal=43%",NPM1/CDK1/MACROH2A1/TAOK3/TAOK1/CDK5RAP3/RAD50/NBN/INTS3/RAD21/ZNF830/RRM1/BRCC3/VPS4A/VPS4B/RCC2/GTPBP4/MRE11,0.21140018938492272
Infected_vs_Healthy,GO:0010212,response to ionizing radiation,33,0.5065986607169211,1.387388550876354,0.03677221654749745,0.1415601762894919,0.10122027715260092,592,"tags=30%, list=14%, signal=26%",PTPRC/RPL26/TOP1/CASP3/IFI16/H2AX/GRB2/PARP1/EEF1D/LCN2,0.2377938344236881
Infected_vs_Healthy,GO:0006302,double-strand break repair,85,0.47013982839455953,1.3864986116538252,0.0030977465446688996,0.02436156389771756,0.017419335820513606,1728,"tags=65%, list=41%, signal=39%",H2AX/HMGB1/UBE2N/UBE2V2/SMARCC2/PML/SAMHD1/PARP1/DEK/TOP2B/FEN1/OTUB1/MCM6/BCL7C/SMARCD2/FUS/CHD4/MCM3/PRMT1/SMARCE1/HMGB2/PRKDC/HDGFL2/DPF2/RUVBL2/PDS5B/TP53BP1/PPP4C/RECQL/ACTB/YY1/RAD50/PPP5C/NBN/XRCC1/SMARCA2/SFPQ/INTS3/RAD21/MCM7/PAXX/MCM2/C1QBP/MCM5/SMARCC1/BRCC3/RPA1/PARP9/PPP4R3A/MCM4/HTATSF1/ACTR2/XRCC6/SMARCA4/MRE11,0.4317076958033464
Infected_vs_Healthy,GO:0042274,ribosomal small subunit biogenesis,56,0.48301711732558894,1.3851010995324302,0.016119590021634374,0.08103958271150433,0.057946021525253584,974,"tags=41%, list=23%, signal=32%",LSM6/RPS3A/RPS21/NPM1/RPS11/RPS23/RPS15/RPS17/RPS19/NOP58/SNU13/RPS24/RPS12/RPS9/RPS13/RPS16/FBL/FAU/PRKDC/RPS25/RPS8/RPS14/NOP56,0.35248785758361917
Infected_vs_Healthy,GO:0030595,leukocyte chemotaxis,67,0.4710332509886804,1.3843401011447598,0.007415650182559886,0.04692316581033583,0.03355163841055631,1264,"tags=42%, list=30%, signal=30%",ITGB2/DEFA1/DEFA1B/LGALS9/CALR/S100A8/HMGB1/RAC1/RAC2/CD74/BSG/SWAP70/RPS19/LYN/PPIB/WNK1/NCKAP1L/SRP54/MCU/ADAM10/ANO6/MPP1/LGMN/MAPK1/MAPK3/STK39/THBS1/SBDS,0.40701791892395395
Infected_vs_Healthy,GO:0071248,cellular response to metal ion,44,0.49035741413101963,1.3838708000914648,0.01926352074415444,0.09261631589220104,0.06622377429292102,1312,"tags=52%, list=31%, signal=36%",MT1H/MT2A/MT1E/CALR/CYBB/HVCN1/PPIF/CLIC4/PARP1/CACYBP/FBP1/HSP90B1/CAMK2D/PLCG2/ALOX5AP/EIF2S1/SLC25A24/LGMN/PRKAA1/STK39/CPNE2/PPP5C/IQGAP1,0.35248785758361917
Infected_vs_Healthy,GO:0035966,response to topologically incorrect protein,66,0.47165090984972274,1.3830301611632494,0.005946316984476932,0.03896961309469704,0.027864581278199935,1258,"tags=50%, list=30%, signal=36%",DNAJC3/MANF/BAX/VAPB/DNAJC10/PTPN1/STT3B/DDRGK1/HSPH1/UBR4/CLU/TBL2/NCK1/DNAJA1/TMEM33/DERL1/HSP90AA1/HSP90AB1/OPTN/NCK2/ATAD3A/CDK5RAP3/EIF2S1/SERPINH1/HSPA2/HSPA8/HSPA4/ERP44/UFL1/ERLEC1/THBS1/DNAJB4/DNAJB1,0.40701791892395395
Infected_vs_Healthy,GO:1903313,positive regulation of mRNA metabolic process,59,0.4721669051444858,1.3821266567480108,0.013055184734835005,0.07045959996594775,0.05038097877209289,717,"tags=34%, list=17%, signal=29%",LSM6/THRAP3/RBMX/YTHDF3/YTHDF2/YTHDF1/CAPRIN1/TRA2B/FXR1/FXR2/HNRNPU/NCBP2/PABPC1/DIS3/SYNCRIP/ZC3HAV1/ROCK1/CSDE1/PAIP1/YBX1,0.3807304007227924
Infected_vs_Healthy,GO:0050729,positive regulation of inflammatory response,43,0.4867304488792322,1.3817065240654396,0.026262626262626262,0.1138391791935099,0.08139883384453665,1187,"tags=42%, list=28%, signal=30%",GBP1/GBP2/CASP3/VAMP8/S100A8/GRN/HLA-E/CD47/CASP1/RPS19/MGST2/PLCG2/CEBPB/VAMP7/TRADD/MAPK1/MAPK3/KARS1,0.2820133500117251
Infected_vs_Healthy,GO:2000779,regulation of double-strand break repair,44,0.4895251376647103,1.3815219764250177,0.019933539645735313,0.0941923912015218,0.06735072103602607,1728,"tags=66%, list=41%, signal=39%",UBE2N/UBE2V2/SMARCC2/PML/PARP1/DEK/TOP2B/OTUB1/BCL7C/SMARCD2/FUS/PRMT1/SMARCE1/PRKDC/HDGFL2/DPF2/RUVBL2/TP53BP1/PPP4C/ACTB/RAD50/NBN/SMARCA2/C1QBP/SMARCC1/PPP4R3A/ACTR2/SMARCA4/MRE11,0.35248785758361917
Infected_vs_Healthy,GO:0045739,positive regulation of DNA repair,45,0.4864320536188639,1.3814639513320899,0.032388663967611336,0.13014568988445285,0.09305853627492715,1728,"tags=67%, list=41%, signal=40%",H2AX/HMGB1/PCNA/UBE2N/UBE2V2/SMARCC2/PARP1/PRKCD/TOP2B/BCL7C/SMARCD2/FUS/PRMT1/SMARCE1/PRKDC/HDGFL2/DPF2/RUVBL2/ACTB/YY1/RAD50/NBN/SMARCA2/RPS3/SMARCC1/BRCC3/DHX9/ACTR2/SMARCA4/MRE11,0.2529611230696109
Infected_vs_Healthy,GO:0045471,response to ethanol,32,0.505215059373429,1.380945368332593,0.048106448311156604,0.17140841291450945,0.12256276811928497,1180,"tags=47%, list=28%, signal=34%",SOD2/CASP3/S100A8/CYBB/EEF1B2/PARP1/CPT1A/HDAC2/CDK1/TBXAS1/MYD88/CREB1/PRKAA1/RPL10A/EEF2,0.2065879226968911
Infected_vs_Healthy,GO:0008360,regulation of cell shape,55,0.476721120948709,1.378561880692785,0.024166619841791515,0.10937222971428351,0.0782048150451441,742,"tags=31%, list=18%, signal=26%",ITGB2/MSN/NHERF1/RAC1/RAC2/CFL1/RDX/FMNL1/HCK/FN1/MYH9/RHOG/EPB41L3/FGR/ARAP1/PALM2AKAP2/F11R,0.35248785758361917
Infected_vs_Healthy,GO:0022604,regulation of cell morphogenesis,74,0.4634221602622973,1.3747156680744583,0.015398096960380482,0.07785176516609758,0.055666624989337124,774,"tags=31%, list=18%, signal=26%",ITGB2/MSN/NHERF1/RAC1/RAC2/PLAA/CFL1/RDX/FMNL1/CAPRIN1/HCK/SRC/FN1/MYH9/CD44/RHOG/ARPIN/EPB41L3/FGR/ARAP1/PALM2AKAP2/F11R/CORO1B,0.3807304007227924
Infected_vs_Healthy,GO:0072594,establishment of protein localization to organelle,158,0.446842320335623,1.3726115094390487,3.816354633680138e-4,0.005528692699581357,0.003953200836644669,1367,"tags=44%, list=32%, signal=31%",M6PR/IGF2R/ADAR/AP3M1/SRP72/CHMP4B/KPNA1/H1-5/CFL1/NPM1/RAB10/RAB8B/HGS/CHMP4A/PARP1/PRKCD/SRP9/SPCS1/RANBP2/RGPD2/SEC61B/SEC13/SEC63/CLU/SRP68/SPCS3/SRP14/SRPRB/SRPRA/CDK1/MACROH2A1/RAB3GAP1/TIMM44/FLNA/SEC61A1/SRP54/SPCS2/AP3D1/NDUFA13/YWHAB/HSP90AA1/TARDBP/SEC62/MACROH2A2/RUVBL2/GET4/LAMP1/USP9X/STK3/STK4/SQSTM1/SSR1/SSR4/HSPA8/HSPA4/YWHAE/NUP85/IPO7/NUP88/NUP93/RPL23/ZFYVE16/MVB12A/PIK3C3/RAB7A/NUP50/NUP153/SSR3/RBM22/AGK,0.49849310876659025
Infected_vs_Healthy,GO:2001242,regulation of intrinsic apoptotic signaling pathway,67,0.46648914228758576,1.3709852225121315,0.00887054543057117,0.05366192592889482,0.038370078064591036,1022,"tags=39%, list=24%, signal=30%",SOD2/RPL26/S100A8/BAX/NHERF1/BCLAF1/PPIF/CD74/HYOU1/PARP1/PTPN1/TPT1/ERP29/SRC/EIF5A/CLU/CD44/LCK/NCK1/DNAJA1/SYVN1/NCK2/BCAP31/ENO1/YBX3/TP53BP1,0.3807304007227924
Infected_vs_Healthy,GO:0008154,actin polymerization or depolymerization,84,0.4581861029776539,1.3685822759027277,0.015076606528891758,0.07720625017818523,0.05520506010791857,1211,"tags=45%, list=29%, signal=33%",COTL1/LIMA1/CYRIB/ARPC5L/RAC1/ARPC3/CORO7/VASP/CYRIA/CFL1/ARPC5/RDX/ENAH/PRKCD/SWAP70/HCK/TWF1/CFL2/DSTN/MICAL1/CAPZA1/NCK1/DIAPH1/CAPZB/NCKAP1/NCKAP1L/FLII/ARPC2/SH3BP1/NCK2/WASHC5/WDR1/PDXP/PLEK/TMOD3/TWF2/PFN1/CAPG,0.3807304007227924
Infected_vs_Healthy,GO:0006282,regulation of DNA repair,64,0.4674079794891079,1.3674413469211177,0.011404918876321751,0.06374018113111801,0.045576368785065345,1728,"tags=62%, list=41%, signal=38%",UBE2V1/H2AX/HMGB1/PCNA/UBE2N/UBE2V2/SMARCC2/PML/PARP1/PRKCD/DEK/TOP2B/OTUB1/BCL7C/SMARCD2/FUS/PRMT1/SF3B3/SMARCE1/PRKDC/HDGFL2/DPF2/RUVBL2/TP53BP1/PPP4C/ACTB/YY1/RAD50/NBN/XRCC1/SMARCA2/C1QBP/RPS3/SMARCC1/BRCC3/DHX9/PPP4R3A/ACTR2/SMARCA4/MRE11,0.3807304007227924
Infected_vs_Healthy,GO:0002685,regulation of leukocyte migration,65,0.46362018346150535,1.3645393148626022,0.01426290138608492,0.0744239546259692,0.053215625407442985,1223,"tags=42%, list=29%, signal=30%",LGALS9/CALR/MSN/HMGB1/ICAM1/RAC1/RAC2/MMP14/CD74/CD47/SWAP70/LYN/WNK1/STK10/NCKAP1L/MCU/ADAM10/HMOX1/MIA3/ANO6/MPP1/LGMN/MAPK1/MAPK3/STK39/P4HB/THBS1,0.3807304007227924
Infected_vs_Healthy,GO:0030098,lymphocyte differentiation,85,0.4624111282421678,1.3637057500752339,0.005934424350507978,0.03896961309469704,0.027864581278199935,1337,"tags=47%, list=32%, signal=33%",PTPRC/HLA-DRB1/PSMA4/HMGB1/PSMB8/AP3B1/MMP14/CD74/HLA-G/SMARCC2/DDRGK1/CLPTM1/PSMA2/PSMA3/TOP2B/SART1/PSMB2/PSMA7/LCK/HLA-DRA/PSMB1/SMARCD2/PSMB9/NCKAP1L/SMARCE1/SYVN1/PLCG2/PSMB4/STAT5A/PRKDC/PSMA1/SLC25A5/PSMB10/PSMA6/ACTB/YY1/DOCK11/SMARCA2/TBK1/ADAM17,0.40701791892395395
Infected_vs_Healthy,GO:0042692,muscle cell differentiation,123,0.44837645443970053,1.3628599021173495,0.004090120068262493,0.030021481301046697,0.021466366724559826,1292,"tags=49%, list=30%, signal=35%",RPL31/RPL7A/RPL21/CASP3/CALR/RPL34/RPL23A/LAMB1/MMP14/RPL6/RPL13A/RPL32/RPL17/RPL18A/RPL10/RPL27A/RPL27/RPL19/KRT8/NACA/RPL5/RPL24/RPL37A/RPL7/EHD1/PAK1/CACYBP/MYL9/RPL4/RPL28/CDK1/RPL29/CSRP2/RPL30/FLNC/RPL14/FLII/ENG/DOCK2/RPL35A/RPL18/HDGFL2/RPL12/WDR1/RPL11/RPL36A/MECP2/RPL15/AKAP13/RPL3L/FBXO22/RPL35/TMOD3/RPL8/RPL10A/YY1/RPL23/QKI/FHL2/RPL13,0.40701791892395395
Infected_vs_Healthy,GO:0006417,regulation of translation,177,0.44030597046870407,1.361588689490017,5.229796955594046e-4,0.0067741252330694645,0.004843726897849424,1270,"tags=44%, list=30%, signal=32%",RPL26/DNAJC3/CALR/NCL/PKM/YTHDF3/YTHDF2/YTHDF1/RPL13A/RPL10/NPM1/RBM8A/EIF4B/CAPRIN1/PML/EIF6/SSB/SRP9/GSPT1/ILF3/RPL5/EIF3H/ABCF1/EIF2A/COA3/EIF2AK2/FMR1/FXR1/FXR2/EIF2S2/EIF5A/HNRNPU/NCBP2/PABPC1/KHDRBS1/SYNCRIP/EIF4G1/EIF4G3/EIF2S3/PA2G4/EIF4G2/SHMT2/SERBP1/PYM1/ABCE1/EIF3C/EIF2B4/LARP1/NCK1/SH3BGRL/EPRS1/CSDE1/PAIP1/YBX1/PRMT1/EIF5/AARS1/NCK2/BZW1/PRKDC/ETF1/EIF2S1/NCBP1/YBX3/EIF2B5/PLXNB2/RPS6KA3/EEF2/EIF5B/THBS1/ELP1/QKI/EIF4E/XRN1/METAP2/CNBP/DHX29/KRT17,0.47727081536286214
Infected_vs_Healthy,GO:0030218,erythrocyte differentiation,38,0.4903390881442253,1.3605995510803357,0.03850050658561297,0.14667494031404804,0.10487750509414419,957,"tags=42%, list=23%, signal=33%",STAT1/CASP3/ACIN1/RPS19/LYN/CDK6/PTBP3/GLUL/NCKAP1L/PRMT1/HMGB2/STAT5B/PRKDC/RPS14/CDK5RAP3/SLC25A5,0.2311267096738343
Infected_vs_Healthy,GO:0001818,negative regulation of cytokine production,77,0.4575371096576419,1.360570320017843,0.009368013195735353,0.05605533982882948,0.040081449331866414,521,"tags=23%, list=12%, signal=21%",PTPRC/GBP1/LGALS9/PTPN6/CASP3/HLA-DRB1/CSK/SERPINB1/HMGB1/RAC1/OAS3/CTPS1/PML/RELA/FXR1/FN1/PRKACA/BST2,0.3807304007227924
Infected_vs_Healthy,GO:0015833,peptide transport,57,0.46704129157385127,1.3605163380063383,0.02349996518544192,0.10735876211274503,0.0767651181331487,622,"tags=28%, list=15%, signal=24%",TAP2/HLA-DRB1/TAP1/NHERF1/FGG/RAC1/CD74/EIPR1/RAB8B/RAB1A/ACSL4/CPT1A/PRKACA/PRKACB/FGB/FGA,0.35248785758361917
Infected_vs_Healthy,GO:1902806,regulation of cell cycle G1/S phase transition,62,0.4649597254642602,1.3604538613466106,0.01664265275202863,0.08291203927594354,0.059284890813047865,954,"tags=37%, list=23%, signal=29%",PSME1/PSME2/PTPN6/PSMA4/RDX/SMARCC2/DDRGK1/PSMA2/PSMA3/EIF4G1/PSMB2/PSMA7/CDK2/BCL7C/PSMB1/SMARCD2/SMARCE1/PLCG2/PSMB4/PRKDC/PSME3/PSMA1/DPF2,0.35248785758361917
Infected_vs_Healthy,GO:0060326,cell chemotaxis,88,0.45301159788772954,1.3591781278475865,0.00900334512801591,0.05416766658986621,0.03873169961107864,835,"tags=31%, list=20%, signal=25%",ITGB2/DEFA1/DEFA1B/LGALS9/CALR/S100A8/HMGB1/RAC1/RAC2/CD74/RAB13/PRKCD/BSG/SWAP70/RPS19/LYN/PPIB/RHOG/WNK1/NCKAP1L/SRP54/ENG/CORO1B/MCU/ELMO2/HMGB2/ADAM10,0.3807304007227924
Infected_vs_Healthy,GO:0030518,nuclear receptor-mediated steroid hormone signaling pathway,43,0.4771270739447713,1.354444934348698,0.03535353535353535,0.13657628920786816,0.09765663061780443,1246,"tags=42%, list=29%, signal=30%",DEFA1/DEFA3/DEFA1B/CALR/SAFB/PARP1/DDRGK1/SRC/PAK1/HDAC1/HDAC2/YWHAH/VPS11/SAFB2/CARM1/UBE3A/UFL1/PPP5C,0.24133997681509095
Infected_vs_Healthy,GO:0043401,steroid hormone receptor signaling pathway,43,0.4771270739447713,1.354444934348698,0.03535353535353535,0.13657628920786816,0.09765663061780443,1246,"tags=42%, list=29%, signal=30%",DEFA1/DEFA3/DEFA1B/CALR/SAFB/PARP1/DDRGK1/SRC/PAK1/HDAC1/HDAC2/YWHAH/VPS11/SAFB2/CARM1/UBE3A/UFL1/PPP5C,0.24133997681509095
Infected_vs_Healthy,GO:0050779,RNA destabilization,44,0.47983987720161336,1.3541885482766691,0.03434343434343434,0.13456270893993313,0.09621685314555413,833,"tags=36%, list=20%, signal=30%",LSM6/YTHDF3/YTHDF2/YTHDF1/CAPRIN1/FXR1/FXR2/HNRNPU/PABPC1/DIS3/SYNCRIP/ROCK1/CSDE1/PAIP1/YBX1/TARDBP,0.24504178543099617
Infected_vs_Healthy,GO:0061157,mRNA destabilization,44,0.47983987720161336,1.3541885482766691,0.03434343434343434,0.13456270893993313,0.09621685314555413,833,"tags=36%, list=20%, signal=30%",LSM6/YTHDF3/YTHDF2/YTHDF1/CAPRIN1/FXR1/FXR2/HNRNPU/PABPC1/DIS3/SYNCRIP/ROCK1/CSDE1/PAIP1/YBX1/TARDBP,0.24504178543099617
Infected_vs_Healthy,GO:0006457,protein folding,125,0.44083341009802973,1.3501253689117005,0.005416692509309102,0.03658759786962774,0.02616136044602069,1559,"tags=54%, list=37%, signal=35%",DNAJC3/CALR/TBCB/SDF2L1/GRN/DNAJB11/PFDN2/PPIF/PPIE/TXNDC5/ERO1A/CD74/PDIA3/ERO1B/DNAJC10/ERP29/RP2/NUDC/RANBP2/HSPH1/FKBP1A/COA3/SNRNP70/CLU/TBCA/CDC37/PPIB/PPIL1/PDIA4/FKBP5/HSP90B1/PDIA5/DNAJA1/VBP1/P3H1/HSP90AA1/HSP90AB1/AHSA1/CRTAP/DNAJA2/DNAJC7/DNAJB6/CCT7/RUVBL2/LMAN1/CANX/HSPA2/HSPA8/HSPA9/HSPA4/PTGES3/ERP44/P4HB/TBCC/MPDU1/DNAJB4/DNAJB1/CCT4/CHORDC1/FKBP4/FKBP10/NUDCD2/PPIC/PDIA6/GFER/DNAJB12/CCT8/HSPA5,0.40701791892395395
Infected_vs_Healthy,GO:0000956,nuclear-transcribed mRNA catabolic process,67,0.4591417120251605,1.3493915402587224,0.025100401606425703,0.11128691741253655,0.07957388101099536,1675,"tags=61%, list=40%, signal=38%",LSM6/THRAP3/SNRPF/RBM8A/CAPRIN1/SSB/GSPT1/GSPT2/HNRNPU/SNRPB/NCBP2/PABPC1/DIS3/SYNCRIP/PYM1/CSDE1/PAIP1/YBX1/XRN2/ETF1/RNPS1/NCBP1/EXOSC9/LSM2/MAGOHB/LSM7/SNRPG/XRN1/SKIC8/CPSF2/EXOSC7/SKIC3/PELO/EIF4A3/EXOSC2/CNOT9/DHX9/PDE12/ALYREF/SNRPE/EXOSC6,0.2878571172551493
Infected_vs_Healthy,GO:0097530,granulocyte migration,38,0.4857725582142339,1.3479282819056586,0.047619047619047616,0.1707771056305258,0.12211136222302076,1223,"tags=42%, list=29%, signal=30%",ITGB2/S100A8/RAC1/RAC2/CD74/PECAM1/BSG/PPIB/NCKAP1L/SRP54/MCU/WDR1/MPP1/MAPK1/MAPK3/THBS1,0.2065879226968911
Infected_vs_Healthy,GO:0070555,response to interleukin-1,35,0.4827006812972908,1.3427551877030648,0.043522267206477734,0.15919606709080394,0.11383053097915195,1206,"tags=46%, list=28%, signal=33%",GBP1/GBP2/LGALS9/RBMX/CFL1/CD47/RELA/SRC/FGB/LCN2/MYD88/CEBPB/CYBA/MAPK3/CHI3L1/YY1,0.2165428367353482
Infected_vs_Healthy,GO:0051052,regulation of DNA metabolic process,144,0.4376327480860328,1.3417424133346103,0.0021192282350858353,0.0180873665645698,0.012933074149910791,1609,"tags=55%, list=38%, signal=35%",SMARCA5/CASP3/UBE2V1/H2AX/HMGB1/PCNA/UBE2N/BAX/H1-2/H1-3/H1-4/KPNA1/SUB1/H1-5/H1-1/UBE2V2/TFRC/SMARCC2/PML/PARP1/PRKCD/S100A11/DEK/SRC/HNRNPU/TOP2B/DKC1/CACYBP/H1-10/SSBP1/OTUB1/MCM6/CDK2/CDK1/BCL7C/SMARCD2/FUS/MCM3/PRMT1/HSP90AA1/SF3B3/SMARCE1/PRKDC/HDGFL2/YLPM1/HNRNPC/CCT7/DPF2/RUVBL2/TP53BP1/PPP4C/MAPK1/MAPK3/PTGES3/ACTB/SMC3/YY1/RAD50/XRN1/NBN/XRCC1/SMARCA2/CCT4/MCM7/MCM2/HNRNPA1/RFC2/C1QBP/RPS3/CUL4B/CUL4A/MCM5/SMARCC1/BRCC3/PDS5A/CCT8/DHX9/PPP4R3A/MCM4,0.4317076958033464
Infected_vs_Healthy,GO:0010563,negative regulation of phosphorus metabolic process,44,0.4752548377725902,1.341248798616031,0.03939393939393939,0.14742295649307846,0.10541236176740271,1201,"tags=45%, list=28%, signal=33%",PTPRC/DNAJC3/ADAR/PRDX3/PARP1/PTPN1/LYN/HNRNPU/PRKACA/SNX6/FBP1/DNAJA1/YWHAG/TARDBP/PRKDC/CDK5RAP3/STK38/PLEK/SFN/CHMP6,0.22798720285044224
Infected_vs_Healthy,GO:0045936,negative regulation of phosphate metabolic process,44,0.4752548377725902,1.341248798616031,0.03939393939393939,0.14742295649307846,0.10541236176740271,1201,"tags=45%, list=28%, signal=33%",PTPRC/DNAJC3/ADAR/PRDX3/PARP1/PTPN1/LYN/HNRNPU/PRKACA/SNX6/FBP1/DNAJA1/YWHAG/TARDBP/PRKDC/CDK5RAP3/STK38/PLEK/SFN/CHMP6,0.22798720285044224
Infected_vs_Healthy,GO:0006402,mRNA catabolic process,124,0.44222384019533034,1.3381743196090148,0.0051607911959701824,0.03532741079422319,0.025260284392147184,1334,"tags=48%, list=31%, signal=34%",LSM6/THRAP3/YTHDF3/YTHDF2/YTHDF1/SNRPF/BCLAF1/NPM1/RBM8A/CAPRIN1/SRSF1/SSB/PRKCD/APEX1/GSPT1/GSPT2/FMR1/FXR1/FXR2/HNRNPU/SNRPB/NCBP2/PABPC1/DIS3/SYNCRIP/ZC3HAV1/ROCK1/SERBP1/SLIRP/PYM1/LARP1/FUS/PNN/CSDE1/SND1/PAIP1/MYD88/YBX1/XRN2/TARDBP/HNRNPC/ETF1/RNPS1/NCBP1/YBX3/TAF15/EXOSC9/LSM2/MAGOHB/LSM7/SNRPG/QKI/SNW1/XRN1/HNRNPA0/SKIC8/CPSF2/EXOSC7/SKIC3,0.40701791892395395
Infected_vs_Healthy,GO:0017148,negative regulation of translation,60,0.45969842343647854,1.338132110775774,0.02710843373493976,0.11704464918497519,0.08369085247184425,717,"tags=30%, list=17%, signal=25%",DNAJC3/CALR/NCL/RPL13A/CAPRIN1/PML/EIF6/SRP9/ILF3/EIF2AK2/FMR1/FXR1/SYNCRIP/EIF4G1/SERBP1/LARP1/EPRS1/YBX1,0.2765005992544716
Infected_vs_Healthy,GO:0007015,actin filament organization,200,0.43251678194471344,1.3345681062921586,4.947108060074963e-4,0.006484245207312541,0.004636452950350837,814,"tags=34%, list=19%, signal=28%",CORO1A/COTL1/ARPC1B/CNN2/EFHD2/LIMA1/CYRIB/ARPC5L/CAP2/CAP1/ELMO1/RAC1/RAC2/ARPC3/CORO7/VASP/CYRIA/CFL1/ARPC5/MYO1B/CD47/RDX/MARCKS/ENAH/CALD1/PRKCD/CNN3/MYO1G/SWAP70/PAK2/HCK/SRC/TWF1/PAK1/CFL2/DSTN/MYL9/MYO1F/MYO1E/SHTN1/RHOG/CDC42/ROCK1/ARPIN/MICAL1/CAPZA1/NCK1/MYO5A/DIAPH1/HSP90B1/MARCKSL1/FLNA/ARAP1/CAPZB/NCKAP1/NCKAP1L/WASHC4/FLII/TPM4/F11R/ARPC2/ZYX/CORO1B/LCP1/ELMO2/SH3BP1/NCK2,0.47727081536286214
Infected_vs_Healthy,GO:0019058,viral life cycle,133,0.4368765772391545,1.331209550491543,0.005165951987166153,0.03532741079422319,0.025260284392147184,784,"tags=32%, list=19%, signal=27%",LGALS9/CTSB/IFI16/VAMP8/ADAR/HMGB1/TRIM21/ICAM1/CHMP4B/PPIE/OAS3/VAPB/VAPA/RAB43/RAB1A/RAB1B/IFITM3/TFRC/PCBP2/PCBP3/CHMP4A/SLC3A2/BSG/ILF3/SPCS1/DEK/SRC/EIF2AK2/FMR1/RAD23A/TOP2B/PABPC1/MYH9/ZC3HAV1/BST2/CDK1/LARP1/STAU1/IFIT1/F11R/TRIM25/HSP90AB1/SIGLEC1,0.40701791892395395
Infected_vs_Healthy,GO:0043549,regulation of kinase activity,58,0.45601678078071134,1.3308628663306736,0.03413654618473896,0.13456270893993313,0.09621685314555413,1948,"tags=67%, list=46%, signal=37%",PTPRC/ADAR/PRDX3/NHERF1/HGS/PTPN1/LYN/HNRNPU/SNX6/RAP1A/CDC37/PRKAR1A/RAP2B/FGR/DNAJA1/EEF1A2/MYD88/YWHAG/TAOK3/CDK5RAP3/STK38/SFN/CHMP6/SNX9/MAP2K1/MAP2K2/RHOA/CORO1C/VPS25/MTOR/BCCIP/ZNF622/RIPK1/PDCD10/PYCARD/FGF2/TLR3/THY1/NEK7,0.24504178543099617
Infected_vs_Healthy,GO:0006364,rRNA processing,101,0.4398108636481121,1.3295599480312648,0.009508191295564876,0.05658658711576718,0.040461308971984654,1701,"tags=56%, list=40%, signal=35%",LSM6/RPL7A/RPL26/YTHDF2/RPS21/RPL27/EIF6/RPS15/RPS17/RPS19/NOP58/RPL5/RPL7/SNU13/DKC1/RPS24/SART1/DIS3/PA2G4/DDX21/RPS13/RPL14/RRP1/XRN2/RPS16/FBL/RPL35A/PRKDC/RPS25/RPS14/FTSJ3/NOP56/RPL11/PIN4/NOP2/RPL35/EXOSC9/RPS27/EXOSC1/SBDS/MTREX/WDR12/RPS7/EXOSC7/IMP3/TBL3/EIF4A3/PRMT5/EXOSC2/BOP1/RPS28/GAR1/UTP6/LAS1L/EXOSC6/DDX18/DCAF13,0.3807304007227924
Infected_vs_Healthy,GO:0040029,epigenetic regulation of gene expression,81,0.449321891539545,1.3288573678092281,0.013365330693837671,0.07108806325562934,0.05083035111697976,618,"tags=28%, list=15%, signal=25%",SMARCA5/LBR/IFI16/H2AC8/H2AX/H2AZ1/H2AC21/H2AC19/H2AC4/H2AC18/HMGB1/H1-2/RBBP4/CBX3/APEX1/RBM14/HNRNPU/RBM15/HDAC1/HDAC2/CBX1/CDK2/MACROH2A1,0.3807304007227924
Infected_vs_Healthy,GO:1903706,regulation of hemopoiesis,115,0.43582532462242585,1.327799984752438,0.010013038164665271,0.05832992073701832,0.0417078510217178,1846,"tags=64%, list=44%, signal=37%",STAT1/LGALS9/HLA-DRB1/PSMA4/HMGB1/ACIN1/PSMB8/AP3B1/MMP14/CD74/HLA-B/HLA-G/SMARCC2/EIF6/DDRGK1/CLPTM1/PSMA2/PSMA3/LYN/SART1/RBM15/PSMB2/PSMA7/CDK6/HLA-DRA/PSMB1/SMARCD2/GLUL/PSMB9/NCKAP1L/PRMT1/SMARCE1/HMGB2/PSMB4/STAT5A/STAT5B/CEBPB/PRKDC/PSMA1/PSMB10/PSMA6/HSPA9/C1QC/ACTB/QKI/SMARCA2/SKIC8/RHOA/PSMB3/SMARCC1/CORO1C/BTK/PRKCA/MTOR/XRCC6/SMARCA4/H4C16/H4C15/H4C9/H4C1/H4C4/H4C6/H4C12/H4C11/H4C3/H4C8/H4C2/H4C5/H4C13/H4C14/IL18/LGALS1/RIPK1/ISG15,0.3807304007227924
Infected_vs_Healthy,GO:0016032,viral process,166,0.42927835535382414,1.3268623759678717,0.003657307407487435,0.027770313487197697,0.01985670618296212,852,"tags=33%, list=20%, signal=28%",STAT1/LGALS9/CTSB/IFI16/VAMP8/ADAR/HMGB1/TRIM21/ICAM1/CHMP4B/PPIE/OAS3/VAPB/VAPA/RAB43/RAB1A/RAB1B/IFITM3/TFRC/PCBP2/PCBP3/CHMP4A/SLC3A2/SSB/BSG/ILF3/SPCS1/DEK/SRC/EIF3A/EIF2AK2/FMR1/RAD23A/TOP2B/PABPC1/MYH9/ZC3HAV1/STOM/SPCS3/BST2/CDK1/MCTS1/LARP1/STAU1/IFIT1/CSDE1/PRMT1/EIF3G/F11R/TRIM25/HSP90AB1/SIGLEC1/RCC1/MAN2A1/PCBP1,0.4317076958033464
Infected_vs_Healthy,GO:0061014,positive regulation of mRNA catabolic process,47,0.4677605082694182,1.3227222515638422,0.04032258064516129,0.14897705130980732,0.10652359172058545,717,"tags=34%, list=17%, signal=29%",LSM6/YTHDF3/YTHDF2/YTHDF1/CAPRIN1/FXR1/FXR2/HNRNPU/PABPC1/DIS3/SYNCRIP/ZC3HAV1/ROCK1/CSDE1/PAIP1/YBX1,0.22496609354031377
Infected_vs_Healthy,GO:0051168,nuclear export,83,0.44271550317014546,1.320136037931086,0.025974025974025976,0.11303321184744111,0.08082254014186283,1692,"tags=54%, list=40%, signal=33%",CALR/ADAR/SRSF3/NPM1/RBM8A/EIF6/RPS15/SSB/THOC6/RANBP2/RGPD2/FMR1/NCBP2/KHDRBS1/WNK1/PABPN1/NMD3/WASHC4/NSUN2/SP100/CPSF6/RANBP1/NCBP1/ANP32B/IWS1/SFN/YWHAE/RANBP3/NUP85/NUP88/NUP93/MAGOHB/EIF4E/NUP153/RBM22/HNRNPA1/EIF4A3/CHTOP/DDX39A/DDX39B/DHX9/ALYREF/HNRNPA2B1/NCBP3/DDX19A,0.2820133500117251
Infected_vs_Healthy,GO:0098771,inorganic ion homeostasis,99,0.4386149705884544,1.3194635106277464,0.012537280067556326,0.06833438294247285,0.048861377272829125,1322,"tags=41%, list=31%, signal=29%",MT1H/MT2A/MT1E/CALR/BAX/VAPB/TFRC/ATP13A1/PML/TGM2/ATP2A1/ATP2A2/TPT1/TMCO1/ATP2A3/SLC30A7/PRKACA/WNK1/LCN2/CUL1/GLUL/ATP6V1G1/TBXAS1/CAMK2D/MCU/GLRX3/HMOX1/TMEM165/NPTN/PICALM/CUTC/YWHAE/STK39/LETM1/ATP1A1/FTL/ATP2C1/ATP1A2/ATP4A/BOLA2/BOLA2B,0.3807304007227924
Infected_vs_Healthy,GO:0009895,negative regulation of catabolic process,128,0.43118561138132816,1.3173646058752622,0.01050737825605489,0.059941054196458204,0.04285986551879525,1233,"tags=43%, list=29%, signal=31%",THRAP3/BCLAF1/PML/SRSF1/TPT1/DDRGK1/RPL5/EIF3H/FXR1/HNRNPU/DKC1/PABPC1/UBXN1/SNRNP70/PRKACA/SYNCRIP/EIF4G1/WNK1/EIF4G2/ROCK1/SLIRP/FBP1/LARP1/VPS13C/FUS/FLNA/PNN/CSDE1/PAIP1/MYD88/YBX1/CST3/SNX3/HSP90AB1/NSUN2/SF3B3/TARDBP/TIMP1/HNRNPC/USP14/CTSA/SNX12/CDK5RAP3/STK38L/VPS35/YBX3/RPL11/USP9X/TAF15/PRKAA1/RRAGA/SEC22B/RPL23/QKI/SNW1,0.3807304007227924
Infected_vs_Healthy,GO:0051170,import into nucleus,64,0.4491997821233037,1.3141717344551178,0.03714859437751004,0.14251080978968136,0.1019000120108208,1372,"tags=41%, list=32%, signal=28%",ADAR/KPNA1/CFL1/NPM1/PRKCD/RANBP2/RGPD2/SEC13/CDK1/FLNA/YWHAB/HSP90AA1/TARDBP/STK3/STK4/SQSTM1/YWHAE/NUP85/IPO7/NUP88/NUP93/RPL23/NUP50/NUP153/RBM22/HNRNPA1,0.23439264729468612
Infected_vs_Healthy,GO:0032984,protein-containing complex disassembly,113,0.4334164986984388,1.3129831429892331,0.009834920882793365,0.058216386515889756,0.04162667024312484,1570,"tags=56%, list=37%, signal=36%",LIMA1/VAMP8/SET/TRIM21/CHMP4B/CFL1/RDX/SMARCC2/CHMP4A/ATP2A2/GSPT1/SWAP70/KLC1/GSPT2/SUPT16H/TWF1/CFL2/DSTN/VPS16/WNK1/MICAL1/CAPZA1/PYM1/ABCE1/SMARCD2/CAPZB/SSRP1/FLII/NES/SMARCE1/SH3BP1/ETF1/CHMP5/STMN1/NSF/NAPA/TAOK1/CKAP5/KIF5B/WDR1/IST1/CALM1/CHMP1B/PDXP/PLEK/HSPA8/TMOD3/TWF2/CHMP6/CAPG/RPL23/MPO/PIK3C3/CHMP2A/FAF2/VTA1/KIF2A/TRIOBP/ACTN2/SMARCC1/GABARAPL2/VPS33A/CHMP3,0.3807304007227924
Infected_vs_Healthy,GO:0007163,establishment or maintenance of cell polarity,70,0.43995928338486184,1.3122512155081008,0.028056112224448898,0.11838490911293904,0.084649183302738365,1005,"tags=36%, list=24%, signal=28%",CYRIB/MSN/CAP2/CAP1/NHERF1/RAC1/RAC2/CFL1/RAB10/CLIC4/RAP1B/MYO18A/PAK1/SHTN1/RHOG/CDC42/ROCK1/SNX27/NCKAP1L/SH3BP1/CYTH1/MAP4/CKAP5/WDR1/MAPRE1,0.27128855468895297
Infected_vs_Healthy,GO:0071675,regulation of mononuclear cell migration,47,0.46333705138214837,1.3102137033854757,0.04838709677419355,0.1718522372528616,0.12288011741703667,1437,"tags=45%, list=34%, signal=30%",LGALS9/CALR/MSN/HMGB1/MMP14/CD47/LYN/WNK1/STK10/ADAM10/MIA3/ANO6/LGMN/MAPK1/MAPK3/STK39/P4HB/THBS1/ADAM17/RHOA/C1QBP,0.2042947565168861
Infected_vs_Healthy,GO:0008064,regulation of actin polymerization or depolymerization,69,0.4465767842556501,1.3096456681460147,0.031,0.1254816176470588,0.089723568087523,1524,"tags=54%, list=36%, signal=35%",COTL1/LIMA1/CYRIB/ARPC5L/ARPC3/VASP/CYRIA/CFL1/ARPC5/RDX/PRKCD/SWAP70/HCK/TWF1/CFL2/CAPZA1/NCK1/CAPZB/NCKAP1/NCKAP1L/FLII/SH3BP1/NCK2/WDR1/PDXP/PLEK/TMOD3/TWF2/PFN1/CAPG/ARHGAP18/SNX9/EVL/HIP1R/TRIOBP/ACTN2/BIN1,0.25720646646883816
Infected_vs_Healthy,GO:0030832,regulation of actin filament length,69,0.4465767842556501,1.3096456681460147,0.031,0.1254816176470588,0.089723568087523,1524,"tags=54%, list=36%, signal=35%",COTL1/LIMA1/CYRIB/ARPC5L/ARPC3/VASP/CYRIA/CFL1/ARPC5/RDX/PRKCD/SWAP70/HCK/TWF1/CFL2/CAPZA1/NCK1/CAPZB/NCKAP1/NCKAP1L/FLII/SH3BP1/NCK2/WDR1/PDXP/PLEK/TMOD3/TWF2/PFN1/CAPG/ARHGAP18/SNX9/EVL/HIP1R/TRIOBP/ACTN2/BIN1,0.25720646646883816
Infected_vs_Healthy,GO:0141188,nucleic acid catabolic process,161,0.4251989378938877,1.3094010282171236,0.003397620087174789,0.026343519126615794,0.018836500328438973,1334,"tags=45%, list=31%, signal=32%",LSM6/NME1/CASP3/THRAP3/BAX/YTHDF3/YTHDF2/YTHDF1/SNRPF/BCLAF1/NPM1/RBM8A/CAPRIN1/SRSF1/SSB/PRKCD/APEX1/GSPT1/GSPT2/FMR1/FXR1/FXR2/HNRNPU/SNRPB/DKC1/NCBP2/PABPC1/PABPC4/DIS3/SYNCRIP/ZC3HAV1/FEN1/ROCK1/SERBP1/SLIRP/PYM1/PABPN1/LARP1/SLFN5/FUS/PNN/CSDE1/SND1/PAIP1/MYD88/YBX1/XRN2/NSUN2/TARDBP/HNRNPC/ETF1/RNPS1/NCBP1/YBX3/TAF15/WDR82/EXOSC9/RNASE6/LSM2/MAGOHB/LSM7/SNRPG/QKI/SNW1/XRN1/EXOSC1/HNRNPA0/SKIC8/CPSF2/MTREX/INTS3/EXOSC7/SKIC3,0.4317076958033464
Infected_vs_Healthy,GO:0007346,regulation of mitotic cell cycle,130,0.4258980922072548,1.3089882704827898,0.01151606599367562,0.06403630635877201,0.04578810826152458,1749,"tags=53%, list=41%, signal=32%",PSME1/PSME2/PTPN6/PSMA4/NHERF1/RDX/SMARCC2/PML/IK/PSMA2/PSMA3/HNRNPU/EIF4G1/PSMB2/PSMA7/CDK2/CDK1/BCL7C/CUL1/PSMB1/SMARCD2/SMARCE1/DYNLRB1/RCC1/PSMB4/PRKDC/PSME3/PSMA1/TAOK3/TAOK1/NEK9/CDK5RAP3/DPF2/PDXP/LGMN/PSMA6/YWHAE/ACTB/RAD50/EIF4E/NBN/SMARCA2/IQGAP1/INTS3/RAD21/DYNLT1/ADAM17/PAFAH1B1/ZNF830/RRM1/XPC/PPP2CA/PSMB3/SMARCC1/BRCC3/GBF1/PRMT5/CRLF3/YTHDC2/DAPK3/VPS4A/VPS4B/RCC2/PRKCA/SMARCA4/GTPBP4/DDX3X/MRE11/DYNLT3,0.3807304007227924
Infected_vs_Healthy,GO:0010038,response to metal ion,109,0.4300709269832439,1.307710907238489,0.01938316166230467,0.09278635213129321,0.06634535591070385,1483,"tags=46%, list=35%, signal=31%",SOD2/MT1H/MT2A/CASP3/MT1E/CALR/S100A8/CYBB/PKLR/PCNA/FGG/HVCN1/PPIF/TFRC/CLIC4/PARP1/BSG/CACYBP/FGB/FBP1/LCN2/CDK1/FGA/HSP90B1/SEC31A/CAMK2D/PLCG2/ANXA11/ALOX5AP/GPI/EIF2S1/GSTK1/CALM1/CALM2/CALM3/SLC25A24/LGMN/PRKAA1/STK39/CPNE2/THBS1/PPP5C/CPOX/IQGAP1/ANXA7/CALML3/GDI1/PPP2CA/PPP2CB/G6PD,0.35248785758361917
Infected_vs_Healthy,GO:0006606,protein import into nucleus,63,0.4459776870583229,1.307400033746753,0.04216867469879518,0.1547590361445783,0.11065790493499406,1366,"tags=40%, list=32%, signal=27%",ADAR/KPNA1/CFL1/NPM1/PRKCD/RANBP2/RGPD2/SEC13/CDK1/FLNA/YWHAB/HSP90AA1/TARDBP/STK3/STK4/SQSTM1/YWHAE/NUP85/IPO7/NUP88/NUP93/RPL23/NUP50/NUP153/RBM22,0.21925034670375515
Infected_vs_Healthy,GO:0051338,regulation of transferase activity,69,0.4457661060181856,1.3072682466601995,0.031,0.1254816176470588,0.089723568087523,1948,"tags=67%, list=46%, signal=37%",PTPRC/ADAR/PRDX3/NHERF1/HGS/PTPN1/LYN/HNRNPU/SNX6/RAP1A/CDC37/PRKAR1A/RAP2B/PABPN1/FGR/DNAJA1/EEF1A2/MYD88/YWHAG/RPS2/TAOK3/CDK5RAP3/STK38/SFN/CHMP6/XRCC1/SNX9/MAP2K1/MAP2K2/RFC2/RHOA/CORO1C/VPS25/EIF4A2/MTOR/BCCIP/ZNF622/HPF1/RIPK1/RFC4/PDCD10/PYCARD/FGF2/TLR3/THY1/NEK7,0.25720646646883816
Infected_vs_Healthy,GO:2001233,regulation of apoptotic signaling pathway,107,0.43359429892625134,1.307014724029279,0.024975024975024976,0.11128691741253655,0.07957388101099536,1022,"tags=36%, list=24%, signal=28%",SOD2/RPL26/S100A8/BAX/NHERF1/BCLAF1/FGG/ICAM1/PPIF/CD74/PML/HYOU1/PARP1/PTPN1/TPT1/ERP29/RELA/PAK2/GHITM/SRC/EIF5A/CLU/CD44/FGB/LCK/NCK1/FGA/DNAJA1/TMBIM1/SYVN1/NCK2/BCAP31/PSME3/SP100/ENO1/SLC25A5/HMOX1/YBX3/TP53BP1,0.2878571172551493
Infected_vs_Healthy,GO:0051054,positive regulation of DNA metabolic process,87,0.4367704996072826,1.3047125639652357,0.03303303303303303,0.13129736234429373,0.09388202073665683,1658,"tags=56%, list=39%, signal=35%",SMARCA5/CASP3/H2AX/HMGB1/PCNA/UBE2N/BAX/UBE2V2/TFRC/SMARCC2/PML/PARP1/PRKCD/TOP2B/DKC1/CACYBP/SSBP1/CDK2/CDK1/BCL7C/SMARCD2/FUS/PRMT1/HSP90AA1/SMARCE1/PRKDC/HDGFL2/CCT7/DPF2/RUVBL2/TP53BP1/MAPK1/MAPK3/PTGES3/ACTB/YY1/RAD50/NBN/SMARCA2/CCT4/HNRNPA1/RFC2/RPS3/SMARCC1/BRCC3/CCT8/DHX9/HNRNPA2B1/ACTR2,0.24891111443470246
Infected_vs_Healthy,GO:0030041,actin filament polymerization,70,0.43739083879046226,1.304590405364409,0.03006012024048096,0.12349325516705052,0.08830182218001094,814,"tags=33%, list=19%, signal=27%",COTL1/CYRIB/ARPC5L/RAC1/ARPC3/CORO7/VASP/CYRIA/CFL1/ARPC5/RDX/PRKCD/HCK/TWF1/CAPZA1/NCK1/DIAPH1/CAPZB/NCKAP1/NCKAP1L/FLII/ARPC2/NCK2,0.26166352171157314
Infected_vs_Healthy,GO:1901987,regulation of cell cycle phase transition,130,0.42373471940153157,1.3023391925010197,0.012020410480213324,0.06617235969357435,0.04731545808708058,1749,"tags=54%, list=41%, signal=33%",PSME1/PSME2/PTPN6/PSMA4/H2AX/RDX/NPM1/SMARCC2/CDC5L/DDRGK1/IK/PSMA2/PSMA3/LYN/EIF4G1/PSMB2/PSMA7/CDK2/CDK5/CDK1/MACROH2A1/BCL7C/CUL1/PSMB1/SMARCD2/NSUN2/SMARCE1/PLCG2/DYNLRB1/PSMB4/PRKDC/PSME3/PSMA1/TAOK3/TAOK1/CDK5RAP3/STK38/DPF2/TP53BP1/PSMA6/ACTB/UFL1/RAD50/NBN/SMARCA2/INTS3/RAD21/DYNLT1/ADAM17/RFC2/ZNF830/RRM1/XPC/CUL4B/CUL4A/PPP2CA/PSMB3/SMARCC1/BRCC3/FBXO6/CRLF3/PARP9/VPS4A/VPS4B/RCC2/SMARCA4/GTPBP4/DDX3X/MRE11/DYNLT3,0.3807304007227924
Infected_vs_Healthy,GO:1901990,regulation of mitotic cell cycle phase transition,98,0.4330052899554968,1.302005641145962,0.01807590857927193,0.08806006790167432,0.06296590406087238,1782,"tags=54%, list=42%, signal=32%",PSME1/PSME2/PTPN6/PSMA4/RDX/SMARCC2/IK/PSMA2/PSMA3/EIF4G1/PSMB2/PSMA7/CDK2/CDK1/BCL7C/PSMB1/SMARCD2/SMARCE1/DYNLRB1/PSMB4/PRKDC/PSME3/PSMA1/TAOK3/TAOK1/CDK5RAP3/DPF2/PSMA6/ACTB/RAD50/NBN/SMARCA2/INTS3/RAD21/DYNLT1/ADAM17/ZNF830/RRM1/XPC/PPP2CA/PSMB3/SMARCC1/BRCC3/CRLF3/VPS4A/VPS4B/RCC2/SMARCA4/GTPBP4/DDX3X/MRE11/DYNLT3/PPP1R9B,0.35248785758361917
Infected_vs_Healthy,GO:0071375,cellular response to peptide hormone stimulus,107,0.4319210657191499,1.3019709758899884,0.027972027972027972,0.11838490911293904,0.084649183302738365,1230,"tags=37%, list=29%, signal=27%",TOP1/CSK/SRSF5/PKLR/PKM/CFL1/RAB8A/RAB10/GRB2/RAB13/PARP1/PRKCD/PTPN1/RELA/LYN/SRC/PAK1/PRKACA/PRKAR1A/ROCK1/FBP1/OSBPL8/NCK1/MYO5A/EPRS1/YWHAG/STAT5A/STAT5B/PRKDC/RAF1/CREB1/CYBA/LEPROT/MAPK1/MAPK3/VAMP2/PRKAA1/PRKCB/ACE/NFKB1,0.27128855468895297
Infected_vs_Healthy,GO:0016072,rRNA metabolic process,121,0.4284740701686849,1.3013779909187393,0.011347951249566897,0.06374018113111801,0.045576368785065345,1707,"tags=56%, list=40%, signal=35%",LSM6/RPL7A/RPL26/TOP1/NCL/YTHDF2/RPS21/RPL27/EIF6/RPS15/RPS17/RPS19/NOP58/RPL5/RPL7/SNU13/DKC1/RPS24/SART1/DIS3/PA2G4/MACROH2A1/DDX21/SLFN5/RPS13/RPL14/RRP1/XRN2/RPS16/FBL/RPL35A/PRKDC/RPS25/MACROH2A2/RPS14/FTSJ3/NOP56/RPL11/PIN4/NOP2/RPL35/EXOSC9/RPS27/XRN1/EXOSC1/SBDS/MTREX/WDR12/RPS7/EXOSC7/IMP3/TBL3/EIF4A3/POLR2E/PRMT5/EXOSC2/TCOF1/BOP1/TRIR/RPS28/GAR1/UTP6/LAS1L/EXOSC6/MTOR/DDX18/DCAF13/SMARCA4,0.3807304007227924
Infected_vs_Healthy,GO:0006873,intracellular monoatomic ion homeostasis,114,0.4280362274868216,1.3007625037333848,0.019714489759518443,0.09355885010874916,0.06689771789150563,1322,"tags=40%, list=31%, signal=29%",MT1H/MT2A/MT1E/CALR/BAX/GRN/HVCN1/VAPB/RAB39A/TFRC/ATP13A1/PML/TGM2/ATP2A1/ATP2A2/TPT1/TMCO1/ATP2A3/SLC30A7/PRKACA/TM9SF4/LCN2/CUL1/ATP6V1D/ATP6V1G1/TBXAS1/CAMK2D/MCU/GLRX3/HMOX1/TMEM165/LAMP1/NPTN/PICALM/YWHAE/STK39/LETM1/UBE3A/ATP1A1/FTL/ATP2C1/RAB7A/ATP1A2/ATP4A/BOLA2/BOLA2B,0.35248785758361917
Infected_vs_Healthy,GO:0090150,establishment of protein localization to membrane,114,0.4280043293256245,1.3006655681719563,0.019714489759518443,0.09355885010874916,0.06689771789150563,1128,"tags=39%, list=27%, signal=30%",ITGB2/ITGAM/CSK/YIF1B/SRP72/CHMP4B/RAB8A/RDX/RAB10/RAB8B/ATP13A1/CHMP4A/SACM1L/ACSL3/SRP9/TMCO1/NACA/SEC61B/PAK1/SEC63/SRP68/STOM/WNK1/GRIPAP1/SRP14/SRPRB/SRPRA/EMC3/RAB3GAP1/SEC61A1/SRP54/NDUFA13/ANXA13/OPTN/SEC62/RFTN1/ARL6IP1/NSF/GET4/VPS35/GORASP2/EMC2/SSR1/SSR4/VAMP2,0.35248785758361917
Infected_vs_Healthy,GO:0050920,regulation of chemotaxis,65,0.4416718015161639,1.2999402505198272,0.04613841524573721,0.16655211536248088,0.11909035238036562,1223,"tags=37%, list=29%, signal=27%",LGALS9/CALR/CYRIB/HMGB1/YTHDF1/RAC1/RAC2/CD74/SWAP70/LYN/MYCBP2/WNK1/NCKAP1L/CORO1B/MCU/ADAM10/USP14/ANO6/MPP1/LGMN/MAPK1/MAPK3/STK39/THBS1,0.2089550275493539
Infected_vs_Healthy,GO:0006892,post-Golgi vesicle-mediated transport,66,0.4424055988428203,1.2972736273572765,0.04208416833667335,0.1547590361445783,0.11065790493499406,1128,"tags=41%, list=27%, signal=30%",CSK/SCAMP2/AP3M1/CORO7/MYO1B/RAB10/RAB14/AP1M1/ACSL3/RAB13/RP2/EHD3/TM9SF4/MYO5A/VPS13C/VTI1B/AP3D1/ANXA13/OPTN/AP1G1/AP1G2/NSF/CCDC93/AP2M1/LAMP1/SCAMP3/VAMP2,0.21925034670375515
Infected_vs_Healthy,GO:0043434,response to peptide hormone,142,0.4220413950966825,1.2931703368511,0.007719812608165423,0.04801985130841882,0.03433580534913222,1197,"tags=36%, list=28%, signal=27%",STAT1/TOP1/CSK/SRSF4/SRSF5/SRSF6/CYBB/PKLR/PKM/CFL1/RAB8A/RAB10/GRB2/EIF6/RAB13/PARP1/PRKCD/PTPN1/BSG/RELA/NUDC/LYN/SRC/PAK1/CACYBP/PRKACA/PRKAR1A/ROCK1/FBP1/OSBPL8/EIF2B4/NCK1/MYO5A/EPRS1/YWHAG/STAT5A/STAT5B/TIMP1/PRKDC/RAF1/CREB1/CYBA/EIF2B5/LEPROT/MAPK1/MAPK3/VAMP2/GNAI1/PRKAA1/PRKCB/ACE,0.40701791892395395
Infected_vs_Healthy,GO:0048193,Golgi vesicle transport,177,0.416863905972706,1.2890971676465377,0.004306526568863345,0.031253874098011176,0.02234756893650475,1226,"tags=40%, list=29%, signal=30%",CSK/YIF1B/SCAMP2/AP3M1/CORO7/MYO1B/VAPB/VAPA/RAB8A/RAB10/RAB43/RAB14/RAB4B/RAB1A/RAB6A/RAB1B/AP1M1/HYOU1/ACSL3/RAB13/ARCN1/TMED7/RP2/SEC13/EHD3/MYO18A/YIPF6/TM9SF4/RABGGTA/TFG/STX5/MYO5A/ACBD3/VPS13C/VTI1B/SEC31A/AP3D1/SNX3/COPG1/ANXA13/OPTN/SEC23B/AP1G1/PITPNB/AP1G2/TMED10/LMAN2/COPG2/BCAP31/VAMP7/SCYL1/TMED5/NSF/NAPA/GLTP/SNX12/CCDC93/COPA/AP2M1/LMAN1/MIA3/LAMP1/SCAMP3/TMED2/VAMP2/SURF4/COPB2/YKT6/SEC22B/DNM2/TMED3,0.40701791892395395
Infected_vs_Healthy,GO:0006401,RNA catabolic process,155,0.415674858157173,1.2889910280436556,0.005928495854653325,0.03896961309469704,0.027864581278199935,1334,"tags=45%, list=31%, signal=32%",LSM6/THRAP3/YTHDF3/YTHDF2/YTHDF1/SNRPF/BCLAF1/NPM1/RBM8A/CAPRIN1/SRSF1/SSB/PRKCD/APEX1/GSPT1/GSPT2/FMR1/FXR1/FXR2/HNRNPU/SNRPB/DKC1/NCBP2/PABPC1/PABPC4/DIS3/SYNCRIP/ZC3HAV1/FEN1/ROCK1/SERBP1/SLIRP/PYM1/PABPN1/LARP1/SLFN5/FUS/PNN/CSDE1/SND1/PAIP1/MYD88/YBX1/XRN2/NSUN2/TARDBP/HNRNPC/ETF1/RNPS1/NCBP1/YBX3/TAF15/WDR82/EXOSC9/RNASE6/LSM2/MAGOHB/LSM7/SNRPG/QKI/SNW1/XRN1/EXOSC1/HNRNPA0/SKIC8/CPSF2/MTREX/INTS3/EXOSC7/SKIC3,0.40701791892395395
Infected_vs_Healthy,GO:0006913,nucleocytoplasmic transport,138,0.4165048159110219,1.286109889792434,0.01805785072854339,0.08806006790167432,0.06296590406087238,1692,"tags=49%, list=40%, signal=30%",CALR/ADAR/SRSF3/KPNA1/CFL1/NPM1/RBM8A/EIF6/RPS15/SSB/PRKCD/THOC6/RANBP2/RGPD2/SEC13/FMR1/MX2/NCBP2/KHDRBS1/WNK1/PABPN1/NMD3/CDK1/FLNA/NUP37/WASHC4/YWHAB/HSP90AA1/NSUN2/TARDBP/SP100/CPSF6/RANBP1/NCBP1/ANP32B/IWS1/STK3/STK4/ANP32A/SQSTM1/NUP43/SFN/YWHAE/RANBP3/NUP85/IPO7/NUP88/NUP93/MAGOHB/RPL23/EIF4E/NUP50/NUP153/RBM22/HNRNPA1/EIF4A3/CHTOP/NUP210/DDX39A/DDX39B/DHX9/ALYREF/PIK3R1/HNRNPA2B1/KPNA6/NCBP3/DDX19A,0.35248785758361917
Infected_vs_Healthy,GO:0051169,nuclear transport,138,0.4165048159110219,1.286109889792434,0.01805785072854339,0.08806006790167432,0.06296590406087238,1692,"tags=49%, list=40%, signal=30%",CALR/ADAR/SRSF3/KPNA1/CFL1/NPM1/RBM8A/EIF6/RPS15/SSB/PRKCD/THOC6/RANBP2/RGPD2/SEC13/FMR1/MX2/NCBP2/KHDRBS1/WNK1/PABPN1/NMD3/CDK1/FLNA/NUP37/WASHC4/YWHAB/HSP90AA1/NSUN2/TARDBP/SP100/CPSF6/RANBP1/NCBP1/ANP32B/IWS1/STK3/STK4/ANP32A/SQSTM1/NUP43/SFN/YWHAE/RANBP3/NUP85/IPO7/NUP88/NUP93/MAGOHB/RPL23/EIF4E/NUP50/NUP153/RBM22/HNRNPA1/EIF4A3/CHTOP/NUP210/DDX39A/DDX39B/DHX9/ALYREF/PIK3R1/HNRNPA2B1/KPNA6/NCBP3/DDX19A,0.35248785758361917
Infected_vs_Healthy,GO:0050801,monoatomic ion homeostasis,123,0.4220729869070954,1.2829093587025993,0.02236511876685616,0.10346216706852368,0.07397892189727402,1322,"tags=39%, list=31%, signal=28%",MT1H/MT2A/MT1E/CALR/BAX/GRN/HVCN1/VAPB/RAB39A/TFRC/ATP13A1/PML/TGM2/ATP2A1/ATP2A2/TPT1/TMCO1/ATP2A3/SLC30A7/PRKACA/TM9SF4/WNK1/LCN2/CUL1/ATP6V1D/ATP6V1G1/TBXAS1/CAMK2D/MCU/GLRX3/HMOX1/TMEM165/LAMP1/NPTN/PICALM/CUTC/YWHAE/STK39/LETM1/UBE3A/ATP1A1/FTL/ATP2C1/RAB7A/ATP1A2/ATP4A/BOLA2/BOLA2B,0.35248785758361917
Infected_vs_Healthy,GO:0006935,chemotaxis,122,0.42015487121285416,1.2825651342343856,0.023359106253261448,0.1071598999368369,0.07662292500307355,1117,"tags=34%, list=26%, signal=25%",CORO1A/ITGB2/DEFA1/DEFA1B/LGALS9/CALR/CYRIB/S100A8/HMGB1/YTHDF1/RAC1/RAC2/CD74/TYMP/RAB13/PRKCD/BSG/SWAP70/RPS19/LYN/MYCBP2/PPIB/S100A4/RHOG/WNK1/NCKAP1L/SRP54/ENG/CORO1B/MCU/ELMO2/HMGB2/ADAM10/USP14/RALA/CREB1/ANO6/MPP1/LGMN/MAPK1/MAPK3,0.35248785758361917
Infected_vs_Healthy,GO:0042330,taxis,122,0.42015487121285416,1.2825651342343856,0.023359106253261448,0.1071598999368369,0.07662292500307355,1117,"tags=34%, list=26%, signal=25%",CORO1A/ITGB2/DEFA1/DEFA1B/LGALS9/CALR/CYRIB/S100A8/HMGB1/YTHDF1/RAC1/RAC2/CD74/TYMP/RAB13/PRKCD/BSG/SWAP70/RPS19/LYN/MYCBP2/PPIB/S100A4/RHOG/WNK1/NCKAP1L/SRP54/ENG/CORO1B/MCU/ELMO2/HMGB2/ADAM10/USP14/RALA/CREB1/ANO6/MPP1/LGMN/MAPK1/MAPK3,0.35248785758361917
Infected_vs_Healthy,GO:0050680,negative regulation of epithelial cell proliferation,26,-0.29466998765168384,-1.2814320087310331,0.04871204870192174,0.17245005022770363,0.12330757375811374,455,"tags=38%, list=11%, signal=35%",ATP5F1A/MMRN2/APOE/CAV1/NFIB/CAV2/DSC1/SFRP1/KRT4/EPPK1,0.3217759180753611
Infected_vs_Healthy,GO:0001932,regulation of protein phosphorylation,95,0.42747821501905564,1.2813801797911517,0.029352366604222396,0.12149231440319119,0.08687108237738743,1914,"tags=61%, list=45%, signal=34%",PTPRC/ITGB2/DNAJC3/MYDGF/ADAR/NHERF1/RAC1/HGS/PTPN1/DDRGK1/LYN/FN1/SNX6/RAP1A/CDC37/PRKAR1A/RAP2B/FGR/DNAJA1/MYD88/YWHAG/TARDBP/PRKDC/ARAF/RAF1/TAOK3/CDK5RAP3/STK38/UBE2K/PLXNB2/STK4/NDUFS4/NPTN/MAPK1/SFN/CHMP6/ARRB1/SNX9/MAP2K1/MAP2K2/RHOA/MOB1B/CORO1C/VPS25/CNOT9/PARP9/STAT2/MTOR/FKBP8/BCCIP/IL18/RIPK1/PDCD10/PYCARD/PDCL3/FGF2/TLR3/THY1,0.35248785758361917
Infected_vs_Healthy,GO:0090066,regulation of anatomical structure size,142,0.4181287947335443,1.2811818002090865,0.010171149442788097,0.05893913440268261,0.04214345923936783,1524,"tags=49%, list=36%, signal=32%",SOD2/COTL1/LIMA1/CYRIB/MSN/ARPC5L/NHERF1/FGG/ARPC3/VASP/CYRIA/CFL1/ARPC5/RDX/HP1BP3/PECAM1/PRKCD/SWAP70/HCK/SRC/TWF1/PAK1/CFL2/SHTN1/FGB/WNK1/ROCK1/PEX11B/CAPZA1/NCK1/FGA/CAPZB/NCKAP1/NCKAP1L/TBXAS1/FLII/HSP90AA1/SH3BP1/NCK2/AP2M1/WDR1/GCLM/ANO6/PDXP/PLEK/PICALM/TMOD3/STK39/TWF2/ACE/PFN1/CAPG/DNM1/DNM2/ARHGAP18/SNX9/EZR/MAP2K1/PAFAH1B1/RHOA/EVL/HIP1R/GDI1/RAB22A/TRIOBP/SCPEP1/ACTN2/RAB5A/BIN1,0.3807304007227924
Infected_vs_Healthy,GO:0045089,positive regulation of innate immune response,135,0.41946980313175686,1.2786735235930236,0.014205906775151515,0.0744239546259692,0.053215625407442985,1592,"tags=50%, list=38%, signal=32%",CTSS/GBP2/HLA-C/IFI16/MNDA/S100A8/HMGB1/AP3B1/OAS3/HLA-E/HLA-G/PCBP2/RALB/WDFY1/PARP1/MATR3/RBM14/CASP1/RELA/RPS19/PAK2/CPT1A/HCK/LYN/SRC/EIF2AK2/PAK1/DDX60/PQBP1/ZC3HAV1/RIGI/STING1/HSP90B1/MYD88/TRIM25/HSP90AA1/PLCG2/AP1G1/HMGB2/PRKDC/RFTN1/CYBA/UBE2K/LAMP1/RPS6KA3/SQSTM1/USP15/CFP/HSPA8/YWHAE/CD14/SFPQ/PIK3C3/GBP5/TBK1/TRIM56/C1QBP/GDI1/PPP2CA/PLD3/BRCC3/NPLOC4/BTK/MASP1/PARP9/PYHIN1/DHX9,0.3807304007227924
Infected_vs_Healthy,GO:0044772,mitotic cell cycle phase transition,123,0.42053882997780667,1.2782462214174448,0.025974025974025976,0.11303321184744111,0.08082254014186283,1749,"tags=53%, list=41%, signal=32%",PSME1/PSME2/PTPN6/PSMA4/CHMP4B/RDX/SMARCC2/GSPT1/IK/PSMA2/PSMA3/KHDRBS1/EIF4G1/PSMB2/PSMA7/CDK2/CDK6/CDK1/BCL7C/CUL1/PSMB1/SMARCD2/NES/SMARCE1/DYNLRB1/RCC1/PSMB4/PRKDC/PSME3/PSMA1/TAOK3/TAOK1/CDK5RAP3/DPF2/PSMA6/ACTB/DNM2/RAD50/EIF4E/NBN/SMARCA2/INTS3/RAD21/DYNLT1/ADAM17/CHMP2A/ZNF830/RRM1/XPC/CUL4B/CUL4A/PPP2CA/PSMB3/SMARCC1/BRCC3/CRLF3/VPS4A/VPS4B/RCC2/SMARCA4/GTPBP4/PPP2R2D/DDX3X/MRE11/DYNLT3,0.2820133500117251
Infected_vs_Healthy,GO:0042176,regulation of protein catabolic process,168,0.41259452827799903,1.278162610027336,0.01218852538795318,0.06676401219968384,0.04773850948625348,1397,"tags=43%, list=33%, signal=30%",PSME1/PSME2/PSMA4/MSN/SUMO2/CTSC/RDX/HGS/PML/PSMC1/DDRGK1/PSMA2/RPL5/EIF3H/PSMA3/FMR1/RAD23A/RAD23B/UBXN1/SNRNP70/CLU/PRKACA/PSMB2/ROCK1/C4BPA/PSMA7/CDK2/CDK1/STX5/PSMB1/FLNA/EEF1A1/EEF1A2/NDUFA13/PSMD3/CST3/SNX3/HSP90AA1/HSP90AB1/SF3B3/VPS11/PSMB4/TIMP1/BCAP31/ARAF/TMX1/PSME3/USP14/NSF/PSMA1/PSMD4/CTSA/SNX12/CDK5RAP3/VPS35/RPL11/USP9X/PSMA6/PSMD12/FBXO22/UBE3A/SEC22B/CHMP6/UFL1/RPL23/RAB7A/RPS7/SNX9/PSMD6/EZR/PSMD7/ADRM1/GPX1,0.3807304007227924
Infected_vs_Healthy,GO:0030003,intracellular monoatomic cation homeostasis,112,0.42110565038196596,1.2738398733909773,0.02435309445000216,0.1094398244467444,0.07825314754749811,1322,"tags=39%, list=31%, signal=28%",MT1H/MT2A/MT1E/CALR/BAX/GRN/HVCN1/VAPB/RAB39A/TFRC/ATP13A1/PML/TGM2/ATP2A1/ATP2A2/TPT1/TMCO1/ATP2A3/SLC30A7/PRKACA/TM9SF4/LCN2/CUL1/ATP6V1D/ATP6V1G1/CAMK2D/MCU/GLRX3/HMOX1/TMEM165/LAMP1/NPTN/PICALM/YWHAE/LETM1/UBE3A/ATP1A1/FTL/ATP2C1/RAB7A/ATP1A2/ATP4A/BOLA2/BOLA2B,0.35248785758361917
Infected_vs_Healthy,GO:0030100,regulation of endocytosis,121,0.418038811358595,1.2696836199159725,0.020045817987813488,0.09431814360932757,0.06744063822816544,1236,"tags=39%, list=29%, signal=28%",PTPRC/CALR/CSK/HMGB1/RAC1/ARPC3/H1-1/CD47/RAB4B/RAB4A/TGM2/LRPAP1/CD63/PTPN1/HCK/SRC/FMR1/MYO18A/CLU/PRKACA/RAP1A/CDC42/RAB27A/TBC1D5/ROCK1/FGR/ARAP1/NCKAP1L/DYSF/SNX3/DOCK2/PLCG2/LMAN2/AP2S1/HIP1/RALA/SNX12/AP2M1/CYBA/ANO6/CALM3/PICALM/CFP/ACTB/CD14/ZFYVE16/ARRB1,0.35248785758361917
Infected_vs_Healthy,GO:0097193,intrinsic apoptotic signaling pathway,113,0.41897387839278705,1.2692309622142492,0.024975024975024976,0.11128691741253655,0.07957388101099536,878,"tags=31%, list=21%, signal=25%",SOD2/RPL26/CASP3/IFI16/S100A8/BAX/NHERF1/BCLAF1/PPIF/ERO1A/CD74/DNAJC10/PML/HYOU1/ATP2A1/PARP1/PRKCD/PTPN1/TPT1/ERP29/STK24/SRC/ATP2A3/EIF5A/CLU/CD44/LCK/NCK1/CUL1/DNAJA1/SYVN1/NCK2/CEBPB/PRKDC/BCAP31,0.2878571172551493
Infected_vs_Healthy,GO:0002833,positive regulation of response to biotic stimulus,149,0.4118875409934815,1.2673081385863578,0.01622329157436482,0.08119020010625304,0.05805371801758693,1151,"tags=37%, list=27%, signal=28%",CTSS/GBP2/HLA-C/IFI16/HLA-DRB1/MNDA/S100A8/HMGB1/GRN/AP3B1/OAS3/HLA-E/HLA-G/PCBP2/RALB/WDFY1/PARP1/MATR3/RBM14/CASP1/RELA/RPS19/PAK2/CPT1A/HCK/LYN/SRC/EIF2AK2/PAK1/DDX60/PQBP1/ZC3HAV1/HLA-DRB3/RIGI/STING1/HSP90B1/MYD88/TRIM25/YWHAG/HSP90AA1/PLCG2/AP1G1/HMGB2/PRKDC/RFTN1/CYBA/UBE2K/LAMP1/RPS6KA3/SQSTM1/USP15/CFP/HSPA8/PRKAA1/YWHAE,0.35248785758361917
Infected_vs_Healthy,GO:0007034,vacuolar transport,89,0.4224302950555979,1.2653189357678711,0.044,0.16041059602649005,0.11469895993072798,1738,"tags=56%, list=41%, signal=34%",M6PR/IGF2R/AP3M1/GRN/NPC2/CHMP4B/RAB12/AP1M1/HGS/CHMP4A/EHD3/CLU/VPS16/SNX27/VIPAS39/VTI1B/AP3D1/VPS11/AP1G1/AP1G2/VAMP7/CHMP5/AP2M1/MFSD1/VPS35/LAMP1/CHMP1B/SQSTM1/LEPROT/HSPA8/CHMP6/ZFYVE16/MVB12A/PIK3C3/RAB7A/UBXN6/CHMP2A/VTA1/BIN1/VPS33A/CHMP3/VPS25/NPC1/VPS4A/VPS4B/STBD1/VPS18/SCARB2/VPS39/PIK3R4,0.21392785549235627
Infected_vs_Healthy,GO:0055080,monoatomic cation homeostasis,120,0.41662184637197724,1.262994257526468,0.032,0.12905494505494505,0.09227861711376585,1322,"tags=38%, list=31%, signal=27%",MT1H/MT2A/MT1E/CALR/BAX/GRN/HVCN1/VAPB/RAB39A/TFRC/ATP13A1/PML/TGM2/ATP2A1/ATP2A2/TPT1/TMCO1/ATP2A3/SLC30A7/PRKACA/TM9SF4/WNK1/LCN2/CUL1/ATP6V1D/ATP6V1G1/CAMK2D/MCU/GLRX3/HMOX1/TMEM165/LAMP1/NPTN/PICALM/CUTC/YWHAE/LETM1/UBE3A/ATP1A1/FTL/ATP2C1/RAB7A/ATP1A2/ATP4A/BOLA2/BOLA2B,0.2529611230696109
Infected_vs_Healthy,GO:0042325,regulation of phosphorylation,106,0.4197638252752362,1.2606495236185677,0.03296703296703297,0.13129736234429373,0.09388202073665683,1914,"tags=60%, list=45%, signal=34%",PTPRC/ITGB2/DNAJC3/MYDGF/ADAR/PRDX3/NHERF1/RAC1/HGS/PTPN1/DDRGK1/LYN/HNRNPU/FN1/SNX6/RAP1A/CDC37/PRKAR1A/RAP2B/FGR/DNAJA1/EEF1A2/MYD88/YWHAG/TARDBP/PRKDC/ARAF/RAF1/TAOK3/CDK5RAP3/STK38/UBE2K/PLXNB2/STK4/NDUFS4/NPTN/MAPK1/SFN/CHMP6/THBS1/ARRB1/MCM7/SNX9/MAP2K1/MAP2K2/RHOA/MOB1B/CORO1C/VPS25/CNOT9/PARP9/STAT2/MTOR/FKBP8/BCCIP/ZNF622/IL18/RIPK1/PDCD10/PYCARD/PDCL3/FGF2/TLR3/THY1,0.24891111443470246
Infected_vs_Healthy,GO:0016197,endosomal transport,156,0.41032638473424055,1.260292039369236,0.01838917822799196,0.08880037381148749,0.0634952476328651,1639,"tags=49%, list=39%, signal=31%",MSN/CHMP4B/EIPR1/RAB8A/RDX/RAB10/RAB35/RAB12/RAB14/RAB8B/RAB4B/RAB6A/HGS/CHMP4A/RAB13/DNAJC13/SRC/EHD1/EHD3/VPS16/SNX6/ACAP2/TBC1D5/GRIPAP1/SNX27/STX5/WASHC4/VTI1B/AP3D1/SNX3/VPS11/SPAG9/WASHC5/UBE2O/CHMP5/SNX12/CCDC93/VPS35/CHMP1B/SQSTM1/VPS26C/PICALM/SNX2/LEPROT/DENND10/MAPK1/MAPK3/CDC50A/VAMP3/YKT6/CHMP6/ZFYVE16/MVB12A/STX12/PIK3C3/RAB7A/UBXN6/SNX9/EZR/MAP2K1/MAP2K2/CHMP2A/VTA1/SNX17/ACTN2/CORO1C/RAB5A/RAB5B/RAB5C/GBF1/SNX1/CHMP3/RAB9A/VPS25/ARFIP1/VPS4A/VPS4B,0.35248785758361917
Infected_vs_Healthy,GO:0006936,muscle contraction,134,0.4110644039819929,1.2576309101410301,0.01805785072854339,0.08806006790167432,0.06296590406087238,1429,"tags=52%, list=34%, signal=36%",RPL31/RPL7A/RPL21/RPL34/RPL23A/RPL6/RPL13A/RPL32/RPL17/RPL18A/RPL10/RPL27A/RPL27/RPL19/ATP2A1/ATP2A2/CALD1/RPL5/RPL24/RPL37A/RPL7/FKBP1A/EHD3/PRKACA/MYL9/RPL4/GSTO1/RPL28/ROCK1/CLIC2/PABPN1/RPL29/RPL30/FLNA/DSC2/RPL14/TPM4/CAMK2D/HSP90AA1/RPL35A/RPL18/RPL12/ENO1/RPL11/CALM1/CALM2/CALM3/RPL36A/RPL15/RPL3L/RPL35/TMOD3/RPL8/RPL10A/EEF2/RPL23/ATP1A1/RPL13/ATP1A2/GNAO1/MAP2K1/MYH1/MYH2/MYH3/MYH4/MYH6/MYH7/MYH7B/MYH13/TNNC2,0.35248785758361917
Infected_vs_Healthy,GO:0032102,negative regulation of response to external stimulus,133,0.41254082159072225,1.2570559061319662,0.024045786742582557,0.10937222971428351,0.0782048150451441,631,"tags=24%, list=15%, signal=21%",PTPRC/HLA-A/LGALS9/PTPN6/IFI16/HLA-DRB1/SERPINB9/GRN/YTHDF3/YTHDF2/TRIM21/FGG/OAS3/HLA-B/HLA-E/HLA-G/PCBP2/GRB2/SAMHD1/PARP1/PRKCD/RPS19/HCK/LYN/SRC/YES1/FXR1/PRKAR1A/FGB/FGR/FGA/SERPINB4,0.35248785758361917
Infected_vs_Healthy,GO:0043410,positive regulation of MAPK cascade,92,0.4179164067991442,1.2563901733995313,0.03996003996003996,0.14813469358923906,0.1059212776787946,1236,"tags=36%, list=29%, signal=26%",PTPRC/LGALS9/MYDGF/HMGB1/NAMPT/FGG/ICAM1/CD74/PECAM1/PTPN1/ERP29/LYN/SRC/EIF2AK2/GLIPR2/RAP1A/CD44/FGB/ROCK1/FGA/DSC2/PRMT1/PLCG2/RAF1/TAOK3/TAOK1/AKAP13/MAPK3/GNAI2/CHI3L1/STK39/THBS1/ARRB1,0.22496609354031377
Infected_vs_Healthy,GO:0110053,regulation of actin filament organization,115,0.41202358927582833,1.2552848231847304,0.039,0.1470513698630137,0.10514666485555062,814,"tags=31%, list=19%, signal=26%",CORO1A/COTL1/LIMA1/CYRIB/ARPC5L/RAC1/ARPC3/VASP/CYRIA/CFL1/ARPC5/CD47/RDX/PRKCD/SWAP70/PAK2/HCK/TWF1/PAK1/CFL2/CDC42/ROCK1/ARPIN/CAPZA1/NCK1/FLNA/ARAP1/CAPZB/NCKAP1/NCKAP1L/WASHC4/FLII/F11R/CORO1B/SH3BP1/NCK2,0.22798720285044224
Infected_vs_Healthy,GO:0010720,positive regulation of cell development,98,0.41723802252181724,1.2545949706060762,0.039,0.1470513698630137,0.10514666485555062,1550,"tags=46%, list=37%, signal=30%",LGALS9/HLA-DRB1/HMGB1/ACIN1/AP3B1/MMP14/CD74/HLA-G/SMARCC2/SRRT/CAPRIN1/TGM2/DDRGK1/LYN/FMR1/FXR1/FXR2/PAK1/NAP1L1/SART1/SHTN1/HDAC2/HLA-DRA/SMARCD2/NCKAP1L/F11R/SMARCE1/PRKDC/PLXNB2/NPTN/ACTB/TWF2/QKI/SNW1/SMARCA2/SLC7A5/PAFAH1B1/RHOA/GDI1/SMARCC1/CORO1C/NUMB/BIN1/PRMT5/BTK,0.22798720285044224
Infected_vs_Healthy,GO:0015931,nucleobase-containing compound transport,101,0.41292890896406836,1.248295083456905,0.049,0.17291346153846154,0.12363892839852221,1781,"tags=53%, list=42%, signal=32%",SRSF3/CD47/SRSF7/RBM8A/SRSF1/SLC25A4/SLC25A6/SSB/THOC6/RANBP2/SEC13/FMR1/FXR1/FXR2/MX2/NCBP2/KHDRBS1/WNK1/PABPN1/NUP37/YBX1/NSUN2/RFTN1/CKAP5/SLC25A5/CPSF6/NCBP1/IWS1/SLC25A24/MVP/NUP43/NUP85/NUP88/NUP93/MAGOHB/QKI/EIF4E/NUP50/NUP153/HNRNPA1/EIF4A3/CHTOP/NUP210/DDX39A/DDX39B/DHX9/G3BP2/ALYREF/HNRNPA2B1/NCBP3/DDX19A/ZC3H11A/NXF1/SLC33A1,0.20207170902115992
Infected_vs_Healthy,GO:0032535,regulation of cellular component size,115,0.40902822572774866,1.2461590485939267,0.045,0.16297697368421052,0.1165340060899068,1524,"tags=50%, list=36%, signal=33%",COTL1/LIMA1/CYRIB/MSN/ARPC5L/NHERF1/ARPC3/VASP/CYRIA/CFL1/ARPC5/RDX/HP1BP3/PRKCD/SWAP70/HCK/TWF1/PAK1/CFL2/SHTN1/WNK1/PEX11B/CAPZA1/NCK1/CAPZB/NCKAP1/NCKAP1L/FLII/HSP90AA1/SH3BP1/NCK2/AP2M1/WDR1/ANO6/PDXP/PLEK/PICALM/TMOD3/STK39/TWF2/PFN1/CAPG/DNM1/DNM2/ARHGAP18/SNX9/EZR/PAFAH1B1/RHOA/EVL/HIP1R/GDI1/RAB22A/TRIOBP/ACTN2/RAB5A/BIN1,0.21140018938492272
Infected_vs_Healthy,GO:0007249,canonical NF-kappaB signal transduction,109,0.40511374171941716,1.2318239282873416,0.04795204795204795,0.17140841291450945,0.12256276811928497,1585,"tags=49%, list=37%, signal=31%",STAT1/LGALS9/UBE2V1/PRDX3/NAMPT/UBE2N/CD74/VAPA/NPM1/TFRC/PARP1/DDRGK1/CASP1/RELA/PRDX4/FKBP1A/EIF2AK2/MYO18A/ZC3HAV1/S100A4/BST2/TFG/CUL1/DDX21/FLNA/MTDH/MYD88/TRIM25/PLCG2/OPTN/PPM1B/HMOX1/SQSTM1/TRADD/PSMA6/AKAP13/HACD3/PRKCB/LIMS1/UFL1/NFKB1/ARRB1/PPP5C/ATP2C1/TBK1/RHOA/PPP2CB/RHOC/DHX15/IFIT5/BTK/PPM1A/CC2D1A,0.2042947565168861
Infected_vs_Healthy,GO:0003012,muscle system process,163,0.3957882242620096,1.2280663100111109,0.027972027972027972,0.11838490911293904,0.084649183302738365,1429,"tags=50%, list=34%, signal=35%",RPL31/RPL7A/RPL21/RPL34/RPL23A/RPL6/RPL13A/RPL32/RPL17/RPL18A/RPL10/RPL27A/RPL27/RPL19/ATP2A1/ATP2A2/CALD1/PARP1/PAK2/RPL5/RPL24/RPL37A/RPL7/FKBP1A/EHD3/TWF1/PAK1/PRKACA/MYL9/RPL4/GSTO1/RPL28/HDAC2/ROCK1/CLIC2/PABPN1/RPL29/RPL30/FLNA/DSC2/RPL14/TPM4/CAMK2D/HSP90AA1/RPL35A/RPL18/GLRX3/RPL12/ENO1/HMOX1/CYBA/RPL11/CALM1/CALM2/CALM3/RPL36A/LMCD1/RPL15/RPL3L/GNAI1/RPL35/TMOD3/RPL8/RPL10A/EEF2/YY1/RPL23/ATP1A1/ARRB1/RPL13/ATP1A2/GNAO1/MAP2K1/MYH1/MYH2/MYH3/MYH4/MYH6/MYH7/MYH7B/MYH13/TNNC2,0.27128855468895297
Infected_vs_Healthy,GO:0022411,cellular component disassembly,201,0.3878852564259779,1.2044770553531725,0.03896103896103896,0.1470513698630137,0.10514666485555062,1570,"tags=48%, list=37%, signal=32%",CTSS/NME1/ITGAM/CASP3/LIMA1/VAMP8/SET/BAX/ACIN1/TRIM21/CHMP4B/MMP14/CFL1/RDX/SMARCC2/CHMP4A/ATP2A2/GSPT1/DDRGK1/SWAP70/KLC1/GSPT2/SUPT16H/TWF1/CFL2/DSTN/VPS16/WNK1/SH3PXD2B/MICAL1/CAPZA1/PYM1/ABCE1/CDK1/STX5/MCTS1/SMARCD2/CAPZB/SSRP1/FLII/NES/ENG/CST3/SMARCE1/SH3BP1/C1QA/ADAM10/ETF1/CHMP5/STMN1/NSF/NAPA/TAOK1/MAP4/CKAP5/CDK5RAP3/KIF5B/WDR1/IST1/VRK1/CALM1/CHMP1B/PDXP/PLEK/HSPA8/C1QC/PRKAA1/FAP/TMOD3/PRKCB/TWF2/CHMP6/UFL1/CAPG/RPL23/MPO/SKIC8/PIK3C3/SKIC3/C1QB/PELO/CHMP2A/FAF2/VTA1/KIF2A/TRIOBP/PLG/UFSP2/ACTN2/SMARCC1/GBF1/NPLOC4/GABARAPL2/VPS33A/DPP4/CHMP3,0.22798720285044224
Infected_vs_Healthy,NA,NA,NA,NA,NA,NA,NA,NA,NA,NA,,NA
Infected_vs_Healthy,NA,NA,NA,NA,NA,NA,NA,NA,NA,NA,,NA
Infected_vs_Healthy,NA,NA,NA,NA,NA,NA,NA,NA,NA,NA,,NA
Infected_vs_Healthy,NA,NA,NA,NA,NA,NA,NA,NA,NA,NA,,NA
Infected_vs_Healthy,NA,NA,NA,NA,NA,NA,NA,NA,NA,NA,,NA
Infected_vs_Healthy,NA,NA,NA,NA,NA,NA,NA,NA,NA,NA,,NA
Infected_vs_Healthy,NA,NA,NA,NA,NA,NA,NA,NA,NA,NA,,NA
Infected_vs_Healthy,NA,NA,NA,NA,NA,NA,NA,NA,NA,NA,,NA
Infected_vs_Healthy,NA,NA,NA,NA,NA,NA,NA,NA,NA,NA,,NA
Infected_vs_Healthy,NA,NA,NA,NA,NA,NA,NA,NA,NA,NA,,NA
Infected_vs_Healthy,NA,NA,NA,NA,NA,NA,NA,NA,NA,NA,,NA
Infected_vs_Healthy,NA,NA,NA,NA,NA,NA,NA,NA,NA,NA,,NA
Infected_vs_Healthy,NA,NA,NA,NA,NA,NA,NA,NA,NA,NA,,NA
Infected_vs_Healthy,NA,NA,NA,NA,NA,NA,NA,NA,NA,NA,,NA
Infected_vs_Healthy,NA,NA,NA,NA,NA,NA,NA,NA,NA,NA,,NA
Infected_vs_Healthy,NA,NA,NA,NA,NA,NA,NA,NA,NA,NA,,NA
Infected_vs_Healthy,NA,NA,NA,NA,NA,NA,NA,NA,NA,NA,,NA
Infected_vs_Healthy,NA,NA,NA,NA,NA,NA,NA,NA,NA,NA,,NA
Infected_vs_Healthy,NA,NA,NA,NA,NA,NA,NA,NA,NA,NA,,NA
Infected_vs_Healthy,NA,NA,NA,NA,NA,NA,NA,NA,NA,NA,,NA
Infected_vs_Healthy,NA,NA,NA,NA,NA,NA,NA,NA,NA,NA,,NA
Infected_vs_Healthy,NA,NA,NA,NA,NA,NA,NA,NA,NA,NA,,NA
Infected_vs_Healthy,NA,NA,NA,NA,NA,NA,NA,NA,NA,NA,,NA
Infected_vs_Healthy,NA,NA,NA,NA,NA,NA,NA,NA,NA,NA,,NA
Infected_vs_Healthy,NA,NA,NA,NA,NA,NA,NA,NA,NA,NA,,NA
Infected_vs_Healthy,NA,NA,NA,NA,NA,NA,NA,NA,NA,NA,,NA
Infected_vs_Healthy,NA,NA,NA,NA,NA,NA,NA,NA,NA,NA,,NA
Infected_vs_Healthy,NA,NA,NA,NA,NA,NA,NA,NA,NA,NA,,NA
Infected_vs_Healthy,NA,NA,NA,NA,NA,NA,NA,NA,NA,NA,,NA
Infected_vs_Healthy,NA,NA,NA,NA,NA,NA,NA,NA,NA,NA,,NA
Infected_vs_Healthy,NA,NA,NA,NA,NA,NA,NA,NA,NA,NA,,NA
Infected_vs_Healthy,NA,NA,NA,NA,NA,NA,NA,NA,NA,NA,,NA
Infected_vs_Healthy,NA,NA,NA,NA,NA,NA,NA,NA,NA,NA,,NA
Infected_vs_Healthy,NA,NA,NA,NA,NA,NA,NA,NA,NA,NA,,NA
Infected_vs_Healthy,NA,NA,NA,NA,NA,NA,NA,NA,NA,NA,,NA
Infected_vs_Healthy,NA,NA,NA,NA,NA,NA,NA,NA,NA,NA,,NA
Infected_vs_Healthy,NA,NA,NA,NA,NA,NA,NA,NA,NA,NA,,NA
Infected_vs_Healthy,NA,NA,NA,NA,NA,NA,NA,NA,NA,NA,,NA
Infected_vs_Healthy,NA,NA,NA,NA,NA,NA,NA,NA,NA,NA,,NA
Infected_vs_Healthy,NA,NA,NA,NA,NA,NA,NA,NA,NA,NA,,NA
Infected_vs_Healthy,NA,NA,NA,NA,NA,NA,NA,NA,NA,NA,,NA
Infected_vs_Healthy,NA,NA,NA,NA,NA,NA,NA,NA,NA,NA,,NA
Infected_vs_Healthy,NA,NA,NA,NA,NA,NA,NA,NA,NA,NA,,NA
